ISO-10303-21;
HEADER;
FILE_DESCRIPTION (( 'STEP AP214' ),
    '1' );
FILE_NAME ('L9963T.STEP',
    '2024-05-30T16:57:50',
    ( '' ),
    ( '' ),
    'SwSTEP 2.0',
    'SolidWorks 2023',
    '' );
FILE_SCHEMA (( 'AUTOMOTIVE_DESIGN' ));
ENDSEC;

DATA;
#1 = CARTESIAN_POINT ( 'NONE',  ( -3.330000000000000071, 0.000000000000000000, -3.000000000000000000 ) ) ;
#2 = VECTOR ( 'NONE', #6340, 1000.000000000000000 ) ;
#3 = VECTOR ( 'NONE', #10362, 1000.000000000000000 ) ;
#4 = VECTOR ( 'NONE', #11666, 1000.000000000000000 ) ;
#5 = ADVANCED_FACE ( 'NONE', ( #6007 ), #1469, .T. ) ;
#6 = VERTEX_POINT ( 'NONE', #2527 ) ;
#7 = DIRECTION ( 'NONE',  ( 1.000000000000000000, 0.000000000000000000, 0.000000000000000000 ) ) ;
#8 = DIRECTION ( 'NONE',  ( 0.000000000000000000, -1.000000000000000000, 0.000000000000000000 ) ) ;
#9 = ORIENTED_EDGE ( 'NONE', *, *, #1389, .T. ) ;
#10 = FACE_OUTER_BOUND ( 'NONE', #2091, .T. ) ;
#11 = VECTOR ( 'NONE', #4300, 999.9999999999998863 ) ;
#12 = VECTOR ( 'NONE', #1220, 1000.000000000000000 ) ;
#13 = ORIENTED_EDGE ( 'NONE', *, *, #9374, .F. ) ;
#14 = DIRECTION ( 'NONE',  ( 0.000000000000000000, 0.000000000000000000, -1.000000000000000000 ) ) ;
#15 = CARTESIAN_POINT ( 'NONE',  ( -0.7900000000000003686, -0.7250000000000001998, -2.870861070673344617 ) ) ;
#16 = FACE_OUTER_BOUND ( 'NONE', #4067, .T. ) ;
#17 = ADVANCED_FACE ( 'NONE', ( #4436 ), #8129, .T. ) ;
#18 = AXIS2_PLACEMENT_3D ( 'NONE', #6315, #9959, #1777 ) ;
#19 = LINE ( 'NONE', #5514, #3179 ) ;
#20 = LINE ( 'NONE', #3659, #7615 ) ;
#21 = LINE ( 'NONE', #10899, #5305 ) ;
#22 = CARTESIAN_POINT ( 'NONE',  ( -3.330000000000000071, -0.4532685607873790379, -2.870861070673345061 ) ) ;
#23 = ORIENTED_EDGE ( 'NONE', *, *, #11530, .T. ) ;
#24 = VERTEX_POINT ( 'NONE', #3651 ) ;
#25 = VERTEX_POINT ( 'NONE', #3586 ) ;
#26 = EDGE_LOOP ( 'NONE', ( #6533, #7808, #7867, #6633 ) ) ;
#27 = ADVANCED_FACE ( 'NONE', ( #7237 ), #6396, .T. ) ;
#28 = LINE ( 'NONE', #5411, #1324 ) ;
#29 = DIRECTION ( 'NONE',  ( 0.000000000000000000, 0.000000000000000000, -1.000000000000000000 ) ) ;
#30 = CARTESIAN_POINT ( 'NONE',  ( 4.289999999999999147, -0.7250000000000001998, 2.870861070673344617 ) ) ;
#31 = DIRECTION ( 'NONE',  ( 1.000000000000000000, 0.000000000000000000, 0.000000000000000000 ) ) ;
#32 = VECTOR ( 'NONE', #9760, 1000.000000000000000 ) ;
#33 = LINE ( 'NONE', #4574, #6660 ) ;
#34 = DIRECTION ( 'NONE',  ( -1.000000000000000000, 0.000000000000000000, -0.000000000000000000 ) ) ;
#35 = ORIENTED_EDGE ( 'NONE', *, *, #2292, .T. ) ;
#36 = ORIENTED_EDGE ( 'NONE', *, *, #6746, .F. ) ;
#37 = ORIENTED_EDGE ( 'NONE', *, *, #7669, .F. ) ;
#38 = CARTESIAN_POINT ( 'NONE',  ( 4.873259649435684793, 0.6250000000000000000, 1.586126699947281171 ) ) ;
#39 = VECTOR ( 'NONE', #6140, 1000.000000000000000 ) ;
#40 = EDGE_CURVE ( 'NONE', #3264, #8403, #10038, .T. ) ;
#41 = CARTESIAN_POINT ( 'NONE',  ( -0.4550000000000005151, -0.1834862943212428044, -2.747157848089624821 ) ) ;
#42 = DIRECTION ( 'NONE',  ( 1.000000000000000000, 0.000000000000000000, 0.000000000000000000 ) ) ;
#43 = LINE ( 'NONE', #3678, #2347 ) ;
#44 = CARTESIAN_POINT ( 'NONE',  ( -4.600000000000000533, -0.1834862943213046715, 2.747157848089629262 ) ) ;
#45 = PRODUCT_RELATED_PRODUCT_CATEGORY ( 'part', '', ( #2758 ) ) ;
#46 = LINE ( 'NONE', #9242, #514 ) ;
#47 = CARTESIAN_POINT ( 'NONE',  ( 3.019999999999999574, -0.7250000000000049738, 1.217365792252620583E-15 ) ) ;
#48 = ORIENTED_EDGE ( 'NONE', *, *, #4015, .F. ) ;
#49 = CIRCLE ( 'NONE', #10922, 0.1017314392126205669 ) ;
#50 = CARTESIAN_POINT ( 'NONE',  ( 3.364999999999998881, -0.2334590321417435721, 2.124296695724086526 ) ) ;
#51 = ORIENTED_EDGE ( 'NONE', *, *, #8250, .F. ) ;
#52 = ORIENTED_EDGE ( 'NONE', *, *, #7340, .F. ) ;
#53 = EDGE_CURVE ( 'NONE', #4777, #5679, #845, .T. ) ;
#54 = EDGE_CURVE ( 'NONE', #25, #3987, #8074, .T. ) ;
#55 = CARTESIAN_POINT ( 'NONE',  ( -4.950000000000000178, -0.08500000000000000611, -1.939563312323252964 ) ) ;
#56 = CARTESIAN_POINT ( 'NONE',  ( 3.329999999999998739, 0.08500000000000001998, 1.939563312323252964 ) ) ;
#57 = ORIENTED_EDGE ( 'NONE', *, *, #4275, .T. ) ;
#58 = ORIENTED_EDGE ( 'NONE', *, *, #7344, .F. ) ;
#59 = PLANE ( 'NONE',  #4232 ) ;
#60 = EDGE_CURVE ( 'NONE', #11749, #8140, #5505, .T. ) ;
#61 = DIRECTION ( 'NONE',  ( -0.000000000000000000, -0.9925461516413219831, 0.1218693434051477537 ) ) ;
#62 = CARTESIAN_POINT ( 'NONE',  ( -1.750000000000000666, 0.2178238306527182089, -2.714960358193412304 ) ) ;
#63 = DIRECTION ( 'NONE',  ( -1.000000000000000000, -0.000000000000000000, -0.000000000000000000 ) ) ;
#64 = FACE_OUTER_BOUND ( 'NONE', #533, .T. ) ;
#65 = EDGE_CURVE ( 'NONE', #9557, #262, #4545, .T. ) ;
#66 = VERTEX_POINT ( 'NONE', #5271 ) ;
#67 = LINE ( 'NONE', #8362, #2823 ) ;
#68 = DIRECTION ( 'NONE',  ( -0.1209742911513548291, 0.9852565360152931717, 0.1209742911513548430 ) ) ;
#69 = ORIENTED_EDGE ( 'NONE', *, *, #10652, .F. ) ;
#70 = LINE ( 'NONE', #1981, #4230 ) ;
#71 = ORIENTED_EDGE ( 'NONE', *, *, #4081, .F. ) ;
#72 = DIRECTION ( 'NONE',  ( -1.000000000000000000, 0.000000000000000000, -0.000000000000000000 ) ) ;
#73 = ADVANCED_FACE ( 'NONE', ( #11766 ), #901, .F. ) ;
#74 = DIRECTION ( 'NONE',  ( -0.000000000000000000, -0.9925461516413219831, 0.1218693434051477537 ) ) ;
#75 = LINE ( 'NONE', #126, #1553 ) ;
#76 = DIRECTION ( 'NONE',  ( 1.000000000000000000, -0.000000000000000000, -0.000000000000000000 ) ) ;
#77 = FACE_OUTER_BOUND ( 'NONE', #5383, .T. ) ;
#78 = DIRECTION ( 'NONE',  ( 1.000000000000000000, 0.000000000000000000, 0.000000000000000000 ) ) ;
#79 = ORIENTED_EDGE ( 'NONE', *, *, #10819, .F. ) ;
#80 = ORIENTED_EDGE ( 'NONE', *, *, #9039, .F. ) ;
#81 = ORIENTED_EDGE ( 'NONE', *, *, #3062, .T. ) ;
#82 = ORIENTED_EDGE ( 'NONE', *, *, #1924, .F. ) ;
#83 = EDGE_CURVE ( 'NONE', #9825, #3926, #6171, .T. ) ;
#84 = CARTESIAN_POINT ( 'NONE',  ( -4.600000000000000533, -0.2011149196957552621, -2.461537905304631568 ) ) ;
#85 = DIRECTION ( 'NONE',  ( 1.000000000000000000, 0.000000000000000000, 0.000000000000000000 ) ) ;
#86 = CARTESIAN_POINT ( 'NONE',  ( -3.330000000000000071, 0.2042282574763048253, -2.545504876163455776 ) ) ;
#87 = LINE ( 'NONE', #2002, #10857 ) ;
#88 = DIRECTION ( 'NONE',  ( 0.000000000000000000, 0.000000000000000000, -1.000000000000000000 ) ) ;
#89 = ORIENTED_EDGE ( 'NONE', *, *, #4996, .T. ) ;
#90 = VERTEX_POINT ( 'NONE', #793 ) ;
#91 = ORIENTED_EDGE ( 'NONE', *, *, #3929, .F. ) ;
#92 = FACE_OUTER_BOUND ( 'NONE', #4693, .T. ) ;
#93 = PLANE ( 'NONE',  #2715 ) ;
#94 = CARTESIAN_POINT ( 'NONE',  ( -0.7900000000000003686, -0.6505093632533088810, -0.05219097986151956942 ) ) ;
#95 = LINE ( 'NONE', #6610, #6920 ) ;
#96 = DIRECTION ( 'NONE',  ( 0.000000000000000000, 1.867464018106093513E-15, -1.000000000000000000 ) ) ;
#97 = DIRECTION ( 'NONE',  ( 0.000000000000000000, 0.000000000000000000, -1.000000000000000000 ) ) ;
#98 = ORIENTED_EDGE ( 'NONE', *, *, #4087, .F. ) ;
#99 = EDGE_CURVE ( 'NONE', #2970, #1964, #5315, .T. ) ;
#100 = CARTESIAN_POINT ( 'NONE',  ( -1.750000000000001554, 0.000000000000000000, -1.949999999999999956 ) ) ;
#101 = ORIENTED_EDGE ( 'NONE', *, *, #2985, .T. ) ;
#102 = CARTESIAN_POINT ( 'NONE',  ( -2.060000000000000497, -0.08500000000000000611, -2.461537905304634677 ) ) ;
#103 = DIRECTION ( 'NONE',  ( 0.000000000000000000, 0.000000000000000000, -1.000000000000000000 ) ) ;
#104 = EDGE_LOOP ( 'NONE', ( #4544, #7106, #9832, #1733 ) ) ;
#105 = ORIENTED_EDGE ( 'NONE', *, *, #9033, .T. ) ;
#106 = LINE ( 'NONE', #10814, #784 ) ;
#107 = CARTESIAN_POINT ( 'NONE',  ( 0.4799999999999999267, -0.6505093632533353043, 0.05219097986152167884 ) ) ;
#108 = CARTESIAN_POINT ( 'NONE',  ( 2.084999999999999520, -0.4813330637901492848, -2.160807586281502157 ) ) ;
#109 = STYLED_ITEM ( 'NONE', ( #4091 ), #2111 ) ;
#110 = CARTESIAN_POINT ( 'NONE',  ( -4.950000000000000178, 0.3768634620896661458, 1.903726985286971596 ) ) ;
#111 = DIRECTION ( 'NONE',  ( 0.000000000000000000, -0.9967969531173912490, 0.07997395986122736444 ) ) ;
#112 = ORIENTED_EDGE ( 'NONE', *, *, #7210, .F. ) ;
#113 = EDGE_CURVE ( 'NONE', #5378, #8746, #11712, .T. ) ;
#114 = CARTESIAN_POINT ( 'NONE',  ( -3.020000000000000018, -0.2011149196957552621, -2.461537905304631568 ) ) ;
#115 =( LENGTH_UNIT ( ) NAMED_UNIT ( * ) SI_UNIT ( .MILLI., .METRE. ) );
#116 = ORIENTED_EDGE ( 'NONE', *, *, #11208, .T. ) ;
#117 = CARTESIAN_POINT ( 'NONE',  ( -2.085000000000000853, -0.1970818674976526075, -2.577702366059666961 ) ) ;
#118 = DIRECTION ( 'NONE',  ( 1.000000000000000000, 0.000000000000000000, 0.000000000000000000 ) ) ;
#119 = EDGE_CURVE ( 'NONE', #9761, #986, #7118, .T. ) ;
#120 = EDGE_LOOP ( 'NONE', ( #8885, #10227, #4613, #8750, #1102, #11136, #5841, #9034, #2068 ) ) ;
#121 = DIRECTION ( 'NONE',  ( -1.000000000000000000, 0.000000000000000000, -0.000000000000000000 ) ) ;
#122 = VECTOR ( 'NONE', #4848, 1000.000000000000000 ) ;
#123 = EDGE_CURVE ( 'NONE', #11291, #6330, #6219, .T. ) ;
#124 = DIRECTION ( 'NONE',  ( 0.000000000000000000, -0.9967969531173912490, 0.07997395986122736444 ) ) ;
#125 = DIRECTION ( 'NONE',  ( 0.000000000000000000, -0.000000000000000000, -1.000000000000000000 ) ) ;
#126 = CARTESIAN_POINT ( 'NONE',  ( 4.289999999999999147, -0.4750000000000020872, -2.599999999999999645 ) ) ;
#127 = ADVANCED_FACE ( 'NONE', ( #10 ), #725, .F. ) ;
#128 = DIRECTION ( 'NONE',  ( 0.000000000000000000, -0.9967969531173911379, 0.07997395986122909917 ) ) ;
#129 = FACE_OUTER_BOUND ( 'NONE', #5627, .T. ) ;
#130 = EDGE_LOOP ( 'NONE', ( #6325, #189, #1855, #7706 ) ) ;
#131 = CIRCLE ( 'NONE', #1655, 0.1161149196957549368 ) ;
#132 = ADVANCED_FACE ( 'NONE', ( #10771 ), #2576, .F. ) ;
#133 = CARTESIAN_POINT ( 'NONE',  ( 3.329999999999999627, 0.2178238306527182089, 2.714960358193412304 ) ) ;
#134 = CARTESIAN_POINT ( 'NONE',  ( -0.4800000000000003708, -0.6505093632533441861, 0.05219097986152239355 ) ) ;
#135 = ORIENTED_EDGE ( 'NONE', *, *, #8119, .T. ) ;
#136 = ORIENTED_EDGE ( 'NONE', *, *, #4979, .T. ) ;
#137 = ORIENTED_EDGE ( 'NONE', *, *, #3272, .T. ) ;
#138 = VECTOR ( 'NONE', #7455, 1000.000000000000000 ) ;
#139 = ORIENTED_EDGE ( 'NONE', *, *, #1384, .T. ) ;
#140 = DIRECTION ( 'NONE',  ( 1.000000000000000000, -0.000000000000000000, 0.000000000000000000 ) ) ;
#141 = CARTESIAN_POINT ( 'NONE',  ( 0.7899999999999999245, -0.4532685607873790379, 2.870861070673345061 ) ) ;
#142 = CARTESIAN_POINT ( 'NONE',  ( 4.289999999999999147, 0.000000000000000000, -3.000000000000000000 ) ) ;
#143 = DIRECTION ( 'NONE',  ( 0.000000000000000000, 0.000000000000000000, -1.000000000000000000 ) ) ;
#144 = EDGE_CURVE ( 'NONE', #7761, #4464, #9932, .T. ) ;
#145 = FACE_OUTER_BOUND ( 'NONE', #6294, .T. ) ;
#146 = EDGE_CURVE ( 'NONE', #8781, #5270, #8433, .T. ) ;
#147 = LINE ( 'NONE', #931, #4940 ) ;
#148 = VECTOR ( 'NONE', #8693, 999.9999999999998863 ) ;
#149 = VECTOR ( 'NONE', #7255, 1000.000000000000000 ) ;
#150 = ORIENTED_EDGE ( 'NONE', *, *, #6661, .F. ) ;
#151 = VERTEX_POINT ( 'NONE', #973 ) ;
#152 = ORIENTED_EDGE ( 'NONE', *, *, #5359, .T. ) ;
#153 = AXIS2_PLACEMENT_3D ( 'NONE', #11028, #11746, #5603 ) ;
#154 = DIRECTION ( 'NONE',  ( -1.000000000000000000, 0.000000000000000000, 0.000000000000000000 ) ) ;
#155 = CARTESIAN_POINT ( 'NONE',  ( 1.724999999999999645, -0.1970818674976518858, -2.577702366059666961 ) ) ;
#156 = CARTESIAN_POINT ( 'NONE',  ( -0.4800000000000003708, -0.7249999999999999778, -3.000000000000000000 ) ) ;
#157 = LINE ( 'NONE', #287, #9409 ) ;
#158 = VECTOR ( 'NONE', #4133, 1000.000000000000000 ) ;
#159 = AXIS2_PLACEMENT_3D ( 'NONE', #404, #7685, #11330 ) ;
#160 = CARTESIAN_POINT ( 'NONE',  ( -2.995000000000000107, -0.4462811057769996981, -2.597695856024973882 ) ) ;
#161 = EDGE_CURVE ( 'NONE', #420, #4655, #7592, .T. ) ;
#162 = VECTOR ( 'NONE', #2781, 1000.000000000000000 ) ;
#163 = CARTESIAN_POINT ( 'NONE',  ( -0.7900000000000003686, -0.5549999999999849498, -2.795743509104209498E-15 ) ) ;
#164 = ORIENTED_EDGE ( 'NONE', *, *, #5621, .F. ) ;
#165 = VECTOR ( 'NONE', #8644, 1000.000000000000000 ) ;
#166 = DIRECTION ( 'NONE',  ( 0.000000000000000000, -0.9967969531173912490, -0.07997395986122909917 ) ) ;
#167 = ORIENTED_EDGE ( 'NONE', *, *, #2476, .F. ) ;
#168 = EDGE_LOOP ( 'NONE', ( #8801, #10545, #2526, #5671, #2852, #7785, #761, #8087 ) ) ;
#169 = CARTESIAN_POINT ( 'NONE',  ( -4.195702540368398736, 0.6149999999999999911, 1.000000000000000444 ) ) ;
#170 = LINE ( 'NONE', #8348, #8776 ) ;
#171 = VERTEX_POINT ( 'NONE', #11057 ) ;
#172 = ORIENTED_EDGE ( 'NONE', *, *, #5265, .F. ) ;
#173 = AXIS2_PLACEMENT_3D ( 'NONE', #3535, #2645, #1537 ) ;
#174 = AXIS2_PLACEMENT_3D ( 'NONE', #8680, #4085, #10546 ) ;
#175 = FACE_OUTER_BOUND ( 'NONE', #5610, .T. ) ;
#176 = FACE_OUTER_BOUND ( 'NONE', #8449, .T. ) ;
#177 = CYLINDRICAL_SURFACE ( 'NONE', #1535, 0.2717314392126209954 ) ;
#178 = DIRECTION ( 'NONE',  ( 0.000000000000000000, -0.9967969531173911379, 0.07997395986122926570 ) ) ;
#179 = VECTOR ( 'NONE', #11525, 1000.000000000000000 ) ;
#180 = AXIS2_PLACEMENT_3D ( 'NONE', #9355, #2049, #6651 ) ;
#181 = CIRCLE ( 'NONE', #6874, 0.2861149196957545326 ) ;
#182 = AXIS2_PLACEMENT_3D ( 'NONE', #6826, #2405, #1407 ) ;
#183 = ORIENTED_EDGE ( 'NONE', *, *, #9424, .T. ) ;
#184 = CARTESIAN_POINT ( 'NONE',  ( 3.019999999999999574, 0.08500000000000000611, 2.461537905304632012 ) ) ;
#185 = DIRECTION ( 'NONE',  ( 1.000000000000000000, 0.000000000000000000, -0.000000000000000000 ) ) ;
#186 = VERTEX_POINT ( 'NONE', #4800 ) ;
#187 = DIRECTION ( 'NONE',  ( 0.000000000000000000, 0.07997395986122909917, 0.9967969531173911379 ) ) ;
#188 = DIRECTION ( 'NONE',  ( 1.000000000000000000, -0.000000000000000000, -0.000000000000000000 ) ) ;
#189 = ORIENTED_EDGE ( 'NONE', *, *, #6521, .F. ) ;
#190 = LINE ( 'NONE', #255, #1155 ) ;
#191 = VECTOR ( 'NONE', #6036, 1000.000000000000000 ) ;
#192 = FACE_OUTER_BOUND ( 'NONE', #6997, .T. ) ;
#193 = VECTOR ( 'NONE', #509, 1000.000000000000000 ) ;
#194 = VECTOR ( 'NONE', #4260, 1000.000000000000000 ) ;
#195 = CARTESIAN_POINT ( 'NONE',  ( 4.254999999999999005, -0.2334590321417346903, 2.124296695724086081 ) ) ;
#196 = CARTESIAN_POINT ( 'NONE',  ( -4.600000000000000533, -0.4532685607873790379, -2.870861070673345061 ) ) ;
#197 = EDGE_CURVE ( 'NONE', #1551, #3852, #2875, .T. ) ;
#198 = CARTESIAN_POINT ( 'NONE',  ( 3.354999999999999538, -0.2321338255108014725, -2.140814096316195236 ) ) ;
#199 = DIRECTION ( 'NONE',  ( 1.000000000000000000, 0.000000000000000000, -0.000000000000000000 ) ) ;
#200 = ORIENTED_EDGE ( 'NONE', *, *, #890, .T. ) ;
#201 = EDGE_CURVE ( 'NONE', #8753, #6658, #6456, .T. ) ;
#202 = VECTOR ( 'NONE', #4669, 1000.000000000000114 ) ;
#203 = DIRECTION ( 'NONE',  ( 0.000000000000000000, -0.9967969531173912490, 0.07997395986122736444 ) ) ;
#204 = CARTESIAN_POINT ( 'NONE',  ( 4.599999999999999645, -0.4462811057769997536, -2.597695856024973882 ) ) ;
#205 = ORIENTED_EDGE ( 'NONE', *, *, #344, .T. ) ;
#206 = ORIENTED_EDGE ( 'NONE', *, *, #3199, .T. ) ;
#207 = CARTESIAN_POINT ( 'NONE',  ( -0.7899999999999999245, 0.000000000000000000, -1.949999999999999956 ) ) ;
#208 = ORIENTED_EDGE ( 'NONE', *, *, #7368, .T. ) ;
#209 = EDGE_LOOP ( 'NONE', ( #9020, #2155, #11472, #8333 ) ) ;
#210 = VERTEX_POINT ( 'NONE', #10989 ) ;
#211 = DIRECTION ( 'NONE',  ( 0.000000000000000000, 0.000000000000000000, -1.000000000000000000 ) ) ;
#212 = EDGE_CURVE ( 'NONE', #1789, #6723, #6520, .T. ) ;
#213 = DIRECTION ( 'NONE',  ( -1.000000000000000000, 0.000000000000000000, -0.000000000000000000 ) ) ;
#214 = LINE ( 'NONE', #3720, #2677 ) ;
#215 = EDGE_CURVE ( 'NONE', #8766, #7232, #1923, .T. ) ;
#216 = LINE ( 'NONE', #3793, #7994 ) ;
#217 = EDGE_CURVE ( 'NONE', #2748, #3450, #6299, .T. ) ;
#218 = CARTESIAN_POINT ( 'NONE',  ( -4.195702540368398736, 0.6250000000000000000, 0.4999999999999995559 ) ) ;
#219 = DIRECTION ( 'NONE',  ( 0.000000000000000000, 0.000000000000000000, -1.000000000000000000 ) ) ;
#220 = ORIENTED_EDGE ( 'NONE', *, *, #571, .F. ) ;
#221 = VERTEX_POINT ( 'NONE', #5572 ) ;
#222 = VERTEX_POINT ( 'NONE', #8255 ) ;
#223 = ORIENTED_EDGE ( 'NONE', *, *, #7288, .T. ) ;
#224 = EDGE_CURVE ( 'NONE', #2837, #8156, #70, .T. ) ;
#225 = CARTESIAN_POINT ( 'NONE',  ( -1.750000000000000666, -0.2011149196957552621, 2.461537905304631568 ) ) ;
#226 = PLANE ( 'NONE',  #7113 ) ;
#227 = ADVANCED_FACE ( 'NONE', ( #3703 ), #9403, .T. ) ;
#228 = DIRECTION ( 'NONE',  ( 0.000000000000000000, 0.07997395986122909917, 0.9967969531173911379 ) ) ;
#229 = DIRECTION ( 'NONE',  ( 1.000000000000000000, 0.000000000000000000, 0.000000000000000000 ) ) ;
#230 = AXIS2_PLACEMENT_3D ( 'NONE', #9343, #4806, #8439 ) ;
#231 = DIRECTION ( 'NONE',  ( 0.000000000000000000, 0.9967969531173912490, -0.07997395986122736444 ) ) ;
#232 = LINE ( 'NONE', #1004, #4898 ) ;
#233 = VERTEX_POINT ( 'NONE', #10107 ) ;
#234 = DIRECTION ( 'NONE',  ( 0.000000000000000000, 1.679125230693258263E-15, -1.000000000000000000 ) ) ;
#235 = ORIENTED_EDGE ( 'NONE', *, *, #9186, .T. ) ;
#236 = VERTEX_POINT ( 'NONE', #9335 ) ;
#237 = LINE ( 'NONE', #7520, #10252 ) ;
#238 = CARTESIAN_POINT ( 'NONE',  ( -0.4550000000000005151, -0.4813330637901492848, -2.160807586281502157 ) ) ;
#239 = VECTOR ( 'NONE', #4337, 1000.000000000000114 ) ;
#240 = ORIENTED_EDGE ( 'NONE', *, *, #3967, .F. ) ;
#241 = ORIENTED_EDGE ( 'NONE', *, *, #8675, .T. ) ;
#242 = DIRECTION ( 'NONE',  ( 0.000000000000000000, -1.000000000000000000, -5.037375692079792934E-15 ) ) ;
#243 = EDGE_CURVE ( 'NONE', #6549, #236, #1025, .T. ) ;
#244 = PLANE ( 'NONE',  #1116 ) ;
#245 = DIRECTION ( 'NONE',  ( 1.000000000000000000, -0.000000000000000000, 0.000000000000000000 ) ) ;
#246 = LINE ( 'NONE', #9142, #6274 ) ;
#247 = MECHANICAL_DESIGN_GEOMETRIC_PRESENTATION_REPRESENTATION (  '', ( #10375 ), #8844 ) ;
#248 = ORIENTED_EDGE ( 'NONE', *, *, #1781, .T. ) ;
#249 = DIRECTION ( 'NONE',  ( 0.000000000000000000, 0.000000000000000000, -1.000000000000000000 ) ) ;
#250 = CARTESIAN_POINT ( 'NONE',  ( 4.625000000000000000, -0.4326855326005906166, -2.767151338054931742 ) ) ;
#251 = ORIENTED_EDGE ( 'NONE', *, *, #7489, .F. ) ;
#252 = LINE ( 'NONE', #2989, #1334 ) ;
#253 = DIRECTION ( 'NONE',  ( 0.000000000000000000, -0.07997395986122909917, -0.9967969531173911379 ) ) ;
#254 = ORIENTED_EDGE ( 'NONE', *, *, #8972, .T. ) ;
#255 = CARTESIAN_POINT ( 'NONE',  ( 0.4799999999999999267, -0.1782331765923089728, -2.746736385498786515 ) ) ;
#256 = CIRCLE ( 'NONE', #4844, 0.1017314392126205669 ) ;
#257 = CARTESIAN_POINT ( 'NONE',  ( 4.599999999999999645, -0.08500000000000003386, 1.939563312323252742 ) ) ;
#258 = DIRECTION ( 'NONE',  ( 0.000000000000000000, 1.000000000000000000, 0.000000000000000000 ) ) ;
#259 = DIRECTION ( 'NONE',  ( 0.000000000000000000, 0.9925461516413219831, 0.1218693434051477537 ) ) ;
#260 = LINE ( 'NONE', #1160, #2016 ) ;
#261 = CARTESIAN_POINT ( 'NONE',  ( -3.020000000000000018, 0.2042282574763048253, 2.545504876163455776 ) ) ;
#262 = VERTEX_POINT ( 'NONE', #11119 ) ;
#263 = LINE ( 'NONE', #3911, #553 ) ;
#264 = FACE_OUTER_BOUND ( 'NONE', #5220, .T. ) ;
#265 = ORIENTED_EDGE ( 'NONE', *, *, #4579, .F. ) ;
#266 = ORIENTED_EDGE ( 'NONE', *, *, #9371, .T. ) ;
#267 = DIRECTION ( 'NONE',  ( 0.000000000000000000, 0.07997395986122909917, 0.9967969531173911379 ) ) ;
#268 = EDGE_CURVE ( 'NONE', #5697, #10759, #2934, .T. ) ;
#269 = ORIENTED_EDGE ( 'NONE', *, *, #2103, .T. ) ;
#270 = ORIENTED_EDGE ( 'NONE', *, *, #10735, .T. ) ;
#271 = ORIENTED_EDGE ( 'NONE', *, *, #1578, .F. ) ;
#272 = CARTESIAN_POINT ( 'NONE',  ( 1.749999999999999778, -0.1918287497687165000, 2.577280903468829099 ) ) ;
#273 = DIRECTION ( 'NONE',  ( -0.000000000000000000, 0.000000000000000000, 1.000000000000000000 ) ) ;
#274 = DIRECTION ( 'NONE',  ( 0.000000000000000000, -0.9967969531173912490, 0.07997395986122909917 ) ) ;
#275 = CARTESIAN_POINT ( 'NONE',  ( -0.7900000000000003686, 0.2042282574763048253, 2.545504876163455776 ) ) ;
#276 = LINE ( 'NONE', #6912, #5910 ) ;
#277 = LINE ( 'NONE', #5896, #735 ) ;
#278 = ADVANCED_FACE ( 'NONE', ( #4666 ), #3961, .T. ) ;
#279 = ORIENTED_EDGE ( 'NONE', *, *, #6204, .F. ) ;
#280 = ORIENTED_EDGE ( 'NONE', *, *, #7351, .T. ) ;
#281 = EDGE_LOOP ( 'NONE', ( #1410, #8346, #7727, #2992 ) ) ;
#282 = ADVANCED_FACE ( 'NONE', ( #3900 ), #10361, .F. ) ;
#283 = CARTESIAN_POINT ( 'NONE',  ( -3.330000000000000071, -0.4013101249739610688, -0.03219748989621229462 ) ) ;
#284 = EDGE_CURVE ( 'NONE', #11419, #5245, #3124, .T. ) ;
#285 = PLANE ( 'NONE',  #10571 ) ;
#286 = DIRECTION ( 'NONE',  ( 0.000000000000000000, 1.679125230693258263E-15, 1.000000000000000000 ) ) ;
#287 = CARTESIAN_POINT ( 'NONE',  ( -0.7900000000000003686, -0.4750000000000020872, -2.599999999999999645 ) ) ;
#288 = DIRECTION ( 'NONE',  ( 0.000000000000000000, 0.000000000000000000, -1.000000000000000000 ) ) ;
#289 = CARTESIAN_POINT ( 'NONE',  ( 0.4449999999999992295, -0.1970818674976783924, 2.577702366059669181 ) ) ;
#290 = DIRECTION ( 'NONE',  ( 1.000000000000000000, -0.000000000000000000, 0.000000000000000000 ) ) ;
#291 = EDGE_LOOP ( 'NONE', ( #1645, #9502, #7169, #223 ) ) ;
#292 = EDGE_CURVE ( 'NONE', #10547, #11374, #6406, .T. ) ;
#293 = VERTEX_POINT ( 'NONE', #2535 ) ;
#294 = ORIENTED_EDGE ( 'NONE', *, *, #898, .T. ) ;
#295 = VERTEX_POINT ( 'NONE', #8991 ) ;
#296 = CARTESIAN_POINT ( 'NONE',  ( -4.950000000000000178, -0.08500000000000000611, -1.939563312323252964 ) ) ;
#297 = DIRECTION ( 'NONE',  ( 0.000000000000000000, -0.000000000000000000, -1.000000000000000000 ) ) ;
#298 = VERTEX_POINT ( 'NONE', #738 ) ;
#299 = VERTEX_POINT ( 'NONE', #1866 ) ;
#300 = CARTESIAN_POINT ( 'NONE',  ( -4.635000000000000675, -0.1834862943213046715, 2.747157848089629262 ) ) ;
#301 = CARTESIAN_POINT ( 'NONE',  ( -2.060000000000000497, 0.000000000000000000, 0.000000000000000000 ) ) ;
#302 = CARTESIAN_POINT ( 'NONE',  ( 4.289999999999999147, -0.08500000000000000611, 1.939563312323252964 ) ) ;
#303 = DIRECTION ( 'NONE',  ( 0.000000000000000000, 0.9967969531173912490, 0.07997395986122911304 ) ) ;
#304 = ORIENTED_EDGE ( 'NONE', *, *, #10723, .F. ) ;
#305 = ADVANCED_FACE ( 'NONE', ( #9942 ), #9870, .T. ) ;
#306 = DIRECTION ( 'NONE',  ( -1.000000000000000000, 0.000000000000000000, -0.000000000000000000 ) ) ;
#307 = CARTESIAN_POINT ( 'NONE',  ( 2.984999999999998987, -0.2334590321417435721, 2.124296695724086526 ) ) ;
#308 = ORIENTED_EDGE ( 'NONE', *, *, #9616, .F. ) ;
#309 = ORIENTED_EDGE ( 'NONE', *, *, #3647, .T. ) ;
#310 = DIRECTION ( 'NONE',  ( 0.000000000000000000, 1.679125230693258263E-15, 1.000000000000000000 ) ) ;
#311 = VECTOR ( 'NONE', #76, 1000.000000000000000 ) ;
#312 = PLANE ( 'NONE',  #8596 ) ;
#313 = CARTESIAN_POINT ( 'NONE',  ( 4.599999999999999645, -0.4532685607873790379, -2.870861070673345061 ) ) ;
#314 = CARTESIAN_POINT ( 'NONE',  ( -0.4800000000000003708, -0.7250000000000049738, -1.217365792252620583E-15 ) ) ;
#315 = CIRCLE ( 'NONE', #2029, 0.1161149196957549368 ) ;
#316 = DIRECTION ( 'NONE',  ( 0.000000000000000000, 0.000000000000000000, -1.000000000000000000 ) ) ;
#317 = CARTESIAN_POINT ( 'NONE',  ( 4.289999999999999147, 0.2042282574763048253, -2.545504876163455776 ) ) ;
#318 = ORIENTED_EDGE ( 'NONE', *, *, #7508, .F. ) ;
#319 = CARTESIAN_POINT ( 'NONE',  ( 2.059999999999999609, 0.2178238306527182089, 2.714960358193412304 ) ) ;
#320 = LINE ( 'NONE', #5002, #11622 ) ;
#321 = ORIENTED_EDGE ( 'NONE', *, *, #4569, .F. ) ;
#322 = EDGE_LOOP ( 'NONE', ( #1888, #5635 ) ) ;
#323 = LINE ( 'NONE', #207, #9688 ) ;
#324 = ORIENTED_EDGE ( 'NONE', *, *, #292, .T. ) ;
#325 = ORIENTED_EDGE ( 'NONE', *, *, #3923, .T. ) ;
#326 = DIRECTION ( 'NONE',  ( 0.000000000000000000, -0.9967969531173912490, -0.07997395986122736444 ) ) ;
#327 = CARTESIAN_POINT ( 'NONE',  ( 0.4449999999999992295, -0.1970818674976783924, 2.577702366059669181 ) ) ;
#328 = DIRECTION ( 'NONE',  ( -0.000000000000000000, 0.000000000000000000, -1.000000000000000000 ) ) ;
#329 = VECTOR ( 'NONE', #4134, 999.9999999999998863 ) ;
#330 = EDGE_CURVE ( 'NONE', #6590, #4251, #11774, .T. ) ;
#331 = DIRECTION ( 'NONE',  ( 0.000000000000000000, -0.9967969531173911379, 0.07997395986122909917 ) ) ;
#332 = DIRECTION ( 'NONE',  ( 1.000000000000000000, 0.000000000000000000, 0.000000000000000000 ) ) ;
#333 = DIRECTION ( 'NONE',  ( 0.000000000000000000, 0.9925461516413219831, 0.1218693434051477537 ) ) ;
#334 = VERTEX_POINT ( 'NONE', #4329 ) ;
#335 = ORIENTED_EDGE ( 'NONE', *, *, #1109, .T. ) ;
#336 = VERTEX_POINT ( 'NONE', #7075 ) ;
#337 = EDGE_LOOP ( 'NONE', ( #2887, #6508, #9915, #958 ) ) ;
#338 = LINE ( 'NONE', #4766, #9715 ) ;
#339 = DIRECTION ( 'NONE',  ( 0.000000000000000000, 0.9967969531173912490, 0.07997395986122911304 ) ) ;
#340 = DIRECTION ( 'NONE',  ( 0.000000000000000000, 1.000000000000000000, -5.037375692079792934E-15 ) ) ;
#341 = ADVANCED_FACE ( 'NONE', ( #8082 ), #7302, .T. ) ;
#342 = VECTOR ( 'NONE', #6254, 1000.000000000000000 ) ;
#343 = LINE ( 'NONE', #11095, #8835 ) ;
#344 = EDGE_CURVE ( 'NONE', #5230, #2612, #10776, .T. ) ;
#345 = CARTESIAN_POINT ( 'NONE',  ( 0.4449999999999992295, -0.1834862943212693387, 2.747157848089626597 ) ) ;
#346 = AXIS2_PLACEMENT_3D ( 'NONE', #9163, #9220, #1035 ) ;
#347 = CARTESIAN_POINT ( 'NONE',  ( -3.330000000000000071, -0.1918287497687165000, -2.577280903468829099 ) ) ;
#348 = CARTESIAN_POINT ( 'NONE',  ( 4.599999999999999645, 0.000000000000000000, 0.000000000000000000 ) ) ;
#349 = ORIENTED_EDGE ( 'NONE', *, *, #7725, .F. ) ;
#350 = ADVANCED_FACE ( 'NONE', ( #9100 ), #8870, .F. ) ;
#351 = ORIENTED_EDGE ( 'NONE', *, *, #10094, .F. ) ;
#352 = ORIENTED_EDGE ( 'NONE', *, *, #10717, .T. ) ;
#353 = ORIENTED_EDGE ( 'NONE', *, *, #9805, .F. ) ;
#354 = CARTESIAN_POINT ( 'NONE',  ( 4.950000000000000178, 0.000000000000000000, -1.949999999999999956 ) ) ;
#355 = PLANE ( 'NONE',  #8582 ) ;
#356 = ORIENTED_EDGE ( 'NONE', *, *, #5984, .F. ) ;
#357 = ORIENTED_EDGE ( 'NONE', *, *, #1419, .F. ) ;
#358 = DIRECTION ( 'NONE',  ( 1.000000000000000000, 0.000000000000000000, 0.000000000000000000 ) ) ;
#359 = EDGE_CURVE ( 'NONE', #4648, #4281, #2528, .T. ) ;
#360 = LINE ( 'NONE', #5862, #11786 ) ;
#361 = CIRCLE ( 'NONE', #2637, 0.1161149196957549368 ) ;
#362 = CIRCLE ( 'NONE', #11232, 0.2861149196957549767 ) ;
#363 = CARTESIAN_POINT ( 'NONE',  ( 1.749999999999999778, -0.1834862943212428044, -2.747157848089624821 ) ) ;
#364 = CARTESIAN_POINT ( 'NONE',  ( -3.020000000000000018, -0.4326855326005907276, -2.767151338054931742 ) ) ;
#365 = ADVANCED_FACE ( 'NONE', ( #10830 ), #8137, .T. ) ;
#366 = AXIS2_PLACEMENT_3D ( 'NONE', #4292, #10623, #6076 ) ;
#367 = AXIS2_PLACEMENT_3D ( 'NONE', #11585, #11651, #399 ) ;
#368 = AXIS2_PLACEMENT_3D ( 'NONE', #10715, #7171, #10939 ) ;
#369 = ORIENTED_EDGE ( 'NONE', *, *, #2478, .T. ) ;
#370 = EDGE_CURVE ( 'NONE', #6603, #11401, #918, .T. ) ;
#371 = VECTOR ( 'NONE', #10506, 1000.000000000000000 ) ;
#372 = CARTESIAN_POINT ( 'NONE',  ( 3.019999999999999574, -0.4614044268235938384, 2.769455482029957061 ) ) ;
#373 = COLOUR_RGB ( '',0.2509803921568627416, 0.2509803921568627416, 0.2509803921568627416 ) ;
#374 = DIRECTION ( 'NONE',  ( -1.000000000000000000, 0.000000000000000000, -0.000000000000000000 ) ) ;
#375 = ORIENTED_EDGE ( 'NONE', *, *, #11662, .T. ) ;
#376 = DIRECTION ( 'NONE',  ( 1.000000000000000000, -0.000000000000000000, 0.000000000000000000 ) ) ;
#377 = DIRECTION ( 'NONE',  ( -0.000000000000000000, 1.000000000000000000, -0.000000000000000000 ) ) ;
#378 = CARTESIAN_POINT ( 'NONE',  ( 0.4799999999999999267, -0.2011149196957544016, -2.461537905304632012 ) ) ;
#379 = AXIS2_PLACEMENT_3D ( 'NONE', #5145, #2342, #3455 ) ;
#380 = DIRECTION ( 'NONE',  ( 1.000000000000000000, -0.000000000000000000, 0.000000000000000000 ) ) ;
#381 = DIRECTION ( 'NONE',  ( 0.000000000000000000, 5.037375692079792934E-15, -1.000000000000000000 ) ) ;
#382 = CARTESIAN_POINT ( 'NONE',  ( 3.019999999999999574, -0.5550000000000000488, 3.000000000000000000 ) ) ;
#384 = EDGE_CURVE ( 'NONE', #3274, #6296, #3533, .T. ) ;
#383 = COLOUR_RGB ( '',0.2509803921568627416, 0.2509803921568627416, 0.2509803921568627416 ) ;
#385 = AXIS2_PLACEMENT_3D ( 'NONE', #6621, #4849, #2157 ) ;
#386 = VECTOR ( 'NONE', #1850, 1000.000000000000114 ) ;
#387 = DIRECTION ( 'NONE',  ( 1.000000000000000000, -0.000000000000000000, 0.000000000000000000 ) ) ;
#388 = VERTEX_POINT ( 'NONE', #7180 ) ;
#389 = CARTESIAN_POINT ( 'NONE',  ( 1.749999999999999778, 0.08500000000000000611, -2.461537905304632012 ) ) ;
#390 = CARTESIAN_POINT ( 'NONE',  ( -2.095000000000001528, -0.1970818674976960450, 2.577702366059670513 ) ) ;
#391 = EDGE_LOOP ( 'NONE', ( #4228, #2050, #5208, #10529 ) ) ;
#392 = EDGE_LOOP ( 'NONE', ( #1661, #4512, #1886, #6930, #6275, #7217, #3103, #6420, #10455 ) ) ;
#393 = CARTESIAN_POINT ( 'NONE',  ( 2.984999999999998987, -0.1970818674976607399, 2.577702366059667849 ) ) ;
#394 = VECTOR ( 'NONE', #1606, 1000.000000000000114 ) ;
#395 = AXIS2_PLACEMENT_3D ( 'NONE', #5030, #6031, #603 ) ;
#396 = ORIENTED_EDGE ( 'NONE', *, *, #10435, .T. ) ;
#397 = ORIENTED_EDGE ( 'NONE', *, *, #3698, .T. ) ;
#398 = CARTESIAN_POINT ( 'NONE',  ( -0.4800000000000003708, 0.2178238306527182089, 2.714960358193412304 ) ) ;
#399 = DIRECTION ( 'NONE',  ( 0.000000000000000000, 0.07997395986122909917, 0.9967969531173911379 ) ) ;
#400 = DIRECTION ( 'NONE',  ( -1.000000000000000000, 0.000000000000000000, -0.000000000000000000 ) ) ;
#401 = EDGE_CURVE ( 'NONE', #6693, #2666, #11609, .T. ) ;
#402 = AXIS2_PLACEMENT_3D ( 'NONE', #8904, #493, #1458 ) ;
#403 = VECTOR ( 'NONE', #7361, 999.9999999999998863 ) ;
#404 = CARTESIAN_POINT ( 'NONE',  ( 3.019999999999999574, -0.2011149196957552621, 2.461537905304631568 ) ) ;
#405 = DIRECTION ( 'NONE',  ( 1.000000000000000000, 0.000000000000000000, 0.000000000000000000 ) ) ;
#406 = DIRECTION ( 'NONE',  ( -1.000000000000000000, 0.000000000000000000, -0.000000000000000000 ) ) ;
#407 = EDGE_LOOP ( 'NONE', ( #7144, #6637, #953, #5138, #2351, #7563, #1589, #7100, #10242 ) ) ;
#408 = ORIENTED_EDGE ( 'NONE', *, *, #11208, .F. ) ;
#409 = ORIENTED_EDGE ( 'NONE', *, *, #8030, .F. ) ;
#410 = ORIENTED_EDGE ( 'NONE', *, *, #9645, .T. ) ;
#411 = VECTOR ( 'NONE', #7223, 1000.000000000000000 ) ;
#412 = CARTESIAN_POINT ( 'NONE',  ( 4.289999999999999147, 0.000000000000000000, 0.000000000000000000 ) ) ;
#413 =( LENGTH_UNIT ( ) NAMED_UNIT ( * ) SI_UNIT ( .MILLI., .METRE. ) );
#414 = CARTESIAN_POINT ( 'NONE',  ( -1.750000000000000666, -0.2011149196957552621, -2.461537905304631568 ) ) ;
#415 = DIRECTION ( 'NONE',  ( 0.000000000000000000, 0.000000000000000000, -1.000000000000000000 ) ) ;
#416 = DIRECTION ( 'NONE',  ( 0.000000000000000000, 0.000000000000000000, -1.000000000000000000 ) ) ;
#417 = CARTESIAN_POINT ( 'NONE',  ( -1.715000000000001190, -0.4826582704211265784, 2.144290185689396555 ) ) ;
#418 = DIRECTION ( 'NONE',  ( 0.000000000000000000, -0.07997395986122909917, -0.9967969531173911379 ) ) ;
#419 = ORIENTED_EDGE ( 'NONE', *, *, #10302, .F. ) ;
#420 = VERTEX_POINT ( 'NONE', #854 ) ;
#421 = ORIENTED_EDGE ( 'NONE', *, *, #11363, .F. ) ;
#422 = FACE_OUTER_BOUND ( 'NONE', #3301, .T. ) ;
#423 = DIRECTION ( 'NONE',  ( -1.000000000000000000, 0.000000000000000000, -0.000000000000000000 ) ) ;
#424 = ORIENTED_EDGE ( 'NONE', *, *, #1371, .T. ) ;
#425 = EDGE_CURVE ( 'NONE', #2862, #4286, #6353, .T. ) ;
#426 = ORIENTED_EDGE ( 'NONE', *, *, #3286, .F. ) ;
#427 = CARTESIAN_POINT ( 'NONE',  ( -4.290000000000000036, -0.08500000000000000611, 2.461537905304634677 ) ) ;
#428 = PLANE ( 'NONE',  #9204 ) ;
#429 = PLANE ( 'NONE',  #3991 ) ;
#430 = DIRECTION ( 'NONE',  ( 0.000000000000000000, 0.000000000000000000, -1.000000000000000000 ) ) ;
#431 = LINE ( 'NONE', #4912, #753 ) ;
#432 = EDGE_CURVE ( 'NONE', #9692, #7487, #21, .T. ) ;
#433 = EDGE_CURVE ( 'NONE', #5486, #4426, #10050, .T. ) ;
#434 = VERTEX_POINT ( 'NONE', #8033 ) ;
#435 = AXIS2_PLACEMENT_3D ( 'NONE', #3576, #11706, #9030 ) ;
#436 = DIRECTION ( 'NONE',  ( -0.000000000000000000, 0.9967969531173912490, -0.07997395986122753098 ) ) ;
#437 = DIRECTION ( 'NONE',  ( 1.000000000000000000, 0.000000000000000000, 0.000000000000000000 ) ) ;
#438 = ORIENTED_EDGE ( 'NONE', *, *, #8236, .F. ) ;
#439 = CARTESIAN_POINT ( 'NONE',  ( 1.749999999999999778, 0.08500000000000000611, -1.939563312323252964 ) ) ;
#440 = EDGE_CURVE ( 'NONE', #8480, #3260, #1629, .T. ) ;
#441 = CARTESIAN_POINT ( 'NONE',  ( 1.749999999999999778, -0.4614044268235938384, 2.769455482029957061 ) ) ;
#442 = CARTESIAN_POINT ( 'NONE',  ( 4.599999999999999645, 0.2042282574763048253, -2.545504876163455776 ) ) ;
#443 = FACE_OUTER_BOUND ( 'NONE', #5254, .T. ) ;
#444 = VECTOR ( 'NONE', #2146, 999.9999999999998863 ) ;
#445 = LINE ( 'NONE', #4090, #6671 ) ;
#446 = EDGE_CURVE ( 'NONE', #1631, #9178, #4393, .T. ) ;
#447 = DIRECTION ( 'NONE',  ( 0.000000000000000000, 0.07997395986122911304, -0.9967969531173912490 ) ) ;
#448 = DIRECTION ( 'NONE',  ( 0.000000000000000000, -0.9967969531173912490, 0.07997395986122736444 ) ) ;
#449 = ORIENTED_EDGE ( 'NONE', *, *, #5237, .F. ) ;
#450 = EDGE_CURVE ( 'NONE', #10901, #6297, #8502, .T. ) ;
#451 = DIRECTION ( 'NONE',  ( -0.000000000000000000, 0.000000000000000000, 1.000000000000000000 ) ) ;
#452 = DIRECTION ( 'NONE',  ( 1.000000000000000000, 0.000000000000000000, -0.000000000000000000 ) ) ;
#453 = VERTEX_POINT ( 'NONE', #4870 ) ;
#454 = CIRCLE ( 'NONE', #9417, 0.2861149196957545326 ) ;
#455 = EDGE_LOOP ( 'NONE', ( #91, #10559, #9457, #10426 ) ) ;
#456 = DIRECTION ( 'NONE',  ( 1.000000000000000000, 0.000000000000000000, 0.000000000000000000 ) ) ;
#457 = EDGE_CURVE ( 'NONE', #2503, #3525, #11130, .T. ) ;
#458 = ORIENTED_EDGE ( 'NONE', *, *, #7666, .T. ) ;
#459 = VERTEX_POINT ( 'NONE', #10372 ) ;
#460 = CARTESIAN_POINT ( 'NONE',  ( 1.749999999999999778, -0.6505093632533264225, 0.05219097986152097107 ) ) ;
#461 = LINE ( 'NONE', #11376, #4742 ) ;
#462 = DIRECTION ( 'NONE',  ( 0.000000000000000000, -0.9967969531173912490, 0.07997395986122909917 ) ) ;
#463 = LINE ( 'NONE', #4107, #3996 ) ;
#464 = CARTESIAN_POINT ( 'NONE',  ( -1.750000000000000666, -0.7250000000000001998, 2.870861070673344617 ) ) ;
#465 = EDGE_CURVE ( 'NONE', #3926, #1441, #11001, .T. ) ;
#466 = EDGE_LOOP ( 'NONE', ( #5070, #7734, #7384, #10810 ) ) ;
#467 = ORIENTED_EDGE ( 'NONE', *, *, #6127, .T. ) ;
#468 = ORIENTED_EDGE ( 'NONE', *, *, #10710, .F. ) ;
#469 = VERTEX_POINT ( 'NONE', #6470 ) ;
#470 = CARTESIAN_POINT ( 'NONE',  ( 0.4799999999999999267, -0.1918287497687165000, 2.577280903468829099 ) ) ;
#471 = CARTESIAN_POINT ( 'NONE',  ( -4.950000000000000178, 0.000000000000000000, -1.949999999999999956 ) ) ;
#472 = CARTESIAN_POINT ( 'NONE',  ( -0.4800000000000003708, 0.000000000000000000, 0.000000000000000000 ) ) ;
#473 = DIRECTION ( 'NONE',  ( 0.000000000000000000, 0.07997395986122911304, -0.9967969531173912490 ) ) ;
#474 = DIRECTION ( 'NONE',  ( 0.000000000000000000, -0.000000000000000000, -1.000000000000000000 ) ) ;
#475 = ORIENTED_EDGE ( 'NONE', *, *, #7122, .F. ) ;
#476 = ORIENTED_EDGE ( 'NONE', *, *, #5456, .F. ) ;
#477 = EDGE_LOOP ( 'NONE', ( #6117, #2288, #11075, #9908, #8782, #9416, #9079, #4316, #5949 ) ) ;
#478 = EDGE_LOOP ( 'NONE', ( #3162, #2572, #9815, #6955, #2017, #7141, #3853, #9432, #11219 ) ) ;
#479 = CARTESIAN_POINT ( 'NONE',  ( 4.599999999999999645, -0.4326855326005907276, -2.767151338054931742 ) ) ;
#480 = ORIENTED_EDGE ( 'NONE', *, *, #2755, .T. ) ;
#481 = DIRECTION ( 'NONE',  ( 0.000000000000000000, -0.9967969531173912490, -0.07997395986122736444 ) ) ;
#482 = DIRECTION ( 'NONE',  ( 0.000000000000000000, 1.867464018106093513E-15, -1.000000000000000000 ) ) ;
#483 = LINE ( 'NONE', #4130, #394 ) ;
#484 = LINE ( 'NONE', #4131, #5340 ) ;
#485 = EDGE_CURVE ( 'NONE', #9622, #8086, #7544, .T. ) ;
#486 = ORIENTED_EDGE ( 'NONE', *, *, #2712, .F. ) ;
#487 = CARTESIAN_POINT ( 'NONE',  ( 3.329999999999999627, -0.4750000000000020872, -2.599999999999999645 ) ) ;
#488 = CARTESIAN_POINT ( 'NONE',  ( 1.749999999999999778, 0.2178238306527182089, 2.714960358193412304 ) ) ;
#489 = VERTEX_POINT ( 'NONE', #7421 ) ;
#490 = EDGE_LOOP ( 'NONE', ( #4022, #7640, #10402, #2772 ) ) ;
#491 = CARTESIAN_POINT ( 'NONE',  ( 3.329999999999999627, 0.2042282574763048253, 2.545504876163455776 ) ) ;
#492 = ORIENTED_EDGE ( 'NONE', *, *, #9108, .F. ) ;
#493 = DIRECTION ( 'NONE',  ( -1.000000000000000000, 0.000000000000000000, -0.000000000000000000 ) ) ;
#494 = DIRECTION ( 'NONE',  ( 1.000000000000000000, -0.000000000000000000, -0.000000000000000000 ) ) ;
#495 = CARTESIAN_POINT ( 'NONE',  ( 4.625000000000000000, -0.1970818674976518581, -2.577702366059666961 ) ) ;
#496 = EDGE_CURVE ( 'NONE', #1710, #933, #11017, .T. ) ;
#497 = SURFACE_SIDE_STYLE ('',( #8688 ) ) ;
#498 = CARTESIAN_POINT ( 'NONE',  ( 1.749999999999999778, -0.4462811057769996981, -2.597695856024973882 ) ) ;
#499 = ORIENTED_EDGE ( 'NONE', *, *, #2671, .F. ) ;
#500 = CARTESIAN_POINT ( 'NONE',  ( 3.019999999999999574, -0.1782331765923089728, -2.746736385498786515 ) ) ;
#501 = LINE ( 'NONE', #2235, #11050 ) ;
#502 = ORIENTED_EDGE ( 'NONE', *, *, #7263, .T. ) ;
#503 = VECTOR ( 'NONE', #7416, 1000.000000000000000 ) ;
#504 = VERTEX_POINT ( 'NONE', #11071 ) ;
#505 = DIRECTION ( 'NONE',  ( 0.000000000000000000, -0.07997395986122909917, -0.9967969531173911379 ) ) ;
#506 = ADVANCED_FACE ( 'NONE', ( #6588 ), #8381, .F. ) ;
#507 = VERTEX_POINT ( 'NONE', #11257 ) ;
#508 = VERTEX_POINT ( 'NONE', #2942 ) ;
#509 = DIRECTION ( 'NONE',  ( -1.000000000000000000, 0.000000000000000000, 0.000000000000000000 ) ) ;
#510 = DIRECTION ( 'NONE',  ( 0.000000000000000000, 0.07997395986122909917, 0.9967969531173911379 ) ) ;
#511 = ADVANCED_FACE ( 'NONE', ( #2048 ), #5581, .T. ) ;
#512 = PRESENTATION_STYLE_ASSIGNMENT (( #2418 ) ) ;
#513 = EDGE_CURVE ( 'NONE', #10813, #5394, #4622, .T. ) ;
#514 = VECTOR ( 'NONE', #10016, 999.9999999999998863 ) ;
#515 = EDGE_CURVE ( 'NONE', #10854, #8365, #3076, .T. ) ;
#516 = CARTESIAN_POINT ( 'NONE',  ( -2.060000000000000497, 0.2042282574763048253, 2.545504876163455776 ) ) ;
#517 = EDGE_CURVE ( 'NONE', #7692, #5113, #8445, .T. ) ;
#518 = CARTESIAN_POINT ( 'NONE',  ( 4.599999999999999645, -0.1782331765923089728, 2.746736385498786515 ) ) ;
#519 = CARTESIAN_POINT ( 'NONE',  ( -4.625000000000000888, -0.2321338255108014725, -2.140814096316195236 ) ) ;
#520 = ORIENTED_EDGE ( 'NONE', *, *, #1559, .T. ) ;
#521 = ORIENTED_EDGE ( 'NONE', *, *, #4263, .F. ) ;
#522 = ORIENTED_EDGE ( 'NONE', *, *, #6857, .F. ) ;
#523 = ORIENTED_EDGE ( 'NONE', *, *, #7055, .T. ) ;
#524 = FACE_OUTER_BOUND ( 'NONE', #9037, .T. ) ;
#525 = AXIS2_PLACEMENT_3D ( 'NONE', #1012, #9193, #1907 ) ;
#526 = LINE ( 'NONE', #6742, #6165 ) ;
#527 = CARTESIAN_POINT ( 'NONE',  ( -0.4800000000000003708, -0.08500000000000000611, -2.461537905304634677 ) ) ;
#528 = ADVANCED_FACE ( 'NONE', ( #6531 ), #4812, .T. ) ;
#529 = EDGE_CURVE ( 'NONE', #8632, #5312, #10181, .T. ) ;
#530 = CARTESIAN_POINT ( 'NONE',  ( 3.019999999999999574, -0.08500000000000000611, -2.461537905304634677 ) ) ;
#531 = LINE ( 'NONE', #5133, #6047 ) ;
#532 = FILL_AREA_STYLE_COLOUR ( '', #2815 ) ;
#533 = EDGE_LOOP ( 'NONE', ( #6377, #1644, #11133, #806 ) ) ;
#534 = AXIS2_PLACEMENT_3D ( 'NONE', #4474, #8899, #706 ) ;
#535 = ORIENTED_EDGE ( 'NONE', *, *, #6786, .F. ) ;
#536 = ORIENTED_EDGE ( 'NONE', *, *, #1431, .T. ) ;
#537 = ORIENTED_EDGE ( 'NONE', *, *, #7945, .F. ) ;
#538 = DIRECTION ( 'NONE',  ( -0.000000000000000000, -0.9925461516413219831, 0.1218693434051477537 ) ) ;
#539 = ORIENTED_EDGE ( 'NONE', *, *, #2827, .T. ) ;
#540 = VECTOR ( 'NONE', #2361, 1000.000000000000114 ) ;
#541 = CARTESIAN_POINT ( 'NONE',  ( -0.7900000000000003686, 0.000000000000000000, 3.000000000000000000 ) ) ;
#542 = DIRECTION ( 'NONE',  ( 0.000000000000000000, 0.000000000000000000, -1.000000000000000000 ) ) ;
#543 = DIRECTION ( 'NONE',  ( -0.000000000000000000, 0.9925461516413219831, 0.1218693434051477537 ) ) ;
#544 = PLANE ( 'NONE',  #762 ) ;
#545 = DIRECTION ( 'NONE',  ( 0.000000000000000000, -0.07997395986122911304, 0.9967969531173912490 ) ) ;
#546 = EDGE_CURVE ( 'NONE', #6939, #4689, #10309, .T. ) ;
#547 = VECTOR ( 'NONE', #4943, 1000.000000000000000 ) ;
#548 = ORIENTED_EDGE ( 'NONE', *, *, #7829, .F. ) ;
#549 = DIRECTION ( 'NONE',  ( 0.000000000000000000, -0.9967969531173912490, -0.07997395986122911304 ) ) ;
#550 = ORIENTED_EDGE ( 'NONE', *, *, #4760, .T. ) ;
#551 = DIRECTION ( 'NONE',  ( 0.000000000000000000, 0.000000000000000000, -1.000000000000000000 ) ) ;
#552 = ORIENTED_EDGE ( 'NONE', *, *, #8675, .F. ) ;
#553 = VECTOR ( 'NONE', #6720, 999.9999999999998863 ) ;
#554 = VECTOR ( 'NONE', #5527, 1000.000000000000114 ) ;
#555 = EDGE_CURVE ( 'NONE', #7339, #11520, #9354, .T. ) ;
#556 = CARTESIAN_POINT ( 'NONE',  ( -3.330000000000000071, 0.2042282574763048253, -2.545504876163455776 ) ) ;
#557 = FACE_OUTER_BOUND ( 'NONE', #2365, .T. ) ;
#558 = AXIS2_PLACEMENT_3D ( 'NONE', #4957, #8598, #4061 ) ;
#559 = DIRECTION ( 'NONE',  ( 0.000000000000000000, 0.07997395986122909917, 0.9967969531173911379 ) ) ;
#560 = DIRECTION ( 'NONE',  ( -1.000000000000000000, 0.000000000000000000, -0.000000000000000000 ) ) ;
#561 = AXIS2_PLACEMENT_3D ( 'NONE', #4936, #7797, #9807 ) ;
#562 = VECTOR ( 'NONE', #4860, 1000.000000000000114 ) ;
#563 = DIRECTION ( 'NONE',  ( -1.000000000000000000, 0.000000000000000000, 0.000000000000000000 ) ) ;
#564 = EDGE_LOOP ( 'NONE', ( #624, #5805, #5798, #4872, #2322, #9812, #11615, #6899, #4968 ) ) ;
#565 = LINE ( 'NONE', #625, #4732 ) ;
#566 = DIRECTION ( 'NONE',  ( 0.000000000000000000, 0.000000000000000000, -1.000000000000000000 ) ) ;
#567 = ORIENTED_EDGE ( 'NONE', *, *, #6950, .F. ) ;
#568 = AXIS2_PLACEMENT_3D ( 'NONE', #4696, #340, #7633 ) ;
#569 = ORIENTED_EDGE ( 'NONE', *, *, #7845, .T. ) ;
#570 = LINE ( 'NONE', #5434, #9099 ) ;
#571 = EDGE_CURVE ( 'NONE', #8114, #7951, #263, .T. ) ;
#572 = ORIENTED_EDGE ( 'NONE', *, *, #4762, .F. ) ;
#573 = LINE ( 'NONE', #9866, #7837 ) ;
#574 = ADVANCED_FACE ( 'NONE', ( #77 ), #8633, .T. ) ;
#575 = VECTOR ( 'NONE', #11516, 1000.000000000000114 ) ;
#576 = VECTOR ( 'NONE', #2735, 1000.000000000000114 ) ;
#577 = AXIS2_PLACEMENT_3D ( 'NONE', #11170, #963, #7527 ) ;
#578 = DIRECTION ( 'NONE',  ( 0.000000000000000000, -0.9967969531173912490, 0.07997395986122736444 ) ) ;
#579 = CARTESIAN_POINT ( 'NONE',  ( 3.329999999999999627, -0.5549999999999993827, 2.870861070673345061 ) ) ;
#580 = VECTOR ( 'NONE', #9036, 1000.000000000000000 ) ;
#581 = VECTOR ( 'NONE', #760, 1000.000000000000000 ) ;
#582 = DIRECTION ( 'NONE',  ( 0.000000000000000000, -0.07997395986122911304, 0.9967969531173912490 ) ) ;
#583 = VECTOR ( 'NONE', #5645, 1000.000000000000000 ) ;
#584 = ADVANCED_FACE ( 'NONE', ( #10603 ), #6902, .F. ) ;
#585 = VERTEX_POINT ( 'NONE', #11367 ) ;
#586 = VERTEX_POINT ( 'NONE', #7728 ) ;
#587 = EDGE_LOOP ( 'NONE', ( #4690, #10330, #6907, #11148 ) ) ;
#588 = EDGE_CURVE ( 'NONE', #9178, #6345, #3257, .T. ) ;
#589 = DIRECTION ( 'NONE',  ( 1.000000000000000000, 0.000000000000000000, 0.000000000000000000 ) ) ;
#590 = LINE ( 'NONE', #6858, #5403 ) ;
#591 = AXIS2_PLACEMENT_3D ( 'NONE', #11054, #5570, #3584 ) ;
#592 = VECTOR ( 'NONE', #7173, 1000.000000000000000 ) ;
#593 = VECTOR ( 'NONE', #3921, 1000.000000000000000 ) ;
#594 = FACE_OUTER_BOUND ( 'NONE', #11441, .T. ) ;
#595 = EDGE_CURVE ( 'NONE', #11419, #5723, #5951, .T. ) ;
#596 = CARTESIAN_POINT ( 'NONE',  ( 3.329999999999999627, 0.2178238306527182089, 2.714960358193412304 ) ) ;
#597 = CARTESIAN_POINT ( 'NONE',  ( 1.749999999999999778, -0.1918287497687165000, -2.577280903468829099 ) ) ;
#598 = ORIENTED_EDGE ( 'NONE', *, *, #8687, .F. ) ;
#599 = CIRCLE ( 'NONE', #6702, 0.2861149196957549767 ) ;
#600 = VECTOR ( 'NONE', #2044, 1000.000000000000000 ) ;
#601 = ORIENTED_EDGE ( 'NONE', *, *, #3421, .F. ) ;
#602 = ORIENTED_EDGE ( 'NONE', *, *, #6402, .T. ) ;
#603 = DIRECTION ( 'NONE',  ( 0.000000000000000000, 0.000000000000000000, -1.000000000000000000 ) ) ;
#604 = VERTEX_POINT ( 'NONE', #389 ) ;
#605 = ADVANCED_FACE ( 'NONE', ( #1519 ), #10556, .T. ) ;
#606 = DIRECTION ( 'NONE',  ( -1.000000000000000000, 0.000000000000000000, 0.000000000000000000 ) ) ;
#607 = CARTESIAN_POINT ( 'NONE',  ( 0.4799999999999999267, -0.5549999999999849498, -2.795743509104209498E-15 ) ) ;
#608 = CARTESIAN_POINT ( 'NONE',  ( 3.019999999999999574, -0.4614044268235938384, -2.769455482029957061 ) ) ;
#609 = LINE ( 'NONE', #1177, #583 ) ;
#610 = DIRECTION ( 'NONE',  ( 0.000000000000000000, 1.679125230693258263E-15, -1.000000000000000000 ) ) ;
#611 = DIRECTION ( 'NONE',  ( 0.000000000000000000, 0.9967969531173911379, -0.07997395986122909917 ) ) ;
#612 = VECTOR ( 'NONE', #11281, 999.9999999999998863 ) ;
#613 = ORIENTED_EDGE ( 'NONE', *, *, #2591, .T. ) ;
#614 = CARTESIAN_POINT ( 'NONE',  ( 2.059999999999999609, -0.4750000000000020872, 2.599999999999999645 ) ) ;
#615 = EDGE_LOOP ( 'NONE', ( #9477, #5878, #9, #5840 ) ) ;
#616 = ORIENTED_EDGE ( 'NONE', *, *, #7893, .T. ) ;
#617 = FACE_OUTER_BOUND ( 'NONE', #8142, .T. ) ;
#618 = VERTEX_POINT ( 'NONE', #4038 ) ;
#619 = EDGE_CURVE ( 'NONE', #618, #5977, #5106, .T. ) ;
#620 = LINE ( 'NONE', #4367, #5173 ) ;
#621 = LINE ( 'NONE', #2404, #4823 ) ;
#622 = CARTESIAN_POINT ( 'NONE',  ( -3.355000000000000426, -0.2321338255108014725, -2.140814096316195236 ) ) ;
#623 = AXIS2_PLACEMENT_3D ( 'NONE', #6164, #7902, #8740 ) ;
#624 = ORIENTED_EDGE ( 'NONE', *, *, #3272, .F. ) ;
#625 = CARTESIAN_POINT ( 'NONE',  ( -2.085000000000000853, -0.1834862943212428044, -2.747157848089624821 ) ) ;
#626 = CARTESIAN_POINT ( 'NONE',  ( -4.290000000000000036, -0.5549999999999993827, -2.870861070673345061 ) ) ;
#627 = ORIENTED_EDGE ( 'NONE', *, *, #11695, .F. ) ;
#628 = ORIENTED_EDGE ( 'NONE', *, *, #10610, .F. ) ;
#629 = DIRECTION ( 'NONE',  ( -0.000000000000000000, -0.9925461516413219831, 0.1218693434051477537 ) ) ;
#630 = EDGE_LOOP ( 'NONE', ( #11227, #6884, #58, #235 ) ) ;
#631 = FACE_OUTER_BOUND ( 'NONE', #26, .T. ) ;
#632 = AXIS2_PLACEMENT_3D ( 'NONE', #3029, #2848, #9240 ) ;
#633 = DIRECTION ( 'NONE',  ( -1.000000000000000000, 0.000000000000000000, 0.000000000000000000 ) ) ;
#634 = EDGE_CURVE ( 'NONE', #11703, #5567, #2304, .T. ) ;
#635 = CARTESIAN_POINT ( 'NONE',  ( 0.4549999999999996825, -0.4326855326005906166, -2.767151338054931742 ) ) ;
#636 = VECTOR ( 'NONE', #9437, 1000.000000000000114 ) ;
#637 = EDGE_CURVE ( 'NONE', #3119, #4052, #2363, .T. ) ;
#638 = LINE ( 'NONE', #1478, #9345 ) ;
#639 = ORIENTED_EDGE ( 'NONE', *, *, #5105, .T. ) ;
#640 = ORIENTED_EDGE ( 'NONE', *, *, #6179, .F. ) ;
#641 = ORIENTED_EDGE ( 'NONE', *, *, #9534, .T. ) ;
#642 = CARTESIAN_POINT ( 'NONE',  ( 0.8149999999999997247, -0.4462811057769996981, -2.597695856024973882 ) ) ;
#643 = CARTESIAN_POINT ( 'NONE',  ( 4.289999999999999147, -0.08500000000000000611, 2.461537905304634677 ) ) ;
#644 = EDGE_CURVE ( 'NONE', #5004, #11069, #11541, .T. ) ;
#645 = DIRECTION ( 'NONE',  ( 1.000000000000000000, -0.000000000000000000, 0.000000000000000000 ) ) ;
#646 = CARTESIAN_POINT ( 'NONE',  ( -0.4800000000000003708, -0.4750000000000020872, -2.599999999999999645 ) ) ;
#647 = ADVANCED_FACE ( 'NONE', ( #1348 ), #1465, .F. ) ;
#648 = CARTESIAN_POINT ( 'NONE',  ( 4.289999999999999147, -0.1834862943212427766, 2.747157848089624821 ) ) ;
#649 = SURFACE_SIDE_STYLE ('',( #4182 ) ) ;
#650 = ORIENTED_EDGE ( 'NONE', *, *, #8459, .T. ) ;
#651 = ORIENTED_EDGE ( 'NONE', *, *, #7540, .F. ) ;
#652 = ORIENTED_EDGE ( 'NONE', *, *, #2032, .F. ) ;
#653 = DIRECTION ( 'NONE',  ( 0.000000000000000000, -0.9967969531173912490, 0.07997395986122736444 ) ) ;
#654 = ORIENTED_EDGE ( 'NONE', *, *, #4397, .F. ) ;
#655 = EDGE_CURVE ( 'NONE', #7951, #5723, #565, .T. ) ;
#656 = CARTESIAN_POINT ( 'NONE',  ( 1.749999999999999778, -0.5550000000000000488, 3.000000000000000000 ) ) ;
#657 = DIRECTION ( 'NONE',  ( 0.000000000000000000, -0.9967969531173912490, -0.07997395986122909917 ) ) ;
#658 = FACE_OUTER_BOUND ( 'NONE', #10835, .T. ) ;
#659 = CARTESIAN_POINT ( 'NONE',  ( 2.059999999999999609, -0.4614044268235938384, -2.769455482029957061 ) ) ;
#660 = EDGE_CURVE ( 'NONE', #5555, #808, #4219, .T. ) ;
#661 = ORIENTED_EDGE ( 'NONE', *, *, #9055, .T. ) ;
#662 = PLANE ( 'NONE',  #5677 ) ;
#663 = ORIENTED_EDGE ( 'NONE', *, *, #5751, .F. ) ;
#664 = CARTESIAN_POINT ( 'NONE',  ( 3.019999999999999574, 0.2042282574763048253, 2.545504876163455776 ) ) ;
#665 = DIRECTION ( 'NONE',  ( 0.000000000000000000, 0.9967969531173912490, -0.07997395986122736444 ) ) ;
#666 = CARTESIAN_POINT ( 'NONE',  ( -3.020000000000000018, 0.000000000000000000, 0.000000000000000000 ) ) ;
#667 = LINE ( 'NONE', #4313, #7866 ) ;
#668 = DIRECTION ( 'NONE',  ( 0.000000000000000000, 0.000000000000000000, -1.000000000000000000 ) ) ;
#669 = ADVANCED_FACE ( 'NONE', ( #4928 ), #4095, .T. ) ;
#670 = ORIENTED_EDGE ( 'NONE', *, *, #2914, .F. ) ;
#671 = CARTESIAN_POINT ( 'NONE',  ( -2.060000000000000497, -0.4326855326006347480, 2.767151338054935295 ) ) ;
#672 = FACE_OUTER_BOUND ( 'NONE', #9984, .T. ) ;
#673 = VERTEX_POINT ( 'NONE', #3186 ) ;
#674 = ORIENTED_EDGE ( 'NONE', *, *, #10147, .F. ) ;
#675 = LINE ( 'NONE', #4322, #10638 ) ;
#676 = ORIENTED_EDGE ( 'NONE', *, *, #5913, .T. ) ;
#677 = DIRECTION ( 'NONE',  ( 0.000000000000000000, 0.07997395986122911304, -0.9967969531173912490 ) ) ;
#678 = CARTESIAN_POINT ( 'NONE',  ( 0.4799999999999999267, -0.5550000000000000488, 3.000000000000000000 ) ) ;
#679 = CARTESIAN_POINT ( 'NONE',  ( 3.019999999999999574, -0.1782331765923089728, 2.746736385498786515 ) ) ;
#680 = DIRECTION ( 'NONE',  ( 0.000000000000000000, -0.07997395986122737832, 0.9967969531173913600 ) ) ;
#681 = CARTESIAN_POINT ( 'NONE',  ( -4.600000000000000533, -0.08500000000000000611, 0.000000000000000000 ) ) ;
#682 = VERTEX_POINT ( 'NONE', #11493 ) ;
#683 = VERTEX_POINT ( 'NONE', #9535 ) ;
#684 = ORIENTED_EDGE ( 'NONE', *, *, #5633, .F. ) ;
#685 = FACE_OUTER_BOUND ( 'NONE', #3691, .T. ) ;
#686 = EDGE_CURVE ( 'NONE', #6380, #2082, #6774, .T. ) ;
#687 = LINE ( 'NONE', #11557, #7892 ) ;
#688 = DIRECTION ( 'NONE',  ( 0.000000000000000000, -0.000000000000000000, -1.000000000000000000 ) ) ;
#689 = DIRECTION ( 'NONE',  ( 0.000000000000000000, -0.9967969531173912490, -0.07997395986122922407 ) ) ;
#690 = DIRECTION ( 'NONE',  ( 0.000000000000000000, -0.9967969531173912490, -0.07997395986122909917 ) ) ;
#691 = DIRECTION ( 'NONE',  ( -0.1218693434051477398, -0.9925461516413219831, 0.000000000000000000 ) ) ;
#692 = VERTEX_POINT ( 'NONE', #6831 ) ;
#693 = ORIENTED_EDGE ( 'NONE', *, *, #3340, .T. ) ;
#694 = ORIENTED_EDGE ( 'NONE', *, *, #6712, .F. ) ;
#695 = DIRECTION ( 'NONE',  ( 1.000000000000000000, -0.000000000000000000, 0.000000000000000000 ) ) ;
#697 = ORIENTED_EDGE ( 'NONE', *, *, #10207, .F. ) ;
#696 = VECTOR ( 'NONE', #8570, 1000.000000000000000 ) ;
#698 = DIRECTION ( 'NONE',  ( 0.000000000000000000, 0.000000000000000000, -1.000000000000000000 ) ) ;
#699 = EDGE_CURVE ( 'NONE', #10158, #10493, #10486, .T. ) ;
#700 = CARTESIAN_POINT ( 'NONE',  ( -2.085000000000000853, -0.1970818674976518858, -2.577702366059666961 ) ) ;
#701 = CARTESIAN_POINT ( 'NONE',  ( 2.059999999999999609, -0.4532685607873790379, -2.870861070673345061 ) ) ;
#702 = VECTOR ( 'NONE', #8174, 1000.000000000000000 ) ;
#703 = EDGE_CURVE ( 'NONE', #4112, #10002, #1411, .T. ) ;
#704 = DIRECTION ( 'NONE',  ( 1.000000000000000000, -0.000000000000000000, 0.000000000000000000 ) ) ;
#705 = ORIENTED_EDGE ( 'NONE', *, *, #5033, .F. ) ;
#706 = DIRECTION ( 'NONE',  ( 0.000000000000000000, 0.000000000000000000, -1.000000000000000000 ) ) ;
#707 = ORIENTED_EDGE ( 'NONE', *, *, #4094, .F. ) ;
#708 = ADVANCED_FACE ( 'NONE', ( #8191 ), #9986, .T. ) ;
#709 = EDGE_CURVE ( 'NONE', #459, #7503, #3215, .T. ) ;
#710 = LINE ( 'NONE', #3688, #10505 ) ;
#711 = ORIENTED_EDGE ( 'NONE', *, *, #1306, .F. ) ;
#712 = ORIENTED_EDGE ( 'NONE', *, *, #1870, .T. ) ;
#713 = PLANE ( 'NONE',  #4992 ) ;
#714 = ADVANCED_FACE ( 'NONE', ( #2524 ), #7115, .F. ) ;
#715 = LINE ( 'NONE', #10432, #9885 ) ;
#716 = DIRECTION ( 'NONE',  ( 0.000000000000000000, 0.000000000000000000, -1.000000000000000000 ) ) ;
#717 = LINE ( 'NONE', #8971, #6477 ) ;
#718 = VECTOR ( 'NONE', #8477, 999.9999999999998863 ) ;
#719 = EDGE_CURVE ( 'NONE', #8243, #4648, #9813, .T. ) ;
#720 = ORIENTED_EDGE ( 'NONE', *, *, #5211, .T. ) ;
#721 = VECTOR ( 'NONE', #2233, 1000.000000000000000 ) ;
#722 = DIRECTION ( 'NONE',  ( 1.000000000000000000, 0.000000000000000000, 0.000000000000000000 ) ) ;
#723 = SURFACE_SIDE_STYLE ('',( #1622 ) ) ;
#724 = VERTEX_POINT ( 'NONE', #8861 ) ;
#725 = PLANE ( 'NONE',  #368 ) ;
#726 = ADVANCED_FACE ( 'NONE', ( #7167 ), #6215, .T. ) ;
#727 = VECTOR ( 'NONE', #1884, 1000.000000000000000 ) ;
#728 = ORIENTED_EDGE ( 'NONE', *, *, #7888, .F. ) ;
#729 = LINE ( 'NONE', #3267, #10527 ) ;
#730 = EDGE_CURVE ( 'NONE', #11239, #7294, #1621, .T. ) ;
#731 = LINE ( 'NONE', #905, #8797 ) ;
#732 = EDGE_CURVE ( 'NONE', #10493, #10401, #3648, .T. ) ;
#733 = CIRCLE ( 'NONE', #1686, 0.2861149196957549767 ) ;
#734 = AXIS2_PLACEMENT_3D ( 'NONE', #9181, #11021, #6552 ) ;
#735 = VECTOR ( 'NONE', #333, 1000.000000000000114 ) ;
#736 = PLANE ( 'NONE',  #742 ) ;
#737 = VECTOR ( 'NONE', #9255, 1000.000000000000000 ) ;
#738 = CARTESIAN_POINT ( 'NONE',  ( 2.084999999999999520, -0.1970818674976518858, -2.577702366059666961 ) ) ;
#739 = DIRECTION ( 'NONE',  ( 0.000000000000000000, -1.000000000000000000, 0.000000000000000000 ) ) ;
#740 = VERTEX_POINT ( 'NONE', #7234 ) ;
#741 = VECTOR ( 'NONE', #4883, 1000.000000000000000 ) ;
#742 = AXIS2_PLACEMENT_3D ( 'NONE', #7301, #5515, #3481 ) ;
#743 = ORIENTED_EDGE ( 'NONE', *, *, #10807, .F. ) ;
#744 = ORIENTED_EDGE ( 'NONE', *, *, #1453, .F. ) ;
#745 = ORIENTED_EDGE ( 'NONE', *, *, #5763, .T. ) ;
#746 = EDGE_CURVE ( 'NONE', #4248, #5918, #6168, .T. ) ;
#747 = LINE ( 'NONE', #4402, #5898 ) ;
#748 = VECTOR ( 'NONE', #9067, 1000.000000000000000 ) ;
#749 = LINE ( 'NONE', #2589, #3293 ) ;
#750 = DIRECTION ( 'NONE',  ( 1.000000000000000000, 0.000000000000000000, 0.000000000000000000 ) ) ;
#751 = AXIS2_PLACEMENT_3D ( 'NONE', #9147, #2802, #4612 ) ;
#752 = VECTOR ( 'NONE', #8736, 1000.000000000000000 ) ;
#753 = VECTOR ( 'NONE', #2395, 1000.000000000000000 ) ;
#754 = LINE ( 'NONE', #10520, #5506 ) ;
#755 = DIRECTION ( 'NONE',  ( 1.000000000000000000, 0.000000000000000000, 0.000000000000000000 ) ) ;
#756 = CARTESIAN_POINT ( 'NONE',  ( -3.330000000000000071, 0.08500000000000000611, 0.000000000000000000 ) ) ;
#757 = ORIENTED_EDGE ( 'NONE', *, *, #5328, .F. ) ;
#758 = ORIENTED_EDGE ( 'NONE', *, *, #1217, .T. ) ;
#759 = ORIENTED_EDGE ( 'NONE', *, *, #4143, .T. ) ;
#760 = DIRECTION ( 'NONE',  ( 0.000000000000000000, 0.000000000000000000, -1.000000000000000000 ) ) ;
#761 = ORIENTED_EDGE ( 'NONE', *, *, #9482, .F. ) ;
#762 = AXIS2_PLACEMENT_3D ( 'NONE', #2394, #8672, #11526 ) ;
#763 = AXIS2_PLACEMENT_3D ( 'NONE', #5366, #1997, #1600 ) ;
#764 = AXIS2_PLACEMENT_3D ( 'NONE', #2713, #5465, #10057 ) ;
#765 = FACE_OUTER_BOUND ( 'NONE', #3743, .T. ) ;
#766 = DIRECTION ( 'NONE',  ( 0.000000000000000000, -0.000000000000000000, -1.000000000000000000 ) ) ;
#767 = VECTOR ( 'NONE', #7404, 1000.000000000000000 ) ;
#768 = CYLINDRICAL_SURFACE ( 'NONE', #8205, 0.1017314392126205669 ) ;
#769 = ADVANCED_FACE ( 'NONE', ( #2573 ), #10886, .F. ) ;
#770 = CIRCLE ( 'NONE', #11070, 0.1161149196957549368 ) ;
#771 = EDGE_CURVE ( 'NONE', #4478, #5365, #10712, .T. ) ;
#772 = VECTOR ( 'NONE', #6175, 1000.000000000000000 ) ;
#773 = LINE ( 'NONE', #5374, #4717 ) ;
#774 = VERTEX_POINT ( 'NONE', #3472 ) ;
#775 = EDGE_CURVE ( 'NONE', #8180, #10442, #1573, .T. ) ;
#776 = FACE_OUTER_BOUND ( 'NONE', #7844, .T. ) ;
#777 = ORIENTED_EDGE ( 'NONE', *, *, #634, .T. ) ;
#778 = ORIENTED_EDGE ( 'NONE', *, *, #6428, .T. ) ;
#779 = CARTESIAN_POINT ( 'NONE',  ( 4.892924361433666824, -0.4648437730820885183, -1.892924361433666158 ) ) ;
#780 = ORIENTED_EDGE ( 'NONE', *, *, #6392, .T. ) ;
#781 = ORIENTED_EDGE ( 'NONE', *, *, #6223, .F. ) ;
#782 = CARTESIAN_POINT ( 'NONE',  ( -3.020000000000000018, -0.08500000000000000611, 0.000000000000000000 ) ) ;
#783 = DIRECTION ( 'NONE',  ( 0.000000000000000000, 0.000000000000000000, -1.000000000000000000 ) ) ;
#784 = VECTOR ( 'NONE', #10761, 1000.000000000000114 ) ;
#785 = DIRECTION ( 'NONE',  ( 0.000000000000000000, 0.000000000000000000, -1.000000000000000000 ) ) ;
#786 = DIRECTION ( 'NONE',  ( 0.000000000000000000, -1.000000000000000000, 0.000000000000000000 ) ) ;
#787 = EDGE_CURVE ( 'NONE', #11484, #1077, #790, .T. ) ;
#788 = ORIENTED_EDGE ( 'NONE', *, *, #9336, .T. ) ;
#789 = EDGE_CURVE ( 'NONE', #6888, #210, #9035, .T. ) ;
#790 = LINE ( 'NONE', #2695, #7207 ) ;
#791 = DIRECTION ( 'NONE',  ( -0.000000000000000000, 0.07997395986122908529, 0.9967969531173911379 ) ) ;
#792 = VERTEX_POINT ( 'NONE', #671 ) ;
#793 = CARTESIAN_POINT ( 'NONE',  ( -3.020000000000000018, -0.1970818674977049267, 2.577702366059670958 ) ) ;
#794 = EDGE_CURVE ( 'NONE', #11355, #3338, #10820, .T. ) ;
#795 = EDGE_LOOP ( 'NONE', ( #5784, #1937, #13, #11597 ) ) ;
#796 = LINE ( 'NONE', #10040, #8984 ) ;
#797 = EDGE_CURVE ( 'NONE', #1331, #8604, #1507, .T. ) ;
#798 = VECTOR ( 'NONE', #6713, 999.9999999999998863 ) ;
#799 = CARTESIAN_POINT ( 'NONE',  ( -2.995000000000000107, -0.1970818674976526075, -2.577702366059666961 ) ) ;
#800 = CARTESIAN_POINT ( 'NONE',  ( -3.330000000000000515, 0.08500000000000000611, -1.939563312323252964 ) ) ;
#801 = DIRECTION ( 'NONE',  ( 1.000000000000000000, -0.000000000000000000, 0.000000000000000000 ) ) ;
#802 = EDGE_CURVE ( 'NONE', #8046, #2958, #4317, .T. ) ;
#803 = DIRECTION ( 'NONE',  ( -0.000000000000000000, 0.000000000000000000, -1.000000000000000000 ) ) ;
#804 = LINE ( 'NONE', #1691, #10671 ) ;
#805 = VECTOR ( 'NONE', #2938, 1000.000000000000114 ) ;
#806 = ORIENTED_EDGE ( 'NONE', *, *, #9952, .T. ) ;
#807 = ORIENTED_EDGE ( 'NONE', *, *, #7529, .F. ) ;
#808 = VERTEX_POINT ( 'NONE', #11763 ) ;
#809 = ORIENTED_EDGE ( 'NONE', *, *, #11149, .T. ) ;
#810 = CARTESIAN_POINT ( 'NONE',  ( 0.7899999999999999245, -0.4326855326006170954, 2.767151338054933518 ) ) ;
#811 = PLANE ( 'NONE',  #3655 ) ;
#812 = CARTESIAN_POINT ( 'NONE',  ( -3.330000000000000071, -0.08500000000000000611, 0.000000000000000000 ) ) ;
#813 = VECTOR ( 'NONE', #1119, 1000.000000000000114 ) ;
#814 = EDGE_CURVE ( 'NONE', #7735, #11239, #7952, .T. ) ;
#815 = CARTESIAN_POINT ( 'NONE',  ( 0.4799999999999999267, -0.5549999999999993827, -2.870861070673345061 ) ) ;
#816 = CARTESIAN_POINT ( 'NONE',  ( -3.020000000000000018, 0.2178238306527182089, 2.714960358193412304 ) ) ;
#817 = ORIENTED_EDGE ( 'NONE', *, *, #6585, .F. ) ;
#818 = ORIENTED_EDGE ( 'NONE', *, *, #1163, .F. ) ;
#819 = ORIENTED_EDGE ( 'NONE', *, *, #6704, .F. ) ;
#820 = CARTESIAN_POINT ( 'NONE',  ( 1.749999999999999778, -0.08500000000000000611, 2.461537905304634677 ) ) ;
#821 = CIRCLE ( 'NONE', #1766, 0.2861149196957549767 ) ;
#822 = EDGE_LOOP ( 'NONE', ( #8609, #10052, #1818, #1047 ) ) ;
#823 = CARTESIAN_POINT ( 'NONE',  ( -2.060000000000000497, -0.2011149196957552621, -2.461537905304631568 ) ) ;
#824 = CARTESIAN_POINT ( 'NONE',  ( 0.4799999999999999267, -0.2011149196957552621, -2.461537905304631568 ) ) ;
#825 = CARTESIAN_POINT ( 'NONE',  ( -0.7900000000000003686, -0.1918287497687165000, -2.577280903468829099 ) ) ;
#826 = DIRECTION ( 'NONE',  ( 0.000000000000000000, -0.9967969531173912490, -0.07997395986122909917 ) ) ;
#827 = DIRECTION ( 'NONE',  ( 0.000000000000000000, -0.07997395986122908529, 0.9967969531173911379 ) ) ;
#828 = DIRECTION ( 'NONE',  ( 0.000000000000000000, 0.000000000000000000, 1.000000000000000000 ) ) ;
#829 = LINE ( 'NONE', #8745, #2259 ) ;
#830 = ORIENTED_EDGE ( 'NONE', *, *, #11756, .T. ) ;
#831 = DIRECTION ( 'NONE',  ( -0.000000000000000000, 0.000000000000000000, 1.000000000000000000 ) ) ;
#832 = ORIENTED_EDGE ( 'NONE', *, *, #4358, .T. ) ;
#833 = ORIENTED_EDGE ( 'NONE', *, *, #1975, .F. ) ;
#834 = FACE_OUTER_BOUND ( 'NONE', #9788, .T. ) ;
#835 = ORIENTED_EDGE ( 'NONE', *, *, #10288, .T. ) ;
#836 = ORIENTED_EDGE ( 'NONE', *, *, #11514, .T. ) ;
#837 = CARTESIAN_POINT ( 'NONE',  ( 1.749999999999999778, -0.5549999999999849498, 2.795743509104209498E-15 ) ) ;
#838 = DIRECTION ( 'NONE',  ( 1.000000000000000000, -0.000000000000000000, 0.000000000000000000 ) ) ;
#839 = DIRECTION ( 'NONE',  ( 0.000000000000000000, -0.9967969531173912490, -0.07997395986122736444 ) ) ;
#840 = PLANE ( 'NONE',  #1145 ) ;
#841 = EDGE_CURVE ( 'NONE', #2334, #9693, #2801, .T. ) ;
#842 = DIRECTION ( 'NONE',  ( 0.000000000000000000, 0.07997395986122911304, -0.9967969531173912490 ) ) ;
#843 = CARTESIAN_POINT ( 'NONE',  ( 3.019999999999999574, -0.7250000000000001998, 2.870861070673344617 ) ) ;
#844 = ORIENTED_EDGE ( 'NONE', *, *, #10045, .T. ) ;
#845 = LINE ( 'NONE', #5395, #10074 ) ;
#846 = VERTEX_POINT ( 'NONE', #10289 ) ;
#847 = DIRECTION ( 'NONE',  ( 1.000000000000000000, -0.000000000000000000, 0.000000000000000000 ) ) ;
#848 = EDGE_CURVE ( 'NONE', #4743, #8707, #9207, .T. ) ;
#849 = CARTESIAN_POINT ( 'NONE',  ( -3.330000000000000071, -0.7250000000000001998, -2.870861070673344617 ) ) ;
#850 = EDGE_CURVE ( 'NONE', #7857, #6561, #5569, .T. ) ;
#851 = DIRECTION ( 'NONE',  ( 1.000000000000000000, 0.000000000000000000, -0.000000000000000000 ) ) ;
#852 = CARTESIAN_POINT ( 'NONE',  ( -3.020000000000000018, -0.5549999999999993827, 2.870861070673345061 ) ) ;
#853 = ADVANCED_FACE ( 'NONE', ( #6452 ), #10104, .T. ) ;
#854 = CARTESIAN_POINT ( 'NONE',  ( 4.289999999999999147, -0.4462811057769996981, 2.597695856024973882 ) ) ;
#855 = CARTESIAN_POINT ( 'NONE',  ( 1.749999999999999778, 0.08500000000000000611, 2.461537905304632012 ) ) ;
#856 = VERTEX_POINT ( 'NONE', #11174 ) ;
#857 = EDGE_LOOP ( 'NONE', ( #2890, #5787, #2876, #4577 ) ) ;
#858 = ORIENTED_EDGE ( 'NONE', *, *, #8461, .T. ) ;
#859 = VERTEX_POINT ( 'NONE', #10222 ) ;
#860 = EDGE_CURVE ( 'NONE', #10401, #867, #10935, .T. ) ;
#861 = LINE ( 'NONE', #10733, #3403 ) ;
#862 = DIRECTION ( 'NONE',  ( 1.000000000000000000, -0.000000000000000000, 0.000000000000000000 ) ) ;
#863 = EDGE_CURVE ( 'NONE', #4342, #3604, #4365, .T. ) ;
#864 = LINE ( 'NONE', #9002, #239 ) ;
#865 = LINE ( 'NONE', #3497, #9545 ) ;
#866 = PLANE ( 'NONE',  #2061 ) ;
#867 = VERTEX_POINT ( 'NONE', #4857 ) ;
#868 = EDGE_LOOP ( 'NONE', ( #6726, #11074, #357, #4332, #9166, #835, #2023, #200, #1518 ) ) ;
#869 = ORIENTED_EDGE ( 'NONE', *, *, #2606, .T. ) ;
#870 = PRESENTATION_LAYER_ASSIGNMENT (  '', '', ( #9481 ) ) ;
#871 = CARTESIAN_POINT ( 'NONE',  ( 4.599999999999999645, -0.08500000000000000611, 0.000000000000000000 ) ) ;
#872 = ORIENTED_EDGE ( 'NONE', *, *, #7791, .F. ) ;
#873 = DIRECTION ( 'NONE',  ( 1.000000000000000000, -0.000000000000000000, 0.000000000000000000 ) ) ;
#874 = FACE_OUTER_BOUND ( 'NONE', #9991, .T. ) ;
#875 = ADVANCED_FACE ( 'NONE', ( #10986 ), #6516, .T. ) ;
#876 = LINE ( 'NONE', #3932, #1126 ) ;
#877 = CARTESIAN_POINT ( 'NONE',  ( 3.354999999999999538, -0.4326855326005906166, -2.767151338054931742 ) ) ;
#878 = AXIS2_PLACEMENT_3D ( 'NONE', #10575, #4958, #8599 ) ;
#879 = PLANE ( 'NONE',  #8168 ) ;
#880 = DIRECTION ( 'NONE',  ( -1.000000000000000000, 0.000000000000000000, 0.000000000000000000 ) ) ;
#881 = FACE_OUTER_BOUND ( 'NONE', #11321, .T. ) ;
#882 = ORIENTED_EDGE ( 'NONE', *, *, #10762, .F. ) ;
#883 = CARTESIAN_POINT ( 'NONE',  ( 3.019999999999999574, 0.2178238306527182089, -2.714960358193412304 ) ) ;
#884 = ORIENTED_EDGE ( 'NONE', *, *, #4731, .T. ) ;
#885 = ORIENTED_EDGE ( 'NONE', *, *, #4508, .T. ) ;
#886 = LINE ( 'NONE', #9708, #11568 ) ;
#887 = DIRECTION ( 'NONE',  ( 1.000000000000000000, 0.000000000000000000, 0.000000000000000000 ) ) ;
#888 = VERTEX_POINT ( 'NONE', #5501 ) ;
#889 = ORIENTED_EDGE ( 'NONE', *, *, #4962, .F. ) ;
#890 = EDGE_CURVE ( 'NONE', #6750, #1197, #7978, .T. ) ;
#891 = CARTESIAN_POINT ( 'NONE',  ( 1.749999999999999778, -0.4532685607873790379, 2.870861070673345061 ) ) ;
#892 = DIRECTION ( 'NONE',  ( 0.000000000000000000, 0.07997395986122911304, -0.9967969531173912490 ) ) ;
#893 = DIRECTION ( 'NONE',  ( 0.000000000000000000, -0.9967969531173911379, 0.07997395986122908529 ) ) ;
#894 = LINE ( 'NONE', #2521, #3046 ) ;
#895 = VECTOR ( 'NONE', #6655, 1000.000000000000000 ) ;
#896 = VERTEX_POINT ( 'NONE', #3754 ) ;
#897 = DIRECTION ( 'NONE',  ( 1.000000000000000000, 0.000000000000000000, 0.000000000000000000 ) ) ;
#898 = EDGE_CURVE ( 'NONE', #5825, #25, #361, .T. ) ;
#899 = PLANE ( 'NONE',  #6289 ) ;
#900 = EDGE_LOOP ( 'NONE', ( #8902, #3024, #2237, #11686 ) ) ;
#901 = CYLINDRICAL_SURFACE ( 'NONE', #4360, 0.1017314392126205669 ) ;
#902 = ORIENTED_EDGE ( 'NONE', *, *, #10203, .T. ) ;
#903 = PLANE ( 'NONE',  #3829 ) ;
#904 = VECTOR ( 'NONE', #2883, 1000.000000000000000 ) ;
#905 = CARTESIAN_POINT ( 'NONE',  ( 4.625000000000000000, -0.2321338255108014725, -2.140814096316195236 ) ) ;
#906 = ADVANCED_FACE ( 'NONE', ( #11053 ), #9146, .T. ) ;
#907 = DIRECTION ( 'NONE',  ( 0.000000000000000000, -0.07997395986122737832, 0.9967969531173913600 ) ) ;
#908 = DIRECTION ( 'NONE',  ( 0.000000000000000000, -0.9967969531173912490, -0.07997395986122909917 ) ) ;
#909 = CARTESIAN_POINT ( 'NONE',  ( 0.4799999999999999267, -0.4013101249739874921, 0.03219748989621440405 ) ) ;
#910 = CIRCLE ( 'NONE', #6641, 0.2717314392126214395 ) ;
#911 = LINE ( 'NONE', #134, #2843 ) ;
#912 = EDGE_LOOP ( 'NONE', ( #2019, #4172, #4532, #661 ) ) ;
#913 = EDGE_CURVE ( 'NONE', #8674, #7789, #1977, .T. ) ;
#914 = ORIENTED_EDGE ( 'NONE', *, *, #11393, .F. ) ;
#915 = ORIENTED_EDGE ( 'NONE', *, *, #11629, .F. ) ;
#916 = ORIENTED_EDGE ( 'NONE', *, *, #2600, .T. ) ;
#917 = AXIS2_PLACEMENT_3D ( 'NONE', #7292, #1748, #1678 ) ;
#918 = CIRCLE ( 'NONE', #4352, 0.1161149196957549368 ) ;
#919 = PRESENTATION_LAYER_ASSIGNMENT (  '', '', ( #2279 ) ) ;
#920 = CARTESIAN_POINT ( 'NONE',  ( 3.019999999999999574, 0.000000000000000000, 3.000000000000000000 ) ) ;
#921 = PLANE ( 'NONE',  #9363 ) ;
#922 = VECTOR ( 'NONE', #5077, 1000.000000000000000 ) ;
#923 = DIRECTION ( 'NONE',  ( 0.000000000000000000, 0.000000000000000000, -1.000000000000000000 ) ) ;
#924 = CIRCLE ( 'NONE', #7608, 0.2500000000000004441 ) ;
#925 = AXIS2_PLACEMENT_3D ( 'NONE', #11661, #4321, #9091 ) ;
#926 = EDGE_CURVE ( 'NONE', #6029, #10903, #5752, .T. ) ;
#927 = EDGE_CURVE ( 'NONE', #11767, #4691, #11427, .T. ) ;
#928 = VECTOR ( 'NONE', #1585, 999.9999999999998863 ) ;
#929 = AXIS2_PLACEMENT_3D ( 'NONE', #8761, #5961, #10722 ) ;
#930 = CARTESIAN_POINT ( 'NONE',  ( -4.290000000000000036, -0.08500000000000000611, 0.000000000000000000 ) ) ;
#931 = CARTESIAN_POINT ( 'NONE',  ( -4.600000000000000533, -0.7249999999999999778, 3.000000000000000000 ) ) ;
#932 = EDGE_CURVE ( 'NONE', #7809, #10158, #5680, .T. ) ;
#933 = VERTEX_POINT ( 'NONE', #4796 ) ;
#934 = ORIENTED_EDGE ( 'NONE', *, *, #9993, .F. ) ;
#935 = ORIENTED_EDGE ( 'NONE', *, *, #7940, .T. ) ;
#936 = DIRECTION ( 'NONE',  ( 0.000000000000000000, 0.000000000000000000, -1.000000000000000000 ) ) ;
#937 = EDGE_CURVE ( 'NONE', #1211, #1443, #67, .T. ) ;
#938 = DIRECTION ( 'NONE',  ( 0.000000000000000000, -0.07997395986122909917, -0.9967969531173911379 ) ) ;
#939 = VECTOR ( 'NONE', #452, 1000.000000000000000 ) ;
#940 = LINE ( 'NONE', #7205, #1522 ) ;
#941 = AXIS2_PLACEMENT_3D ( 'NONE', #5157, #8803, #7045 ) ;
#942 = VECTOR ( 'NONE', #7468, 1000.000000000000114 ) ;
#943 = DIRECTION ( 'NONE',  ( 0.000000000000000000, 1.000000000000000000, 0.000000000000000000 ) ) ;
#944 = CARTESIAN_POINT ( 'NONE',  ( -4.635000000000000675, -0.4826582704211443420, 2.144290185689397887 ) ) ;
#945 = CARTESIAN_POINT ( 'NONE',  ( -2.060000000000000497, 0.000000000000000000, 0.000000000000000000 ) ) ;
#946 =( LENGTH_UNIT ( ) NAMED_UNIT ( * ) SI_UNIT ( .MILLI., .METRE. ) );
#947 = VERTEX_POINT ( 'NONE', #184 ) ;
#949 = EDGE_CURVE ( 'NONE', #2500, #2862, #733, .T. ) ;
#948 = AXIS2_PLACEMENT_3D ( 'NONE', #3393, #9747, #9686 ) ;
#950 = DIRECTION ( 'NONE',  ( 0.000000000000000000, 0.000000000000000000, -1.000000000000000000 ) ) ;
#951 = CIRCLE ( 'NONE', #11448, 0.1017314392126205669 ) ;
#952 = VECTOR ( 'NONE', #8794, 999.9999999999998863 ) ;
#953 = ORIENTED_EDGE ( 'NONE', *, *, #2998, .F. ) ;
#954 = VERTEX_POINT ( 'NONE', #487 ) ;
#955 = PLANE ( 'NONE',  #7949 ) ;
#956 = CARTESIAN_POINT ( 'NONE',  ( 4.254999999999999005, -0.4326855326005906166, 2.767151338054931742 ) ) ;
#957 = ORIENTED_EDGE ( 'NONE', *, *, #4456, .F. ) ;
#958 = ORIENTED_EDGE ( 'NONE', *, *, #11502, .T. ) ;
#959 = LINE ( 'NONE', #11704, #6499 ) ;
#960 = DIRECTION ( 'NONE',  ( 0.000000000000000000, -0.9967969531173911379, 0.07997395986122909917 ) ) ;
#961 = DIRECTION ( 'NONE',  ( 0.000000000000000000, -0.9967969531173912490, 0.07997395986122736444 ) ) ;
#962 = CARTESIAN_POINT ( 'NONE',  ( 2.060000000000000053, -0.08500000000000003386, -1.939563312323252742 ) ) ;
#963 = DIRECTION ( 'NONE',  ( 1.000000000000000000, -0.000000000000000000, 0.000000000000000000 ) ) ;
#964 = VECTOR ( 'NONE', #10802, 1000.000000000000000 ) ;
#965 = PRODUCT_DEFINITION_SHAPE ( 'NONE', 'NONE',  #1643 ) ;
#966 = VECTOR ( 'NONE', #11768, 1000.000000000000000 ) ;
#967 = VECTOR ( 'NONE', #4442, 999.9999999999998863 ) ;
#968 = EDGE_LOOP ( 'NONE', ( #522, #1610, #4969, #7986 ) ) ;
#969 = EDGE_CURVE ( 'NONE', #5552, #10656, #9691, .T. ) ;
#970 = CARTESIAN_POINT ( 'NONE',  ( 4.625000000000000000, -0.4813330637901492848, -2.160807586281502157 ) ) ;
#971 = LINE ( 'NONE', #8253, #10323 ) ;
#972 = VERTEX_POINT ( 'NONE', #3957 ) ;
#973 = CARTESIAN_POINT ( 'NONE',  ( -4.600000000000000533, -0.08500000000000000611, 1.939563312323252964 ) ) ;
#974 = VECTOR ( 'NONE', #1388, 1000.000000000000114 ) ;
#975 = EDGE_LOOP ( 'NONE', ( #3453, #10125, #3555, #10243 ) ) ;
#976 = FACE_OUTER_BOUND ( 'NONE', #7093, .T. ) ;
#977 = DIRECTION ( 'NONE',  ( -1.000000000000000000, -0.000000000000000000, -0.000000000000000000 ) ) ;
#978 = PLANE ( 'NONE',  #7446 ) ;
#979 = EDGE_CURVE ( 'NONE', #8539, #5584, #10592, .T. ) ;
#980 = DIRECTION ( 'NONE',  ( 0.000000000000000000, 0.000000000000000000, -1.000000000000000000 ) ) ;
#981 = CARTESIAN_POINT ( 'NONE',  ( -4.950000000000000178, 0.08500000000000000611, 1.939563312323252964 ) ) ;
#982 = DIRECTION ( 'NONE',  ( 0.000000000000000000, 0.9967969531173912490, 0.07997395986122911304 ) ) ;
#983 = ORIENTED_EDGE ( 'NONE', *, *, #8017, .T. ) ;
#984 = ORIENTED_EDGE ( 'NONE', *, *, #11807, .T. ) ;
#985 = ORIENTED_EDGE ( 'NONE', *, *, #9731, .T. ) ;
#986 = VERTEX_POINT ( 'NONE', #1454 ) ;
#987 = LINE ( 'NONE', #6162, #4189 ) ;
#988 = CYLINDRICAL_SURFACE ( 'NONE', #1952, 0.2717314392126214395 ) ;
#989 = EDGE_CURVE ( 'NONE', #10924, #692, #1503, .T. ) ;
#990 = CARTESIAN_POINT ( 'NONE',  ( 4.625000000000000000, -0.4326855326005906166, -2.767151338054931742 ) ) ;
#991 = AXIS2_PLACEMENT_3D ( 'NONE', #7394, #4536, #5325 ) ;
#992 = DIRECTION ( 'NONE',  ( 0.000000000000000000, 0.000000000000000000, -1.000000000000000000 ) ) ;
#993 = DIRECTION ( 'NONE',  ( 0.000000000000000000, 0.000000000000000000, -1.000000000000000000 ) ) ;
#994 = EDGE_LOOP ( 'NONE', ( #1038, #8520, #9266, #81 ) ) ;
#995 = ORIENTED_EDGE ( 'NONE', *, *, #7598, .F. ) ;
#996 = ORIENTED_EDGE ( 'NONE', *, *, #8495, .T. ) ;
#997 = CARTESIAN_POINT ( 'NONE',  ( -0.7900000000000003686, -0.4750000000000020872, -2.599999999999999645 ) ) ;
#998 = VECTOR ( 'NONE', #10059, 1000.000000000000114 ) ;
#999 = LINE ( 'NONE', #8407, #636 ) ;
#1000 = CARTESIAN_POINT ( 'NONE',  ( 2.984999999999998987, -0.1834862943212517139, 2.747157848089625265 ) ) ;
#1001 = LINE ( 'NONE', #7269, #7639 ) ;
#1002 = EDGE_CURVE ( 'NONE', #4487, #7792, #6941, .T. ) ;
#1003 = DIRECTION ( 'NONE',  ( 0.000000000000000000, 0.000000000000000000, -1.000000000000000000 ) ) ;
#1004 = CARTESIAN_POINT ( 'NONE',  ( 3.329999999999999627, -0.08500000000000000611, 0.000000000000000000 ) ) ;
#1005 = DIRECTION ( 'NONE',  ( 1.000000000000000000, -0.000000000000000000, 0.000000000000000000 ) ) ;
#1006 = EDGE_LOOP ( 'NONE', ( #5080, #9167, #1457, #8360 ) ) ;
#1007 = VECTOR ( 'NONE', #5844, 1000.000000000000000 ) ;
#1008 = ADVANCED_FACE ( 'NONE', ( #8548 ), #9519, .F. ) ;
#1009 = CYLINDRICAL_SURFACE ( 'NONE', #11575, 0.1017314392126205669 ) ;
#1010 = VERTEX_POINT ( 'NONE', #6762 ) ;
#1011 = VERTEX_POINT ( 'NONE', #4985 ) ;
#1012 = CARTESIAN_POINT ( 'NONE',  ( -3.020000000000000018, -0.2011149196957544016, -2.461537905304632012 ) ) ;
#1013 = CARTESIAN_POINT ( 'NONE',  ( 1.749999999999999778, 0.000000000000000000, 3.000000000000000000 ) ) ;
#1014 = ORIENTED_EDGE ( 'NONE', *, *, #6625, .F. ) ;
#1015 = ORIENTED_EDGE ( 'NONE', *, *, #5339, .F. ) ;
#1016 = LINE ( 'NONE', #3745, #9171 ) ;
#1017 = ADVANCED_FACE ( 'NONE', ( #1266 ), #10412, .T. ) ;
#1018 = CARTESIAN_POINT ( 'NONE',  ( -2.060000000000000497, -0.4532685607873790379, -2.870861070673345061 ) ) ;
#1019 = CARTESIAN_POINT ( 'NONE',  ( 0.7899999999999999245, -0.4532685607873790379, -2.870861070673345061 ) ) ;
#1020 = CARTESIAN_POINT ( 'NONE',  ( -4.290000000000000036, -0.5550000000000000488, 3.000000000000000000 ) ) ;
#1021 = EDGE_CURVE ( 'NONE', #5766, #10885, #11241, .T. ) ;
#1022 = CARTESIAN_POINT ( 'NONE',  ( -3.020000000000000018, 0.08500000000000000611, 0.000000000000000000 ) ) ;
#1023 = DIRECTION ( 'NONE',  ( 1.000000000000000000, 0.000000000000000000, 0.000000000000000000 ) ) ;
#1024 = ORIENTED_EDGE ( 'NONE', *, *, #5932, .T. ) ;
#1025 = LINE ( 'NONE', #11245, #8975 ) ;
#1026 = ORIENTED_EDGE ( 'NONE', *, *, #9137, .T. ) ;
#1027 = CARTESIAN_POINT ( 'NONE',  ( 0.7899999999999999245, 0.000000000000000000, -1.949999999999999956 ) ) ;
#1028 = DIRECTION ( 'NONE',  ( 0.000000000000000000, -0.9967969531173911379, -0.07997395986122908529 ) ) ;
#1029 = LINE ( 'NONE', #5576, #11510 ) ;
#1030 = LINE ( 'NONE', #3842, #8025 ) ;
#1031 = EDGE_CURVE ( 'NONE', #4655, #8746, #1333, .T. ) ;
#1032 = ADVANCED_FACE ( 'NONE', ( #10543 ), #3239, .F. ) ;
#1033 = CARTESIAN_POINT ( 'NONE',  ( 3.019999999999999574, -0.7250000000000001998, -2.870861070673344617 ) ) ;
#1034 = CARTESIAN_POINT ( 'NONE',  ( 1.749999999999999778, -0.7250000000000001998, 2.870861070673344617 ) ) ;
#1035 = DIRECTION ( 'NONE',  ( 0.000000000000000000, 0.07997395986122909917, 0.9967969531173911379 ) ) ;
#1036 = PLANE ( 'NONE',  #11800 ) ;
#1037 = ORIENTED_EDGE ( 'NONE', *, *, #2338, .T. ) ;
#1038 = ORIENTED_EDGE ( 'NONE', *, *, #8250, .T. ) ;
#1039 = ORIENTED_EDGE ( 'NONE', *, *, #6687, .F. ) ;
#1040 = ORIENTED_EDGE ( 'NONE', *, *, #9794, .T. ) ;
#1041 = LINE ( 'NONE', #2894, #7208 ) ;
#1042 = CARTESIAN_POINT ( 'NONE',  ( -2.060000000000000497, -0.1782331765923089728, -2.746736385498786515 ) ) ;
#1043 = ADVANCED_FACE ( 'NONE', ( #8799 ), #2220, .T. ) ;
#1044 = CYLINDRICAL_SURFACE ( 'NONE', #10290, 0.2861149196957549767 ) ;
#1045 = DIRECTION ( 'NONE',  ( 0.000000000000000000, 1.679125230693258263E-15, -1.000000000000000000 ) ) ;
#1046 = DIRECTION ( 'NONE',  ( 0.000000000000000000, -0.9967969531173912490, 0.07997395986122909917 ) ) ;
#1047 = ORIENTED_EDGE ( 'NONE', *, *, #1911, .F. ) ;
#1048 = ORIENTED_EDGE ( 'NONE', *, *, #3091, .F. ) ;
#1049 = ORIENTED_EDGE ( 'NONE', *, *, #7438, .T. ) ;
#1050 = DIRECTION ( 'NONE',  ( 0.000000000000000000, 5.037375692079792934E-15, -1.000000000000000000 ) ) ;
#1051 = CARTESIAN_POINT ( 'NONE',  ( 4.289999999999999147, -0.1918287497687165000, 2.577280903468829099 ) ) ;
#1052 = LINE ( 'NONE', #8336, #8771 ) ;
#1053 = CARTESIAN_POINT ( 'NONE',  ( 4.599999999999999645, -0.5550000000000000488, 3.000000000000000000 ) ) ;
#1054 = PLANE ( 'NONE',  #1510 ) ;
#1055 = PLANE ( 'NONE',  #10626 ) ;
#1056 = LINE ( 'NONE', #8341, #5485 ) ;
#1057 = EDGE_CURVE ( 'NONE', #420, #8674, #4203, .T. ) ;
#1058 = VERTEX_POINT ( 'NONE', #3057 ) ;
#1059 = CARTESIAN_POINT ( 'NONE',  ( -4.265000000000000568, -0.4462811057769996981, -2.597695856024973882 ) ) ;
#1060 = ORIENTED_EDGE ( 'NONE', *, *, #6048, .T. ) ;
#1061 = VERTEX_POINT ( 'NONE', #6886 ) ;
#1062 = CARTESIAN_POINT ( 'NONE',  ( -0.7900000000000003686, -0.2011149196957544016, -2.461537905304632012 ) ) ;
#1063 = FACE_OUTER_BOUND ( 'NONE', #455, .T. ) ;
#1064 = EDGE_LOOP ( 'NONE', ( #537, #6134, #1693, #7332 ) ) ;
#1065 = ADVANCED_FACE ( 'NONE', ( #2349 ), #11356, .T. ) ;
#1066 = ORIENTED_EDGE ( 'NONE', *, *, #11726, .T. ) ;
#1067 = LINE ( 'NONE', #2214, #5749 ) ;
#1068 = LINE ( 'NONE', #7466, #2459 ) ;
#1069 = DIRECTION ( 'NONE',  ( 0.000000000000000000, -0.9967969531173912490, 0.07997395986122736444 ) ) ;
#1070 = AXIS2_PLACEMENT_3D ( 'NONE', #1988, #5634, #10829 ) ;
#1071 = DIRECTION ( 'NONE',  ( 0.000000000000000000, 0.000000000000000000, -1.000000000000000000 ) ) ;
#1072 = CARTESIAN_POINT ( 'NONE',  ( 4.805115686716228574, -1.179988039362224628, 1.805115686716229684 ) ) ;
#1073 = EDGE_CURVE ( 'NONE', #11767, #9092, #4917, .T. ) ;
#1074 = ADVANCED_FACE ( 'NONE', ( #3303 ), #7660, .T. ) ;
#1075 = CARTESIAN_POINT ( 'NONE',  ( -0.7900000000000003686, 0.2042282574763048253, -2.545504876163455776 ) ) ;
#1076 = LINE ( 'NONE', #2696, #4214 ) ;
#1077 = VERTEX_POINT ( 'NONE', #6819 ) ;
#1078 = LINE ( 'NONE', #5870, #8576 ) ;
#1079 = DIRECTION ( 'NONE',  ( -0.000000000000000000, -0.9925461516413219831, 0.1218693434051477537 ) ) ;
#1080 = EDGE_CURVE ( 'NONE', #11355, #3756, #10470, .T. ) ;
#1081 = VERTEX_POINT ( 'NONE', #9910 ) ;
#1082 = DIRECTION ( 'NONE',  ( 0.07537865839727350692, 0.6139099072633502630, -0.7857688487221492490 ) ) ;
#1083 = VECTOR ( 'NONE', #4744, 1000.000000000000114 ) ;
#1084 = PLANE ( 'NONE',  #6293 ) ;
#1085 = CARTESIAN_POINT ( 'NONE',  ( 2.060000000000000053, 0.000000000000000000, -1.949999999999999956 ) ) ;
#1086 = DIRECTION ( 'NONE',  ( 1.000000000000000000, -0.000000000000000000, 0.000000000000000000 ) ) ;
#1087 = EDGE_CURVE ( 'NONE', #4902, #9858, #6323, .T. ) ;
#1088 = DIRECTION ( 'NONE',  ( 0.000000000000000000, -0.000000000000000000, -1.000000000000000000 ) ) ;
#1089 = DIRECTION ( 'NONE',  ( 0.000000000000000000, -1.000000000000000000, -1.679125230693258263E-15 ) ) ;
#1090 = ORIENTED_EDGE ( 'NONE', *, *, #4346, .F. ) ;
#1091 = AXIS2_PLACEMENT_3D ( 'NONE', #10208, #3882, #7517 ) ;
#1092 = ADVANCED_FACE ( 'NONE', ( #11698 ), #11577, .T. ) ;
#1093 = DIRECTION ( 'NONE',  ( 1.000000000000000000, 0.000000000000000000, 0.000000000000000000 ) ) ;
#1094 = DIRECTION ( 'NONE',  ( 0.000000000000000000, 1.679125230693258263E-15, 1.000000000000000000 ) ) ;
#1095 = VERTEX_POINT ( 'NONE', #9970 ) ;
#1096 = ORIENTED_EDGE ( 'NONE', *, *, #3074, .T. ) ;
#1097 = CARTESIAN_POINT ( 'NONE',  ( 1.749999999999999778, -0.1970818674976695384, 2.577702366059668293 ) ) ;
#1098 = EDGE_CURVE ( 'NONE', #4380, #1556, #7102, .T. ) ;
#1099 = ORIENTED_EDGE ( 'NONE', *, *, #2345, .T. ) ;
#1100 = ORIENTED_EDGE ( 'NONE', *, *, #11798, .F. ) ;
#1101 = MECHANICAL_DESIGN_GEOMETRIC_PRESENTATION_REPRESENTATION (  '', ( #9109 ), #10649 ) ;
#1102 = ORIENTED_EDGE ( 'NONE', *, *, #8860, .F. ) ;
#1103 = DIRECTION ( 'NONE',  ( 0.000000000000000000, 0.000000000000000000, -1.000000000000000000 ) ) ;
#1104 = CARTESIAN_POINT ( 'NONE',  ( 1.714999999999998970, -0.4326855326006082691, 2.767151338054933074 ) ) ;
#1105 = PLANE ( 'NONE',  #10528 ) ;
#1106 = AXIS2_PLACEMENT_3D ( 'NONE', #5470, #9059, #6365 ) ;
#1107 = LINE ( 'NONE', #8326, #11242 ) ;
#1108 = LINE ( 'NONE', #3670, #4756 ) ;
#1109 = EDGE_CURVE ( 'NONE', #4187, #3041, #5207, .T. ) ;
#1110 = VECTOR ( 'NONE', #5167, 1000.000000000000114 ) ;
#1111 = VERTEX_POINT ( 'NONE', #1787 ) ;
#1112 = EDGE_LOOP ( 'NONE', ( #6537, #7197, #1763, #4221 ) ) ;
#1113 = ORIENTED_EDGE ( 'NONE', *, *, #10984, .T. ) ;
#1114 = VECTOR ( 'NONE', #5024, 1000.000000000000114 ) ;
#1115 = DIRECTION ( 'NONE',  ( 0.000000000000000000, -0.9967969531173912490, -0.07997395986122736444 ) ) ;
#1116 = AXIS2_PLACEMENT_3D ( 'NONE', #11168, #5746, #8542 ) ;
#1117 = CARTESIAN_POINT ( 'NONE',  ( -4.625000000000000888, -0.1970818674976526075, -2.577702366059666961 ) ) ;
#1118 = LINE ( 'NONE', #2908, #4002 ) ;
#1119 = DIRECTION ( 'NONE',  ( 0.000000000000000000, 0.07997395986122909917, 0.9967969531173911379 ) ) ;
#1120 = AXIS2_PLACEMENT_3D ( 'NONE', #9647, #6041, #5042 ) ;
#1121 = AXIS2_PLACEMENT_3D ( 'NONE', #7742, #7962, #1424 ) ;
#1122 = DIRECTION ( 'NONE',  ( -0.000000000000000000, 0.9967969531173912490, 0.07997395986122922407 ) ) ;
#1123 =( GEOMETRIC_REPRESENTATION_CONTEXT ( 3 ) GLOBAL_UNCERTAINTY_ASSIGNED_CONTEXT ( ( #7175 ) ) GLOBAL_UNIT_ASSIGNED_CONTEXT ( ( #5468, #11682, #10906 ) ) REPRESENTATION_CONTEXT ( 'NONE', 'WORKASPACE' ) );
#1124 = DIRECTION ( 'NONE',  ( -0.000000000000000000, -0.07997395986122911304, 0.9967969531173912490 ) ) ;
#1125 = VERTEX_POINT ( 'NONE', #5431 ) ;
#1126 = VECTOR ( 'NONE', #228, 1000.000000000000114 ) ;
#1127 = CARTESIAN_POINT ( 'NONE',  ( -2.060000000000000497, 0.000000000000000000, -1.949999999999999956 ) ) ;
#1128 = VERTEX_POINT ( 'NONE', #614 ) ;
#1129 = EDGE_LOOP ( 'NONE', ( #10615, #693, #270, #1588, #3974, #4123, #1786, #6367 ) ) ;
#1130 = FACE_OUTER_BOUND ( 'NONE', #4098, .T. ) ;
#1131 = CARTESIAN_POINT ( 'NONE',  ( 4.289999999999999147, -0.1970818674976519136, 2.577702366059666961 ) ) ;
#1132 = VERTEX_POINT ( 'NONE', #11645 ) ;
#1133 = ORIENTED_EDGE ( 'NONE', *, *, #8983, .T. ) ;
#1134 = AXIS2_PLACEMENT_3D ( 'NONE', #2548, #11626, #2498 ) ;
#1135 = VECTOR ( 'NONE', #3639, 999.9999999999998863 ) ;
#1136 = CIRCLE ( 'NONE', #577, 0.1161149196957549368 ) ;
#1137 = CARTESIAN_POINT ( 'NONE',  ( -2.060000000000000497, 0.000000000000000000, 1.949999999999999956 ) ) ;
#1138 = LINE ( 'NONE', #4712, #4373 ) ;
#1139 = CARTESIAN_POINT ( 'NONE',  ( 1.749999999999999778, 0.2042282574763048253, 2.545504876163455776 ) ) ;
#1140 = CYLINDRICAL_SURFACE ( 'NONE', #2667, 0.1161149196957549368 ) ;
#1141 = LINE ( 'NONE', #2926, #7624 ) ;
#1142 = ADVANCED_FACE ( 'NONE', ( #3512 ), #662, .T. ) ;
#1143 = AXIS2_PLACEMENT_3D ( 'NONE', #2525, #7855, #9661 ) ;
#1144 = AXIS2_PLACEMENT_3D ( 'NONE', #4252, #8843, #7881 ) ;
#1145 = AXIS2_PLACEMENT_3D ( 'NONE', #8858, #8123, #668 ) ;
#1146 = DIRECTION ( 'NONE',  ( 0.000000000000000000, 1.867464018106093513E-15, -1.000000000000000000 ) ) ;
#1147 = DIRECTION ( 'NONE',  ( -1.000000000000000000, 0.000000000000000000, 0.000000000000000000 ) ) ;
#1148 = VERTEX_POINT ( 'NONE', #6258 ) ;
#1149 = CARTESIAN_POINT ( 'NONE',  ( -4.600000000000000533, 0.2042282574763048253, -2.545504876163455776 ) ) ;
#1150 = CARTESIAN_POINT ( 'NONE',  ( 2.984999999999998987, -0.4826582704210912178, 2.144290185689393446 ) ) ;
#1151 = EDGE_LOOP ( 'NONE', ( #1873, #11221, #1380, #8737, #335, #11579, #4859, #8550, #5642, #4055, #817, #3462, #3131, #8708, #8276, #1759, #9975, #11508, #3037, #535, #5281, #5123, #7662, #2376, #11089, #8639, #6191, #10921, #3320, #10183, #3083, #6384, #1845, #10806, #9988, #3600 ) ) ;
#1152 = DIRECTION ( 'NONE',  ( -1.000000000000000000, 0.000000000000000000, -0.000000000000000000 ) ) ;
#1153 = VECTOR ( 'NONE', #6815, 1000.000000000000000 ) ;
#1154 = CARTESIAN_POINT ( 'NONE',  ( -3.330000000000000071, -0.4326855326006436298, 2.767151338054935739 ) ) ;
#1155 = VECTOR ( 'NONE', #7536, 1000.000000000000000 ) ;
#1156 = CIRCLE ( 'NONE', #2669, 0.1017314392126205669 ) ;
#1157 = CARTESIAN_POINT ( 'NONE',  ( 1.749999999999999778, -0.4614044268235938384, 2.769455482029957061 ) ) ;
#1158 = FACE_OUTER_BOUND ( 'NONE', #11440, .T. ) ;
#1159 = EDGE_CURVE ( 'NONE', #10186, #4345, #3398, .T. ) ;
#1160 = CARTESIAN_POINT ( 'NONE',  ( -0.7900000000000003686, -0.5549999999999993827, 2.870861070673345061 ) ) ;
#1161 = LINE ( 'NONE', #3001, #7586 ) ;
#1162 = ORIENTED_EDGE ( 'NONE', *, *, #3430, .F. ) ;
#1163 = EDGE_CURVE ( 'NONE', #7792, #3377, #1729, .T. ) ;
#1164 = VECTOR ( 'NONE', #9512, 999.9999999999998863 ) ;
#1165 = CARTESIAN_POINT ( 'NONE',  ( -4.635000000000000675, -0.1970818674977136975, 2.577702366059671846 ) ) ;
#1166 = CARTESIAN_POINT ( 'NONE',  ( -1.750000000000000666, -0.5550000000000000488, -3.000000000000000000 ) ) ;
#1167 = VECTOR ( 'NONE', #9043, 999.9999999999998863 ) ;
#1168 = VERTEX_POINT ( 'NONE', #9754 ) ;
#1169 = ORIENTED_EDGE ( 'NONE', *, *, #8643, .T. ) ;
#1170 = DIRECTION ( 'NONE',  ( -0.000000000000000000, 0.9925461516413219831, 0.1218693434051477537 ) ) ;
#1171 = ADVANCED_FACE ( 'NONE', ( #776 ), #7041, .T. ) ;
#1172 = EDGE_LOOP ( 'NONE', ( #5229, #7182, #6567, #2269 ) ) ;
#1173 = ORIENTED_EDGE ( 'NONE', *, *, #146, .T. ) ;
#1174 = VERTEX_POINT ( 'NONE', #9800 ) ;
#1175 = DIRECTION ( 'NONE',  ( 1.000000000000000000, 0.000000000000000000, 0.000000000000000000 ) ) ;
#1176 = DIRECTION ( 'NONE',  ( -0.000000000000000000, 0.000000000000000000, 1.000000000000000000 ) ) ;
#1177 = CARTESIAN_POINT ( 'NONE',  ( -4.950000000000000178, -0.08500000000000000611, 1.939563312323252964 ) ) ;
#1178 = CIRCLE ( 'NONE', #9386, 0.1161149196957549368 ) ;
#1179 = ADVANCED_FACE ( 'NONE', ( #5377 ), #4422, .T. ) ;
#1180 = CARTESIAN_POINT ( 'NONE',  ( 4.254999999999999005, -0.1970818674976526630, 2.577702366059666961 ) ) ;
#1181 = DIRECTION ( 'NONE',  ( 0.000000000000000000, -0.9967969531173912490, -0.07997395986122736444 ) ) ;
#1182 = APPLICATION_CONTEXT ( 'automotive_design' ) ;
#1183 = ORIENTED_EDGE ( 'NONE', *, *, #10517, .F. ) ;
#1184 = ORIENTED_EDGE ( 'NONE', *, *, #9859, .T. ) ;
#1185 = VERTEX_POINT ( 'NONE', #5255 ) ;
#1186 = CARTESIAN_POINT ( 'NONE',  ( -1.750000000000000666, 0.000000000000000000, -3.000000000000000000 ) ) ;
#1187 = DIRECTION ( 'NONE',  ( 0.000000000000000000, 0.000000000000000000, -1.000000000000000000 ) ) ;
#1188 = CARTESIAN_POINT ( 'NONE',  ( -0.7900000000000003686, -0.4013101249739963738, 0.03219748989621511875 ) ) ;
#1189 = AXIS2_PLACEMENT_3D ( 'NONE', #1019, #10879, #2692 ) ;
#1190 = ADVANCED_FACE ( 'NONE', ( #1565 ), #3350, .T. ) ;
#1191 = DIRECTION ( 'NONE',  ( 1.000000000000000000, 0.000000000000000000, 0.000000000000000000 ) ) ;
#1192 = FACE_OUTER_BOUND ( 'NONE', #11295, .T. ) ;
#1193 = DIRECTION ( 'NONE',  ( 0.000000000000000000, -0.000000000000000000, -1.000000000000000000 ) ) ;
#1194 = ORIENTED_EDGE ( 'NONE', *, *, #5592, .T. ) ;
#1195 = ORIENTED_EDGE ( 'NONE', *, *, #7366, .T. ) ;
#1196 = VERTEX_POINT ( 'NONE', #8852 ) ;
#1197 = VERTEX_POINT ( 'NONE', #4307 ) ;
#1198 = CARTESIAN_POINT ( 'NONE',  ( 4.634999999999999787, -0.4826582704210824470, 2.144290185689393002 ) ) ;
#1199 = FACE_OUTER_BOUND ( 'NONE', #10606, .T. ) ;
#1200 = VECTOR ( 'NONE', #2714, 1000.000000000000000 ) ;
#1201 = VERTEX_POINT ( 'NONE', #6986 ) ;
#1202 = ORIENTED_EDGE ( 'NONE', *, *, #9709, .F. ) ;
#1203 = DIRECTION ( 'NONE',  ( 0.000000000000000000, 5.037375692079792934E-15, -1.000000000000000000 ) ) ;
#1204 = DIRECTION ( 'NONE',  ( -1.000000000000000000, 0.000000000000000000, -0.000000000000000000 ) ) ;
#1205 = CARTESIAN_POINT ( 'NONE',  ( 2.084999999999999520, -0.4462811057769996981, -2.597695856024973882 ) ) ;
#1206 = LINE ( 'NONE', #4660, #8391 ) ;
#1207 = VECTOR ( 'NONE', #11093, 1000.000000000000114 ) ;
#1208 = ORIENTED_EDGE ( 'NONE', *, *, #11657, .T. ) ;
#1209 = CARTESIAN_POINT ( 'NONE',  ( -4.600000000000000533, 0.2178238306527182089, 2.714960358193412304 ) ) ;
#1210 = FACE_OUTER_BOUND ( 'NONE', #4745, .T. ) ;
#1211 = VERTEX_POINT ( 'NONE', #8059 ) ;
#1212 = CARTESIAN_POINT ( 'NONE',  ( 2.059999999999999609, -0.1970818674976695384, 2.577702366059668293 ) ) ;
#1213 = EDGE_CURVE ( 'NONE', #7929, #5092, #2562, .T. ) ;
#1214 = ORIENTED_EDGE ( 'NONE', *, *, #9857, .F. ) ;
#1215 = LINE ( 'NONE', #441, #4226 ) ;
#1216 = VECTOR ( 'NONE', #1701, 1000.000000000000000 ) ;
#1217 = EDGE_CURVE ( 'NONE', #6652, #10781, #11750, .T. ) ;
#1218 = PLANE ( 'NONE',  #2484 ) ;
#1219 = DIRECTION ( 'NONE',  ( 0.000000000000000000, 0.000000000000000000, -1.000000000000000000 ) ) ;
#1220 = DIRECTION ( 'NONE',  ( 1.000000000000000000, -0.000000000000000000, -0.000000000000000000 ) ) ;
#1221 = PLANE ( 'NONE',  #3530 ) ;
#1222 = CARTESIAN_POINT ( 'NONE',  ( 3.019999999999999574, -0.7250000000000049738, -1.217365792252620583E-15 ) ) ;
#1223 = ORIENTED_EDGE ( 'NONE', *, *, #8528, .T. ) ;
#1224 = DIRECTION ( 'NONE',  ( -1.000000000000000000, 0.000000000000000000, -0.000000000000000000 ) ) ;
#1225 = CARTESIAN_POINT ( 'NONE',  ( -3.365000000000000657, -0.4326855326006436298, 2.767151338054935739 ) ) ;
#1226 = ORIENTED_EDGE ( 'NONE', *, *, #10235, .F. ) ;
#1227 = EDGE_CURVE ( 'NONE', #1081, #7159, #6205, .T. ) ;
#1228 = ORIENTED_EDGE ( 'NONE', *, *, #9899, .T. ) ;
#1229 = LINE ( 'NONE', #10313, #7573 ) ;
#1230 = VERTEX_POINT ( 'NONE', #100 ) ;
#1231 = ORIENTED_EDGE ( 'NONE', *, *, #5536, .T. ) ;
#1232 = DIRECTION ( 'NONE',  ( 1.000000000000000000, 0.000000000000000000, 0.000000000000000000 ) ) ;
#1233 = ADVANCED_FACE ( 'NONE', ( #10151 ), #1009, .F. ) ;
#1234 = CARTESIAN_POINT ( 'NONE',  ( -3.330000000000000071, 0.08500000000000000611, 2.461537905304632012 ) ) ;
#1235 = CARTESIAN_POINT ( 'NONE',  ( 3.019999999999999574, 0.2042282574763048253, -2.545504876163455776 ) ) ;
#1236 = EDGE_CURVE ( 'NONE', #4100, #4710, #11034, .T. ) ;
#1237 = CARTESIAN_POINT ( 'NONE',  ( -2.095000000000001528, -0.4462811057770437739, 2.597695856024976990 ) ) ;
#1238 = CARTESIAN_POINT ( 'NONE',  ( 1.749999999999999778, -0.4750000000000020872, -2.599999999999999645 ) ) ;
#1239 = DIRECTION ( 'NONE',  ( 0.000000000000000000, -0.9967969531173911379, 0.07997395986122926570 ) ) ;
#1240 = ORIENTED_EDGE ( 'NONE', *, *, #10717, .F. ) ;
#1241 = ADVANCED_FACE ( 'NONE', ( #8415 ), #1839, .T. ) ;
#1242 = EDGE_LOOP ( 'NONE', ( #11722, #5822, #9279, #3947, #11020, #11197, #2291, #2614, #2241, #3902, #7047, #2436 ) ) ;
#1243 = VERTEX_POINT ( 'NONE', #8343 ) ;
#1244 = EDGE_CURVE ( 'NONE', #8480, #4003, #9308, .T. ) ;
#1245 = DIRECTION ( 'NONE',  ( 0.000000000000000000, 0.000000000000000000, -1.000000000000000000 ) ) ;
#1246 = CARTESIAN_POINT ( 'NONE',  ( -4.265000000000000568, -0.4813330637901492848, -2.160807586281502157 ) ) ;
#1247 = CARTESIAN_POINT ( 'NONE',  ( 4.599999999999999645, 0.000000000000000000, 0.000000000000000000 ) ) ;
#1248 = PLANE ( 'NONE',  #632 ) ;
#1249 = LINE ( 'NONE', #4894, #8759 ) ;
#1250 = CARTESIAN_POINT ( 'NONE',  ( -4.625000000000000888, -0.4462811057769996981, -2.597695856024973882 ) ) ;
#1251 =( NAMED_UNIT ( * ) PLANE_ANGLE_UNIT ( ) SI_UNIT ( $, .RADIAN. ) );
#1252 = ORIENTED_EDGE ( 'NONE', *, *, #5616, .F. ) ;
#1253 = ORIENTED_EDGE ( 'NONE', *, *, #1087, .F. ) ;
#1254 = VERTEX_POINT ( 'NONE', #10019 ) ;
#1255 = EDGE_LOOP ( 'NONE', ( #4596, #3737, #1039, #1576 ) ) ;
#1256 = LINE ( 'NONE', #11346, #4152 ) ;
#1257 = DIRECTION ( 'NONE',  ( 0.000000000000000000, 0.000000000000000000, -1.000000000000000000 ) ) ;
#1258 = ORIENTED_EDGE ( 'NONE', *, *, #8822, .F. ) ;
#1259 = ORIENTED_EDGE ( 'NONE', *, *, #2799, .T. ) ;
#1260 = EDGE_CURVE ( 'NONE', #4003, #4286, #6616, .T. ) ;
#1261 = CARTESIAN_POINT ( 'NONE',  ( 2.059999999999999609, 0.2178238306527182089, 2.714960358193412304 ) ) ;
#1262 = EDGE_CURVE ( 'NONE', #2959, #9148, #8237, .T. ) ;
#1263 = DIRECTION ( 'NONE',  ( 0.000000000000000000, 1.679125230693258263E-15, 1.000000000000000000 ) ) ;
#1264 = DIRECTION ( 'NONE',  ( -0.000000000000000000, 0.07997395986122737832, 0.9967969531173913600 ) ) ;
#1265 = CARTESIAN_POINT ( 'NONE',  ( -3.330000000000000071, -0.4326855326005906166, -2.767151338054931742 ) ) ;
#1266 = FACE_OUTER_BOUND ( 'NONE', #2242, .T. ) ;
#1267 = PLANE ( 'NONE',  #5172 ) ;
#1268 = VERTEX_POINT ( 'NONE', #7326 ) ;
#1269 = CARTESIAN_POINT ( 'NONE',  ( 1.749999999999999778, -0.4013101249739786658, 0.03219748989621369628 ) ) ;
#1270 = EDGE_CURVE ( 'NONE', #4112, #9912, #10971, .T. ) ;
#1271 = CARTESIAN_POINT ( 'NONE',  ( -4.845570070065753576, 0.8505135268336063703, 1.297482548330259222 ) ) ;
#1272 = VECTOR ( 'NONE', #9965, 999.9999999999998863 ) ;
#1273 = LINE ( 'NONE', #4923, #4431 ) ;
#1274 = LINE ( 'NONE', #4924, #9145 ) ;
#1275 = CIRCLE ( 'NONE', #3371, 0.1161149196957549368 ) ;
#1276 = DIRECTION ( 'NONE',  ( 0.000000000000000000, 0.000000000000000000, -1.000000000000000000 ) ) ;
#1277 = DIRECTION ( 'NONE',  ( 0.000000000000000000, -0.9967969531173912490, 0.07997395986122909917 ) ) ;
#1278 = ORIENTED_EDGE ( 'NONE', *, *, #11439, .F. ) ;
#1279 = DIRECTION ( 'NONE',  ( -0.000000000000000000, 0.9967969531173912490, 0.07997395986122922407 ) ) ;
#1280 = CARTESIAN_POINT ( 'NONE',  ( -4.290000000000000036, 0.000000000000000000, -1.949999999999999956 ) ) ;
#1281 = ORIENTED_EDGE ( 'NONE', *, *, #2822, .T. ) ;
#1282 = ORIENTED_EDGE ( 'NONE', *, *, #10768, .T. ) ;
#1283 = DIRECTION ( 'NONE',  ( -0.000000000000000000, 0.07997395986122737832, 0.9967969531173913600 ) ) ;
#1284 = VECTOR ( 'NONE', #4529, 1000.000000000000000 ) ;
#1285 = VERTEX_POINT ( 'NONE', #2785 ) ;
#1286 = ORIENTED_EDGE ( 'NONE', *, *, #8304, .F. ) ;
#1287 = FACE_OUTER_BOUND ( 'NONE', #3928, .T. ) ;
#1288 = PLANE ( 'NONE',  #8947 ) ;
#1289 = CARTESIAN_POINT ( 'NONE',  ( 0.8149999999999997247, -0.4326855326005906166, -2.767151338054931742 ) ) ;
#1290 = VECTOR ( 'NONE', #11159, 1000.000000000000000 ) ;
#1291 = EDGE_CURVE ( 'NONE', #1793, #3318, #4704, .T. ) ;
#1292 = DIRECTION ( 'NONE',  ( 0.000000000000000000, 0.000000000000000000, -1.000000000000000000 ) ) ;
#1293 = EDGE_CURVE ( 'NONE', #5282, #186, #11811, .T. ) ;
#1294 = CARTESIAN_POINT ( 'NONE',  ( 2.084999999999999520, -0.1834862943212428044, -2.747157848089624821 ) ) ;
#1295 = LINE ( 'NONE', #4761, #5689 ) ;
#1296 = ORIENTED_EDGE ( 'NONE', *, *, #9325, .F. ) ;
#1297 = VERTEX_POINT ( 'NONE', #5663 ) ;
#1298 = EDGE_LOOP ( 'NONE', ( #6167, #11173, #7778, #8517, #2750, #11370, #985, #2551, #1949, #9766, #8784, #7788 ) ) ;
#1299 = VERTEX_POINT ( 'NONE', #5608 ) ;
#1300 = DIRECTION ( 'NONE',  ( 0.000000000000000000, 0.07997395986122911304, -0.9967969531173912490 ) ) ;
#1301 =( NAMED_UNIT ( * ) PLANE_ANGLE_UNIT ( ) SI_UNIT ( $, .RADIAN. ) );
#1302 = CARTESIAN_POINT ( 'NONE',  ( 4.289999999999999147, -0.7249999999999999778, 3.000000000000000000 ) ) ;
#1303 = AXIS2_PLACEMENT_3D ( 'NONE', #6002, #3255, #5948 ) ;
#1304 = LINE ( 'NONE', #7376, #8058 ) ;
#1305 = CARTESIAN_POINT ( 'NONE',  ( 4.289999999999999147, -0.4013101249739610132, 0.03219748989621228769 ) ) ;
#1306 = EDGE_CURVE ( 'NONE', #3021, #8802, #9245, .T. ) ;
#1307 = AXIS2_PLACEMENT_3D ( 'NONE', #5001, #11319, #8747 ) ;
#1308 = DIRECTION ( 'NONE',  ( -0.000000000000000000, 0.9967969531173912490, 0.07997395986122922407 ) ) ;
#1309 = LINE ( 'NONE', #2331, #10468 ) ;
#1310 = ORIENTED_EDGE ( 'NONE', *, *, #11695, .T. ) ;
#1311 = ORIENTED_EDGE ( 'NONE', *, *, #5328, .T. ) ;
#1312 = VECTOR ( 'NONE', #2205, 1000.000000000000000 ) ;
#1313 = ORIENTED_EDGE ( 'NONE', *, *, #6271, .T. ) ;
#1314 = ORIENTED_EDGE ( 'NONE', *, *, #7904, .F. ) ;
#1315 = DIRECTION ( 'NONE',  ( 0.000000000000000000, 0.000000000000000000, -1.000000000000000000 ) ) ;
#1316 = DIRECTION ( 'NONE',  ( 0.000000000000000000, 0.000000000000000000, -1.000000000000000000 ) ) ;
#1317 = ORIENTED_EDGE ( 'NONE', *, *, #10640, .F. ) ;
#1318 = ORIENTED_EDGE ( 'NONE', *, *, #11341, .T. ) ;
#1319 = EDGE_CURVE ( 'NONE', #8484, #6987, #1902, .T. ) ;
#1320 = LINE ( 'NONE', #8541, #7655 ) ;
#1321 = DIRECTION ( 'NONE',  ( 0.000000000000000000, -0.9967969531173912490, -0.07997395986122909917 ) ) ;
#1322 = CARTESIAN_POINT ( 'NONE',  ( 1.749999999999999778, 0.000000000000000000, 0.000000000000000000 ) ) ;
#1323 = VECTOR ( 'NONE', #6631, 1000.000000000000114 ) ;
#1324 = VECTOR ( 'NONE', #1590, 1000.000000000000114 ) ;
#1325 = LINE ( 'NONE', #1205, #5931 ) ;
#1326 = CARTESIAN_POINT ( 'NONE',  ( 4.289999999999999147, 0.000000000000000000, -1.949999999999999956 ) ) ;
#1327 = VECTOR ( 'NONE', #6024, 1000.000000000000000 ) ;
#1328 = VECTOR ( 'NONE', #1359, 999.9999999999998863 ) ;
#1329 = EDGE_CURVE ( 'NONE', #10247, #11703, #7273, .T. ) ;
#1330 = VECTOR ( 'NONE', #1079, 1000.000000000000114 ) ;
#1331 = VERTEX_POINT ( 'NONE', #7457 ) ;
#1332 = AXIS2_PLACEMENT_3D ( 'NONE', #10254, #9372, #8220 ) ;
#1333 = LINE ( 'NONE', #8619, #6849 ) ;
#1334 = VECTOR ( 'NONE', #7591, 1000.000000000000000 ) ;
#1335 = CARTESIAN_POINT ( 'NONE',  ( -1.750000000000000666, -0.4326855326006347480, 2.767151338054935295 ) ) ;
#1336 = VERTEX_POINT ( 'NONE', #5554 ) ;
#1337 = CARTESIAN_POINT ( 'NONE',  ( 0.7899999999999999245, 0.000000000000000000, -3.000000000000000000 ) ) ;
#1338 = CARTESIAN_POINT ( 'NONE',  ( -4.600000000000000533, -0.7249999999999999778, -3.000000000000000000 ) ) ;
#1339 = VECTOR ( 'NONE', #42, 1000.000000000000000 ) ;
#1340 = LINE ( 'NONE', #2228, #4060 ) ;
#1341 = CARTESIAN_POINT ( 'NONE',  ( -0.7900000000000003686, 0.08500000000000000611, 0.000000000000000000 ) ) ;
#1342 = VECTOR ( 'NONE', #5612, 999.9999999999998863 ) ;
#1343 = AXIS2_PLACEMENT_3D ( 'NONE', #11760, #7948, #7051 ) ;
#1344 = EDGE_CURVE ( 'NONE', #846, #1185, #4647, .T. ) ;
#1345 = FACE_OUTER_BOUND ( 'NONE', #4511, .T. ) ;
#1346 = LINE ( 'NONE', #10753, #1494 ) ;
#1347 = ORIENTED_EDGE ( 'NONE', *, *, #7555, .T. ) ;
#1348 = FACE_OUTER_BOUND ( 'NONE', #2790, .T. ) ;
#1349 = DIRECTION ( 'NONE',  ( -1.000000000000000000, 0.000000000000000000, -0.000000000000000000 ) ) ;
#1350 = EDGE_LOOP ( 'NONE', ( #11386, #5504, #5362, #6104 ) ) ;
#1351 = VERTEX_POINT ( 'NONE', #8286 ) ;
#1352 = CARTESIAN_POINT ( 'NONE',  ( 4.254999999999999005, -0.2334590321417346903, 2.124296695724086081 ) ) ;
#1353 = VECTOR ( 'NONE', #9321, 1000.000000000000000 ) ;
#1354 = VECTOR ( 'NONE', #1682, 1000.000000000000114 ) ;
#1355 = VERTEX_POINT ( 'NONE', #4779 ) ;
#1356 = VECTOR ( 'NONE', #7111, 1000.000000000000000 ) ;
#1357 = ORIENTED_EDGE ( 'NONE', *, *, #3368, .F. ) ;
#1358 = LINE ( 'NONE', #10430, #11263 ) ;
#1359 = DIRECTION ( 'NONE',  ( 0.000000000000000000, -0.9967969531173912490, -0.07997395986122909917 ) ) ;
#1360 = DIRECTION ( 'NONE',  ( -1.000000000000000000, 0.000000000000000000, -0.000000000000000000 ) ) ;
#1361 = AXIS2_PLACEMENT_3D ( 'NONE', #5097, #7943, #8738 ) ;
#1362 = VECTOR ( 'NONE', #7961, 1000.000000000000114 ) ;
#1363 = FACE_OUTER_BOUND ( 'NONE', #5665, .T. ) ;
#1364 = DIRECTION ( 'NONE',  ( 0.000000000000000000, -1.000000000000000000, 0.000000000000000000 ) ) ;
#1365 = ORIENTED_EDGE ( 'NONE', *, *, #6012, .F. ) ;
#1366 = VERTEX_POINT ( 'NONE', #7382 ) ;
#1367 = ORIENTED_EDGE ( 'NONE', *, *, #1450, .F. ) ;
#1368 = VERTEX_POINT ( 'NONE', #2915 ) ;
#1369 = ADVANCED_FACE ( 'NONE', ( #6562 ), #3635, .T. ) ;
#1370 = AXIS2_PLACEMENT_3D ( 'NONE', #2922, #6757, #6511 ) ;
#1371 = EDGE_CURVE ( 'NONE', #6345, #1196, #2972, .T. ) ;
#1372 = DIRECTION ( 'NONE',  ( 1.000000000000000000, 0.000000000000000000, 0.000000000000000000 ) ) ;
#1373 = EDGE_CURVE ( 'NONE', #2056, #9231, #2918, .T. ) ;
#1374 = LINE ( 'NONE', #3279, #11689 ) ;
#1375 = CARTESIAN_POINT ( 'NONE',  ( 3.019999999999999574, -0.2011149196957552621, 2.461537905304631568 ) ) ;
#1376 = CARTESIAN_POINT ( 'NONE',  ( 2.059999999999999609, -0.08500000000000000611, 2.461537905304634677 ) ) ;
#1377 = LINE ( 'NONE', #5658, #4370 ) ;
#1378 = DIRECTION ( 'NONE',  ( 0.000000000000000000, -0.07997395986122911304, 0.9967969531173912490 ) ) ;
#1379 = LINE ( 'NONE', #7514, #4347 ) ;
#1380 = ORIENTED_EDGE ( 'NONE', *, *, #3480, .F. ) ;
#1381 = ORIENTED_EDGE ( 'NONE', *, *, #5176, .T. ) ;
#1382 = EDGE_LOOP ( 'NONE', ( #2159, #2649, #3206, #241 ) ) ;
#1383 = EDGE_LOOP ( 'NONE', ( #3387, #1776, #6006, #7765 ) ) ;
#1384 = EDGE_CURVE ( 'NONE', #7044, #3714, #3945, .T. ) ;
#1385 = CARTESIAN_POINT ( 'NONE',  ( 3.019999999999999574, -0.08500000000000000611, -2.461537905304634677 ) ) ;
#1386 = CARTESIAN_POINT ( 'NONE',  ( -1.750000000000000666, -0.4013101249740052001, 0.03219748989621582652 ) ) ;
#1387 = ORIENTED_EDGE ( 'NONE', *, *, #1859, .T. ) ;
#1388 = DIRECTION ( 'NONE',  ( -0.000000000000000000, -0.9925461516413219831, 0.1218693434051477537 ) ) ;
#1389 = EDGE_CURVE ( 'NONE', #6777, #4040, #131, .T. ) ;
#1390 = CARTESIAN_POINT ( 'NONE',  ( 0.4799999999999995381, 0.000000000000000000, 1.949999999999999956 ) ) ;
#1391 = DIRECTION ( 'NONE',  ( 0.000000000000000000, -0.9967969531173912490, 0.07997395986122736444 ) ) ;
#1392 = FACE_OUTER_BOUND ( 'NONE', #9489, .T. ) ;
#1393 = DIRECTION ( 'NONE',  ( 0.000000000000000000, -1.000000000000000000, 0.000000000000000000 ) ) ;
#1394 = EDGE_CURVE ( 'NONE', #453, #10542, #10974, .T. ) ;
#1395 = ORIENTED_EDGE ( 'NONE', *, *, #10661, .F. ) ;
#1396 = VECTOR ( 'NONE', #5214, 1000.000000000000000 ) ;
#1397 = DIRECTION ( 'NONE',  ( 0.000000000000000000, 0.000000000000000000, -1.000000000000000000 ) ) ;
#1398 = CARTESIAN_POINT ( 'NONE',  ( -3.330000000000000071, 0.2178238306527182089, -2.714960358193412304 ) ) ;
#1399 = EDGE_LOOP ( 'NONE', ( #9376, #11090, #4121, #10139 ) ) ;
#1400 = EDGE_CURVE ( 'NONE', #3288, #7159, #10087, .T. ) ;
#1401 = DIRECTION ( 'NONE',  ( 0.000000000000000000, 0.07997395986122909917, 0.9967969531173911379 ) ) ;
#1402 = ORIENTED_EDGE ( 'NONE', *, *, #3311, .F. ) ;
#1403 = CARTESIAN_POINT ( 'NONE',  ( -4.950000000000000178, 0.08500000000000000611, 1.939563312323252964 ) ) ;
#1404 = EDGE_CURVE ( 'NONE', #9776, #11343, #2859, .T. ) ;
#1405 = DIRECTION ( 'NONE',  ( 1.000000000000000000, -0.000000000000000000, 0.000000000000000000 ) ) ;
#1406 = VECTOR ( 'NONE', #6200, 1000.000000000000000 ) ;
#1407 = DIRECTION ( 'NONE',  ( 0.000000000000000000, 0.07997395986122909917, 0.9967969531173911379 ) ) ;
#1408 = DIRECTION ( 'NONE',  ( 1.000000000000000000, -0.000000000000000000, -0.000000000000000000 ) ) ;
#1409 = CARTESIAN_POINT ( 'NONE',  ( 3.329999999999999627, 0.2178238306527182089, -2.714960358193412304 ) ) ;
#1410 = ORIENTED_EDGE ( 'NONE', *, *, #4194, .F. ) ;
#1411 = LINE ( 'NONE', #500, #8354 ) ;
#1412 = PLANE ( 'NONE',  #9550 ) ;
#1413 = ORIENTED_EDGE ( 'NONE', *, *, #1436, .T. ) ;
#1414 = ORIENTED_EDGE ( 'NONE', *, *, #11805, .F. ) ;
#1415 = DIRECTION ( 'NONE',  ( 0.000000000000000000, 0.000000000000000000, -1.000000000000000000 ) ) ;
#1416 = VERTEX_POINT ( 'NONE', #102 ) ;
#1417 = ORIENTED_EDGE ( 'NONE', *, *, #6335, .T. ) ;
#1418 = CARTESIAN_POINT ( 'NONE',  ( 0.7899999999999999245, 0.08500000000000000611, 0.000000000000000000 ) ) ;
#1419 = EDGE_CURVE ( 'NONE', #7869, #7026, #11391, .T. ) ;
#1420 = ADVANCED_FACE ( 'NONE', ( #1130 ), #955, .T. ) ;
#1421 = DIRECTION ( 'NONE',  ( -1.000000000000000000, -0.000000000000000000, -0.000000000000000000 ) ) ;
#1422 = LINE ( 'NONE', #9713, #9752 ) ;
#1423 = EDGE_CURVE ( 'NONE', #6355, #4648, #9132, .T. ) ;
#1424 = DIRECTION ( 'NONE',  ( 0.000000000000000000, 1.679125230693258263E-15, -1.000000000000000000 ) ) ;
#1425 = FACE_OUTER_BOUND ( 'NONE', #10688, .T. ) ;
#1426 = DIRECTION ( 'NONE',  ( 1.000000000000000000, -0.000000000000000000, 0.000000000000000000 ) ) ;
#1427 = VERTEX_POINT ( 'NONE', #9391 ) ;
#1428 = ORIENTED_EDGE ( 'NONE', *, *, #9205, .T. ) ;
#1429 = ORIENTED_EDGE ( 'NONE', *, *, #8461, .F. ) ;
#1430 = VERTEX_POINT ( 'NONE', #10211 ) ;
#1431 = EDGE_CURVE ( 'NONE', #3260, #7156, #7577, .T. ) ;
#1432 = DIRECTION ( 'NONE',  ( 0.000000000000000000, -0.9967969531173911379, 0.07997395986122909917 ) ) ;
#1433 = CARTESIAN_POINT ( 'NONE',  ( 4.950000000000000178, 0.000000000000000000, 1.949999999999999956 ) ) ;
#1434 = DIRECTION ( 'NONE',  ( 1.000000000000000000, 0.000000000000000000, 0.000000000000000000 ) ) ;
#1435 = DIRECTION ( 'NONE',  ( 0.000000000000000000, -0.9967969531173912490, -0.07997395986122736444 ) ) ;
#1436 = EDGE_CURVE ( 'NONE', #1441, #1575, #3885, .T. ) ;
#1437 = CARTESIAN_POINT ( 'NONE',  ( -3.330000000000000515, -0.08500000000000000611, 1.939563312323252964 ) ) ;
#1438 = FACE_OUTER_BOUND ( 'NONE', #1826, .T. ) ;
#1439 = EDGE_LOOP ( 'NONE', ( #9680, #408, #8287, #2949 ) ) ;
#1440 = VERTEX_POINT ( 'NONE', #6620 ) ;
#1441 = VERTEX_POINT ( 'NONE', #8482 ) ;
#1442 = CARTESIAN_POINT ( 'NONE',  ( -0.7900000000000003686, -0.1834862943212780539, 2.747157848089627041 ) ) ;
#1443 = VERTEX_POINT ( 'NONE', #1842 ) ;
#1444 = CARTESIAN_POINT ( 'NONE',  ( -4.265000000000000568, -0.4462811057769997536, -2.597695856024973882 ) ) ;
#1445 = CARTESIAN_POINT ( 'NONE',  ( 4.289999999999999147, -0.5550000000000000488, -3.000000000000000000 ) ) ;
#1446 = LINE ( 'NONE', #1605, #179 ) ;
#1447 =( NAMED_UNIT ( * ) PLANE_ANGLE_UNIT ( ) SI_UNIT ( $, .RADIAN. ) );
#1448 = DIRECTION ( 'NONE',  ( 0.000000000000000000, 0.000000000000000000, -1.000000000000000000 ) ) ;
#1449 = LINE ( 'NONE', #5930, #4771 ) ;
#1450 = EDGE_CURVE ( 'NONE', #7291, #3913, #7460, .T. ) ;
#1451 = EDGE_CURVE ( 'NONE', #2958, #8365, #2021, .T. ) ;
#1452 = ORIENTED_EDGE ( 'NONE', *, *, #401, .F. ) ;
#1453 = EDGE_CURVE ( 'NONE', #6723, #2310, #5667, .T. ) ;
#1454 = CARTESIAN_POINT ( 'NONE',  ( 4.289999999999999147, -0.5550000000000000488, 3.000000000000000000 ) ) ;
#1455 = ORIENTED_EDGE ( 'NONE', *, *, #7872, .F. ) ;
#1456 = CARTESIAN_POINT ( 'NONE',  ( 2.984999999999998987, -0.4826582704210912178, 2.144290185689393446 ) ) ;
#1457 = ORIENTED_EDGE ( 'NONE', *, *, #595, .F. ) ;
#1458 = DIRECTION ( 'NONE',  ( 0.000000000000000000, 0.000000000000000000, -1.000000000000000000 ) ) ;
#1459 = ADVANCED_FACE ( 'NONE', ( #9312 ), #4784, .T. ) ;
#1460 = LINE ( 'NONE', #2570, #2897 ) ;
#1461 = DIRECTION ( 'NONE',  ( -0.000000000000000000, 0.000000000000000000, 1.000000000000000000 ) ) ;
#1462 = CARTESIAN_POINT ( 'NONE',  ( 4.950000000000000178, 0.000000000000000000, 1.949999999999999956 ) ) ;
#1463 = ORIENTED_EDGE ( 'NONE', *, *, #5861, .T. ) ;
#1464 = EDGE_CURVE ( 'NONE', #9692, #3499, #7386, .T. ) ;
#1465 = CYLINDRICAL_SURFACE ( 'NONE', #10663, 0.1017314392126205669 ) ;
#1466 = DIRECTION ( 'NONE',  ( 1.000000000000000000, -0.000000000000000000, 0.000000000000000000 ) ) ;
#1467 = ORIENTED_EDGE ( 'NONE', *, *, #5633, .T. ) ;
#1468 = VECTOR ( 'NONE', #9071, 1000.000000000000114 ) ;
#1469 = PLANE ( 'NONE',  #917 ) ;
#1470 = DIRECTION ( 'NONE',  ( -1.000000000000000000, 0.000000000000000000, 0.000000000000000000 ) ) ;
#1471 = ORIENTED_EDGE ( 'NONE', *, *, #4441, .T. ) ;
#1472 = DIRECTION ( 'NONE',  ( 1.000000000000000000, -0.000000000000000000, 0.000000000000000000 ) ) ;
#1473 = EDGE_CURVE ( 'NONE', #585, #3450, #8347, .T. ) ;
#1474 =( LENGTH_UNIT ( ) NAMED_UNIT ( * ) SI_UNIT ( .MILLI., .METRE. ) );
#1475 = VECTOR ( 'NONE', #6923, 1000.000000000000114 ) ;
#1476 = DIRECTION ( 'NONE',  ( 0.000000000000000000, -0.9967969531173912490, 0.07997395986122736444 ) ) ;
#1477 = EDGE_CURVE ( 'NONE', #4209, #10656, #237, .T. ) ;
#1478 = CARTESIAN_POINT ( 'NONE',  ( -3.330000000000000071, 0.08500000000000000611, -2.461537905304632012 ) ) ;
#1479 = EDGE_LOOP ( 'NONE', ( #3448, #9558, #3092, #9913, #5651, #8416, #5829, #9131, #11147, #5186, #11471, #11754 ) ) ;
#1480 = ORIENTED_EDGE ( 'NONE', *, *, #7738, .T. ) ;
#1481 = ORIENTED_EDGE ( 'NONE', *, *, #465, .F. ) ;
#1482 = DIRECTION ( 'NONE',  ( 1.000000000000000000, 0.000000000000000000, 0.000000000000000000 ) ) ;
#1483 = VECTOR ( 'NONE', #9077, 1000.000000000000000 ) ;
#1484 = LINE ( 'NONE', #5020, #4079 ) ;
#1485 = LINE ( 'NONE', #7751, #11796 ) ;
#1486 = LINE ( 'NONE', #6799, #5583 ) ;
#1487 = LINE ( 'NONE', #2382, #1327 ) ;
#1488 = EDGE_CURVE ( 'NONE', #3274, #5461, #2040, .T. ) ;
#1489 = PLANE ( 'NONE',  #11186 ) ;
#1490 = EDGE_LOOP ( 'NONE', ( #983, #10414, #1587, #9738, #7139, #9352, #4987, #1735, #9025, #10686, #3572, #10757 ) ) ;
#1491 = ORIENTED_EDGE ( 'NONE', *, *, #10233, .F. ) ;
#1492 = LINE ( 'NONE', #11404, #10316 ) ;
#1493 = ORIENTED_EDGE ( 'NONE', *, *, #6184, .T. ) ;
#1494 = VECTOR ( 'NONE', #8631, 1000.000000000000114 ) ;
#1495 = LINE ( 'NONE', #8727, #4591 ) ;
#1496 = DIRECTION ( 'NONE',  ( 1.000000000000000000, -0.000000000000000000, 0.000000000000000000 ) ) ;
#1497 = PLANE ( 'NONE',  #379 ) ;
#1498 = LINE ( 'NONE', #5412, #8974 ) ;
#1499 = LINE ( 'NONE', #9798, #11061 ) ;
#1500 = CARTESIAN_POINT ( 'NONE',  ( 1.714999999999998970, -0.1970818674976695384, 2.577702366059668293 ) ) ;
#1501 = AXIS2_PLACEMENT_3D ( 'NONE', #5837, #8649, #11204 ) ;
#1502 = ORIENTED_EDGE ( 'NONE', *, *, #5128, .F. ) ;
#1503 = LINE ( 'NONE', #7588, #8937 ) ;
#1504 = VERTEX_POINT ( 'NONE', #5802 ) ;
#1505 = DIRECTION ( 'NONE',  ( 1.000000000000000000, 0.000000000000000000, 0.000000000000000000 ) ) ;
#1506 = VERTEX_POINT ( 'NONE', #2156 ) ;
#1507 = CIRCLE ( 'NONE', #8164, 0.2861149196957545326 ) ;
#1508 = VECTOR ( 'NONE', #3153, 1000.000000000000000 ) ;
#1509 = CARTESIAN_POINT ( 'NONE',  ( 1.749999999999999778, -0.7249999999999999778, -3.000000000000000000 ) ) ;
#1510 = AXIS2_PLACEMENT_3D ( 'NONE', #11806, #6498, #1003 ) ;
#1511 = DIRECTION ( 'NONE',  ( 0.000000000000000000, 0.07997395986122911304, -0.9967969531173912490 ) ) ;
#1512 = DIRECTION ( 'NONE',  ( 0.000000000000000000, -0.9967969531173912490, 0.07997395986122736444 ) ) ;
#1513 = CIRCLE ( 'NONE', #11237, 0.1017314392126205669 ) ;
#1514 = ADVANCED_FACE ( 'NONE', ( #9448 ), #8606, .T. ) ;
#1515 = VECTOR ( 'NONE', #4687, 1000.000000000000000 ) ;
#1516 = STYLED_ITEM ( 'NONE', ( #10845 ), #8150 ) ;
#1517 =( NAMED_UNIT ( * ) SI_UNIT ( $, .STERADIAN. ) SOLID_ANGLE_UNIT ( ) );
#1518 = ORIENTED_EDGE ( 'NONE', *, *, #1603, .T. ) ;
#1519 = FACE_OUTER_BOUND ( 'NONE', #9596, .T. ) ;
#1520 = CARTESIAN_POINT ( 'NONE',  ( -3.330000000000000071, -0.08500000000000000611, 2.461537905304634677 ) ) ;
#1521 = VERTEX_POINT ( 'NONE', #1385 ) ;
#1522 = VECTOR ( 'NONE', #8104, 1000.000000000000000 ) ;
#1523 = ORIENTED_EDGE ( 'NONE', *, *, #6391, .T. ) ;
#1524 = PLANE ( 'NONE',  #11761 ) ;
#1525 = EDGE_LOOP ( 'NONE', ( #6518, #3122, #8293, #1318, #4287, #8501, #4308, #1625, #11369, #7220, #4110, #2662 ) ) ;
#1526 = FACE_OUTER_BOUND ( 'NONE', #7504, .T. ) ;
#1527 = EDGE_CURVE ( 'NONE', #8815, #221, #2210, .T. ) ;
#1528 = VECTOR ( 'NONE', #2411, 1000.000000000000000 ) ;
#1529 = VECTOR ( 'NONE', #3177, 1000.000000000000000 ) ;
#1530 = VECTOR ( 'NONE', #178, 1000.000000000000000 ) ;
#1531 = CARTESIAN_POINT ( 'NONE',  ( 4.599999999999998757, 0.08500000000000001998, -1.939563312323252964 ) ) ;
#1532 = ADVANCED_FACE ( 'NONE', ( #3107 ), #5855, .T. ) ;
#1533 = DIRECTION ( 'NONE',  ( -0.000000000000000000, 0.9967969531173911379, -0.07997395986122926570 ) ) ;
#1534 = ADVANCED_FACE ( 'NONE', ( #422 ), #3163, .F. ) ;
#1535 = AXIS2_PLACEMENT_3D ( 'NONE', #8614, #2983, #7583 ) ;
#1536 = CIRCLE ( 'NONE', #10112, 0.1161149196957549368 ) ;
#1537 = DIRECTION ( 'NONE',  ( 0.000000000000000000, -0.000000000000000000, -1.000000000000000000 ) ) ;
#1538 = VECTOR ( 'NONE', #5510, 999.9999999999998863 ) ;
#1539 = VERTEX_POINT ( 'NONE', #8536 ) ;
#1540 = ORIENTED_EDGE ( 'NONE', *, *, #11551, .T. ) ;
#1541 = VERTEX_POINT ( 'NONE', #7704 ) ;
#1542 = CARTESIAN_POINT ( 'NONE',  ( -4.600000000000000533, -0.4532685607873790379, -2.870861070673345061 ) ) ;
#1543 = SURFACE_STYLE_USAGE ( .BOTH. , #11282 ) ;
#1545 = EDGE_CURVE ( 'NONE', #221, #7200, #1256, .T. ) ;
#1544 = CIRCLE ( 'NONE', #11271, 0.2861149196957545326 ) ;
#1546 = VECTOR ( 'NONE', #1807, 1000.000000000000114 ) ;
#1547 = CARTESIAN_POINT ( 'NONE',  ( 4.264999999999999680, -0.4462811057769996981, -2.597695856024973882 ) ) ;
#1548 = CARTESIAN_POINT ( 'NONE',  ( -4.290000000000000036, -0.5549999999999849498, 2.795743509104209498E-15 ) ) ;
#1549 = CARTESIAN_POINT ( 'NONE',  ( -0.7900000000000003686, -0.4614044268235938384, 2.769455482029957061 ) ) ;
#1550 = CARTESIAN_POINT ( 'NONE',  ( -2.995000000000000107, -0.1834862943212428044, -2.747157848089624821 ) ) ;
#1551 = VERTEX_POINT ( 'NONE', #4904 ) ;
#1552 = VECTOR ( 'NONE', #7708, 1000.000000000000000 ) ;
#1553 = VECTOR ( 'NONE', #3766, 1000.000000000000000 ) ;
#1554 = VERTEX_POINT ( 'NONE', #354 ) ;
#1555 = CARTESIAN_POINT ( 'NONE',  ( -3.020000000000000018, -0.4326855326006436298, 2.767151338054935739 ) ) ;
#1556 = VERTEX_POINT ( 'NONE', #5921 ) ;
#1557 = CARTESIAN_POINT ( 'NONE',  ( 0.4799999999999999267, -0.4326855326005906166, -2.767151338054931742 ) ) ;
#1558 = CARTESIAN_POINT ( 'NONE',  ( -1.750000000000000666, -0.5549999999999849498, -2.795743509104209498E-15 ) ) ;
#1559 = EDGE_CURVE ( 'NONE', #8563, #8140, #9577, .T. ) ;
#1560 = CARTESIAN_POINT ( 'NONE',  ( -2.060000000000000497, -0.5549999999999993827, 2.870861070673345061 ) ) ;
#1561 = DIRECTION ( 'NONE',  ( -0.000000000000000000, 0.000000000000000000, -1.000000000000000000 ) ) ;
#1562 = CARTESIAN_POINT ( 'NONE',  ( 2.084999999999999520, -0.2321338255108014725, -2.140814096316195236 ) ) ;
#1563 = VECTOR ( 'NONE', #3556, 999.9999999999998863 ) ;
#1564 = ORIENTED_EDGE ( 'NONE', *, *, #3291, .F. ) ;
#1565 = FACE_OUTER_BOUND ( 'NONE', #4473, .T. ) ;
#1566 = VERTEX_POINT ( 'NONE', #7610 ) ;
#1567 = DIRECTION ( 'NONE',  ( 0.000000000000000000, 1.000000000000000000, -5.037375692079792934E-15 ) ) ;
#1568 = ORIENTED_EDGE ( 'NONE', *, *, #8032, .T. ) ;
#1569 = DIRECTION ( 'NONE',  ( 0.000000000000000000, -0.07997395986122909917, -0.9967969531173911379 ) ) ;
#1570 = CARTESIAN_POINT ( 'NONE',  ( -4.950000000000000178, 0.08500000000000000611, 1.939563312323252964 ) ) ;
#1571 = AXIS2_PLACEMENT_3D ( 'NONE', #1668, #11047, #6334 ) ;
#1572 = ORIENTED_EDGE ( 'NONE', *, *, #446, .F. ) ;
#1573 = LINE ( 'NONE', #9088, #4179 ) ;
#1574 = CARTESIAN_POINT ( 'NONE',  ( 3.019999999999999574, 0.2178238306527182089, 2.714960358193412304 ) ) ;
#1575 = VERTEX_POINT ( 'NONE', #5704 ) ;
#1576 = ORIENTED_EDGE ( 'NONE', *, *, #1213, .F. ) ;
#1577 = LINE ( 'NONE', #6327, #6060 ) ;
#1578 = EDGE_CURVE ( 'NONE', #7130, #7503, #9475, .T. ) ;
#1579 = ORIENTED_EDGE ( 'NONE', *, *, #9341, .T. ) ;
#1580 = CARTESIAN_POINT ( 'NONE',  ( 1.749999999999999778, -0.08500000000000000611, -2.461537905304634677 ) ) ;
#1581 = VECTOR ( 'NONE', #4290, 999.9999999999998863 ) ;
#1582 = CARTESIAN_POINT ( 'NONE',  ( 4.599999999999999645, 0.2042282574763048253, 2.545504876163455776 ) ) ;
#1583 = LINE ( 'NONE', #2534, #9331 ) ;
#1584 = PRESENTATION_LAYER_ASSIGNMENT (  '', '', ( #10375 ) ) ;
#1585 = DIRECTION ( 'NONE',  ( 0.000000000000000000, 0.07997395986122911304, -0.9967969531173912490 ) ) ;
#1586 = EDGE_CURVE ( 'NONE', #10912, #6088, #3007, .T. ) ;
#1587 = ORIENTED_EDGE ( 'NONE', *, *, #3967, .T. ) ;
#1588 = ORIENTED_EDGE ( 'NONE', *, *, #8545, .T. ) ;
#1589 = ORIENTED_EDGE ( 'NONE', *, *, #8692, .T. ) ;
#1590 = DIRECTION ( 'NONE',  ( 0.000000000000000000, -0.9967969531173912490, 0.07997395986122736444 ) ) ;
#1591 = EDGE_CURVE ( 'NONE', #5923, #3959, #3080, .T. ) ;
#1592 = DIRECTION ( 'NONE',  ( 0.000000000000000000, 0.000000000000000000, -1.000000000000000000 ) ) ;
#1593 = PLANE ( 'NONE',  #4827 ) ;
#1594 = LINE ( 'NONE', #7755, #11784 ) ;
#1595 = DIRECTION ( 'NONE',  ( 0.000000000000000000, 1.867464018106093513E-15, -1.000000000000000000 ) ) ;
#1596 = CARTESIAN_POINT ( 'NONE',  ( -4.950000000000000178, 0.000000000000000000, 1.949999999999999956 ) ) ;
#1597 = ORIENTED_EDGE ( 'NONE', *, *, #11593, .F. ) ;
#1598 = EDGE_CURVE ( 'NONE', #3640, #4851, #10244, .T. ) ;
#1599 = ORIENTED_EDGE ( 'NONE', *, *, #937, .T. ) ;
#1600 = DIRECTION ( 'NONE',  ( 0.000000000000000000, 0.07997395986122911304, -0.9967969531173912490 ) ) ;
#1601 = ORIENTED_EDGE ( 'NONE', *, *, #8396, .T. ) ;
#1602 = CARTESIAN_POINT ( 'NONE',  ( 4.599999999999999645, 0.2178238306527182089, -2.714960358193412304 ) ) ;
#1603 = EDGE_CURVE ( 'NONE', #1197, #7735, #10427, .T. ) ;
#1604 = CARTESIAN_POINT ( 'NONE',  ( 3.019999999999999574, -0.5549999999999993827, 2.870861070673345061 ) ) ;
#1605 = CARTESIAN_POINT ( 'NONE',  ( 3.354999999999999538, -0.1834862943212428044, -2.747157848089624821 ) ) ;
#1606 = DIRECTION ( 'NONE',  ( -0.000000000000000000, -0.9925461516413219831, 0.1218693434051477537 ) ) ;
#1607 = VERTEX_POINT ( 'NONE', #6724 ) ;
#1608 = EDGE_CURVE ( 'NONE', #740, #7869, #1229, .T. ) ;
#1609 = CARTESIAN_POINT ( 'NONE',  ( 2.059999999999999609, 0.000000000000000000, 0.000000000000000000 ) ) ;
#1610 = ORIENTED_EDGE ( 'NONE', *, *, #4975, .T. ) ;
#1611 = LINE ( 'NONE', #1456, #10681 ) ;
#1612 = EDGE_LOOP ( 'NONE', ( #1491, #5966, #2920, #6654 ) ) ;
#1613 = ORIENTED_EDGE ( 'NONE', *, *, #9106, .F. ) ;
#1614 = CARTESIAN_POINT ( 'NONE',  ( 0.4799999999999999267, 0.08500000000000000611, 0.000000000000000000 ) ) ;
#1615 = DIRECTION ( 'NONE',  ( 1.000000000000000000, 0.000000000000000000, 0.000000000000000000 ) ) ;
#1616 = DIRECTION ( 'NONE',  ( 1.000000000000000000, -0.000000000000000000, 0.000000000000000000 ) ) ;
#1617 = FACE_OUTER_BOUND ( 'NONE', #10136, .T. ) ;
#1618 = FACE_OUTER_BOUND ( 'NONE', #2711, .T. ) ;
#1619 = EDGE_LOOP ( 'NONE', ( #3285, #8968, #11452, #8265 ) ) ;
#1620 = ADVANCED_FACE ( 'NONE', ( #4874 ), #4816, .F. ) ;
#1621 = LINE ( 'NONE', #8979, #9714 ) ;
#1622 = SURFACE_STYLE_FILL_AREA ( #3416 ) ;
#1623 = ORIENTED_EDGE ( 'NONE', *, *, #709, .T. ) ;
#1624 = DIRECTION ( 'NONE',  ( 0.000000000000000000, -0.9967969531173912490, -0.07997395986122736444 ) ) ;
#1625 = ORIENTED_EDGE ( 'NONE', *, *, #9254, .T. ) ;
#1626 = LINE ( 'NONE', #5223, #193 ) ;
#1627 = CARTESIAN_POINT ( 'NONE',  ( 2.994999999999999218, -0.4813330637901492848, -2.160807586281502157 ) ) ;
#1628 = FACE_OUTER_BOUND ( 'NONE', #10149, .T. ) ;
#1629 = LINE ( 'NONE', #3660, #8929 ) ;
#1630 = PLANE ( 'NONE',  #10496 ) ;
#1631 = VERTEX_POINT ( 'NONE', #8385 ) ;
#1632 = ORIENTED_EDGE ( 'NONE', *, *, #11166, .T. ) ;
#1633 = EDGE_LOOP ( 'NONE', ( #7328, #11506, #10258, #10760, #7505, #10271, #8345, #9589, #11685, #4869, #6069, #3093 ) ) ;
#1634 = ORIENTED_EDGE ( 'NONE', *, *, #6719, .F. ) ;
#1635 = DIRECTION ( 'NONE',  ( 0.000000000000000000, 1.000000000000000000, 0.000000000000000000 ) ) ;
#1636 = AXIS2_PLACEMENT_3D ( 'NONE', #3770, #10046, #980 ) ;
#1637 = DIRECTION ( 'NONE',  ( 0.000000000000000000, 1.679125230693258263E-15, -1.000000000000000000 ) ) ;
#1638 = FACE_OUTER_BOUND ( 'NONE', #5539, .T. ) ;
#1639 = EDGE_CURVE ( 'NONE', #6915, #2959, #8506, .T. ) ;
#1640 = PLANE ( 'NONE',  #1332 ) ;
#1641 = DIRECTION ( 'NONE',  ( 0.000000000000000000, 0.07997395986122909917, 0.9967969531173911379 ) ) ;
#1642 = ORIENTED_EDGE ( 'NONE', *, *, #4962, .T. ) ;
#1643 = PRODUCT_DEFINITION ( 'UNKNOWN', '', #3427, #10998 ) ;
#1644 = ORIENTED_EDGE ( 'NONE', *, *, #7999, .F. ) ;
#1645 = ORIENTED_EDGE ( 'NONE', *, *, #10572, .F. ) ;
#1646 = CARTESIAN_POINT ( 'NONE',  ( -2.095000000000001528, -0.1970818674976960727, 2.577702366059670069 ) ) ;
#1648 = ORIENTED_EDGE ( 'NONE', *, *, #8860, .T. ) ;
#1647 = AXIS2_PLACEMENT_3D ( 'NONE', #7061, #10560, #1415 ) ;
#1649 = CARTESIAN_POINT ( 'NONE',  ( 0.4799999999999999267, 0.000000000000000000, 3.000000000000000000 ) ) ;
#1650 = EDGE_CURVE ( 'NONE', #6478, #888, #11134, .T. ) ;
#1651 = LINE ( 'NONE', #8053, #7296 ) ;
#1652 = CARTESIAN_POINT ( 'NONE',  ( 1.749999999999999778, 0.08500000000000000611, -2.461537905304632012 ) ) ;
#1653 = FACE_OUTER_BOUND ( 'NONE', #3151, .T. ) ;
#1654 = EDGE_CURVE ( 'NONE', #10596, #10727, #323, .T. ) ;
#1655 = AXIS2_PLACEMENT_3D ( 'NONE', #6564, #2088, #6437 ) ;
#1656 = DIRECTION ( 'NONE',  ( 1.000000000000000000, 0.000000000000000000, 0.000000000000000000 ) ) ;
#1657 = ORIENTED_EDGE ( 'NONE', *, *, #2471, .T. ) ;
#1658 = ADVANCED_FACE ( 'NONE', ( #6592 ), #10377, .T. ) ;
#1659 = DIRECTION ( 'NONE',  ( -0.000000000000000000, -0.9925461516413219831, 0.1218693434051477537 ) ) ;
#1660 = VECTOR ( 'NONE', #8379, 1000.000000000000000 ) ;
#1661 = ORIENTED_EDGE ( 'NONE', *, *, #1400, .F. ) ;
#1662 = VERTEX_POINT ( 'NONE', #1097 ) ;
#1663 = CARTESIAN_POINT ( 'NONE',  ( 3.019999999999999574, 0.000000000000000000, -3.000000000000000000 ) ) ;
#1664 = ORIENTED_EDGE ( 'NONE', *, *, #6335, .F. ) ;
#1665 = ORIENTED_EDGE ( 'NONE', *, *, #6482, .F. ) ;
#1666 = PRESENTATION_STYLE_ASSIGNMENT (( #2688 ) ) ;
#1667 = FACE_OUTER_BOUND ( 'NONE', #130, .T. ) ;
#1668 = CARTESIAN_POINT ( 'NONE',  ( -0.7900000000000003686, 0.2178238306527182089, -2.714960358193412304 ) ) ;
#1669 = LINE ( 'NONE', #1797, #1705 ) ;
#1670 = ADVANCED_FACE ( 'NONE', ( #11371 ), #5883, .T. ) ;
#1671 = VECTOR ( 'NONE', #9230, 1000.000000000000000 ) ;
#1672 = ORIENTED_EDGE ( 'NONE', *, *, #2609, .F. ) ;
#1673 = VECTOR ( 'NONE', #9704, 1000.000000000000114 ) ;
#1674 = CARTESIAN_POINT ( 'NONE',  ( -2.060000000000000497, -0.4532685607873793709, -2.870861070673344617 ) ) ;
#1675 = AXIS2_PLACEMENT_3D ( 'NONE', #84, #4629, #10056 ) ;
#1676 = LINE ( 'NONE', #1574, #11251 ) ;
#1677 = VERTEX_POINT ( 'NONE', #11324 ) ;
#1678 = DIRECTION ( 'NONE',  ( 0.000000000000000000, 0.000000000000000000, -1.000000000000000000 ) ) ;
#1679 = EDGE_CURVE ( 'NONE', #2206, #7424, #8450, .T. ) ;
#1680 = VECTOR ( 'NONE', #10204, 1000.000000000000000 ) ;
#1681 = ORIENTED_EDGE ( 'NONE', *, *, #11363, .T. ) ;
#1682 = DIRECTION ( 'NONE',  ( 0.000000000000000000, -0.9967969531173912490, 0.07997395986122736444 ) ) ;
#1683 = STYLED_ITEM ( 'NONE', ( #7582 ), #11318 ) ;
#1684 = CARTESIAN_POINT ( 'NONE',  ( 2.060000000000000053, -0.08500000000000003386, 1.939563312323252742 ) ) ;
#1685 = EDGE_CURVE ( 'NONE', #3782, #6, #3975, .T. ) ;
#1686 = AXIS2_PLACEMENT_3D ( 'NONE', #2986, #2104, #9400 ) ;
#1687 = VECTOR ( 'NONE', #6486, 999.9999999999998863 ) ;
#1688 = DIRECTION ( 'NONE',  ( 1.000000000000000000, -0.000000000000000000, 0.000000000000000000 ) ) ;
#1689 = VECTOR ( 'NONE', #6267, 999.9999999999998863 ) ;
#1690 = DIRECTION ( 'NONE',  ( 1.000000000000000000, 0.000000000000000000, 0.000000000000000000 ) ) ;
#1691 = CARTESIAN_POINT ( 'NONE',  ( 3.019999999999999574, -0.4750000000000020872, 2.599999999999999645 ) ) ;
#1692 = VECTOR ( 'NONE', #6343, 1000.000000000000000 ) ;
#1693 = ORIENTED_EDGE ( 'NONE', *, *, #4804, .T. ) ;
#1694 = AXIS2_PLACEMENT_3D ( 'NONE', #681, #739, #8034 ) ;
#1695 = VECTOR ( 'NONE', #538, 1000.000000000000114 ) ;
#1696 = VERTEX_POINT ( 'NONE', #9541 ) ;
#1697 = ORIENTED_EDGE ( 'NONE', *, *, #9709, .T. ) ;
#1698 = ORIENTED_EDGE ( 'NONE', *, *, #8299, .T. ) ;
#1699 = CARTESIAN_POINT ( 'NONE',  ( -2.060000000000000497, 0.000000000000000000, -3.000000000000000000 ) ) ;
#1700 = VECTOR ( 'NONE', #11743, 1000.000000000000000 ) ;
#1701 = DIRECTION ( 'NONE',  ( 1.000000000000000000, 0.000000000000000000, 0.000000000000000000 ) ) ;
#1702 = FACE_OUTER_BOUND ( 'NONE', #1993, .T. ) ;
#1703 = VECTOR ( 'NONE', #1094, 1000.000000000000000 ) ;
#1704 = VECTOR ( 'NONE', #3289, 1000.000000000000000 ) ;
#1705 = VECTOR ( 'NONE', #1741, 1000.000000000000000 ) ;
#1706 = DIRECTION ( 'NONE',  ( -1.000000000000000000, 0.000000000000000000, -0.000000000000000000 ) ) ;
#1707 = DIRECTION ( 'NONE',  ( 1.000000000000000000, 0.000000000000000000, 0.000000000000000000 ) ) ;
#1708 = CARTESIAN_POINT ( 'NONE',  ( -4.600000000000000533, -0.5550000000000000488, -3.000000000000000000 ) ) ;
#1709 = EDGE_LOOP ( 'NONE', ( #10025, #9295, #10567, #3173, #10888, #9445, #11486, #1231, #641 ) ) ;
#1710 = VERTEX_POINT ( 'NONE', #2308 ) ;
#1711 = VERTEX_POINT ( 'NONE', #5827 ) ;
#1712 = CARTESIAN_POINT ( 'NONE',  ( 1.749999999999999778, -0.08500000000000000611, 0.000000000000000000 ) ) ;
#1713 = ORIENTED_EDGE ( 'NONE', *, *, #5178, .F. ) ;
#1714 = ADVANCED_FACE ( 'NONE', ( #5005 ), #6835, .T. ) ;
#1715 = AXIS2_PLACEMENT_3D ( 'NONE', #2442, #2280, #1561 ) ;
#1716 = VECTOR ( 'NONE', #7552, 1000.000000000000114 ) ;
#1717 = AXIS2_PLACEMENT_3D ( 'NONE', #7720, #3180, #3248 ) ;
#1718 = CYLINDRICAL_SURFACE ( 'NONE', #7853, 0.1161149196957549368 ) ;
#1719 = DIRECTION ( 'NONE',  ( 0.000000000000000000, -0.9967969531173912490, -0.07997395986122911304 ) ) ;
#1720 = DIRECTION ( 'NONE',  ( -0.000000000000000000, 1.000000000000000000, -0.000000000000000000 ) ) ;
#1721 = VECTOR ( 'NONE', #188, 1000.000000000000000 ) ;
#1722 = DIRECTION ( 'NONE',  ( 0.000000000000000000, -0.9967969531173912490, -0.07997395986122909917 ) ) ;
#1723 = CARTESIAN_POINT ( 'NONE',  ( -2.060000000000000497, -0.5549999999999849498, -2.795743509104209498E-15 ) ) ;
#1724 = VECTOR ( 'NONE', #2402, 1000.000000000000000 ) ;
#1725 = VECTOR ( 'NONE', #10996, 1000.000000000000000 ) ;
#1726 = FACE_OUTER_BOUND ( 'NONE', #10318, .T. ) ;
#1727 = CARTESIAN_POINT ( 'NONE',  ( 0.7899999999999999245, -0.4614044268235938384, 2.769455482029957061 ) ) ;
#1728 = ORIENTED_EDGE ( 'NONE', *, *, #3683, .T. ) ;
#1729 = LINE ( 'NONE', #6100, #8332 ) ;
#1730 = ORIENTED_EDGE ( 'NONE', *, *, #5763, .F. ) ;
#1731 = ORIENTED_EDGE ( 'NONE', *, *, #4163, .T. ) ;
#1732 = DIRECTION ( 'NONE',  ( 0.000000000000000000, 0.000000000000000000, -1.000000000000000000 ) ) ;
#1733 = ORIENTED_EDGE ( 'NONE', *, *, #6996, .F. ) ;
#1734 = ADVANCED_FACE ( 'NONE', ( #2470 ), #10716, .T. ) ;
#1735 = ORIENTED_EDGE ( 'NONE', *, *, #6544, .T. ) ;
#1736 = DIRECTION ( 'NONE',  ( 0.000000000000000000, 1.679125230693258263E-15, 1.000000000000000000 ) ) ;
#1737 = EDGE_CURVE ( 'NONE', #7232, #1243, #11816, .T. ) ;
#1738 = LINE ( 'NONE', #6386, #8762 ) ;
#1739 = AXIS2_PLACEMENT_3D ( 'NONE', #3047, #6698, #10278 ) ;
#1740 = DIRECTION ( 'NONE',  ( -0.000000000000000000, 0.07997395986122908529, 0.9967969531173911379 ) ) ;
#1741 = DIRECTION ( 'NONE',  ( 0.000000000000000000, 5.037375692079792934E-15, 1.000000000000000000 ) ) ;
#1742 = EDGE_CURVE ( 'NONE', #1077, #4464, #4914, .T. ) ;
#1743 = ORIENTED_EDGE ( 'NONE', *, *, #465, .T. ) ;
#1744 = EDGE_CURVE ( 'NONE', #3276, #1081, #886, .T. ) ;
#1745 = DIRECTION ( 'NONE',  ( -1.000000000000000000, 0.000000000000000000, 0.000000000000000000 ) ) ;
#1746 = CARTESIAN_POINT ( 'NONE',  ( -0.4450000000000009504, -0.2334590321417700232, 2.124296695724088302 ) ) ;
#1747 = VERTEX_POINT ( 'NONE', #5060 ) ;
#1748 = DIRECTION ( 'NONE',  ( 1.000000000000000000, -0.000000000000000000, 0.000000000000000000 ) ) ;
#1749 = ADVANCED_FACE ( 'NONE', ( #5221 ), #1524, .T. ) ;
#1750 = ORIENTED_EDGE ( 'NONE', *, *, #5646, .T. ) ;
#1751 = CARTESIAN_POINT ( 'NONE',  ( -4.600000000000000533, -0.7250000000000049738, 1.217365792252620583E-15 ) ) ;
#1752 = AXIS2_PLACEMENT_3D ( 'NONE', #7112, #5099, #716 ) ;
#1753 = LINE ( 'NONE', #11604, #6691 ) ;
#1754 = CARTESIAN_POINT ( 'NONE',  ( -2.060000000000000497, 0.000000000000000000, -3.000000000000000000 ) ) ;
#1755 = LINE ( 'NONE', #3532, #9888 ) ;
#1756 = CARTESIAN_POINT ( 'NONE',  ( 0.4799999999999999267, -0.2011149196957552621, 2.461537905304631568 ) ) ;
#1757 = DIRECTION ( 'NONE',  ( 0.000000000000000000, -0.07997395986122911304, 0.9967969531173912490 ) ) ;
#1758 = AXIS2_PLACEMENT_3D ( 'NONE', #9783, #645, #5971 ) ;
#1759 = ORIENTED_EDGE ( 'NONE', *, *, #9341, .F. ) ;
#1760 = EDGE_CURVE ( 'NONE', #10331, #7251, #5110, .T. ) ;
#1761 = ORIENTED_EDGE ( 'NONE', *, *, #1293, .F. ) ;
#1762 = ORIENTED_EDGE ( 'NONE', *, *, #6947, .F. ) ;
#1763 = ORIENTED_EDGE ( 'NONE', *, *, #4588, .F. ) ;
#1764 = DIRECTION ( 'NONE',  ( 1.000000000000000000, 0.000000000000000000, 0.000000000000000000 ) ) ;
#1765 = CARTESIAN_POINT ( 'NONE',  ( -2.060000000000000497, 0.000000000000000000, 0.000000000000000000 ) ) ;
#1766 = AXIS2_PLACEMENT_3D ( 'NONE', #11022, #9299, #10071 ) ;
#1767 =( LENGTH_UNIT ( ) NAMED_UNIT ( * ) SI_UNIT ( .MILLI., .METRE. ) );
#1768 = CARTESIAN_POINT ( 'NONE',  ( 4.599999999999999645, -0.1918287497687165000, 2.577280903468829099 ) ) ;
#1769 = DIRECTION ( 'NONE',  ( 0.000000000000000000, 0.000000000000000000, -1.000000000000000000 ) ) ;
#1770 = VERTEX_POINT ( 'NONE', #11599 ) ;
#1771 = EDGE_CURVE ( 'NONE', #3139, #10766, #570, .T. ) ;
#1772 = ORIENTED_EDGE ( 'NONE', *, *, #4610, .F. ) ;
#1773 = EDGE_LOOP ( 'NONE', ( #11723, #9683, #7580, #7183 ) ) ;
#1774 = CARTESIAN_POINT ( 'NONE',  ( -4.290000000000000036, -0.4750000000000020872, 2.599999999999999645 ) ) ;
#1775 = VECTOR ( 'NONE', #8932, 1000.000000000000114 ) ;
#1776 = ORIENTED_EDGE ( 'NONE', *, *, #9487, .T. ) ;
#1777 = DIRECTION ( 'NONE',  ( 0.000000000000000000, 0.000000000000000000, -1.000000000000000000 ) ) ;
#1778 = CARTESIAN_POINT ( 'NONE',  ( -4.255000000000000782, -0.1834862943213046715, 2.747157848089629262 ) ) ;
#1779 = LINE ( 'NONE', #8229, #9549 ) ;
#1780 = CARTESIAN_POINT ( 'NONE',  ( 4.634999999999999787, -0.1834862943212428044, 2.747157848089624821 ) ) ;
#1781 = EDGE_CURVE ( 'NONE', #3366, #3910, #7790, .T. ) ;
#1782 = APPLICATION_CONTEXT ( 'automotive_design' ) ;
#1783 = DIRECTION ( 'NONE',  ( 0.000000000000000000, 5.037375692079792934E-15, -1.000000000000000000 ) ) ;
#1784 = FACE_OUTER_BOUND ( 'NONE', #1773, .T. ) ;
#1785 = CARTESIAN_POINT ( 'NONE',  ( -4.950000000000000178, -0.08500000000000000611, 1.939563312323252964 ) ) ;
#1786 = ORIENTED_EDGE ( 'NONE', *, *, #9492, .F. ) ;
#1787 = CARTESIAN_POINT ( 'NONE',  ( -4.873259649435684793, -0.6250000000000000000, -1.873259649435684349 ) ) ;
#1788 = ORIENTED_EDGE ( 'NONE', *, *, #2284, .T. ) ;
#1789 = VERTEX_POINT ( 'NONE', #9973 ) ;
#1790 = DIRECTION ( 'NONE',  ( 0.000000000000000000, 0.07997395986122909917, 0.9967969531173911379 ) ) ;
#1791 = CARTESIAN_POINT ( 'NONE',  ( -1.725000000000000755, -0.4326855326005906166, -2.767151338054931742 ) ) ;
#1792 = ORIENTED_EDGE ( 'NONE', *, *, #2191, .F. ) ;
#1793 = VERTEX_POINT ( 'NONE', #3420 ) ;
#1794 = DIRECTION ( 'NONE',  ( 0.000000000000000000, 0.000000000000000000, -1.000000000000000000 ) ) ;
#1795 = CARTESIAN_POINT ( 'NONE',  ( -3.330000000000000071, -0.1782331765923089728, 2.746736385498786515 ) ) ;
#1796 = LINE ( 'NONE', #5441, #4255 ) ;
#1797 = CARTESIAN_POINT ( 'NONE',  ( -0.7900000000000003686, -0.5549999999999849498, 2.795743509104209498E-15 ) ) ;
#1798 = EDGE_CURVE ( 'NONE', #1982, #4052, #6416, .T. ) ;
#1799 = ORIENTED_EDGE ( 'NONE', *, *, #11590, .F. ) ;
#1800 = DIRECTION ( 'NONE',  ( 1.000000000000000000, -0.000000000000000000, 0.000000000000000000 ) ) ;
#1801 = CARTESIAN_POINT ( 'NONE',  ( 2.059999999999999609, 0.000000000000000000, 3.000000000000000000 ) ) ;
#1802 = VERTEX_POINT ( 'NONE', #2684 ) ;
#1803 = DIRECTION ( 'NONE',  ( -1.000000000000000000, 0.000000000000000000, 0.000000000000000000 ) ) ;
#1804 = EDGE_CURVE ( 'NONE', #4877, #2208, #8136, .T. ) ;
#1805 = ORIENTED_EDGE ( 'NONE', *, *, #4571, .F. ) ;
#1806 = CARTESIAN_POINT ( 'NONE',  ( -4.950000000000000178, -0.08500000000000000611, 1.939563312323252964 ) ) ;
#1807 = DIRECTION ( 'NONE',  ( 0.000000000000000000, -0.9967969531173912490, -0.07997395986122736444 ) ) ;
#1808 = EDGE_CURVE ( 'NONE', #9789, #1607, #7911, .T. ) ;
#1809 = UNCERTAINTY_MEASURE_WITH_UNIT (LENGTH_MEASURE( 1.000000000000000082E-05 ), #946, 'distance_accuracy_value', 'NONE');
#1810 = CARTESIAN_POINT ( 'NONE',  ( 4.599999999999999645, 0.08500000000000000611, 0.000000000000000000 ) ) ;
#1811 = DIRECTION ( 'NONE',  ( 0.000000000000000000, 0.000000000000000000, -1.000000000000000000 ) ) ;
#1812 = CARTESIAN_POINT ( 'NONE',  ( 3.019999999999999574, -0.4532685607873790379, -2.870861070673345061 ) ) ;
#1813 = LINE ( 'NONE', #11776, #1892 ) ;
#1814 = ORIENTED_EDGE ( 'NONE', *, *, #4205, .T. ) ;
#1815 = EDGE_CURVE ( 'NONE', #1211, #66, #8697, .T. ) ;
#1816 = ORIENTED_EDGE ( 'NONE', *, *, #4306, .F. ) ;
#1817 = ORIENTED_EDGE ( 'NONE', *, *, #2568, .F. ) ;
#1818 = ORIENTED_EDGE ( 'NONE', *, *, #7283, .F. ) ;
#1819 =( NAMED_UNIT ( * ) PLANE_ANGLE_UNIT ( ) SI_UNIT ( $, .RADIAN. ) );
#1820 = EDGE_CURVE ( 'NONE', #6580, #11069, #9767, .T. ) ;
#1821 = FACE_OUTER_BOUND ( 'NONE', #11491, .T. ) ;
#1822 = EDGE_CURVE ( 'NONE', #6851, #896, #6957, .T. ) ;
#1823 = FILL_AREA_STYLE ('',( #1942 ) ) ;
#1824 = CYLINDRICAL_SURFACE ( 'NONE', #4202, 0.2861149196957545326 ) ;
#1825 = CARTESIAN_POINT ( 'NONE',  ( 0.7899999999999999245, -0.5549999999999849498, -2.795743509104209498E-15 ) ) ;
#1826 = EDGE_LOOP ( 'NONE', ( #11708, #9893, #2053, #3552 ) ) ;
#1827 = ORIENTED_EDGE ( 'NONE', *, *, #10590, .T. ) ;
#1828 = VECTOR ( 'NONE', #5732, 1000.000000000000000 ) ;
#1829 = ORIENTED_EDGE ( 'NONE', *, *, #1291, .F. ) ;
#1830 = LINE ( 'NONE', #5475, #5757 ) ;
#1831 = DIRECTION ( 'NONE',  ( 1.000000000000000000, 0.000000000000000000, 0.000000000000000000 ) ) ;
#1832 = DIRECTION ( 'NONE',  ( 0.000000000000000000, -0.07997395986122909917, -0.9967969531173911379 ) ) ;
#1833 = EDGE_CURVE ( 'NONE', #2506, #8601, #8817, .T. ) ;
#1834 = AXIS2_PLACEMENT_3D ( 'NONE', #11465, #6684, #8718 ) ;
#1835 = DIRECTION ( 'NONE',  ( 0.000000000000000000, -0.9967969531173911379, -0.07997395986122908529 ) ) ;
#1836 = DIRECTION ( 'NONE',  ( 0.000000000000000000, 5.037375692079792934E-15, -1.000000000000000000 ) ) ;
#1837 = DIRECTION ( 'NONE',  ( 1.000000000000000000, 0.000000000000000000, 0.000000000000000000 ) ) ;
#1838 = VERTEX_POINT ( 'NONE', #4280 ) ;
#1839 = PLANE ( 'NONE',  #2608 ) ;
#1840 = ORIENTED_EDGE ( 'NONE', *, *, #2889, .T. ) ;
#1841 = VERTEX_POINT ( 'NONE', #3365 ) ;
#1842 = CARTESIAN_POINT ( 'NONE',  ( -0.4450000000000009504, -0.4326855326006259772, 2.767151338054934406 ) ) ;
#1843 = DIRECTION ( 'NONE',  ( 0.000000000000000000, 5.037375692079792934E-15, 1.000000000000000000 ) ) ;
#1844 = EDGE_LOOP ( 'NONE', ( #9505, #3797, #5609, #9711 ) ) ;
#1845 = ORIENTED_EDGE ( 'NONE', *, *, #10439, .F. ) ;
#1846 = SURFACE_STYLE_FILL_AREA ( #8245 ) ;
#1847 = DIRECTION ( 'NONE',  ( 0.000000000000000000, -0.9967969531173912490, 0.07997395986122909917 ) ) ;
#1848 = DIRECTION ( 'NONE',  ( 0.000000000000000000, 0.000000000000000000, -1.000000000000000000 ) ) ;
#1849 = FACE_OUTER_BOUND ( 'NONE', #3220, .T. ) ;
#1850 = DIRECTION ( 'NONE',  ( 0.000000000000000000, 0.07997395986122909917, 0.9967969531173911379 ) ) ;
#1851 = AXIS2_PLACEMENT_3D ( 'NONE', #3039, #5029, #6807 ) ;
#1852 = VERTEX_POINT ( 'NONE', #7002 ) ;
#1853 = DIRECTION ( 'NONE',  ( 0.000000000000000000, 0.000000000000000000, -1.000000000000000000 ) ) ;
#1854 = LINE ( 'NONE', #1978, #2 ) ;
#1855 = ORIENTED_EDGE ( 'NONE', *, *, #5859, .T. ) ;
#1856 = CARTESIAN_POINT ( 'NONE',  ( -3.330000000000000071, -0.5549999999999993827, 2.870861070673345061 ) ) ;
#1857 = ORIENTED_EDGE ( 'NONE', *, *, #6940, .F. ) ;
#1858 = DIRECTION ( 'NONE',  ( 1.000000000000000000, -0.000000000000000000, 0.000000000000000000 ) ) ;
#1859 = EDGE_CURVE ( 'NONE', #8539, #7356, #1577, .T. ) ;
#1860 = LINE ( 'NONE', #4671, #7831 ) ;
#1861 = VECTOR ( 'NONE', #7417, 1000.000000000000000 ) ;
#1862 = DIRECTION ( 'NONE',  ( 0.000000000000000000, 0.000000000000000000, -1.000000000000000000 ) ) ;
#1863 = VECTOR ( 'NONE', #8564, 999.9999999999998863 ) ;
#1864 = PLANE ( 'NONE',  #1070 ) ;
#1865 = PLANE ( 'NONE',  #3232 ) ;
#1866 = CARTESIAN_POINT ( 'NONE',  ( -3.365000000000000657, -0.1970818674977048990, 2.577702366059670513 ) ) ;
#1867 = PRESENTATION_LAYER_ASSIGNMENT (  '', '', ( #6448 ) ) ;
#1868 = CARTESIAN_POINT ( 'NONE',  ( 2.084999999999999520, -0.4813330637901492848, -2.160807586281502157 ) ) ;
#1869 = ORIENTED_EDGE ( 'NONE', *, *, #4224, .T. ) ;
#1870 = EDGE_CURVE ( 'NONE', #2399, #7735, #675, .T. ) ;
#1871 = ORIENTED_EDGE ( 'NONE', *, *, #4046, .F. ) ;
#1872 = ORIENTED_EDGE ( 'NONE', *, *, #2683, .F. ) ;
#1873 = ORIENTED_EDGE ( 'NONE', *, *, #9598, .F. ) ;
#1874 = EDGE_CURVE ( 'NONE', #4500, #5121, #2350, .T. ) ;
#1875 = AXIS2_PLACEMENT_3D ( 'NONE', #6706, #10357, #11303 ) ;
#1876 = DIRECTION ( 'NONE',  ( 0.000000000000000000, -0.9967969531173912490, -0.07997395986122736444 ) ) ;
#1877 = EDGE_CURVE ( 'NONE', #9244, #9858, #3241, .T. ) ;
#1878 = VECTOR ( 'NONE', #6141, 1000.000000000000000 ) ;
#1879 = DIRECTION ( 'NONE',  ( 1.000000000000000000, 0.000000000000000000, 0.000000000000000000 ) ) ;
#1880 = EDGE_CURVE ( 'NONE', #9790, #8804, #7775, .T. ) ;
#1881 = VECTOR ( 'NONE', #4293, 1000.000000000000000 ) ;
#1882 = AXIS2_PLACEMENT_3D ( 'NONE', #8366, #7403, #11056 ) ;
#1883 = DIRECTION ( 'NONE',  ( 0.000000000000000000, -0.9967969531173912490, -0.07997395986122911304 ) ) ;
#1884 = DIRECTION ( 'NONE',  ( 0.000000000000000000, 1.000000000000000000, 0.000000000000000000 ) ) ;
#1885 = EDGE_CURVE ( 'NONE', #5940, #10370, #5993, .T. ) ;
#1886 = ORIENTED_EDGE ( 'NONE', *, *, #10141, .F. ) ;
#1887 = VECTOR ( 'NONE', #5249, 1000.000000000000000 ) ;
#1888 = ORIENTED_EDGE ( 'NONE', *, *, #2799, .F. ) ;
#1889 = EDGE_CURVE ( 'NONE', #9422, #8925, #4553, .T. ) ;
#1890 = PLANE ( 'NONE',  #4239 ) ;
#1891 = CARTESIAN_POINT ( 'NONE',  ( -0.8250000000000010658, -0.4826582704211178076, 2.144290185689395667 ) ) ;
#1892 = VECTOR ( 'NONE', #3661, 1000.000000000000000 ) ;
#1893 = DIRECTION ( 'NONE',  ( 0.000000000000000000, 1.000000000000000000, 0.000000000000000000 ) ) ;
#1894 = VECTOR ( 'NONE', #3463, 1000.000000000000114 ) ;
#1895 = VECTOR ( 'NONE', #111, 1000.000000000000114 ) ;
#1896 = CARTESIAN_POINT ( 'NONE',  ( 4.289999999999999147, -0.6505093632533087700, 0.05219097986151955554 ) ) ;
#1897 = CARTESIAN_POINT ( 'NONE',  ( 1.749999999999999778, 0.000000000000000000, 0.000000000000000000 ) ) ;
#1898 = LINE ( 'NONE', #289, #6984 ) ;
#1899 = CARTESIAN_POINT ( 'NONE',  ( -1.750000000000000666, -0.1834862943212428321, -2.747157848089624821 ) ) ;
#1900 = ORIENTED_EDGE ( 'NONE', *, *, #10768, .F. ) ;
#1901 = VECTOR ( 'NONE', #10587, 1000.000000000000000 ) ;
#1902 = LINE ( 'NONE', #6503, #702 ) ;
#1903 = AXIS2_PLACEMENT_3D ( 'NONE', #4513, #140, #6539 ) ;
#1904 = AXIS2_PLACEMENT_3D ( 'NONE', #5629, #11124, #2937 ) ;
#1905 = VERTEX_POINT ( 'NONE', #5454 ) ;
#1906 = EDGE_LOOP ( 'NONE', ( #150, #788, #9804, #2004, #502, #5474, #6206, #3165 ) ) ;
#1907 = DIRECTION ( 'NONE',  ( 0.000000000000000000, 0.000000000000000000, -1.000000000000000000 ) ) ;
#1908 = CARTESIAN_POINT ( 'NONE',  ( -4.290000000000000036, -0.2011149196957552621, 2.461537905304631568 ) ) ;
#1909 = ORIENTED_EDGE ( 'NONE', *, *, #7900, .F. ) ;
#1910 = VERTEX_POINT ( 'NONE', #800 ) ;
#1911 = EDGE_CURVE ( 'NONE', #4413, #5104, #9158, .T. ) ;
#1912 = LINE ( 'NONE', #837, #411 ) ;
#1913 = ADVANCED_FACE ( 'NONE', ( #10178 ), #2882, .T. ) ;
#1914 = CARTESIAN_POINT ( 'NONE',  ( -3.020000000000000018, -0.5550000000000000488, -3.000000000000000000 ) ) ;
#1915 = CARTESIAN_POINT ( 'NONE',  ( 1.749999999999999778, -0.7250000000000049738, 1.217365792252620583E-15 ) ) ;
#1916 = DIRECTION ( 'NONE',  ( 0.000000000000000000, 1.000000000000000000, 0.000000000000000000 ) ) ;
#1917 = LINE ( 'NONE', #10098, #1530 ) ;
#1918 = VECTOR ( 'NONE', #11650, 1000.000000000000114 ) ;
#1919 = VECTOR ( 'NONE', #3980, 1000.000000000000000 ) ;
#1920 = CARTESIAN_POINT ( 'NONE',  ( 3.019999999999999574, -0.1918287497687165000, 2.577280903468829099 ) ) ;
#1921 = CARTESIAN_POINT ( 'NONE',  ( -0.7900000000000003686, -0.1782331765923089728, -2.746736385498786515 ) ) ;
#1922 = ORIENTED_EDGE ( 'NONE', *, *, #11668, .T. ) ;
#1923 = LINE ( 'NONE', #4723, #11462 ) ;
#1924 = EDGE_CURVE ( 'NONE', #9444, #2051, #3727, .T. ) ;
#1925 = MECHANICAL_DESIGN_GEOMETRIC_PRESENTATION_REPRESENTATION (  '', ( #2123 ), #4037 ) ;
#1926 = ORIENTED_EDGE ( 'NONE', *, *, #7119, .T. ) ;
#1927 = LINE ( 'NONE', #1027, #202 ) ;
#1928 = CARTESIAN_POINT ( 'NONE',  ( 0.7899999999999999245, 0.000000000000000000, 1.949999999999999956 ) ) ;
#1929 = DIRECTION ( 'NONE',  ( 0.000000000000000000, -1.000000000000000000, 0.000000000000000000 ) ) ;
#1930 = CARTESIAN_POINT ( 'NONE',  ( -2.995000000000000107, -0.1834862943212428044, -2.747157848089624821 ) ) ;
#1931 = DIRECTION ( 'NONE',  ( 1.000000000000000000, -0.000000000000000000, 0.000000000000000000 ) ) ;
#1932 = LINE ( 'NONE', #9275, #3201 ) ;
#1933 = EDGE_CURVE ( 'NONE', #5282, #9659, #9940, .T. ) ;
#1934 = CARTESIAN_POINT ( 'NONE',  ( 2.059999999999999609, 0.000000000000000000, -3.000000000000000000 ) ) ;
#1935 = DIRECTION ( 'NONE',  ( 1.000000000000000000, 0.000000000000000000, -0.000000000000000000 ) ) ;
#1936 = ORIENTED_EDGE ( 'NONE', *, *, #8624, .F. ) ;
#1937 = ORIENTED_EDGE ( 'NONE', *, *, #2177, .T. ) ;
#1938 = ORIENTED_EDGE ( 'NONE', *, *, #8626, .F. ) ;
#1939 = ORIENTED_EDGE ( 'NONE', *, *, #5794, .F. ) ;
#1940 = FACE_OUTER_BOUND ( 'NONE', #615, .T. ) ;
#1941 = CARTESIAN_POINT ( 'NONE',  ( -3.355000000000000426, -0.1970818674976526075, -2.577702366059666961 ) ) ;
#1942 = FILL_AREA_STYLE_COLOUR ( '', #11433 ) ;
#1943 = AXIS2_PLACEMENT_3D ( 'NONE', #6463, #9882, #4336 ) ;
#1944 = EDGE_CURVE ( 'NONE', #7969, #1196, #19, .T. ) ;
#1945 = FACE_OUTER_BOUND ( 'NONE', #11736, .T. ) ;
#1946 = DIRECTION ( 'NONE',  ( 0.000000000000000000, 0.000000000000000000, -1.000000000000000000 ) ) ;
#1947 = ORIENTED_EDGE ( 'NONE', *, *, #4954, .T. ) ;
#1948 = ORIENTED_EDGE ( 'NONE', *, *, #5859, .F. ) ;
#1949 = ORIENTED_EDGE ( 'NONE', *, *, #7872, .T. ) ;
#1950 = EDGE_CURVE ( 'NONE', #4183, #5409, #11771, .T. ) ;
#1951 = LINE ( 'NONE', #7373, #11286 ) ;
#1952 = AXIS2_PLACEMENT_3D ( 'NONE', #4630, #7362, #11011 ) ;
#1953 = DIRECTION ( 'NONE',  ( 1.000000000000000000, 0.000000000000000000, 0.000000000000000000 ) ) ;
#1954 = FACE_OUTER_BOUND ( 'NONE', #2682, .T. ) ;
#1955 = LINE ( 'NONE', #6682, #2158 ) ;
#1956 = FACE_OUTER_BOUND ( 'NONE', #1906, .T. ) ;
#1957 = ADVANCED_FACE ( 'NONE', ( #6528 ), #9045, .T. ) ;
#1958 = CARTESIAN_POINT ( 'NONE',  ( 2.059999999999999609, -0.6505093632533264225, 0.05219097986152097107 ) ) ;
#1959 = LINE ( 'NONE', #47, #9516 ) ;
#1960 = ORIENTED_EDGE ( 'NONE', *, *, #2683, .T. ) ;
#1961 = AXIS2_PLACEMENT_3D ( 'NONE', #10620, #2379, #11457 ) ;
#1962 = DIRECTION ( 'NONE',  ( 0.000000000000000000, 0.07997395986122909917, 0.9967969531173911379 ) ) ;
#1963 = VERTEX_POINT ( 'NONE', #9995 ) ;
#1964 = VERTEX_POINT ( 'NONE', #10945 ) ;
#1965 = DIRECTION ( 'NONE',  ( 0.000000000000000000, 0.000000000000000000, -1.000000000000000000 ) ) ;
#1966 = CARTESIAN_POINT ( 'NONE',  ( -4.950000000000000178, -0.08500000000000000611, -1.939563312323252964 ) ) ;
#1967 = ORIENTED_EDGE ( 'NONE', *, *, #11600, .T. ) ;
#1968 = ORIENTED_EDGE ( 'NONE', *, *, #11492, .T. ) ;
#1969 = ADVANCED_FACE ( 'NONE', ( #10116 ), #1864, .F. ) ;
#1970 = CARTESIAN_POINT ( 'NONE',  ( 2.059999999999999609, -0.5549999999999849498, -2.795743509104209498E-15 ) ) ;
#1971 = LINE ( 'NONE', #4429, #737 ) ;
#1972 = DIRECTION ( 'NONE',  ( 0.000000000000000000, 0.000000000000000000, -1.000000000000000000 ) ) ;
#1973 = CARTESIAN_POINT ( 'NONE',  ( -4.600000000000000533, 0.2042282574763048253, 2.545504876163455776 ) ) ;
#1974 = CARTESIAN_POINT ( 'NONE',  ( 3.019999999999999130, -0.08500000000000000611, 1.939563312323252964 ) ) ;
#1975 = EDGE_CURVE ( 'NONE', #4448, #4562, #10999, .T. ) ;
#1976 = ORIENTED_EDGE ( 'NONE', *, *, #1545, .T. ) ;
#1977 = LINE ( 'NONE', #10034, #11605 ) ;
#1978 = CARTESIAN_POINT ( 'NONE',  ( -4.600000000000000533, -0.1918287497687165000, -2.577280903468829099 ) ) ;
#1979 = ORIENTED_EDGE ( 'NONE', *, *, #2372, .F. ) ;
#1980 = LINE ( 'NONE', #1149, #562 ) ;
#1981 = CARTESIAN_POINT ( 'NONE',  ( -0.4800000000000003708, -0.7250000000000049738, 1.217365792252620583E-15 ) ) ;
#1982 = VERTEX_POINT ( 'NONE', #7176 ) ;
#1983 = CARTESIAN_POINT ( 'NONE',  ( 4.599999999999999645, 0.000000000000000000, 0.000000000000000000 ) ) ;
#1984 = DIRECTION ( 'NONE',  ( 0.000000000000000000, 0.000000000000000000, -1.000000000000000000 ) ) ;
#1985 = CARTESIAN_POINT ( 'NONE',  ( 0.8149999999999997247, -0.4326855326005906166, -2.767151338054931742 ) ) ;
#1986 = CARTESIAN_POINT ( 'NONE',  ( 1.749999999999999778, 0.000000000000000000, 0.000000000000000000 ) ) ;
#1987 = EDGE_CURVE ( 'NONE', #233, #5977, #11067, .T. ) ;
#1988 = CARTESIAN_POINT ( 'NONE',  ( -3.330000000000000071, -0.7250000000000049738, 1.217365792252620583E-15 ) ) ;
#1989 = ORIENTED_EDGE ( 'NONE', *, *, #3493, .F. ) ;
#1990 = DIRECTION ( 'NONE',  ( 0.000000000000000000, 0.9925461516413219831, 0.1218693434051477537 ) ) ;
#1991 = CARTESIAN_POINT ( 'NONE',  ( -1.750000000000000666, -0.08500000000000000611, 0.000000000000000000 ) ) ;
#1992 = ORIENTED_EDGE ( 'NONE', *, *, #7071, .T. ) ;
#1993 = EDGE_LOOP ( 'NONE', ( #6196, #7519, #9076, #4736 ) ) ;
#1994 = ORIENTED_EDGE ( 'NONE', *, *, #144, .T. ) ;
#1995 = ORIENTED_EDGE ( 'NONE', *, *, #11109, .F. ) ;
#1996 = ORIENTED_EDGE ( 'NONE', *, *, #1944, .F. ) ;
#1997 = DIRECTION ( 'NONE',  ( 0.000000000000000000, -0.9967969531173912490, -0.07997395986122911304 ) ) ;
#1998 = CARTESIAN_POINT ( 'NONE',  ( -4.950000000000000178, 0.000000000000000000, 1.949999999999999956 ) ) ;
#1999 = DIRECTION ( 'NONE',  ( 0.000000000000000000, -0.07997395986122909917, -0.9967969531173911379 ) ) ;
#2000 = AXIS2_PLACEMENT_3D ( 'NONE', #1756, #3598, #2581 ) ;
#2001 = CARTESIAN_POINT ( 'NONE',  ( -4.950000000000000178, 0.000000000000000000, -1.949999999999999956 ) ) ;
#2002 = CARTESIAN_POINT ( 'NONE',  ( -4.265000000000000568, -0.4326855326005906166, -2.767151338054931742 ) ) ;
#2003 = LINE ( 'NONE', #7625, #547 ) ;
#2004 = ORIENTED_EDGE ( 'NONE', *, *, #7502, .T. ) ;
#2005 = EDGE_LOOP ( 'NONE', ( #1909, #4649, #2618, #3817 ) ) ;
#2006 = ORIENTED_EDGE ( 'NONE', *, *, #927, .T. ) ;
#2007 = EDGE_LOOP ( 'NONE', ( #7155, #10039, #396, #5964, #1502, #6260, #7824, #6018 ) ) ;
#2008 = DIRECTION ( 'NONE',  ( 1.000000000000000000, 0.000000000000000000, 0.000000000000000000 ) ) ;
#2009 = EDGE_CURVE ( 'NONE', #604, #7104, #6803, .T. ) ;
#2010 = DIRECTION ( 'NONE',  ( 0.000000000000000000, -0.9967969531173912490, -0.07997395986122909917 ) ) ;
#2011 = LINE ( 'NONE', #4892, #9340 ) ;
#2012 = PLANE ( 'NONE',  #9784 ) ;
#2013 = CARTESIAN_POINT ( 'NONE',  ( -0.4550000000000005151, -0.4462811057769996981, -2.597695856024973882 ) ) ;
#2014 = DIRECTION ( 'NONE',  ( 0.000000000000000000, -1.000000000000000000, -1.679125230693258263E-15 ) ) ;
#2015 = PLANE ( 'NONE',  #9301 ) ;
#2016 = VECTOR ( 'NONE', #11364, 1000.000000000000000 ) ;
#2017 = ORIENTED_EDGE ( 'NONE', *, *, #8141, .T. ) ;
#2018 = DIRECTION ( 'NONE',  ( 1.000000000000000000, -0.000000000000000000, 0.000000000000000000 ) ) ;
#2019 = ORIENTED_EDGE ( 'NONE', *, *, #3329, .F. ) ;
#2020 = ORIENTED_EDGE ( 'NONE', *, *, #4508, .F. ) ;
#2021 = LINE ( 'NONE', #4598, #2994 ) ;
#2022 = LINE ( 'NONE', #6695, #4971 ) ;
#2023 = ORIENTED_EDGE ( 'NONE', *, *, #9983, .T. ) ;
#2024 = ORIENTED_EDGE ( 'NONE', *, *, #11805, .T. ) ;
#2025 = CARTESIAN_POINT ( 'NONE',  ( -4.255000000000000782, -0.4326855326006525115, 2.767151338054936627 ) ) ;
#2026 = EDGE_CURVE ( 'NONE', #4815, #5006, #7353, .T. ) ;
#2027 = CARTESIAN_POINT ( 'NONE',  ( -4.195702540368398736, 0.6149999999999999911, 0.7500000000000000000 ) ) ;
#2028 = FACE_OUTER_BOUND ( 'NONE', #11325, .T. ) ;
#2029 = AXIS2_PLACEMENT_3D ( 'NONE', #7194, #9786, #1595 ) ;
#2030 = CARTESIAN_POINT ( 'NONE',  ( 3.019999999999999574, -0.2011149196957552621, 2.461537905304631568 ) ) ;
#2031 = DIRECTION ( 'NONE',  ( 0.000000000000000000, 0.000000000000000000, -1.000000000000000000 ) ) ;
#2032 = EDGE_CURVE ( 'NONE', #7958, #5317, #9273, .T. ) ;
#2033 = DIRECTION ( 'NONE',  ( 0.000000000000000000, 0.07997395986122911304, -0.9967969531173912490 ) ) ;
#2034 = CARTESIAN_POINT ( 'NONE',  ( -2.060000000000000497, -0.7249999999999999778, 3.000000000000000000 ) ) ;
#2035 = EDGE_LOOP ( 'NONE', ( #7794, #10428, #2902, #5739 ) ) ;
#2036 = CARTESIAN_POINT ( 'NONE',  ( 0.000000000000000000, 0.6250000000000000000, 1.586126699947281171 ) ) ;
#2037 = CARTESIAN_POINT ( 'NONE',  ( 3.329999999999998739, 0.000000000000000000, -1.949999999999999956 ) ) ;
#2038 = ORIENTED_EDGE ( 'NONE', *, *, #9285, .T. ) ;
#2039 = FACE_OUTER_BOUND ( 'NONE', #10614, .T. ) ;
#2040 = CIRCLE ( 'NONE', #1851, 0.2861149196957549767 ) ;
#2041 = EDGE_CURVE ( 'NONE', #5096, #4562, #5579, .T. ) ;
#2042 = CARTESIAN_POINT ( 'NONE',  ( -4.600000000000000533, -0.08500000000000000611, 2.461537905304634677 ) ) ;
#2043 = DIRECTION ( 'NONE',  ( 0.000000000000000000, 0.000000000000000000, -1.000000000000000000 ) ) ;
#2044 = DIRECTION ( 'NONE',  ( 1.000000000000000000, 0.000000000000000000, 0.000000000000000000 ) ) ;
#2045 = LINE ( 'NONE', #10238, #8807 ) ;
#2046 = ORIENTED_EDGE ( 'NONE', *, *, #8105, .T. ) ;
#2047 = AXIS2_PLACEMENT_3D ( 'NONE', #7895, #11531, #831 ) ;
#2048 = FACE_OUTER_BOUND ( 'NONE', #281, .T. ) ;
#2049 = DIRECTION ( 'NONE',  ( 0.000000000000000000, -1.000000000000000000, -5.037375692079792934E-15 ) ) ;
#2050 = ORIENTED_EDGE ( 'NONE', *, *, #2544, .F. ) ;
#2051 = VERTEX_POINT ( 'NONE', #8312 ) ;
#2052 = DIRECTION ( 'NONE',  ( 0.000000000000000000, -0.9967969531173911379, 0.07997395986122908529 ) ) ;
#2053 = ORIENTED_EDGE ( 'NONE', *, *, #8763, .F. ) ;
#2054 = ORIENTED_EDGE ( 'NONE', *, *, #2461, .F. ) ;
#2055 = VECTOR ( 'NONE', #1837, 1000.000000000000000 ) ;
#2056 = VERTEX_POINT ( 'NONE', #2641 ) ;
#2057 = DIRECTION ( 'NONE',  ( 0.000000000000000000, 0.000000000000000000, -1.000000000000000000 ) ) ;
#2058 = EDGE_CURVE ( 'NONE', #8484, #11355, #6287, .T. ) ;
#2059 = CARTESIAN_POINT ( 'NONE',  ( 3.329999999999999627, -0.5550000000000000488, -3.000000000000000000 ) ) ;
#2060 = CARTESIAN_POINT ( 'NONE',  ( -3.330000000000000071, -0.08500000000000000611, 2.461537905304634677 ) ) ;
#2061 = AXIS2_PLACEMENT_3D ( 'NONE', #4509, #11792, #993 ) ;
#2062 = CARTESIAN_POINT ( 'NONE',  ( 0.000000000000000000, -0.6250000000000000000, 0.000000000000000000 ) ) ;
#2063 = EDGE_CURVE ( 'NONE', #6658, #1430, #5401, .T. ) ;
#2064 = DIRECTION ( 'NONE',  ( 1.000000000000000000, 0.000000000000000000, 0.000000000000000000 ) ) ;
#2065 = LINE ( 'NONE', #6735, #7793 ) ;
#2066 = VECTOR ( 'NONE', #4738, 1000.000000000000000 ) ;
#2067 = VECTOR ( 'NONE', #6540, 1000.000000000000000 ) ;
#2068 = ORIENTED_EDGE ( 'NONE', *, *, #6204, .T. ) ;
#2069 = ORIENTED_EDGE ( 'NONE', *, *, #2964, .T. ) ;
#2070 = VERTEX_POINT ( 'NONE', #4034 ) ;
#2071 = VECTOR ( 'NONE', #1181, 1000.000000000000114 ) ;
#2072 = DIRECTION ( 'NONE',  ( 1.000000000000000000, 0.000000000000000000, 0.000000000000000000 ) ) ;
#2073 = AXIS2_PLACEMENT_3D ( 'NONE', #891, #6443, #4603 ) ;
#2074 = FACE_OUTER_BOUND ( 'NONE', #10657, .T. ) ;
#2075 = LINE ( 'NONE', #2145, #2468 ) ;
#2076 = LINE ( 'NONE', #6023, #3662 ) ;
#2077 = AXIS2_PLACEMENT_3D ( 'NONE', #10327, #9430, #11383 ) ;
#2078 =( GEOMETRIC_REPRESENTATION_CONTEXT ( 3 ) GLOBAL_UNCERTAINTY_ASSIGNED_CONTEXT ( ( #5400 ) ) GLOBAL_UNIT_ASSIGNED_CONTEXT ( ( #1767, #10061, #2716 ) ) REPRESENTATION_CONTEXT ( 'NONE', 'WORKASPACE' ) );
#2079 = DIRECTION ( 'NONE',  ( -1.000000000000000000, -0.000000000000000000, -0.000000000000000000 ) ) ;
#2080 = DIRECTION ( 'NONE',  ( 0.000000000000000000, -0.07997395986122909917, -0.9967969531173911379 ) ) ;
#2081 = DIRECTION ( 'NONE',  ( 0.000000000000000000, -0.9967969531173911379, 0.07997395986122909917 ) ) ;
#2082 = VERTEX_POINT ( 'NONE', #3908 ) ;
#2083 = VECTOR ( 'NONE', #1831, 1000.000000000000000 ) ;
#2084 = ADVANCED_FACE ( 'NONE', ( #2230 ), #8561, .F. ) ;
#2085 = DIRECTION ( 'NONE',  ( -0.000000000000000000, -0.9925461516413219831, 0.1218693434051477537 ) ) ;
#2086 = ORIENTED_EDGE ( 'NONE', *, *, #6342, .T. ) ;
#2087 = ORIENTED_EDGE ( 'NONE', *, *, #2266, .T. ) ;
#2088 = DIRECTION ( 'NONE',  ( -1.000000000000000000, 0.000000000000000000, -0.000000000000000000 ) ) ;
#2089 = DIRECTION ( 'NONE',  ( 0.000000000000000000, 0.07997395986122911304, -0.9967969531173912490 ) ) ;
#2090 = ORIENTED_EDGE ( 'NONE', *, *, #6568, .F. ) ;
#2091 = EDGE_LOOP ( 'NONE', ( #7117, #248, #369, #2253, #492, #11301, #8466, #1948 ) ) ;
#2092 = AXIS2_PLACEMENT_3D ( 'NONE', #5182, #9669, #2582 ) ;
#2093 = AXIS2_PLACEMENT_3D ( 'NONE', #1908, #10347, #1257 ) ;
#2094 = VECTOR ( 'NONE', #6816, 1000.000000000000114 ) ;
#2095 = CARTESIAN_POINT ( 'NONE',  ( -3.330000000000000071, -0.4532685607873790379, -2.870861070673345061 ) ) ;
#2096 = DIRECTION ( 'NONE',  ( 1.000000000000000000, 0.000000000000000000, 0.000000000000000000 ) ) ;
#2097 = LINE ( 'NONE', #11233, #1353 ) ;
#2098 = LINE ( 'NONE', #5565, #1895 ) ;
#2099 = VECTOR ( 'NONE', #2760, 1000.000000000000000 ) ;
#2100 = AXIS2_PLACEMENT_3D ( 'NONE', #9957, #695, #1103 ) ;
#2101 = VECTOR ( 'NONE', #3654, 999.9999999999998863 ) ;
#2102 = ORIENTED_EDGE ( 'NONE', *, *, #7689, .F. ) ;
#2103 = EDGE_CURVE ( 'NONE', #682, #3438, #2226, .T. ) ;
#2104 = DIRECTION ( 'NONE',  ( 1.000000000000000000, -0.000000000000000000, 0.000000000000000000 ) ) ;
#2105 = DIRECTION ( 'NONE',  ( 1.000000000000000000, -0.000000000000000000, -0.000000000000000000 ) ) ;
#2106 = ORIENTED_EDGE ( 'NONE', *, *, #2359, .F. ) ;
#2107 = FACE_OUTER_BOUND ( 'NONE', #6722, .T. ) ;
#2108 = SURFACE_STYLE_FILL_AREA ( #5756 ) ;
#2109 = ORIENTED_EDGE ( 'NONE', *, *, #8107, .F. ) ;
#2110 = CARTESIAN_POINT ( 'NONE',  ( 1.749999999999999778, -0.08500000000000000611, 0.000000000000000000 ) ) ;
#2111 = ADVANCED_FACE ( 'NONE', ( #11187 ), #6771, .T. ) ;
#2112 = VECTOR ( 'NONE', #5812, 1000.000000000000000 ) ;
#2113 = CARTESIAN_POINT ( 'NONE',  ( 4.599999999999999645, 0.2178238306527182089, 2.714960358193412304 ) ) ;
#2114 = AXIS2_PLACEMENT_3D ( 'NONE', #5759, #1152, #7719 ) ;
#2115 = VECTOR ( 'NONE', #5451, 999.9999999999998863 ) ;
#2116 = LINE ( 'NONE', #10478, #7279 ) ;
#2117 = CARTESIAN_POINT ( 'NONE',  ( 4.289999999999999147, -0.08500000000000000611, 0.000000000000000000 ) ) ;
#2118 = ADVANCED_FACE ( 'NONE', ( #1345 ), #1221, .T. ) ;
#2119 = DIRECTION ( 'NONE',  ( 0.000000000000000000, 5.037375692079792934E-15, 1.000000000000000000 ) ) ;
#2120 = DIRECTION ( 'NONE',  ( 0.000000000000000000, 1.679125230693258263E-15, -1.000000000000000000 ) ) ;
#2121 = ORIENTED_EDGE ( 'NONE', *, *, #4306, .T. ) ;
#2122 = EDGE_CURVE ( 'NONE', #6159, #1964, #260, .T. ) ;
#2123 = STYLED_ITEM ( 'NONE', ( #1666 ), #10043 ) ;
#2124 = DIRECTION ( 'NONE',  ( 0.000000000000000000, 1.000000000000000000, 0.000000000000000000 ) ) ;
#2125 = LINE ( 'NONE', #6775, #10504 ) ;
#2126 = VECTOR ( 'NONE', #9410, 1000.000000000000000 ) ;
#2127 = ORIENTED_EDGE ( 'NONE', *, *, #3470, .T. ) ;
#2128 = VERTEX_POINT ( 'NONE', #3183 ) ;
#2129 = DIRECTION ( 'NONE',  ( 1.000000000000000000, 0.000000000000000000, 0.000000000000000000 ) ) ;
#2130 = EDGE_LOOP ( 'NONE', ( #1597, #2625, #9134, #3988 ) ) ;
#2131 = ORIENTED_EDGE ( 'NONE', *, *, #9217, .T. ) ;
#2132 = CARTESIAN_POINT ( 'NONE',  ( 3.019999999999999574, 0.2042282574763048253, -2.545504876163455776 ) ) ;
#2133 = CARTESIAN_POINT ( 'NONE',  ( 4.599999999999999645, -0.1970818674976518581, -2.577702366059666961 ) ) ;
#2134 = CARTESIAN_POINT ( 'NONE',  ( 3.364999999999998881, -0.2334590321417435721, 2.124296695724086526 ) ) ;
#2135 = DIRECTION ( 'NONE',  ( 0.000000000000000000, -1.000000000000000000, 0.000000000000000000 ) ) ;
#2136 = EDGE_CURVE ( 'NONE', #459, #10901, #9468, .T. ) ;
#2137 = DIRECTION ( 'NONE',  ( -0.000000000000000000, 0.9967969531173911379, -0.07997395986122926570 ) ) ;
#2138 = CARTESIAN_POINT ( 'NONE',  ( 2.084999999999999520, -0.2321338255108014725, -2.140814096316195236 ) ) ;
#2139 = EDGE_CURVE ( 'NONE', #6310, #4485, #11254, .T. ) ;
#2140 = ORIENTED_EDGE ( 'NONE', *, *, #2406, .F. ) ;
#2141 = VERTEX_POINT ( 'NONE', #5764 ) ;
#2142 = VERTEX_POINT ( 'NONE', #4867 ) ;
#2143 = DIRECTION ( 'NONE',  ( 1.000000000000000000, -0.000000000000000000, 0.000000000000000000 ) ) ;
#2144 = LINE ( 'NONE', #7448, #6347 ) ;
#2145 = CARTESIAN_POINT ( 'NONE',  ( -4.950000000000000178, 0.000000000000000000, -1.949999999999999956 ) ) ;
#2146 = DIRECTION ( 'NONE',  ( 0.000000000000000000, -0.9967969531173913600, 0.07997395986122737832 ) ) ;
#2147 = VECTOR ( 'NONE', #6895, 1000.000000000000000 ) ;
#2148 = DIRECTION ( 'NONE',  ( -1.000000000000000000, 0.000000000000000000, 0.000000000000000000 ) ) ;
#2149 = EDGE_CURVE ( 'NONE', #2537, #8845, #8895, .T. ) ;
#2150 = FACE_OUTER_BOUND ( 'NONE', #4068, .T. ) ;
#2151 = CARTESIAN_POINT ( 'NONE',  ( 2.984999999999998987, -0.4826582704210912178, 2.144290185689393446 ) ) ;
#2152 = ORIENTED_EDGE ( 'NONE', *, *, #7338, .F. ) ;
#2153 = ORIENTED_EDGE ( 'NONE', *, *, #7960, .T. ) ;
#2154 = ORIENTED_EDGE ( 'NONE', *, *, #2914, .T. ) ;
#2155 = ORIENTED_EDGE ( 'NONE', *, *, #6733, .T. ) ;
#2156 = CARTESIAN_POINT ( 'NONE',  ( -1.750000000000000666, -0.08500000000000003386, 1.939563312323252742 ) ) ;
#2157 = DIRECTION ( 'NONE',  ( 0.000000000000000000, 0.000000000000000000, -1.000000000000000000 ) ) ;
#2158 = VECTOR ( 'NONE', #229, 1000.000000000000000 ) ;
#2159 = ORIENTED_EDGE ( 'NONE', *, *, #2136, .T. ) ;
#2160 = ORIENTED_EDGE ( 'NONE', *, *, #11570, .F. ) ;
#2161 = DIRECTION ( 'NONE',  ( 0.000000000000000000, 0.000000000000000000, -1.000000000000000000 ) ) ;
#2162 = CARTESIAN_POINT ( 'NONE',  ( 0.7899999999999999245, -0.4013101249739610688, -0.03219748989621229462 ) ) ;
#2163 = PLANE ( 'NONE',  #7231 ) ;
#2164 = CARTESIAN_POINT ( 'NONE',  ( 1.714999999999998970, -0.1970818674976695384, 2.577702366059668293 ) ) ;
#2165 = CARTESIAN_POINT ( 'NONE',  ( -3.365000000000000657, -0.2334590321417877590, 2.124296695724089634 ) ) ;
#2166 = ORIENTED_EDGE ( 'NONE', *, *, #6295, .F. ) ;
#2167 = CARTESIAN_POINT ( 'NONE',  ( -3.330000000000000515, 0.000000000000000000, 1.949999999999999956 ) ) ;
#2168 = CARTESIAN_POINT ( 'NONE',  ( -0.7900000000000003686, -0.08500000000000000611, 0.000000000000000000 ) ) ;
#2169 = DIRECTION ( 'NONE',  ( 1.000000000000000000, -0.000000000000000000, 0.000000000000000000 ) ) ;
#2170 = CARTESIAN_POINT ( 'NONE',  ( -3.020000000000000462, 0.000000000000000000, -1.949999999999999956 ) ) ;
#2171 = DIRECTION ( 'NONE',  ( 1.000000000000000000, -0.000000000000000000, 0.000000000000000000 ) ) ;
#2172 = EDGE_CURVE ( 'NONE', #4380, #5923, #3968, .T. ) ;
#2173 = UNCERTAINTY_MEASURE_WITH_UNIT (LENGTH_MEASURE( 1.000000000000000082E-05 ), #8714, 'distance_accuracy_value', 'NONE');
#2174 = CYLINDRICAL_SURFACE ( 'NONE', #5090, 0.2861149196957549767 ) ;
#2175 = DIRECTION ( 'NONE',  ( 1.000000000000000000, -0.000000000000000000, 0.000000000000000000 ) ) ;
#2176 = ORIENTED_EDGE ( 'NONE', *, *, #7210, .T. ) ;
#2177 = EDGE_CURVE ( 'NONE', #4531, #5701, #7601, .T. ) ;
#2178 = DIRECTION ( 'NONE',  ( 0.000000000000000000, 5.037375692079792934E-15, 1.000000000000000000 ) ) ;
#2179 = DIRECTION ( 'NONE',  ( -0.000000000000000000, 0.9925461516413219831, 0.1218693434051477537 ) ) ;
#2180 = ORIENTED_EDGE ( 'NONE', *, *, #11740, .F. ) ;
#2181 = ORIENTED_EDGE ( 'NONE', *, *, #2541, .F. ) ;
#2182 = CARTESIAN_POINT ( 'NONE',  ( -0.7900000000000003686, 0.2178238306527182089, 2.714960358193412304 ) ) ;
#2183 = ORIENTED_EDGE ( 'NONE', *, *, #6786, .T. ) ;
#2184 = ORIENTED_EDGE ( 'NONE', *, *, #7276, .T. ) ;
#2185 = CARTESIAN_POINT ( 'NONE',  ( 0.4799999999999999267, -0.1834862943212428044, -2.747157848089624821 ) ) ;
#2186 = ADVANCED_FACE ( 'NONE', ( #6716 ), #2174, .T. ) ;
#2187 = CARTESIAN_POINT ( 'NONE',  ( 2.994999999999999218, -0.1970818674976518858, -2.577702366059666961 ) ) ;
#2188 = FACE_OUTER_BOUND ( 'NONE', #1242, .T. ) ;
#2189 = EDGE_CURVE ( 'NONE', #10963, #2506, #10864, .T. ) ;
#2190 = CARTESIAN_POINT ( 'NONE',  ( 0.7899999999999999245, -0.1970818674976783924, 2.577702366059669181 ) ) ;
#2191 = EDGE_CURVE ( 'NONE', #4413, #2056, #8810, .T. ) ;
#2192 = LINE ( 'NONE', #11203, #741 ) ;
#2193 = CARTESIAN_POINT ( 'NONE',  ( -4.600000000000000533, -0.4532685607873790379, 2.870861070673345061 ) ) ;
#2194 = VERTEX_POINT ( 'NONE', #4217 ) ;
#2195 = VERTEX_POINT ( 'NONE', #4144 ) ;
#2196 = ORIENTED_EDGE ( 'NONE', *, *, #7803, .F. ) ;
#2197 = ORIENTED_EDGE ( 'NONE', *, *, #8763, .T. ) ;
#2198 = CARTESIAN_POINT ( 'NONE',  ( -4.290000000000000036, -0.5549999999999849498, -2.795743509104209498E-15 ) ) ;
#2199 = CARTESIAN_POINT ( 'NONE',  ( -4.600000000000000533, -0.4750000000000020872, 2.599999999999999645 ) ) ;
#2200 = EDGE_CURVE ( 'NONE', #6039, #10674, #2610, .T. ) ;
#2201 = DIRECTION ( 'NONE',  ( 0.000000000000000000, 1.679125230693258263E-15, -1.000000000000000000 ) ) ;
#2202 = LINE ( 'NONE', #9302, #10915 ) ;
#2203 = DIRECTION ( 'NONE',  ( 0.000000000000000000, -0.9967969531173912490, 0.07997395986122753098 ) ) ;
#2204 = CARTESIAN_POINT ( 'NONE',  ( -1.750000000000000666, -0.7250000000000049738, -1.217365792252620583E-15 ) ) ;
#2205 = DIRECTION ( 'NONE',  ( 0.000000000000000000, 1.679125230693258263E-15, 1.000000000000000000 ) ) ;
#2206 = VERTEX_POINT ( 'NONE', #3562 ) ;
#2207 = VERTEX_POINT ( 'NONE', #7851 ) ;
#2208 = VERTEX_POINT ( 'NONE', #11747 ) ;
#2209 = ORIENTED_EDGE ( 'NONE', *, *, #8755, .F. ) ;
#2210 = LINE ( 'NONE', #6694, #8522 ) ;
#2211 = DIRECTION ( 'NONE',  ( 0.000000000000000000, 0.000000000000000000, -1.000000000000000000 ) ) ;
#2212 = VERTEX_POINT ( 'NONE', #7783 ) ;
#2213 = ORIENTED_EDGE ( 'NONE', *, *, #11142, .F. ) ;
#2214 = CARTESIAN_POINT ( 'NONE',  ( 3.019999999999999574, -0.4614044268235938384, -2.769455482029957061 ) ) ;
#2215 = ADVANCED_FACE ( 'NONE', ( #1784 ), #2360, .T. ) ;
#2216 = CARTESIAN_POINT ( 'NONE',  ( -4.600000000000000533, -0.5550000000000000488, -3.000000000000000000 ) ) ;
#2217 = PLANE ( 'NONE',  #9368 ) ;
#2218 = CARTESIAN_POINT ( 'NONE',  ( 0.7899999999999999245, -0.7249999999999999778, 3.000000000000000000 ) ) ;
#2219 = VERTEX_POINT ( 'NONE', #5428 ) ;
#2220 = PLANE ( 'NONE',  #9887 ) ;
#2221 = CARTESIAN_POINT ( 'NONE',  ( 3.329999999999999627, 0.000000000000000000, 0.000000000000000000 ) ) ;
#2222 = ORIENTED_EDGE ( 'NONE', *, *, #8967, .T. ) ;
#2223 = CARTESIAN_POINT ( 'NONE',  ( -4.600000000000000533, -0.1782331765923089728, 2.746736385498786515 ) ) ;
#2224 =( NAMED_UNIT ( * ) PLANE_ANGLE_UNIT ( ) SI_UNIT ( $, .RADIAN. ) );
#2225 = CARTESIAN_POINT ( 'NONE',  ( 2.984999999999998987, -0.1834862943212517139, 2.747157848089625265 ) ) ;
#2226 = CIRCLE ( 'NONE', #2774, 0.1017314392126205669 ) ;
#2227 = LINE ( 'NONE', #2355, #3612 ) ;
#2228 = CARTESIAN_POINT ( 'NONE',  ( 2.094999999999999307, -0.4826582704211001551, 2.144290185689394335 ) ) ;
#2229 = CARTESIAN_POINT ( 'NONE',  ( 0.4799999999999999267, -0.1970818674976784757, 2.577702366059669181 ) ) ;
#2230 = FACE_OUTER_BOUND ( 'NONE', #6764, .T. ) ;
#2231 = DIRECTION ( 'NONE',  ( 0.000000000000000000, 0.9967969531173912490, 0.07997395986122911304 ) ) ;
#2232 = ORIENTED_EDGE ( 'NONE', *, *, #7124, .F. ) ;
#2233 = DIRECTION ( 'NONE',  ( 1.000000000000000000, 0.000000000000000000, 0.000000000000000000 ) ) ;
#2234 = ADVANCED_FACE ( 'NONE', ( #3631 ), #7271, .F. ) ;
#2235 = CARTESIAN_POINT ( 'NONE',  ( 1.749999999999999778, -0.6505093632533088810, -0.05219097986151956942 ) ) ;
#2236 = VERTEX_POINT ( 'NONE', #3254 ) ;
#2237 = ORIENTED_EDGE ( 'NONE', *, *, #6392, .F. ) ;
#2238 = DIRECTION ( 'NONE',  ( 0.000000000000000000, 0.07997395986122911304, -0.9967969531173912490 ) ) ;
#2239 = VECTOR ( 'NONE', #8418, 1000.000000000000000 ) ;
#2240 = ADVANCED_FACE ( 'NONE', ( #10804 ), #8744, .T. ) ;
#2241 = ORIENTED_EDGE ( 'NONE', *, *, #10032, .F. ) ;
#2242 = EDGE_LOOP ( 'NONE', ( #208, #4137, #11762, #1240, #1827, #325, #419, #4412, #1713, #2160, #8096, #3038 ) ) ;
#2243 = DIRECTION ( 'NONE',  ( 0.000000000000000000, 0.000000000000000000, -1.000000000000000000 ) ) ;
#2244 = LINE ( 'NONE', #4369, #7028 ) ;
#2245 = DIRECTION ( 'NONE',  ( 0.000000000000000000, 0.000000000000000000, -1.000000000000000000 ) ) ;
#2246 = VECTOR ( 'NONE', #11100, 1000.000000000000114 ) ;
#2247 = EDGE_CURVE ( 'NONE', #3959, #7773, #4471, .T. ) ;
#2248 = LINE ( 'NONE', #11202, #5320 ) ;
#2249 = CARTESIAN_POINT ( 'NONE',  ( -3.355000000000000426, -0.4326855326005906166, -2.767151338054931742 ) ) ;
#2250 = DIRECTION ( 'NONE',  ( 0.000000000000000000, 0.000000000000000000, -1.000000000000000000 ) ) ;
#2251 = EDGE_CURVE ( 'NONE', #8481, #7809, #6320, .T. ) ;
#2252 = ORIENTED_EDGE ( 'NONE', *, *, #9260, .F. ) ;
#2253 = ORIENTED_EDGE ( 'NONE', *, *, #10684, .T. ) ;
#2254 = EDGE_LOOP ( 'NONE', ( #10591, #10872, #4401, #5686, #7560, #6673, #11543, #1601, #7954, #101, #7358, #697 ) ) ;
#2255 = ORIENTED_EDGE ( 'NONE', *, *, #8742, .T. ) ;
#2256 = CARTESIAN_POINT ( 'NONE',  ( -1.725000000000000755, -0.4462811057769996981, -2.597695856024973882 ) ) ;
#2257 = ADVANCED_FACE ( 'NONE', ( #1726 ), #7151, .T. ) ;
#2258 = CARTESIAN_POINT ( 'NONE',  ( 0.7899999999999999245, 0.08500000000000000611, 0.000000000000000000 ) ) ;
#2259 = VECTOR ( 'NONE', #448, 1000.000000000000114 ) ;
#2260 = CARTESIAN_POINT ( 'NONE',  ( 2.059999999999999609, 0.000000000000000000, 0.000000000000000000 ) ) ;
#2261 = CARTESIAN_POINT ( 'NONE',  ( 3.329999999999999627, -0.08500000000000000611, 2.461537905304634677 ) ) ;
#2262 = VECTOR ( 'NONE', #5279, 999.9999999999998863 ) ;
#2263 = CARTESIAN_POINT ( 'NONE',  ( 0.4549999999999996825, -0.1834862943212428044, -2.747157848089624821 ) ) ;
#2264 = CARTESIAN_POINT ( 'NONE',  ( 4.289999999999999147, -0.4532685607873790379, 2.870861070673345061 ) ) ;
#2265 = ORIENTED_EDGE ( 'NONE', *, *, #619, .T. ) ;
#2266 = EDGE_CURVE ( 'NONE', #6888, #5486, #1898, .T. ) ;
#2267 = ORIENTED_EDGE ( 'NONE', *, *, #5520, .F. ) ;
#2268 = MECHANICAL_DESIGN_GEOMETRIC_PRESENTATION_REPRESENTATION (  '', ( #6448 ), #6838 ) ;
#2269 = ORIENTED_EDGE ( 'NONE', *, *, #6788, .T. ) ;
#2270 = ORIENTED_EDGE ( 'NONE', *, *, #5999, .T. ) ;
#2271 = DIRECTION ( 'NONE',  ( -0.000000000000000000, -0.9925461516413219831, 0.1218693434051477537 ) ) ;
#2272 = CARTESIAN_POINT ( 'NONE',  ( -1.750000000000000666, -0.4326855326005907276, -2.767151338054931742 ) ) ;
#2273 = ORIENTED_EDGE ( 'NONE', *, *, #5466, .F. ) ;
#2274 = DIRECTION ( 'NONE',  ( 0.000000000000000000, -0.9967969531173912490, 0.07997395986122909917 ) ) ;
#2275 = CLOSED_SHELL ( 'NONE', ( #282, #1008, #7266, #5450, #1241, #11389, #6172, #10329, #10007, #5664, #11654, #7733, #4315, #5924, #8456, #3378, #11730, #127, #9869, #8488, #8558, #7150, #2401, #5226, #4291, #584, #8160, #7816, #11238, #4489, #7568, #6491, #9571, #6574, #6356, #2111, #3490, #2257, #7434, #7308, #11318, #10780, #8150, #2795, #2966, #8894, #8717, #3300, #8372, #4686, #7070, #9385, #10749, #9689, #10639, #8976, #3505, #6937, #5159, #7325, #769, #3081, #9429, #2810, #3675, #9483, #8896, #4056, #6989, #11010, #6151, #350, #3507, #8818, #7010, #11581, #365, #5834, #2234, #3621, #5632, #8359, #6214, #2752, #7756, #11727, #3765, #7723, #4516, #4533, #5871, #10049, #8898, #3397, #2186, #9843, #4449, #73, #9969, #5091, #11528, #3733, #6441, #5233, #11378, #1092, #5607, #7657, #5307, #2328, #6813, #7078, #5321, #6344, #7498, #6309, #8949, #5493, #11248, #5391, #7145, #7179, #5425, #2929, #1171, #11012, #2407, #10828, #8451, #4667, #7062, #2745, #1420, #2531, #714, #27, #10503, #7741, #1534, #1620, #11519, #9772, #10396, #4638, #8661, #10933, #305, #1459, #5322, #11665, #875, #8167, #5351, #10371, #1957, #9522, #4608, #9580, #2900, #1032, #11613, #227, #4661, #9590, #6770, #4400, #9498, #9770, #10384, #2389, #1233, #1670, #1532, #17, #9495, #647, #11788, #6390, #3322, #708, #1017, #10449, #2396, #5, #5602, #2084, #506, #2999, #4443, #9157, #2730, #8329, #8617, #132, #8465, #7796, #3785, #5543, #8173, #3933, #11487, #3118, #8831, #1749, #7649, #5184, #9069, #6324, #3866, #1514, #4437, #4383, #7506, #1142, #6867, #6257, #4703, #5068, #8434, #1969, #3860, #3347, #3949, #4161, #7233, #8942, #7753, #6889, #1043, #3792, #10940, #11155, #7350, #10928, #3715, #4496, #3070, #5101, #5903, #10072, #7140, #1074, #6836, #3710, #8683, #9602, #8377, #2689, #5299, #5253, #726, #7244, #4853, #10043, #10995, #574, #906, #8909, #2511, #1179, #3626, #5250, #4718, #2744, #2118, #6135, #4505, #6314, #7664, #1714, #8437, #669, #1190, #9459, #4726, #9237, #7135, #10960, #11468, #3213, #2980, #1065, #3132, #605, #11083, #3534, #9290, #10732, #4175, #10985, #5314, #3342, #10150, #4652, #5894, #5452, #10646, #11443, #4828, #10583, #5052, #7740, #3934, #8226, #5149, #1658, #8514, #2240, #6555, #7297, #5566, #2831, #278, #3580, #7354, #3565, #2422, #4586, #10522, #1734, #1369, #1913, #4837, #2215, #10751, #10461, #3550, #6510, #6360, #511, #9856, #3697, #341, #9906, #11060, #10553, #11185, #6201, #3414, #853, #11091, #528, #11289, #8298, #3709, #7810, #6025, #8069, #9111, #3767 ) ) ;
#2276 = DIRECTION ( 'NONE',  ( 1.000000000000000000, 0.000000000000000000, 0.000000000000000000 ) ) ;
#2277 = DIRECTION ( 'NONE',  ( 1.000000000000000000, -0.000000000000000000, 0.000000000000000000 ) ) ;
#2278 = VECTOR ( 'NONE', #11483, 1000.000000000000000 ) ;
#2279 = STYLED_ITEM ( 'NONE', ( #4566 ), #10780 ) ;
#2280 = DIRECTION ( 'NONE',  ( 1.000000000000000000, 0.000000000000000000, -0.000000000000000000 ) ) ;
#2281 = DIRECTION ( 'NONE',  ( 0.000000000000000000, 0.07997395986122909917, 0.9967969531173911379 ) ) ;
#2282 = VECTOR ( 'NONE', #3998, 1000.000000000000000 ) ;
#2283 = ORIENTED_EDGE ( 'NONE', *, *, #11668, .F. ) ;
#2284 = EDGE_CURVE ( 'NONE', #11522, #388, #5549, .T. ) ;
#2285 = DIRECTION ( 'NONE',  ( 0.000000000000000000, -0.000000000000000000, -1.000000000000000000 ) ) ;
#2286 = AXIS2_PLACEMENT_3D ( 'NONE', #4882, #6731, #1292 ) ;
#2287 = LINE ( 'NONE', #9332, #8198 ) ;
#2288 = ORIENTED_EDGE ( 'NONE', *, *, #8470, .T. ) ;
#2289 = EDGE_CURVE ( 'NONE', #1963, #5697, #8476, .T. ) ;
#2290 = DIRECTION ( 'NONE',  ( 0.000000000000000000, 0.000000000000000000, -1.000000000000000000 ) ) ;
#2291 = ORIENTED_EDGE ( 'NONE', *, *, #9285, .F. ) ;
#2292 = EDGE_CURVE ( 'NONE', #6723, #2617, #232, .T. ) ;
#2293 = DIRECTION ( 'NONE',  ( 0.000000000000000000, 1.679125230693258263E-15, -1.000000000000000000 ) ) ;
#2294 = VECTOR ( 'NONE', #2201, 1000.000000000000000 ) ;
#2295 = CARTESIAN_POINT ( 'NONE',  ( 3.329999999999999627, -0.1834862943212517139, 2.747157848089625265 ) ) ;
#2296 = PLANE ( 'NONE',  #6102 ) ;
#2297 = AXIS2_PLACEMENT_3D ( 'NONE', #8083, #2816, #7249 ) ;
#2298 = CIRCLE ( 'NONE', #8187, 0.1017314392126205669 ) ;
#2299 = VECTOR ( 'NONE', #4017, 1000.000000000000000 ) ;
#2300 = DIRECTION ( 'NONE',  ( 0.000000000000000000, -0.1218693434051477537, 0.9925461516413219831 ) ) ;
#2301 = LINE ( 'NONE', #10554, #540 ) ;
#2302 = ORIENTED_EDGE ( 'NONE', *, *, #5265, .T. ) ;
#2303 = EDGE_CURVE ( 'NONE', #2503, #1427, #2911, .T. ) ;
#2304 = LINE ( 'NONE', #9660, #1110 ) ;
#2305 = LINE ( 'NONE', #3187, #8387 ) ;
#2306 = ORIENTED_EDGE ( 'NONE', *, *, #10938, .F. ) ;
#2307 = ORIENTED_EDGE ( 'NONE', *, *, #8790, .T. ) ;
#2308 = CARTESIAN_POINT ( 'NONE',  ( -3.330000000000000071, -0.08500000000000000611, -2.461537905304634677 ) ) ;
#2309 = VECTOR ( 'NONE', #2597, 1000.000000000000000 ) ;
#2310 = VERTEX_POINT ( 'NONE', #2850 ) ;
#2311 = VECTOR ( 'NONE', #124, 1000.000000000000114 ) ;
#2312 = ORIENTED_EDGE ( 'NONE', *, *, #2743, .T. ) ;
#2313 = DIRECTION ( 'NONE',  ( 0.000000000000000000, 0.9967969531173912490, 0.07997395986122911304 ) ) ;
#2314 = DIRECTION ( 'NONE',  ( -1.000000000000000000, 0.000000000000000000, -0.000000000000000000 ) ) ;
#2315 = AXIS2_PLACEMENT_3D ( 'NONE', #1983, #847, #8987 ) ;
#2316 = VECTOR ( 'NONE', #259, 1000.000000000000114 ) ;
#2317 = DIRECTION ( 'NONE',  ( 0.000000000000000000, -0.9967969531173912490, 0.07997395986122736444 ) ) ;
#2318 = DIRECTION ( 'NONE',  ( 0.000000000000000000, 0.07997395986122911304, -0.9967969531173912490 ) ) ;
#2319 = LINE ( 'NONE', #4168, #3587 ) ;
#2320 = ORIENTED_EDGE ( 'NONE', *, *, #8261, .F. ) ;
#2321 = ORIENTED_EDGE ( 'NONE', *, *, #4163, .F. ) ;
#2322 = ORIENTED_EDGE ( 'NONE', *, *, #330, .T. ) ;
#2323 = ORIENTED_EDGE ( 'NONE', *, *, #1073, .T. ) ;
#2324 = DIRECTION ( 'NONE',  ( -1.000000000000000000, 0.000000000000000000, 0.000000000000000000 ) ) ;
#2325 = CARTESIAN_POINT ( 'NONE',  ( 4.873259649435684793, -0.6250000000000000000, -1.873259649435684349 ) ) ;
#2326 = APPLICATION_PROTOCOL_DEFINITION ( 'draft international standard', 'automotive_design', 1998, #1782 ) ;
#2327 = LINE ( 'NONE', #2381, #39 ) ;
#2328 = ADVANCED_FACE ( 'NONE', ( #3810 ), #9304, .T. ) ;
#2329 = DIRECTION ( 'NONE',  ( 1.000000000000000000, 0.000000000000000000, 0.000000000000000000 ) ) ;
#2330 = CARTESIAN_POINT ( 'NONE',  ( 1.749999999999999778, -0.4750000000000020872, -2.599999999999999645 ) ) ;
#2331 = CARTESIAN_POINT ( 'NONE',  ( -0.8250000000000010658, -0.1834862943212781650, 2.747157848089627041 ) ) ;
#2332 = ORIENTED_EDGE ( 'NONE', *, *, #746, .F. ) ;
#2333 = EDGE_CURVE ( 'NONE', #5723, #888, #6500, .T. ) ;
#2334 = VERTEX_POINT ( 'NONE', #10146 ) ;
#2335 = ORIENTED_EDGE ( 'NONE', *, *, #11043, .F. ) ;
#2336 = LINE ( 'NONE', #10531, #9360 ) ;
#2337 = EDGE_LOOP ( 'NONE', ( #4741, #8435, #3538, #1728, #8863, #10904, #6809, #3375, #6810, #5310, #11675, #6133 ) ) ;
#2338 = EDGE_CURVE ( 'NONE', #1982, #2128, #4699, .T. ) ;
#2339 = FACE_OUTER_BOUND ( 'NONE', #10020, .T. ) ;
#2340 = AXIS2_PLACEMENT_3D ( 'NONE', #195, #3905, #2996 ) ;
#2341 = CARTESIAN_POINT ( 'NONE',  ( -3.330000000000000071, 0.2178238306527182089, 2.714960358193412304 ) ) ;
#2342 = DIRECTION ( 'NONE',  ( 1.000000000000000000, 0.000000000000000000, 0.000000000000000000 ) ) ;
#2343 = DIRECTION ( 'NONE',  ( 1.000000000000000000, -0.000000000000000000, 0.000000000000000000 ) ) ;
#2344 = CARTESIAN_POINT ( 'NONE',  ( -1.750000000000000666, 0.000000000000000000, 1.949999999999999956 ) ) ;
#2345 = EDGE_CURVE ( 'NONE', #7773, #5418, #3735, .T. ) ;
#2346 = EDGE_LOOP ( 'NONE', ( #2369, #7196, #4498, #3436, #6229, #1989, #6974, #2166 ) ) ;
#2347 = VECTOR ( 'NONE', #7320, 1000.000000000000000 ) ;
#2348 = EDGE_CURVE ( 'NONE', #1521, #2583, #1275, .T. ) ;
#2349 = FACE_OUTER_BOUND ( 'NONE', #2130, .T. ) ;
#2350 = LINE ( 'NONE', #488, #329 ) ;
#2351 = ORIENTED_EDGE ( 'NONE', *, *, #4996, .F. ) ;
#2352 = DIRECTION ( 'NONE',  ( -0.1209742911513548291, -0.9852565360152931717, -0.1209742911513548430 ) ) ;
#2353 = ORIENTED_EDGE ( 'NONE', *, *, #5462, .T. ) ;
#2354 = CARTESIAN_POINT ( 'NONE',  ( 0.8149999999999997247, -0.1970818674976526075, -2.577702366059666961 ) ) ;
#2355 = CARTESIAN_POINT ( 'NONE',  ( 1.749999999999999778, 0.08500000000000000611, 0.000000000000000000 ) ) ;
#2356 = CARTESIAN_POINT ( 'NONE',  ( -0.7900000000000003686, -0.4532685607873790379, 2.870861070673345061 ) ) ;
#2357 = CIRCLE ( 'NONE', #1758, 0.1017314392126205669 ) ;
#2358 = CARTESIAN_POINT ( 'NONE',  ( 1.749999999999999778, -0.5549999999999849498, -2.795743509104209498E-15 ) ) ;
#2359 = EDGE_CURVE ( 'NONE', #3666, #3023, #46, .T. ) ;
#2360 = PLANE ( 'NONE',  #10981 ) ;
#2361 = DIRECTION ( 'NONE',  ( 0.000000000000000000, -0.9967969531173912490, -0.07997395986122736444 ) ) ;
#2362 = ORIENTED_EDGE ( 'NONE', *, *, #732, .F. ) ;
#2363 = LINE ( 'NONE', #5056, #10475 ) ;
#2364 = FACE_OUTER_BOUND ( 'NONE', #5219, .T. ) ;
#2365 = EDGE_LOOP ( 'NONE', ( #7444, #11569, #5740, #3887 ) ) ;
#2366 = AXIS2_PLACEMENT_3D ( 'NONE', #3558, #9961, #8228 ) ;
#2367 = ORIENTED_EDGE ( 'NONE', *, *, #4651, .F. ) ;
#2368 = DIRECTION ( 'NONE',  ( -1.000000000000000000, 0.000000000000000000, -0.000000000000000000 ) ) ;
#2369 = ORIENTED_EDGE ( 'NONE', *, *, #8079, .F. ) ;
#2370 = CARTESIAN_POINT ( 'NONE',  ( -0.7900000000000003686, -0.4532685607873790379, 2.870861070673345061 ) ) ;
#2371 = CARTESIAN_POINT ( 'NONE',  ( 0.4799999999999999267, -0.4532685607873790379, 2.870861070673345061 ) ) ;
#2372 = EDGE_CURVE ( 'NONE', #6058, #2207, #11156, .T. ) ;
#2373 = LINE ( 'NONE', #9668, #8765 ) ;
#2374 = PLANE ( 'NONE',  #2077 ) ;
#2375 = ORIENTED_EDGE ( 'NONE', *, *, #8800, .F. ) ;
#2376 = ORIENTED_EDGE ( 'NONE', *, *, #215, .F. ) ;
#2377 = ORIENTED_EDGE ( 'NONE', *, *, #11439, .T. ) ;
#2378 = DIRECTION ( 'NONE',  ( 0.000000000000000000, -0.07997395986122909917, -0.9967969531173911379 ) ) ;
#2379 = DIRECTION ( 'NONE',  ( -1.000000000000000000, 0.000000000000000000, -0.000000000000000000 ) ) ;
#2380 =( NAMED_UNIT ( * ) SI_UNIT ( $, .STERADIAN. ) SOLID_ANGLE_UNIT ( ) );
#2381 = CARTESIAN_POINT ( 'NONE',  ( 1.714999999999998970, -0.4462811057770173506, 2.597695856024974770 ) ) ;
#2382 = CARTESIAN_POINT ( 'NONE',  ( 3.329999999999999627, -0.5549999999999849498, -2.795743509104209498E-15 ) ) ;
#2383 = CARTESIAN_POINT ( 'NONE',  ( -4.600000000000000533, 0.2178238306527182089, -2.714960358193412304 ) ) ;
#2384 = LINE ( 'NONE', #8045, #5126 ) ;
#2385 = ORIENTED_EDGE ( 'NONE', *, *, #9265, .T. ) ;
#2386 = ORIENTED_EDGE ( 'NONE', *, *, #6331, .F. ) ;
#2387 = DIRECTION ( 'NONE',  ( 0.000000000000000000, 1.679125230693258263E-15, -1.000000000000000000 ) ) ;
#2388 = ORIENTED_EDGE ( 'NONE', *, *, #6900, .T. ) ;
#2389 = ADVANCED_FACE ( 'NONE', ( #3680 ), #11030, .F. ) ;
#2390 = DIRECTION ( 'NONE',  ( 1.000000000000000000, -0.000000000000000000, 0.000000000000000000 ) ) ;
#2391 = DIRECTION ( 'NONE',  ( 0.000000000000000000, 5.037375692079792934E-15, -1.000000000000000000 ) ) ;
#2392 = FACE_OUTER_BOUND ( 'NONE', #3927, .T. ) ;
#2393 = DIRECTION ( 'NONE',  ( 1.000000000000000000, 0.000000000000000000, 0.000000000000000000 ) ) ;
#2394 = CARTESIAN_POINT ( 'NONE',  ( -3.330000000000000071, 0.000000000000000000, 0.000000000000000000 ) ) ;
#2395 = DIRECTION ( 'NONE',  ( 0.000000000000000000, 1.679125230693258263E-15, 1.000000000000000000 ) ) ;
#2396 = ADVANCED_FACE ( 'NONE', ( #6559 ), #5481, .F. ) ;
#2397 = ORIENTED_EDGE ( 'NONE', *, *, #2009, .F. ) ;
#2398 = DIRECTION ( 'NONE',  ( 1.000000000000000000, -0.000000000000000000, 0.000000000000000000 ) ) ;
#2399 = VERTEX_POINT ( 'NONE', #7322 ) ;
#2400 = DIRECTION ( 'NONE',  ( 1.000000000000000000, 0.000000000000000000, 0.000000000000000000 ) ) ;
#2401 = ADVANCED_FACE ( 'NONE', ( #1192 ), #7454, .T. ) ;
#2402 = DIRECTION ( 'NONE',  ( 1.000000000000000000, 0.000000000000000000, 0.000000000000000000 ) ) ;
#2403 = CARTESIAN_POINT ( 'NONE',  ( -3.330000000000000071, -0.2011149196957552621, 2.461537905304631568 ) ) ;
#2404 = CARTESIAN_POINT ( 'NONE',  ( -3.330000000000000071, 0.08500000000000000611, 2.461537905304632012 ) ) ;
#2405 = DIRECTION ( 'NONE',  ( 0.000000000000000000, 0.9967969531173911379, -0.07997395986122909917 ) ) ;
#2406 = EDGE_CURVE ( 'NONE', #7998, #3152, #7379, .T. ) ;
#2407 = ADVANCED_FACE ( 'NONE', ( #2782 ), #1055, .T. ) ;
#2408 = CARTESIAN_POINT ( 'NONE',  ( 0.4449999999999992295, -0.2334590321417611969, 2.124296695724087858 ) ) ;
#2409 = ORIENTED_EDGE ( 'NONE', *, *, #7678, .F. ) ;
#2410 = DIRECTION ( 'NONE',  ( 0.000000000000000000, -0.07997395986122911304, 0.9967969531173912490 ) ) ;
#2411 = DIRECTION ( 'NONE',  ( 1.000000000000000000, 0.000000000000000000, 0.000000000000000000 ) ) ;
#2412 = ORIENTED_EDGE ( 'NONE', *, *, #9566, .F. ) ;
#2413 = ORIENTED_EDGE ( 'NONE', *, *, #11400, .T. ) ;
#2414 = CARTESIAN_POINT ( 'NONE',  ( 4.289999999999999147, -0.2011149196957552621, 2.461537905304631568 ) ) ;
#2415 = EDGE_CURVE ( 'NONE', #8400, #5210, #3999, .T. ) ;
#2416 = ORIENTED_EDGE ( 'NONE', *, *, #8983, .F. ) ;
#2417 = CARTESIAN_POINT ( 'NONE',  ( -2.060000000000000497, 0.08500000000000000611, -1.939563312323252964 ) ) ;
#2418 = SURFACE_STYLE_USAGE ( .BOTH. , #3323 ) ;
#2419 = VECTOR ( 'NONE', #11683, 999.9999999999998863 ) ;
#2420 = CARTESIAN_POINT ( 'NONE',  ( 0.7899999999999999245, -0.7249999999999999778, -3.000000000000000000 ) ) ;
#2421 = LINE ( 'NONE', #11550, #5512 ) ;
#2422 = ADVANCED_FACE ( 'NONE', ( #7636 ), #11287, .T. ) ;
#2423 = EDGE_LOOP ( 'NONE', ( #6956, #10400, #9420, #480 ) ) ;
#2424 = VERTEX_POINT ( 'NONE', #597 ) ;
#2425 = ORIENTED_EDGE ( 'NONE', *, *, #4579, .T. ) ;
#2426 = CARTESIAN_POINT ( 'NONE',  ( -0.4800000000000003708, -0.4326855326006259772, 2.767151338054934406 ) ) ;
#2427 = VECTOR ( 'NONE', #11261, 999.9999999999998863 ) ;
#2428 = LINE ( 'NONE', #9727, #8460 ) ;
#2429 = CARTESIAN_POINT ( 'NONE',  ( 0.000000000000000000, 0.000000000000000000, 0.000000000000000000 ) ) ;
#2430 = DIRECTION ( 'NONE',  ( 0.000000000000000000, 1.679125230693258263E-15, 1.000000000000000000 ) ) ;
#2431 = CARTESIAN_POINT ( 'NONE',  ( 1.749999999999999778, -0.1918287497687165000, -2.577280903468829099 ) ) ;
#2432 = CARTESIAN_POINT ( 'NONE',  ( -3.020000000000000018, 0.2178238306527182089, -2.714960358193412304 ) ) ;
#2433 = CARTESIAN_POINT ( 'NONE',  ( -1.750000000000000666, -0.1834862943212869912, 2.747157848089627930 ) ) ;
#2434 = VERTEX_POINT ( 'NONE', #8779 ) ;
#2435 = ORIENTED_EDGE ( 'NONE', *, *, #3172, .F. ) ;
#2436 = ORIENTED_EDGE ( 'NONE', *, *, #8077, .F. ) ;
#2437 = LINE ( 'NONE', #3388, #11445 ) ;
#2438 = ORIENTED_EDGE ( 'NONE', *, *, #7845, .F. ) ;
#2439 = LINE ( 'NONE', #9744, #10129 ) ;
#2440 = LINE ( 'NONE', #4256, #9968 ) ;
#2441 = LINE ( 'NONE', #9583, #11049 ) ;
#2442 = CARTESIAN_POINT ( 'NONE',  ( 4.634999999999999787, -0.2334590321417346903, 2.124296695724086081 ) ) ;
#2443 = PLANE ( 'NONE',  #9743 ) ;
#2444 = EDGE_CURVE ( 'NONE', #3976, #1297, #3101, .T. ) ;
#2445 = VECTOR ( 'NONE', #4108, 1000.000000000000000 ) ;
#2446 = ORIENTED_EDGE ( 'NONE', *, *, #10288, .F. ) ;
#2447 = CARTESIAN_POINT ( 'NONE',  ( -3.330000000000000071, -0.08500000000000000611, 0.000000000000000000 ) ) ;
#2448 = VERTEX_POINT ( 'NONE', #1250 ) ;
#2449 = ORIENTED_EDGE ( 'NONE', *, *, #4900, .T. ) ;
#2450 = FACE_OUTER_BOUND ( 'NONE', #10934, .T. ) ;
#2451 = ORIENTED_EDGE ( 'NONE', *, *, #8642, .F. ) ;
#2452 = VECTOR ( 'NONE', #5517, 1000.000000000000000 ) ;
#2453 = VECTOR ( 'NONE', #8770, 1000.000000000000000 ) ;
#2454 = CARTESIAN_POINT ( 'NONE',  ( -4.600000000000000533, 0.08500000000000000611, -2.461537905304632012 ) ) ;
#2455 = PLANE ( 'NONE',  #9564 ) ;
#2456 = CIRCLE ( 'NONE', #4546, 0.1161149196957549368 ) ;
#2457 = CARTESIAN_POINT ( 'NONE',  ( -1.725000000000000755, -0.1834862943212428044, -2.747157848089624821 ) ) ;
#2458 = FACE_OUTER_BOUND ( 'NONE', #9246, .T. ) ;
#2459 = VECTOR ( 'NONE', #2923, 999.9999999999998863 ) ;
#2460 = AXIS2_PLACEMENT_3D ( 'NONE', #5457, #8207, #803 ) ;
#2461 = EDGE_CURVE ( 'NONE', #3009, #4004, #10523, .T. ) ;
#2462 = VECTOR ( 'NONE', #3324, 1000.000000000000000 ) ;
#2463 = VECTOR ( 'NONE', #9263, 999.9999999999998863 ) ;
#2464 = VERTEX_POINT ( 'NONE', #4246 ) ;
#2465 = DIRECTION ( 'NONE',  ( 0.000000000000000000, 0.000000000000000000, -1.000000000000000000 ) ) ;
#2466 = CARTESIAN_POINT ( 'NONE',  ( 4.289999999999999147, 0.08500000000000000611, 1.939563312323252964 ) ) ;
#2467 = ORIENTED_EDGE ( 'NONE', *, *, #9259, .F. ) ;
#2468 = VECTOR ( 'NONE', #9496, 1000.000000000000000 ) ;
#2469 = ORIENTED_EDGE ( 'NONE', *, *, #850, .T. ) ;
#2470 = FACE_OUTER_BOUND ( 'NONE', #1255, .T. ) ;
#2471 = EDGE_CURVE ( 'NONE', #10389, #4100, #10398, .T. ) ;
#2472 = ORIENTED_EDGE ( 'NONE', *, *, #4143, .F. ) ;
#2473 = CARTESIAN_POINT ( 'NONE',  ( 2.060000000000000053, 0.08500000000000001998, -1.939563312323252964 ) ) ;
#2474 = VECTOR ( 'NONE', #7908, 1000.000000000000000 ) ;
#2475 = AXIS2_PLACEMENT_3D ( 'NONE', #9923, #786, #2571 ) ;
#2476 = EDGE_CURVE ( 'NONE', #3760, #8945, #6026, .T. ) ;
#2477 = CARTESIAN_POINT ( 'NONE',  ( -4.950000000000000178, 0.000000000000000000, -1.949999999999999956 ) ) ;
#2478 = EDGE_CURVE ( 'NONE', #3910, #3006, #11216, .T. ) ;
#2479 = EDGE_CURVE ( 'NONE', #6397, #6987, #3033, .T. ) ;
#2480 = FACE_OUTER_BOUND ( 'NONE', #9510, .T. ) ;
#2481 = VECTOR ( 'NONE', #4918, 999.9999999999998863 ) ;
#2482 = AXIS2_PLACEMENT_3D ( 'NONE', #10562, #6125, #3476 ) ;
#2483 = DIRECTION ( 'NONE',  ( 0.000000000000000000, -0.9967969531173912490, 0.07997395986122909917 ) ) ;
#2484 = AXIS2_PLACEMENT_3D ( 'NONE', #11062, #8438, #3707 ) ;
#2485 = EDGE_CURVE ( 'NONE', #3413, #8945, #10451, .T. ) ;
#2486 = ORIENTED_EDGE ( 'NONE', *, *, #1833, .T. ) ;
#2487 = ORIENTED_EDGE ( 'NONE', *, *, #5267, .F. ) ;
#2488 = ORIENTED_EDGE ( 'NONE', *, *, #6857, .T. ) ;
#2489 = DIRECTION ( 'NONE',  ( 0.1218693434051477398, -0.9925461516413219831, 0.000000000000000000 ) ) ;
#2490 = CARTESIAN_POINT ( 'NONE',  ( 1.749999999999999778, -0.5550000000000000488, -3.000000000000000000 ) ) ;
#2491 = VECTOR ( 'NONE', #1832, 1000.000000000000114 ) ;
#2492 = AXIS2_PLACEMENT_3D ( 'NONE', #9405, #9339, #310 ) ;
#2493 = VECTOR ( 'NONE', #8988, 1000.000000000000114 ) ;
#2494 = CARTESIAN_POINT ( 'NONE',  ( -3.020000000000000018, -0.7250000000000049738, 1.217365792252620583E-15 ) ) ;
#2495 = EDGE_CURVE ( 'NONE', #1254, #5282, #6992, .T. ) ;
#2496 = CARTESIAN_POINT ( 'NONE',  ( -1.725000000000000755, -0.1834862943212428044, -2.747157848089624821 ) ) ;
#2497 = EDGE_CURVE ( 'NONE', #7987, #4236, #9500, .T. ) ;
#2498 = DIRECTION ( 'NONE',  ( 0.000000000000000000, 0.000000000000000000, -1.000000000000000000 ) ) ;
#2499 = CARTESIAN_POINT ( 'NONE',  ( -2.060000000000000497, 0.2042282574763048253, -2.545504876163455776 ) ) ;
#2500 = VERTEX_POINT ( 'NONE', #10340 ) ;
#2501 = VECTOR ( 'NONE', #5561, 1000.000000000000114 ) ;
#2502 = ORIENTED_EDGE ( 'NONE', *, *, #9616, .T. ) ;
#2503 = VERTEX_POINT ( 'NONE', #9677 ) ;
#2504 = PRESENTATION_LAYER_ASSIGNMENT (  '', '', ( #7656 ) ) ;
#2505 = DIRECTION ( 'NONE',  ( 0.000000000000000000, 0.000000000000000000, -1.000000000000000000 ) ) ;
#2506 = VERTEX_POINT ( 'NONE', #3158 ) ;
#2507 = LINE ( 'NONE', #7766, #5000 ) ;
#2508 = LINE ( 'NONE', #2341, #6929 ) ;
#2509 = DIRECTION ( 'NONE',  ( 0.000000000000000000, 0.000000000000000000, -1.000000000000000000 ) ) ;
#2510 = LINE ( 'NONE', #7889, #6111 ) ;
#2511 = ADVANCED_FACE ( 'NONE', ( #2150 ), #1489, .T. ) ;
#2512 = VERTEX_POINT ( 'NONE', #4181 ) ;
#2513 = DIRECTION ( 'NONE',  ( 1.000000000000000000, 0.000000000000000000, 0.000000000000000000 ) ) ;
#2514 = VERTEX_POINT ( 'NONE', #5796 ) ;
#2515 = CARTESIAN_POINT ( 'NONE',  ( 4.289999999999999147, -0.4750000000000020872, 2.599999999999999645 ) ) ;
#2516 = EDGE_LOOP ( 'NONE', ( #5433, #409, #6854, #2679 ) ) ;
#2517 = ORIENTED_EDGE ( 'NONE', *, *, #2345, .F. ) ;
#2518 = FACE_OUTER_BOUND ( 'NONE', #9894, .T. ) ;
#2519 = CARTESIAN_POINT ( 'NONE',  ( -2.095000000000001528, -0.1834862943212869912, 2.747157848089627930 ) ) ;
#2520 = DIRECTION ( 'NONE',  ( 0.000000000000000000, 0.000000000000000000, -1.000000000000000000 ) ) ;
#2521 = CARTESIAN_POINT ( 'NONE',  ( -4.635000000000000675, -0.1834862943213046715, 2.747157848089629262 ) ) ;
#2522 = VECTOR ( 'NONE', #63, 1000.000000000000000 ) ;
#2523 = VERTEX_POINT ( 'NONE', #1437 ) ;
#2524 = FACE_OUTER_BOUND ( 'NONE', #11078, .T. ) ;
#2525 = CARTESIAN_POINT ( 'NONE',  ( 2.059999999999999609, -0.4532685607873793709, -2.870861070673344617 ) ) ;
#2526 = ORIENTED_EDGE ( 'NONE', *, *, #8822, .T. ) ;
#2527 = CARTESIAN_POINT ( 'NONE',  ( 1.749999999999999778, -0.1970818674976519413, -2.577702366059666517 ) ) ;
#2528 = CIRCLE ( 'NONE', #7393, 0.2861149196957545326 ) ;
#2529 = VERTEX_POINT ( 'NONE', #5025 ) ;
#2530 = PLANE ( 'NONE',  #10883 ) ;
#2531 = ADVANCED_FACE ( 'NONE', ( #4896 ), #8529, .F. ) ;
#2532 = CARTESIAN_POINT ( 'NONE',  ( 3.364999999999998881, -0.4826582704210912178, 2.144290185689393446 ) ) ;
#2533 = EDGE_CURVE ( 'NONE', #933, #1197, #7757, .T. ) ;
#2534 = CARTESIAN_POINT ( 'NONE',  ( -0.7900000000000003686, 0.08500000000000000611, 0.000000000000000000 ) ) ;
#2535 = CARTESIAN_POINT ( 'NONE',  ( -2.060000000000000497, -0.7250000000000001998, 2.870861070673344617 ) ) ;
#2536 = PLANE ( 'NONE',  #173 ) ;
#2537 = VERTEX_POINT ( 'NONE', #2330 ) ;
#2538 = VERTEX_POINT ( 'NONE', #5078 ) ;
#2539 = ORIENTED_EDGE ( 'NONE', *, *, #10203, .F. ) ;
#2540 = ORIENTED_EDGE ( 'NONE', *, *, #4358, .F. ) ;
#2541 = EDGE_CURVE ( 'NONE', #504, #9542, #531, .T. ) ;
#2542 = CARTESIAN_POINT ( 'NONE',  ( 3.329999999999999627, -0.5549999999999993827, -2.870861070673345061 ) ) ;
#2543 = DIRECTION ( 'NONE',  ( 0.07537865839727350692, -0.6139099072633502630, 0.7857688487221492490 ) ) ;
#2544 = EDGE_CURVE ( 'NONE', #1710, #6750, #10847, .T. ) ;
#2545 = FACE_OUTER_BOUND ( 'NONE', #7603, .T. ) ;
#2546 = EDGE_CURVE ( 'NONE', #7983, #683, #7562, .T. ) ;
#2547 = LINE ( 'NONE', #2496, #10666 ) ;
#2548 = CARTESIAN_POINT ( 'NONE',  ( 3.019999999999999574, -0.4532685607873790379, -2.870861070673345061 ) ) ;
#2549 = CARTESIAN_POINT ( 'NONE',  ( -1.715000000000001190, -0.2334590321417788772, 2.124296695724089190 ) ) ;
#2550 = VERTEX_POINT ( 'NONE', #8881 ) ;
#2551 = ORIENTED_EDGE ( 'NONE', *, *, #10276, .T. ) ;
#2552 = VERTEX_POINT ( 'NONE', #9953 ) ;
#2553 = CARTESIAN_POINT ( 'NONE',  ( -4.600000000000000533, 0.000000000000000000, -1.949999999999999956 ) ) ;
#2554 = VERTEX_POINT ( 'NONE', #1768 ) ;
#2555 = EDGE_CURVE ( 'NONE', #6550, #2523, #3384, .T. ) ;
#2556 = LINE ( 'NONE', #11691, #2691 ) ;
#2557 = FACE_OUTER_BOUND ( 'NONE', #2516, .T. ) ;
#2558 = DIRECTION ( 'NONE',  ( -1.000000000000000000, 0.000000000000000000, -0.000000000000000000 ) ) ;
#2559 = CARTESIAN_POINT ( 'NONE',  ( -3.330000000000000071, -0.7249999999999999778, 3.000000000000000000 ) ) ;
#2560 = CARTESIAN_POINT ( 'NONE',  ( -4.600000000000000533, 0.000000000000000000, 0.000000000000000000 ) ) ;
#2561 = ORIENTED_EDGE ( 'NONE', *, *, #123, .T. ) ;
#2562 = LINE ( 'NONE', #8112, #4162 ) ;
#2563 = ORIENTED_EDGE ( 'NONE', *, *, #2991, .F. ) ;
#2564 = VERTEX_POINT ( 'NONE', #2660 ) ;
#2565 = CARTESIAN_POINT ( 'NONE',  ( 4.289999999999999147, 0.08500000000000000611, -1.939563312323252964 ) ) ;
#2566 = ORIENTED_EDGE ( 'NONE', *, *, #10661, .T. ) ;
#2567 = ORIENTED_EDGE ( 'NONE', *, *, #3779, .F. ) ;
#2568 = EDGE_CURVE ( 'NONE', #4281, #7264, #9735, .T. ) ;
#2569 = PLANE ( 'NONE',  #10843 ) ;
#2570 = CARTESIAN_POINT ( 'NONE',  ( -2.985000000000000764, -0.4826582704211354602, 2.144290185689396999 ) ) ;
#2571 = DIRECTION ( 'NONE',  ( 0.000000000000000000, -0.000000000000000000, -1.000000000000000000 ) ) ;
#2572 = ORIENTED_EDGE ( 'NONE', *, *, #9990, .F. ) ;
#2573 = FACE_OUTER_BOUND ( 'NONE', #1619, .T. ) ;
#2574 = CARTESIAN_POINT ( 'NONE',  ( -0.4800000000000003708, -0.6505093632533088810, -0.05219097986151956942 ) ) ;
#2575 = VERTEX_POINT ( 'NONE', #648 ) ;
#2576 = PLANE ( 'NONE',  #8574 ) ;
#2577 = ORIENTED_EDGE ( 'NONE', *, *, #5117, .T. ) ;
#2578 = CARTESIAN_POINT ( 'NONE',  ( 4.289999999999999147, -0.4532685607873790379, 2.870861070673345061 ) ) ;
#2579 = CARTESIAN_POINT ( 'NONE',  ( -4.290000000000000036, -0.6505093632533088810, -0.05219097986151956942 ) ) ;
#2580 = EDGE_CURVE ( 'NONE', #7026, #2399, #4407, .T. ) ;
#2581 = DIRECTION ( 'NONE',  ( 0.000000000000000000, 0.000000000000000000, -1.000000000000000000 ) ) ;
#2582 = DIRECTION ( 'NONE',  ( 0.000000000000000000, -0.9967969531173911379, -0.07997395986122908529 ) ) ;
#2583 = VERTEX_POINT ( 'NONE', #5193 ) ;
#2584 = ORIENTED_EDGE ( 'NONE', *, *, #8386, .F. ) ;
#2585 = ORIENTED_EDGE ( 'NONE', *, *, #10721, .T. ) ;
#2586 = ORIENTED_EDGE ( 'NONE', *, *, #5183, .T. ) ;
#2587 = CARTESIAN_POINT ( 'NONE',  ( -0.4800000000000003708, -0.1918287497687165000, -2.577280903468829099 ) ) ;
#2588 = VECTOR ( 'NONE', #2704, 1000.000000000000000 ) ;
#2589 = CARTESIAN_POINT ( 'NONE',  ( 3.329999999999999627, -0.7250000000000049738, 1.217365792252620583E-15 ) ) ;
#2590 = CARTESIAN_POINT ( 'NONE',  ( 3.019999999999999574, 0.000000000000000000, 0.000000000000000000 ) ) ;
#2591 = EDGE_CURVE ( 'NONE', #11582, #6914, #315, .T. ) ;
#2592 = CARTESIAN_POINT ( 'NONE',  ( 3.354999999999999538, -0.1834862943212428044, -2.747157848089624821 ) ) ;
#2593 = DIRECTION ( 'NONE',  ( 0.000000000000000000, 0.000000000000000000, -1.000000000000000000 ) ) ;
#2594 = VERTEX_POINT ( 'NONE', #6971 ) ;
#2595 = ORIENTED_EDGE ( 'NONE', *, *, #8396, .F. ) ;
#2596 = ORIENTED_EDGE ( 'NONE', *, *, #9997, .F. ) ;
#2597 = DIRECTION ( 'NONE',  ( 1.000000000000000000, 0.000000000000000000, -0.000000000000000000 ) ) ;
#2599 = ORIENTED_EDGE ( 'NONE', *, *, #9265, .F. ) ;
#2598 = VECTOR ( 'NONE', #6887, 1000.000000000000114 ) ;
#2600 = EDGE_CURVE ( 'NONE', #11435, #2594, #3541, .T. ) ;
#2601 = CARTESIAN_POINT ( 'NONE',  ( 4.289999999999999147, 0.2042282574763048253, -2.545504876163455776 ) ) ;
#2602 = DIRECTION ( 'NONE',  ( 0.000000000000000000, 0.000000000000000000, -1.000000000000000000 ) ) ;
#2603 = DIRECTION ( 'NONE',  ( 1.000000000000000000, 0.000000000000000000, 0.000000000000000000 ) ) ;
#2604 = EDGE_CURVE ( 'NONE', #3274, #10319, #8044, .T. ) ;
#2605 = CARTESIAN_POINT ( 'NONE',  ( 4.289999999999999147, -0.5549999999999993827, -2.870861070673345061 ) ) ;
#2606 = EDGE_CURVE ( 'NONE', #1841, #2424, #11444, .T. ) ;
#2607 = CARTESIAN_POINT ( 'NONE',  ( 3.019999999999999574, -0.7249999999999999778, 3.000000000000000000 ) ) ;
#2608 = AXIS2_PLACEMENT_3D ( 'NONE', #6433, #2018, #3684 ) ;
#2609 = EDGE_CURVE ( 'NONE', #3152, #9040, #7022, .T. ) ;
#2610 = LINE ( 'NONE', #4273, #1468 ) ;
#2611 = LINE ( 'NONE', #1409, #4526 ) ;
#2612 = VERTEX_POINT ( 'NONE', #1549 ) ;
#2613 = DIRECTION ( 'NONE',  ( 0.000000000000000000, 5.037375692079792934E-15, 1.000000000000000000 ) ) ;
#2614 = ORIENTED_EDGE ( 'NONE', *, *, #10135, .F. ) ;
#2615 = VERTEX_POINT ( 'NONE', #5238 ) ;
#2616 = DIRECTION ( 'NONE',  ( 0.000000000000000000, 0.000000000000000000, -1.000000000000000000 ) ) ;
#2617 = VERTEX_POINT ( 'NONE', #8939 ) ;
#2618 = ORIENTED_EDGE ( 'NONE', *, *, #8292, .T. ) ;
#2619 = DIRECTION ( 'NONE',  ( 1.000000000000000000, 0.000000000000000000, 0.000000000000000000 ) ) ;
#2620 = DIRECTION ( 'NONE',  ( 0.000000000000000000, 1.679125230693258263E-15, 1.000000000000000000 ) ) ;
#2621 = PLANE ( 'NONE',  #5381 ) ;
#2622 = AXIS2_PLACEMENT_3D ( 'NONE', #8585, #7501, #2250 ) ;
#2623 = EDGE_CURVE ( 'NONE', #11165, #3435, #865, .T. ) ;
#2624 = EDGE_CURVE ( 'NONE', #2858, #9570, #4339, .T. ) ;
#2625 = ORIENTED_EDGE ( 'NONE', *, *, #65, .T. ) ;
#2626 = AXIS2_PLACEMENT_3D ( 'NONE', #7057, #8020, #3582 ) ;
#2627 = CARTESIAN_POINT ( 'NONE',  ( -2.060000000000000497, -0.5550000000000000488, -3.000000000000000000 ) ) ;
#2628 = COLOUR_RGB ( '',0.2509803921568627416, 0.2509803921568627416, 0.2509803921568627416 ) ;
#2629 = FACE_OUTER_BOUND ( 'NONE', #9971, .T. ) ;
#2630 = ORIENTED_EDGE ( 'NONE', *, *, #4676, .F. ) ;
#2631 = DIRECTION ( 'NONE',  ( 0.000000000000000000, 1.000000000000000000, -1.679125230693258263E-15 ) ) ;
#2632 = VECTOR ( 'NONE', #2148, 1000.000000000000000 ) ;
#2633 = ORIENTED_EDGE ( 'NONE', *, *, #5234, .T. ) ;
#2634 = FACE_OUTER_BOUND ( 'NONE', #6019, .T. ) ;
#2635 = VECTOR ( 'NONE', #2690, 1000.000000000000000 ) ;
#2636 = CYLINDRICAL_SURFACE ( 'NONE', #9574, 0.1161149196957549368 ) ;
#2637 = AXIS2_PLACEMENT_3D ( 'NONE', #2871, #6575, #9330 ) ;
#2638 = AXIS2_PLACEMENT_3D ( 'NONE', #4799, #5755, #11306 ) ;
#2639 = EDGE_CURVE ( 'NONE', #4464, #5976, #8838, .T. ) ;
#2640 = AXIS2_PLACEMENT_3D ( 'NONE', #6363, #10006, #10957 ) ;
#2641 = CARTESIAN_POINT ( 'NONE',  ( 0.7899999999999999245, -0.4462811057769997536, -2.597695856024973882 ) ) ;
#2642 = DIRECTION ( 'NONE',  ( 0.000000000000000000, 0.000000000000000000, -1.000000000000000000 ) ) ;
#2643 = AXIS2_PLACEMENT_3D ( 'NONE', #1247, #4838, #7566 ) ;
#2644 = CARTESIAN_POINT ( 'NONE',  ( 0.4799999999999999267, -0.5549999999999849498, 2.795743509104209498E-15 ) ) ;
#2645 = DIRECTION ( 'NONE',  ( 0.000000000000000000, -1.000000000000000000, 0.000000000000000000 ) ) ;
#2646 = ORIENTED_EDGE ( 'NONE', *, *, #10474, .T. ) ;
#2647 = VECTOR ( 'NONE', #9552, 1000.000000000000000 ) ;
#2648 = AXIS2_PLACEMENT_3D ( 'NONE', #3400, #9649, #10473 ) ;
#2649 = ORIENTED_EDGE ( 'NONE', *, *, #450, .T. ) ;
#2650 = VERTEX_POINT ( 'NONE', #2592 ) ;
#2651 = CIRCLE ( 'NONE', #11624, 0.1161149196957549368 ) ;
#2652 = ORIENTED_EDGE ( 'NONE', *, *, #2139, .F. ) ;
#2653 = DIRECTION ( 'NONE',  ( 0.000000000000000000, 0.000000000000000000, -1.000000000000000000 ) ) ;
#2654 = LINE ( 'NONE', #7309, #7437 ) ;
#2655 = DIRECTION ( 'NONE',  ( 0.000000000000000000, 0.000000000000000000, -1.000000000000000000 ) ) ;
#2656 = AXIS2_PLACEMENT_3D ( 'NONE', #11542, #10655, #3258 ) ;
#2657 = AXIS2_PLACEMENT_3D ( 'NONE', #4967, #7826, #11521 ) ;
#2658 = CIRCLE ( 'NONE', #8787, 0.1017314392126205669 ) ;
#2659 = FILL_AREA_STYLE ('',( #11731 ) ) ;
#2660 = CARTESIAN_POINT ( 'NONE',  ( -0.8250000000000010658, -0.4462811057770350032, 2.597695856024976102 ) ) ;
#2661 = FACE_OUTER_BOUND ( 'NONE', #168, .T. ) ;
#2662 = ORIENTED_EDGE ( 'NONE', *, *, #9186, .F. ) ;
#2663 = ORIENTED_EDGE ( 'NONE', *, *, #359, .F. ) ;
#2664 = VERTEX_POINT ( 'NONE', #7087 ) ;
#2665 = LINE ( 'NONE', #4344, #4020 ) ;
#2666 = VERTEX_POINT ( 'NONE', #815 ) ;
#2667 = AXIS2_PLACEMENT_3D ( 'NONE', #2030, #11299, #430 ) ;
#2668 = AXIS2_PLACEMENT_3D ( 'NONE', #10773, #8754, #6221 ) ;
#2669 = AXIS2_PLACEMENT_3D ( 'NONE', #6301, #862, #29 ) ;
#2670 = DIRECTION ( 'NONE',  ( 0.000000000000000000, -0.9967969531173912490, -0.07997395986122909917 ) ) ;
#2671 = EDGE_CURVE ( 'NONE', #5460, #5978, #4458, .T. ) ;
#2672 = PLANE ( 'NONE',  #8580 ) ;
#2673 = CARTESIAN_POINT ( 'NONE',  ( 0.7899999999999999245, 0.2178238306527182089, -2.714960358193412304 ) ) ;
#2674 = DIRECTION ( 'NONE',  ( 0.000000000000000000, -0.9967969531173911379, 0.07997395986122909917 ) ) ;
#2675 = EDGE_CURVE ( 'NONE', #1095, #11077, #11732, .T. ) ;
#2676 = VECTOR ( 'NONE', #4711, 1000.000000000000000 ) ;
#2677 = VECTOR ( 'NONE', #5589, 1000.000000000000000 ) ;
#2678 = CARTESIAN_POINT ( 'NONE',  ( 3.019999999999999574, 0.000000000000000000, 0.000000000000000000 ) ) ;
#2679 = ORIENTED_EDGE ( 'NONE', *, *, #5388, .T. ) ;
#2680 = DIRECTION ( 'NONE',  ( 0.000000000000000000, -0.000000000000000000, -1.000000000000000000 ) ) ;
#2681 = ORIENTED_EDGE ( 'NONE', *, *, #2485, .F. ) ;
#2682 = EDGE_LOOP ( 'NONE', ( #6423, #3176, #11646, #1169 ) ) ;
#2683 = EDGE_CURVE ( 'NONE', #2594, #10793, #3547, .T. ) ;
#2684 = CARTESIAN_POINT ( 'NONE',  ( 3.329999999999999627, -0.4614044268235938384, -2.769455482029957061 ) ) ;
#2685 = LINE ( 'NONE', #4599, #1135 ) ;
#2686 = ORIENTED_EDGE ( 'NONE', *, *, #10201, .T. ) ;
#2687 = EDGE_LOOP ( 'NONE', ( #9280, #6618, #2585, #9836, #7707, #4207, #5448, #3486, #2425, #2633, #205, #11040 ) ) ;
#2688 = SURFACE_STYLE_USAGE ( .BOTH. , #5384 ) ;
#2689 = ADVANCED_FACE ( 'NONE', ( #11561 ), #1640, .F. ) ;
#2690 = DIRECTION ( 'NONE',  ( 1.000000000000000000, 0.000000000000000000, 0.000000000000000000 ) ) ;
#2691 = VECTOR ( 'NONE', #8950, 1000.000000000000000 ) ;
#2692 = DIRECTION ( 'NONE',  ( 0.000000000000000000, 0.000000000000000000, -1.000000000000000000 ) ) ;
#2693 = CARTESIAN_POINT ( 'NONE',  ( 3.019999999999999574, -0.08500000000000000611, 0.000000000000000000 ) ) ;
#2694 = EDGE_CURVE ( 'NONE', #8330, #3023, #33, .T. ) ;
#2695 = CARTESIAN_POINT ( 'NONE',  ( 0.4799999999999999267, -0.4750000000000020872, 2.599999999999999645 ) ) ;
#2696 = CARTESIAN_POINT ( 'NONE',  ( -1.750000000000000666, -0.7250000000000049738, 1.217365792252620583E-15 ) ) ;
#2697 = ORIENTED_EDGE ( 'NONE', *, *, #11466, .T. ) ;
#2698 = CARTESIAN_POINT ( 'NONE',  ( 4.289999999999999147, -0.000000000000000000, 3.000000000000000000 ) ) ;
#2699 = ORIENTED_EDGE ( 'NONE', *, *, #2495, .F. ) ;
#2700 = CARTESIAN_POINT ( 'NONE',  ( -3.330000000000000071, -0.4532685607873790379, 2.870861070673345061 ) ) ;
#2701 = EDGE_CURVE ( 'NONE', #2208, #8913, #1108, .T. ) ;
#2702 = VECTOR ( 'NONE', #6213, 1000.000000000000000 ) ;
#2703 = LINE ( 'NONE', #6348, #1546 ) ;
#2704 = DIRECTION ( 'NONE',  ( 0.000000000000000000, 1.000000000000000000, 0.000000000000000000 ) ) ;
#2705 = DIRECTION ( 'NONE',  ( 0.000000000000000000, 0.000000000000000000, -1.000000000000000000 ) ) ;
#2706 = DIRECTION ( 'NONE',  ( 0.000000000000000000, 0.000000000000000000, -1.000000000000000000 ) ) ;
#2707 = DIRECTION ( 'NONE',  ( 0.000000000000000000, -0.07997395986122909917, -0.9967969531173911379 ) ) ;
#2708 = VECTOR ( 'NONE', #5657, 1000.000000000000114 ) ;
#2709 = VERTEX_POINT ( 'NONE', #11086 ) ;
#2710 = ORIENTED_EDGE ( 'NONE', *, *, #3839, .T. ) ;
#2711 = EDGE_LOOP ( 'NONE', ( #10794, #6395, #6738, #7841 ) ) ;
#2712 = EDGE_CURVE ( 'NONE', #10126, #6590, #3722, .T. ) ;
#2713 = CARTESIAN_POINT ( 'NONE',  ( -4.950000000000000178, 0.000000000000000000, 1.949999999999999956 ) ) ;
#2714 = DIRECTION ( 'NONE',  ( 1.000000000000000000, 0.000000000000000000, -0.000000000000000000 ) ) ;
#2715 = AXIS2_PLACEMENT_3D ( 'NONE', #9381, #7509, #8523 ) ;
#2716 =( NAMED_UNIT ( * ) SI_UNIT ( $, .STERADIAN. ) SOLID_ANGLE_UNIT ( ) );
#2717 = LINE ( 'NONE', #6364, #9900 ) ;
#2718 = CARTESIAN_POINT ( 'NONE',  ( 1.749999999999999778, 0.2042282574763048253, 2.545504876163455776 ) ) ;
#2719 = ORIENTED_EDGE ( 'NONE', *, *, #655, .T. ) ;
#2720 = ORIENTED_EDGE ( 'NONE', *, *, #7771, .T. ) ;
#2721 = VERTEX_POINT ( 'NONE', #4759 ) ;
#2722 = FACE_OUTER_BOUND ( 'NONE', #11121, .T. ) ;
#2723 = CARTESIAN_POINT ( 'NONE',  ( -1.750000000000000666, -0.4532685607873790379, -2.870861070673345061 ) ) ;
#2724 = CARTESIAN_POINT ( 'NONE',  ( 0.4799999999999999267, 0.000000000000000000, -3.000000000000000000 ) ) ;
#2725 = LINE ( 'NONE', #3457, #5781 ) ;
#2726 = FACE_OUTER_BOUND ( 'NONE', #2917, .T. ) ;
#2727 = DIRECTION ( 'NONE',  ( 0.000000000000000000, 1.867464018106093513E-15, -1.000000000000000000 ) ) ;
#2728 = CARTESIAN_POINT ( 'NONE',  ( 1.749999999999999778, -0.5549999999999993827, 2.870861070673345061 ) ) ;
#2729 = ORIENTED_EDGE ( 'NONE', *, *, #4885, .T. ) ;
#2730 = ADVANCED_FACE ( 'NONE', ( #145 ), #3795, .F. ) ;
#2731 = DIRECTION ( 'NONE',  ( -1.000000000000000000, 0.000000000000000000, 0.000000000000000000 ) ) ;
#2732 = VERTEX_POINT ( 'NONE', #6487 ) ;
#2733 = ORIENTED_EDGE ( 'NONE', *, *, #4875, .T. ) ;
#2734 = DIRECTION ( 'NONE',  ( 0.000000000000000000, 0.000000000000000000, -1.000000000000000000 ) ) ;
#2735 = DIRECTION ( 'NONE',  ( -0.000000000000000000, 0.9925461516413219831, 0.1218693434051477537 ) ) ;
#2736 = ORIENTED_EDGE ( 'NONE', *, *, #1822, .T. ) ;
#2737 = ORIENTED_EDGE ( 'NONE', *, *, #1877, .T. ) ;
#2738 = DIRECTION ( 'NONE',  ( 0.000000000000000000, 1.000000000000000000, 0.000000000000000000 ) ) ;
#2739 = PLANE ( 'NONE',  #3027 ) ;
#2740 = FACE_OUTER_BOUND ( 'NONE', #391, .T. ) ;
#2741 = DIRECTION ( 'NONE',  ( 0.000000000000000000, -1.000000000000000000, 0.000000000000000000 ) ) ;
#2742 = CARTESIAN_POINT ( 'NONE',  ( 0.7899999999999999245, -0.08500000000000000611, -2.461537905304634677 ) ) ;
#2743 = EDGE_CURVE ( 'NONE', #8746, #8050, #7312, .T. ) ;
#2744 = ADVANCED_FACE ( 'NONE', ( #7258 ), #6545, .T. ) ;
#2745 = ADVANCED_FACE ( 'NONE', ( #7500 ), #2898, .T. ) ;
#2746 = CARTESIAN_POINT ( 'NONE',  ( 3.019999999999999574, -0.4532685607873790379, 2.870861070673345061 ) ) ;
#2747 = DIRECTION ( 'NONE',  ( 0.000000000000000000, 1.679125230693258263E-15, -1.000000000000000000 ) ) ;
#2748 = VERTEX_POINT ( 'NONE', #218 ) ;
#2749 = CARTESIAN_POINT ( 'NONE',  ( 0.7899999999999999245, 0.2042282574763048253, -2.545504876163455776 ) ) ;
#2750 = ORIENTED_EDGE ( 'NONE', *, *, #11313, .F. ) ;
#2751 = LINE ( 'NONE', #5508, #8603 ) ;
#2752 = ADVANCED_FACE ( 'NONE', ( #11791 ), #3863, .T. ) ;
#2753 = CARTESIAN_POINT ( 'NONE',  ( -0.7900000000000003686, -0.5549999999999993827, 2.870861070673345061 ) ) ;
#2754 = CARTESIAN_POINT ( 'NONE',  ( -4.950000000000000178, -0.08500000000000000611, 1.939563312323252964 ) ) ;
#2755 = EDGE_CURVE ( 'NONE', #9681, #6397, #10133, .T. ) ;
#2756 = CARTESIAN_POINT ( 'NONE',  ( 2.060000000000000053, 0.000000000000000000, -1.949999999999999956 ) ) ;
#2757 = EDGE_CURVE ( 'NONE', #3910, #7004, #87, .T. ) ;
#2758 = PRODUCT ( 'L9963T', 'L9963T', '', ( #9562 ) ) ;
#2759 = DIRECTION ( 'NONE',  ( 0.000000000000000000, -0.9967969531173912490, -0.07997395986122736444 ) ) ;
#2760 = DIRECTION ( 'NONE',  ( 1.000000000000000000, 0.000000000000000000, -0.000000000000000000 ) ) ;
#2761 = ORIENTED_EDGE ( 'NONE', *, *, #11373, .T. ) ;
#2762 = ORIENTED_EDGE ( 'NONE', *, *, #119, .T. ) ;
#2763 = ORIENTED_EDGE ( 'NONE', *, *, #989, .F. ) ;
#2764 = ORIENTED_EDGE ( 'NONE', *, *, #11538, .F. ) ;
#2765 = CARTESIAN_POINT ( 'NONE',  ( -1.750000000000000666, 0.08500000000000001998, 1.939563312323252964 ) ) ;
#2766 = EDGE_CURVE ( 'NONE', #947, #11385, #6601, .T. ) ;
#2767 = LINE ( 'NONE', #3494, #6336 ) ;
#2768 = PRESENTATION_STYLE_ASSIGNMENT (( #5358 ) ) ;
#2769 = EDGE_CURVE ( 'NONE', #1566, #5048, #2717, .T. ) ;
#2770 = CARTESIAN_POINT ( 'NONE',  ( 3.354999999999999538, -0.4813330637901492848, -2.160807586281502157 ) ) ;
#2771 = CARTESIAN_POINT ( 'NONE',  ( 0.4799999999999999267, -0.2011149196957552621, 2.461537905304631568 ) ) ;
#2772 = ORIENTED_EDGE ( 'NONE', *, *, #3764, .T. ) ;
#2773 = VERTEX_POINT ( 'NONE', #10008 ) ;
#2774 = AXIS2_PLACEMENT_3D ( 'NONE', #7541, #387, #8378 ) ;
#2775 = ORIENTED_EDGE ( 'NONE', *, *, #7055, .F. ) ;
#2776 = FACE_OUTER_BOUND ( 'NONE', #11288, .T. ) ;
#2777 = FACE_OUTER_BOUND ( 'NONE', #10342, .T. ) ;
#2778 = CARTESIAN_POINT ( 'NONE',  ( 0.4799999999999999267, -0.7250000000000001998, -2.870861070673344617 ) ) ;
#2779 = LINE ( 'NONE', #6373, #4580 ) ;
#2780 = AXIS2_PLACEMENT_3D ( 'NONE', #3283, #8662, #474 ) ;
#2781 = DIRECTION ( 'NONE',  ( 0.000000000000000000, 1.679125230693258263E-15, -1.000000000000000000 ) ) ;
#2782 = FACE_OUTER_BOUND ( 'NONE', #5902, .T. ) ;
#2783 = CARTESIAN_POINT ( 'NONE',  ( -0.7900000000000003686, -0.08500000000000000611, 0.000000000000000000 ) ) ;
#2784 = VERTEX_POINT ( 'NONE', #5534 ) ;
#2785 = CARTESIAN_POINT ( 'NONE',  ( 3.019999999999999574, -0.1970818674976519413, -2.577702366059666517 ) ) ;
#2786 = ORIENTED_EDGE ( 'NONE', *, *, #2136, .F. ) ;
#2787 = EDGE_LOOP ( 'NONE', ( #3699, #10459, #11137, #9695 ) ) ;
#2788 = DIRECTION ( 'NONE',  ( 0.000000000000000000, 0.07997395986122911304, -0.9967969531173912490 ) ) ;
#2789 = CARTESIAN_POINT ( 'NONE',  ( -4.600000000000000533, -0.4614044268235938384, 2.769455482029957061 ) ) ;
#2790 = EDGE_LOOP ( 'NONE', ( #6145, #3606, #4843, #1467 ) ) ;
#2791 = ORIENTED_EDGE ( 'NONE', *, *, #8030, .T. ) ;
#2792 = CARTESIAN_POINT ( 'NONE',  ( 3.019999999999999574, -0.1918287497687165000, -2.577280903468829099 ) ) ;
#2793 = CARTESIAN_POINT ( 'NONE',  ( 2.059999999999999609, 0.000000000000000000, 0.000000000000000000 ) ) ;
#2794 = LINE ( 'NONE', #9318, #11064 ) ;
#2795 = ADVANCED_FACE ( 'NONE', ( #5593 ), #1824, .T. ) ;
#2796 = CARTESIAN_POINT ( 'NONE',  ( -2.060000000000001386, 0.000000000000000000, 1.949999999999999956 ) ) ;
#2797 = CARTESIAN_POINT ( 'NONE',  ( -2.085000000000000853, -0.1834862943212428044, -2.747157848089624821 ) ) ;
#2798 = VECTOR ( 'NONE', #10641, 1000.000000000000000 ) ;
#2799 = EDGE_CURVE ( 'NONE', #3450, #2748, #7992, .T. ) ;
#2800 = ORIENTED_EDGE ( 'NONE', *, *, #11331, .F. ) ;
#2801 = LINE ( 'NONE', #1022, #7805 ) ;
#2802 = DIRECTION ( 'NONE',  ( 0.000000000000000000, -0.1218693434051477537, -0.9925461516413219831 ) ) ;
#2803 = ORIENTED_EDGE ( 'NONE', *, *, #863, .T. ) ;
#2804 = CARTESIAN_POINT ( 'NONE',  ( -4.950000000000000178, 0.08500000000000000611, -1.939563312323252964 ) ) ;
#2805 = EDGE_LOOP ( 'NONE', ( #705, #8421, #6180, #4135 ) ) ;
#2806 = CARTESIAN_POINT ( 'NONE',  ( 3.364999999999998881, -0.1970818674976615448, 2.577702366059667849 ) ) ;
#2807 = DIRECTION ( 'NONE',  ( 0.000000000000000000, 1.867464018106093513E-15, -1.000000000000000000 ) ) ;
#2808 = DIRECTION ( 'NONE',  ( 0.000000000000000000, 1.679125230693258263E-15, 1.000000000000000000 ) ) ;
#2809 = CARTESIAN_POINT ( 'NONE',  ( 0.4799999999999999267, -0.1782331765923089728, -2.746736385498786515 ) ) ;
#2810 = ADVANCED_FACE ( 'NONE', ( #1945 ), #9229, .F. ) ;
#2811 = VECTOR ( 'NONE', #7786, 999.9999999999998863 ) ;
#2812 = CARTESIAN_POINT ( 'NONE',  ( -3.020000000000000018, -0.2011149196957552621, 2.461537905304631568 ) ) ;
#2813 = DIRECTION ( 'NONE',  ( 0.000000000000000000, 0.000000000000000000, -1.000000000000000000 ) ) ;
#2814 = EDGE_CURVE ( 'NONE', #5679, #3782, #9620, .T. ) ;
#2815 = COLOUR_RGB ( '',0.2509803921568627416, 0.2509803921568627416, 0.2509803921568627416 ) ;
#2816 = DIRECTION ( 'NONE',  ( -1.000000000000000000, 0.000000000000000000, -0.000000000000000000 ) ) ;
#2817 = ORIENTED_EDGE ( 'NONE', *, *, #7724, .F. ) ;
#2818 = ORIENTED_EDGE ( 'NONE', *, *, #2478, .F. ) ;
#2819 = ORIENTED_EDGE ( 'NONE', *, *, #2606, .F. ) ;
#2820 = VERTEX_POINT ( 'NONE', #8515 ) ;
#2821 = VECTOR ( 'NONE', #8023, 1000.000000000000114 ) ;
#2822 = EDGE_CURVE ( 'NONE', #4004, #2206, #7743, .T. ) ;
#2823 = VECTOR ( 'NONE', #8429, 1000.000000000000114 ) ;
#2824 = VECTOR ( 'NONE', #11455, 999.9999999999998863 ) ;
#2825 = FACE_OUTER_BOUND ( 'NONE', #6752, .T. ) ;
#2826 = CARTESIAN_POINT ( 'NONE',  ( 1.749999999999999778, 0.2042282574763048253, -2.545504876163455776 ) ) ;
#2827 = EDGE_CURVE ( 'NONE', #9790, #10460, #276, .T. ) ;
#2828 = VECTOR ( 'NONE', #1435, 1000.000000000000114 ) ;
#2829 = LINE ( 'NONE', #86, #998 ) ;
#2830 = VECTOR ( 'NONE', #1615, 1000.000000000000000 ) ;
#2831 = ADVANCED_FACE ( 'NONE', ( #1425 ), #2374, .T. ) ;
#2832 = VECTOR ( 'NONE', #11449, 1000.000000000000000 ) ;
#2833 = VECTOR ( 'NONE', #4941, 1000.000000000000000 ) ;
#2834 = DIRECTION ( 'NONE',  ( 0.000000000000000000, 0.000000000000000000, 1.000000000000000000 ) ) ;
#2835 = CARTESIAN_POINT ( 'NONE',  ( 4.599999999999999645, -0.5549999999999849498, -2.795743509104209498E-15 ) ) ;
#2836 = ORIENTED_EDGE ( 'NONE', *, *, #3748, .F. ) ;
#2837 = VERTEX_POINT ( 'NONE', #3983 ) ;
#2838 = AXIS2_PLACEMENT_3D ( 'NONE', #6317, #5370, #766 ) ;
#2839 = ORIENTED_EDGE ( 'NONE', *, *, #6585, .T. ) ;
#2840 = EDGE_CURVE ( 'NONE', #8802, #4965, #4167, .T. ) ;
#2841 = CARTESIAN_POINT ( 'NONE',  ( -4.265000000000000568, -0.4813330637901492848, -2.160807586281502157 ) ) ;
#2842 = DIRECTION ( 'NONE',  ( 1.000000000000000000, 0.000000000000000000, 0.000000000000000000 ) ) ;
#2844 = EDGE_CURVE ( 'NONE', #2537, #2784, #5066, .T. ) ;
#2843 = VECTOR ( 'NONE', #2707, 1000.000000000000114 ) ;
#2845 = DIRECTION ( 'NONE',  ( 1.000000000000000000, -0.000000000000000000, 0.000000000000000000 ) ) ;
#2846 = VECTOR ( 'NONE', #10212, 999.9999999999998863 ) ;
#2847 = AXIS2_PLACEMENT_3D ( 'NONE', #11300, #10410, #8731 ) ;
#2848 = DIRECTION ( 'NONE',  ( -0.000000000000000000, 0.07997395986122908529, 0.9967969531173911379 ) ) ;
#2849 = DIRECTION ( 'NONE',  ( 0.000000000000000000, -0.9967969531173912490, 0.07997395986122736444 ) ) ;
#2850 = CARTESIAN_POINT ( 'NONE',  ( 3.019999999999999130, -0.08500000000000000611, -1.939563312323252964 ) ) ;
#2851 = CARTESIAN_POINT ( 'NONE',  ( 0.000000000000000000, 0.6250000000000000000, 1.586126699947281171 ) ) ;
#2852 = ORIENTED_EDGE ( 'NONE', *, *, #7108, .T. ) ;
#2853 = VECTOR ( 'NONE', #4024, 1000.000000000000000 ) ;
#2854 = CARTESIAN_POINT ( 'NONE',  ( -0.7900000000000003686, -0.4532685607873790379, 2.870861070673345061 ) ) ;
#2855 = VECTOR ( 'NONE', #8917, 1000.000000000000000 ) ;
#2856 = VECTOR ( 'NONE', #1972, 1000.000000000000000 ) ;
#2857 = ORIENTED_EDGE ( 'NONE', *, *, #7037, .F. ) ;
#2858 = VERTEX_POINT ( 'NONE', #5013 ) ;
#2859 = LINE ( 'NONE', #3819, #6232 ) ;
#2860 = FACE_OUTER_BOUND ( 'NONE', #857, .T. ) ;
#2861 = EDGE_LOOP ( 'NONE', ( #670, #8941, #3140, #5382 ) ) ;
#2862 = VERTEX_POINT ( 'NONE', #518 ) ;
#2863 = LINE ( 'NONE', #4014, #3629 ) ;
#2864 = EDGE_CURVE ( 'NONE', #10003, #4691, #6789, .T. ) ;
#2865 = LINE ( 'NONE', #7162, #7215 ) ;
#2866 = CARTESIAN_POINT ( 'NONE',  ( 3.019999999999999574, -0.08500000000000000611, 0.000000000000000000 ) ) ;
#2867 = FACE_OUTER_BOUND ( 'NONE', #209, .T. ) ;
#2868 = LINE ( 'NONE', #10283, #5718 ) ;
#2869 = CIRCLE ( 'NONE', #2114, 0.1161149196957549368 ) ;
#2870 = VECTOR ( 'NONE', #633, 1000.000000000000000 ) ;
#2871 = CARTESIAN_POINT ( 'NONE',  ( 0.7899999999999999245, -0.2011149196957552621, -2.461537905304631568 ) ) ;
#2872 = CARTESIAN_POINT ( 'NONE',  ( 2.059999999999999609, -0.4614044268235938384, 2.769455482029957061 ) ) ;
#2873 = ORIENTED_EDGE ( 'NONE', *, *, #10844, .T. ) ;
#2874 = DIRECTION ( 'NONE',  ( 0.000000000000000000, 1.000000000000000000, 0.000000000000000000 ) ) ;
#2875 = LINE ( 'NONE', #6579, #3268 ) ;
#2876 = ORIENTED_EDGE ( 'NONE', *, *, #10201, .F. ) ;
#2877 = LINE ( 'NONE', #8131, #966 ) ;
#2878 = DIRECTION ( 'NONE',  ( -0.000000000000000000, 0.9967969531173912490, 0.07997395986122922407 ) ) ;
#2879 = CARTESIAN_POINT ( 'NONE',  ( 4.289999999999999147, -0.7249999999999999778, -3.000000000000000000 ) ) ;
#2880 = CARTESIAN_POINT ( 'NONE',  ( 4.289999999999999147, 0.08500000000000000611, -2.461537905304632012 ) ) ;
#2881 = EDGE_CURVE ( 'NONE', #3326, #6181, #2192, .T. ) ;
#2882 = PLANE ( 'NONE',  #10229 ) ;
#2883 = DIRECTION ( 'NONE',  ( 1.000000000000000000, 0.000000000000000000, 0.000000000000000000 ) ) ;
#2884 = ORIENTED_EDGE ( 'NONE', *, *, #4989, .T. ) ;
#2885 = DIRECTION ( 'NONE',  ( 0.000000000000000000, -0.000000000000000000, -1.000000000000000000 ) ) ;
#2886 = LINE ( 'NONE', #9048, #8785 ) ;
#2887 = ORIENTED_EDGE ( 'NONE', *, *, #1436, .F. ) ;
#2888 = ORIENTED_EDGE ( 'NONE', *, *, #1400, .T. ) ;
#2889 = EDGE_CURVE ( 'NONE', #972, #7232, #3924, .T. ) ;
#2890 = ORIENTED_EDGE ( 'NONE', *, *, #4103, .T. ) ;
#2891 = ORIENTED_EDGE ( 'NONE', *, *, #9205, .F. ) ;
#2892 = ORIENTED_EDGE ( 'NONE', *, *, #6366, .T. ) ;
#2893 = CARTESIAN_POINT ( 'NONE',  ( 4.289999999999999147, -0.1918287497687165000, -2.577280903468829099 ) ) ;
#2894 = CARTESIAN_POINT ( 'NONE',  ( -4.950000000000000178, -0.08500000000000000611, 1.939563312323252964 ) ) ;
#2895 = LINE ( 'NONE', #5712, #403 ) ;
#2896 = CARTESIAN_POINT ( 'NONE',  ( 0.7899999999999999245, 0.000000000000000000, 0.000000000000000000 ) ) ;
#2897 = VECTOR ( 'NONE', #559, 1000.000000000000114 ) ;
#2898 = PLANE ( 'NONE',  #7033 ) ;
#2899 = DIRECTION ( 'NONE',  ( 0.000000000000000000, -1.000000000000000000, 0.000000000000000000 ) ) ;
#2900 = ADVANCED_FACE ( 'NONE', ( #3273 ), #4829, .T. ) ;
#2901 = ORIENTED_EDGE ( 'NONE', *, *, #11331, .T. ) ;
#2902 = ORIENTED_EDGE ( 'NONE', *, *, #7823, .T. ) ;
#2903 = ORIENTED_EDGE ( 'NONE', *, *, #546, .F. ) ;
#2904 = FACE_OUTER_BOUND ( 'NONE', #9114, .T. ) ;
#2905 = AXIS2_PLACEMENT_3D ( 'NONE', #2590, #6234, #923 ) ;
#2906 = EDGE_CURVE ( 'NONE', #299, #3461, #6016, .T. ) ;
#2907 = CARTESIAN_POINT ( 'NONE',  ( 3.354999999999999538, -0.2321338255108014725, -2.140814096316195236 ) ) ;
#2908 = CARTESIAN_POINT ( 'NONE',  ( 3.019999999999999574, -0.1782331765923089728, 2.746736385498786515 ) ) ;
#2909 = CARTESIAN_POINT ( 'NONE',  ( -4.290000000000000036, -0.1834862943213046715, 2.747157848089629262 ) ) ;
#2910 = CARTESIAN_POINT ( 'NONE',  ( -3.020000000000000018, 0.08500000000000000611, -2.461537905304632012 ) ) ;
#2911 = LINE ( 'NONE', #1958, #11556 ) ;
#2912 = CARTESIAN_POINT ( 'NONE',  ( 3.019999999999999574, -0.4462811057769996981, -2.597695856024973882 ) ) ;
#2913 = ORIENTED_EDGE ( 'NONE', *, *, #3299, .T. ) ;
#2914 = EDGE_CURVE ( 'NONE', #4655, #1770, #3089, .T. ) ;
#2915 = CARTESIAN_POINT ( 'NONE',  ( -0.4800000000000003708, -0.1782331765923089728, 2.746736385498786515 ) ) ;
#2916 = ORIENTED_EDGE ( 'NONE', *, *, #4326, .F. ) ;
#2917 = EDGE_LOOP ( 'NONE', ( #7659, #6114, #2913, #3812, #6193, #3244, #2818, #5613, #4415, #8816, #6160, #5108 ) ) ;
#2918 = LINE ( 'NONE', #6505, #8915 ) ;
#2919 = CARTESIAN_POINT ( 'NONE',  ( 4.289999999999999147, 0.08500000000000000611, 0.000000000000000000 ) ) ;
#2920 = ORIENTED_EDGE ( 'NONE', *, *, #10721, .F. ) ;
#2921 = VERTEX_POINT ( 'NONE', #10386 ) ;
#2922 = CARTESIAN_POINT ( 'NONE',  ( -4.600000000000000533, -0.08500000000000000611, 0.000000000000000000 ) ) ;
#2923 = DIRECTION ( 'NONE',  ( 0.000000000000000000, 0.07997395986122911304, -0.9967969531173912490 ) ) ;
#2924 = CARTESIAN_POINT ( 'NONE',  ( -4.255000000000000782, -0.4462811057770615930, 2.597695856024978767 ) ) ;
#2925 = DIRECTION ( 'NONE',  ( 0.000000000000000000, 0.07997395986122911304, -0.9967969531173912490 ) ) ;
#2926 = CARTESIAN_POINT ( 'NONE',  ( -2.060000000000000497, 0.000000000000000000, -1.949999999999999956 ) ) ;
#2927 = EDGE_CURVE ( 'NONE', #1504, #7012, #10437, .T. ) ;
#2928 = ORIENTED_EDGE ( 'NONE', *, *, #60, .F. ) ;
#2929 = ADVANCED_FACE ( 'NONE', ( #1363 ), #4942, .F. ) ;
#2930 = DIRECTION ( 'NONE',  ( 1.000000000000000000, 0.000000000000000000, -0.000000000000000000 ) ) ;
#2931 = CARTESIAN_POINT ( 'NONE',  ( -4.950000000000000178, -0.08500000000000000611, -1.939563312323252964 ) ) ;
#2932 = ORIENTED_EDGE ( 'NONE', *, *, #2533, .F. ) ;
#2933 = DIRECTION ( 'NONE',  ( 0.000000000000000000, 0.000000000000000000, -1.000000000000000000 ) ) ;
#2934 = LINE ( 'NONE', #10226, #3825 ) ;
#2935 = ORIENTED_EDGE ( 'NONE', *, *, #7669, .T. ) ;
#2936 = LINE ( 'NONE', #5872, #11459 ) ;
#2937 = DIRECTION ( 'NONE',  ( 0.000000000000000000, 0.000000000000000000, -1.000000000000000000 ) ) ;
#2938 = DIRECTION ( 'NONE',  ( 0.000000000000000000, 0.07997395986122909917, 0.9967969531173911379 ) ) ;
#2939 = DIRECTION ( 'NONE',  ( 0.000000000000000000, 0.000000000000000000, -1.000000000000000000 ) ) ;
#2940 = CARTESIAN_POINT ( 'NONE',  ( -4.600000000000000533, 0.08500000000000000611, 0.000000000000000000 ) ) ;
#2941 = ORIENTED_EDGE ( 'NONE', *, *, #1431, .F. ) ;
#2942 = CARTESIAN_POINT ( 'NONE',  ( 1.724999999999999645, -0.4462811057769996981, -2.597695856024973882 ) ) ;
#2943 = PLANE ( 'NONE',  #5338 ) ;
#2944 = ORIENTED_EDGE ( 'NONE', *, *, #5011, .F. ) ;
#2945 = ORIENTED_EDGE ( 'NONE', *, *, #2461, .T. ) ;
#2946 = CARTESIAN_POINT ( 'NONE',  ( 0.4799999999999999267, 0.2042282574763048253, 2.545504876163455776 ) ) ;
#2947 = ORIENTED_EDGE ( 'NONE', *, *, #9587, .T. ) ;
#2948 = ORIENTED_EDGE ( 'NONE', *, *, #2953, .F. ) ;
#2949 = ORIENTED_EDGE ( 'NONE', *, *, #3865, .T. ) ;
#2950 = CYLINDRICAL_SURFACE ( 'NONE', #3611, 0.1161149196957549368 ) ;
#2951 = DIRECTION ( 'NONE',  ( -1.000000000000000000, 0.000000000000000000, -0.000000000000000000 ) ) ;
#2952 = DIRECTION ( 'NONE',  ( 1.000000000000000000, 0.000000000000000000, 0.000000000000000000 ) ) ;
#2953 = EDGE_CURVE ( 'NONE', #586, #151, #4050, .T. ) ;
#2954 = CARTESIAN_POINT ( 'NONE',  ( 1.749999999999999778, -0.08500000000000000611, -1.939563312323252964 ) ) ;
#2955 = CARTESIAN_POINT ( 'NONE',  ( 3.019999999999999574, -0.08500000000000000611, 0.000000000000000000 ) ) ;
#2956 = LINE ( 'NONE', #11384, #2445 ) ;
#2957 = ORIENTED_EDGE ( 'NONE', *, *, #3042, .T. ) ;
#2958 = VERTEX_POINT ( 'NONE', #2249 ) ;
#2959 = VERTEX_POINT ( 'NONE', #5895 ) ;
#2960 = CARTESIAN_POINT ( 'NONE',  ( -4.600000000000000533, -0.1970818674976519413, -2.577702366059666517 ) ) ;
#2961 = DIRECTION ( 'NONE',  ( 0.000000000000000000, -0.07997395986122911304, 0.9967969531173912490 ) ) ;
#2962 = DIRECTION ( 'NONE',  ( 0.000000000000000000, 0.000000000000000000, -1.000000000000000000 ) ) ;
#2963 = CARTESIAN_POINT ( 'NONE',  ( -4.950000000000000178, -0.6250000000000000000, -1.873259649435684349 ) ) ;
#2964 = EDGE_CURVE ( 'NONE', #10403, #5210, #463, .T. ) ;
#2965 = CARTESIAN_POINT ( 'NONE',  ( -4.950000000000000178, 0.000000000000000000, -1.949999999999999956 ) ) ;
#2966 = ADVANCED_FACE ( 'NONE', ( #5962 ), #11720, .F. ) ;
#2967 = CARTESIAN_POINT ( 'NONE',  ( 1.749999999999999778, -0.08500000000000000611, 0.000000000000000000 ) ) ;
#2968 = DIRECTION ( 'NONE',  ( 0.000000000000000000, -0.9967969531173912490, -0.07997395986122736444 ) ) ;
#2969 = AXIS2_PLACEMENT_3D ( 'NONE', #6951, #880, #828 ) ;
#2970 = VERTEX_POINT ( 'NONE', #6132 ) ;
#2971 = EDGE_CURVE ( 'NONE', #1331, #7869, #638, .T. ) ;
#2972 = LINE ( 'NONE', #10923, #3198 ) ;
#2973 = VERTEX_POINT ( 'NONE', #5345 ) ;
#2974 = ORIENTED_EDGE ( 'NONE', *, *, #11043, .T. ) ;
#2975 = CARTESIAN_POINT ( 'NONE',  ( -0.4800000000000003708, -0.4013101249739963738, 0.03219748989621511875 ) ) ;
#2976 = CARTESIAN_POINT ( 'NONE',  ( 3.019999999999999574, -0.4532685607873790379, 2.870861070673345061 ) ) ;
#2977 = ORIENTED_EDGE ( 'NONE', *, *, #1742, .F. ) ;
#2978 = ORIENTED_EDGE ( 'NONE', *, *, #2822, .F. ) ;
#2979 = DIRECTION ( 'NONE',  ( 1.000000000000000000, -0.000000000000000000, 0.000000000000000000 ) ) ;
#2980 = ADVANCED_FACE ( 'NONE', ( #3374 ), #1630, .T. ) ;
#2981 = FILL_AREA_STYLE ('',( #4076 ) ) ;
#2982 = VECTOR ( 'NONE', #4118, 1000.000000000000114 ) ;
#2983 = DIRECTION ( 'NONE',  ( 1.000000000000000000, 0.000000000000000000, 0.000000000000000000 ) ) ;
#2984 = DIRECTION ( 'NONE',  ( 1.000000000000000000, 0.000000000000000000, -0.000000000000000000 ) ) ;
#2985 = EDGE_CURVE ( 'NONE', #11520, #2538, #2421, .T. ) ;
#2986 = CARTESIAN_POINT ( 'NONE',  ( 4.599999999999999645, -0.2011149196957552621, 2.461537905304631568 ) ) ;
#2987 = CARTESIAN_POINT ( 'NONE',  ( 1.714999999999998970, -0.4462811057770173506, 2.597695856024975214 ) ) ;
#2988 = ORIENTED_EDGE ( 'NONE', *, *, #2743, .F. ) ;
#2989 = CARTESIAN_POINT ( 'NONE',  ( -3.330000000000000071, 0.000000000000000000, 3.000000000000000000 ) ) ;
#2990 = PRESENTATION_STYLE_ASSIGNMENT (( #11178 ) ) ;
#2991 = EDGE_CURVE ( 'NONE', #5121, #7251, #8775, .T. ) ;
#2992 = ORIENTED_EDGE ( 'NONE', *, *, #7347, .F. ) ;
#2993 = LINE ( 'NONE', #3178, #6290 ) ;
#2994 = VECTOR ( 'NONE', #8240, 999.9999999999998863 ) ;
#2995 = FACE_OUTER_BOUND ( 'NONE', #3473, .T. ) ;
#2996 = DIRECTION ( 'NONE',  ( 0.000000000000000000, 0.07997395986122909917, 0.9967969531173911379 ) ) ;
#2997 = PLANE ( 'NONE',  #7848 ) ;
#2998 = EDGE_CURVE ( 'NONE', #295, #8196, #5329, .T. ) ;
#2999 = ADVANCED_FACE ( 'NONE', ( #6226 ), #2536, .T. ) ;
#3000 = DIRECTION ( 'NONE',  ( 0.000000000000000000, 0.000000000000000000, -1.000000000000000000 ) ) ;
#3001 = CARTESIAN_POINT ( 'NONE',  ( 1.749999999999999778, -0.08500000000000000611, 2.461537905304634677 ) ) ;
#3002 = ORIENTED_EDGE ( 'NONE', *, *, #10444, .T. ) ;
#3003 = CARTESIAN_POINT ( 'NONE',  ( 2.084999999999999520, -0.1834862943212428044, -2.747157848089624821 ) ) ;
#3004 = CARTESIAN_POINT ( 'NONE',  ( 1.749999999999998002, 0.000000000000000000, -1.949999999999999956 ) ) ;
#3005 = EDGE_LOOP ( 'NONE', ( #3136, #5869, #8368, #4862 ) ) ;
#3006 = VERTEX_POINT ( 'NONE', #8824 ) ;
#3007 = LINE ( 'NONE', #4099, #7178 ) ;
#3008 = ORIENTED_EDGE ( 'NONE', *, *, #11570, .T. ) ;
#3009 = VERTEX_POINT ( 'NONE', #9720 ) ;
#3010 = AXIS2_PLACEMENT_3D ( 'NONE', #4593, #8234, #9305 ) ;
#3011 = EDGE_LOOP ( 'NONE', ( #1481, #9723, #8444, #4846 ) ) ;
#3012 = CARTESIAN_POINT ( 'NONE',  ( -1.750000000000000666, -0.4532685607873790379, 2.870861070673345061 ) ) ;
#3013 = DIRECTION ( 'NONE',  ( 1.000000000000000000, 0.000000000000000000, 0.000000000000000000 ) ) ;
#3014 = CARTESIAN_POINT ( 'NONE',  ( 4.289999999999999147, 0.000000000000000000, 0.000000000000000000 ) ) ;
#3015 = EDGE_CURVE ( 'NONE', #1011, #4680, #10670, .T. ) ;
#3016 = VECTOR ( 'NONE', #1946, 1000.000000000000000 ) ;
#3017 = DIRECTION ( 'NONE',  ( 0.000000000000000000, -0.9967969531173912490, -0.07997395986122736444 ) ) ;
#3018 = CARTESIAN_POINT ( 'NONE',  ( -0.7900000000000003686, -0.08500000000000000611, 0.000000000000000000 ) ) ;
#3019 = DIRECTION ( 'NONE',  ( -0.000000000000000000, -0.9925461516413219831, 0.1218693434051477537 ) ) ;
#3020 = VECTOR ( 'NONE', #589, 1000.000000000000000 ) ;
#3021 = VERTEX_POINT ( 'NONE', #4284 ) ;
#3022 = ORIENTED_EDGE ( 'NONE', *, *, #53, .F. ) ;
#3023 = VERTEX_POINT ( 'NONE', #8992 ) ;
#3024 = ORIENTED_EDGE ( 'NONE', *, *, #4979, .F. ) ;
#3025 = AXIS2_PLACEMENT_3D ( 'NONE', #9241, #827, #1835 ) ;
#3026 = CARTESIAN_POINT ( 'NONE',  ( -3.330000000000000071, -0.08500000000000000611, 0.000000000000000000 ) ) ;
#3027 = AXIS2_PLACEMENT_3D ( 'NONE', #5562, #960, #9028 ) ;
#3028 = DIRECTION ( 'NONE',  ( 1.000000000000000000, 0.000000000000000000, 0.000000000000000000 ) ) ;
#3029 = CARTESIAN_POINT ( 'NONE',  ( -3.330000000000000071, 0.2178238306527182089, 2.714960358193412304 ) ) ;
#3030 = VECTOR ( 'NONE', #8705, 1000.000000000000114 ) ;
#3031 = AXIS2_PLACEMENT_3D ( 'NONE', #4164, #11446, #3271 ) ;
#3032 = CARTESIAN_POINT ( 'NONE',  ( -4.635000000000000675, -0.1970818674977145024, 2.577702366059671846 ) ) ;
#3033 = LINE ( 'NONE', #2204, #6414 ) ;
#3034 = DIRECTION ( 'NONE',  ( 0.000000000000000000, 0.000000000000000000, -1.000000000000000000 ) ) ;
#3035 = VERTEX_POINT ( 'NONE', #7181 ) ;
#3036 = EDGE_LOOP ( 'NONE', ( #8533, #11398, #6436, #674, #10171, #52, #5538, #10286 ) ) ;
#3037 = ORIENTED_EDGE ( 'NONE', *, *, #11149, .F. ) ;
#3038 = ORIENTED_EDGE ( 'NONE', *, *, #3759, .F. ) ;
#3039 = CARTESIAN_POINT ( 'NONE',  ( 1.749999999999999778, -0.2011149196957552621, 2.461537905304631568 ) ) ;
#3040 = DIRECTION ( 'NONE',  ( 0.000000000000000000, 0.000000000000000000, -1.000000000000000000 ) ) ;
#3041 = VERTEX_POINT ( 'NONE', #10831 ) ;
#3042 = EDGE_CURVE ( 'NONE', #6708, #2973, #10725, .T. ) ;
#3043 = VERTEX_POINT ( 'NONE', #5227 ) ;
#3044 = AXIS2_PLACEMENT_3D ( 'NONE', #3847, #982, #1757 ) ;
#3045 = CIRCLE ( 'NONE', #7622, 0.2717314392126209954 ) ;
#3046 = VECTOR ( 'NONE', #8186, 1000.000000000000000 ) ;
#3047 = CARTESIAN_POINT ( 'NONE',  ( 0.7899999999999999245, -0.2011149196957544016, -2.461537905304632012 ) ) ;
#3048 = SURFACE_SIDE_STYLE ('',( #6626 ) ) ;
#3049 = DIRECTION ( 'NONE',  ( -1.000000000000000000, 0.000000000000000000, 0.000000000000000000 ) ) ;
#3050 = CARTESIAN_POINT ( 'NONE',  ( -2.995000000000000107, -0.2321338255108014725, -2.140814096316195236 ) ) ;
#3051 = EDGE_CURVE ( 'NONE', #1368, #7159, #7915, .T. ) ;
#3052 = AXIS2_PLACEMENT_3D ( 'NONE', #7653, #1071, #3115 ) ;
#3053 = CIRCLE ( 'NONE', #395, 0.2861149196957549767 ) ;
#3054 = PRESENTATION_LAYER_ASSIGNMENT (  '', '', ( #11460 ) ) ;
#3055 = EDGE_CURVE ( 'NONE', #6118, #8802, #6177, .T. ) ;
#3056 = ORIENTED_EDGE ( 'NONE', *, *, #814, .T. ) ;
#3057 = CARTESIAN_POINT ( 'NONE',  ( -1.750000000000000666, -0.1918287497687165000, -2.577280903468829099 ) ) ;
#3058 = PLANE ( 'NONE',  #5163 ) ;
#3059 = ORIENTED_EDGE ( 'NONE', *, *, #8088, .F. ) ;
#3060 = LINE ( 'NONE', #1269, #4750 ) ;
#3061 = FILL_AREA_STYLE_COLOUR ( '', #11653 ) ;
#3062 = EDGE_CURVE ( 'NONE', #8883, #6792, #804, .T. ) ;
#3063 = LINE ( 'NONE', #6638, #9751 ) ;
#3064 = VECTOR ( 'NONE', #826, 999.9999999999998863 ) ;
#3065 = DIRECTION ( 'NONE',  ( 0.000000000000000000, 0.000000000000000000, 1.000000000000000000 ) ) ;
#3066 = VECTOR ( 'NONE', #6174, 999.9999999999998863 ) ;
#3067 = VECTOR ( 'NONE', #7914, 999.9999999999998863 ) ;
#3068 = CARTESIAN_POINT ( 'NONE',  ( 4.599999999999999645, 0.2178238306527182089, -2.714960358193412304 ) ) ;
#3069 = LINE ( 'NONE', #1930, #12 ) ;
#3070 = ADVANCED_FACE ( 'NONE', ( #9774 ), #4234, .T. ) ;
#3071 = CARTESIAN_POINT ( 'NONE',  ( 2.059999999999999609, -0.6505093632533088810, -0.05219097986151956942 ) ) ;
#3072 = CARTESIAN_POINT ( 'NONE',  ( -0.7900000000000003686, 0.08500000000000000611, -2.461537905304632012 ) ) ;
#3073 = ORIENTED_EDGE ( 'NONE', *, *, #4029, .F. ) ;
#3074 = EDGE_CURVE ( 'NONE', #1185, #1416, #7965, .T. ) ;
#3075 = VECTOR ( 'NONE', #7464, 1000.000000000000000 ) ;
#3076 = LINE ( 'NONE', #4677, #11594 ) ;
#3077 = DIRECTION ( 'NONE',  ( 0.000000000000000000, 1.679125230693258263E-15, -1.000000000000000000 ) ) ;
#3078 = ORIENTED_EDGE ( 'NONE', *, *, #11551, .F. ) ;
#3079 = ORIENTED_EDGE ( 'NONE', *, *, #8077, .T. ) ;
#3080 = LINE ( 'NONE', #9419, #8732 ) ;
#3081 = ADVANCED_FACE ( 'NONE', ( #11505 ), #3485, .F. ) ;
#3082 = EDGE_LOOP ( 'NONE', ( #6739, #7442, #6990, #5135, #6536, #2469, #10221, #8320, #4724, #7046, #11474, #6230 ) ) ;
#3083 = ORIENTED_EDGE ( 'NONE', *, *, #6235, .F. ) ;
#3084 = DIRECTION ( 'NONE',  ( 0.000000000000000000, -0.9967969531173912490, -0.07997395986122736444 ) ) ;
#3085 = DIRECTION ( 'NONE',  ( 0.000000000000000000, 0.000000000000000000, -1.000000000000000000 ) ) ;
#3086 = LINE ( 'NONE', #142, #11642 ) ;
#3087 = VECTOR ( 'NONE', #2670, 999.9999999999998863 ) ;
#3088 = DIRECTION ( 'NONE',  ( -1.000000000000000000, 0.000000000000000000, -0.000000000000000000 ) ) ;
#3089 = LINE ( 'NONE', #1180, #7414 ) ;
#3090 = CARTESIAN_POINT ( 'NONE',  ( -2.095000000000001528, -0.1834862943212869912, 2.747157848089627930 ) ) ;
#3091 = EDGE_CURVE ( 'NONE', #3525, #10411, #8000, .T. ) ;
#3092 = ORIENTED_EDGE ( 'NONE', *, *, #4590, .F. ) ;
#3093 = ORIENTED_EDGE ( 'NONE', *, *, #3543, .F. ) ;
#3094 = ORIENTED_EDGE ( 'NONE', *, *, #4737, .T. ) ;
#3095 = LINE ( 'NONE', #2198, #4542 ) ;
#3096 = DIRECTION ( 'NONE',  ( 0.000000000000000000, 0.000000000000000000, 1.000000000000000000 ) ) ;
#3097 = FACE_OUTER_BOUND ( 'NONE', #11534, .T. ) ;
#3098 = DIRECTION ( 'NONE',  ( -0.000000000000000000, 0.9967969531173912490, -0.07997395986122922407 ) ) ;
#3099 = AXIS2_PLACEMENT_3D ( 'NONE', #6268, #1740, #893 ) ;
#3100 = CARTESIAN_POINT ( 'NONE',  ( 1.714999999999998970, -0.1834862943212604847, 2.747157848089626153 ) ) ;
#3101 = LINE ( 'NONE', #5974, #5464 ) ;
#3102 = CARTESIAN_POINT ( 'NONE',  ( -2.985000000000000764, -0.1970818674977048990, 2.577702366059670513 ) ) ;
#3103 = ORIENTED_EDGE ( 'NONE', *, *, #5176, .F. ) ;
#3104 = ORIENTED_EDGE ( 'NONE', *, *, #1389, .F. ) ;
#3105 = ORIENTED_EDGE ( 'NONE', *, *, #5477, .F. ) ;
#3106 = ORIENTED_EDGE ( 'NONE', *, *, #6128, .F. ) ;
#3107 = FACE_OUTER_BOUND ( 'NONE', #4201, .T. ) ;
#3108 = DIRECTION ( 'NONE',  ( -1.000000000000000000, -0.000000000000000000, 0.000000000000000000 ) ) ;
#3109 = VECTOR ( 'NONE', #3935, 1000.000000000000000 ) ;
#3110 = EDGE_LOOP ( 'NONE', ( #7327, #5446, #8254, #11496, #10704, #7587, #11794, #112, #6547 ) ) ;
#3111 = ORIENTED_EDGE ( 'NONE', *, *, #2009, .T. ) ;
#3112 = CARTESIAN_POINT ( 'NONE',  ( -2.995000000000000107, -0.2321338255108014725, -2.140814096316195236 ) ) ;
#3113 = DIRECTION ( 'NONE',  ( 0.000000000000000000, 1.000000000000000000, 0.000000000000000000 ) ) ;
#3114 =( LENGTH_UNIT ( ) NAMED_UNIT ( * ) SI_UNIT ( .MILLI., .METRE. ) );
#3115 = DIRECTION ( 'NONE',  ( -1.000000000000000000, 0.000000000000000000, -0.000000000000000000 ) ) ;
#3116 = DIRECTION ( 'NONE',  ( 0.000000000000000000, -0.000000000000000000, -1.000000000000000000 ) ) ;
#3117 = VECTOR ( 'NONE', #7767, 1000.000000000000114 ) ;
#3118 = ADVANCED_FACE ( 'NONE', ( #8264 ), #8208, .F. ) ;
#3119 = VERTEX_POINT ( 'NONE', #10120 ) ;
#3120 = CARTESIAN_POINT ( 'NONE',  ( 0.8149999999999997247, -0.2321338255108014725, -2.140814096316195236 ) ) ;
#3121 = LINE ( 'NONE', #8549, #2853 ) ;
#3122 = ORIENTED_EDGE ( 'NONE', *, *, #10540, .T. ) ;
#3123 = DIRECTION ( 'NONE',  ( 0.000000000000000000, 0.9967969531173912490, 0.07997395986122736444 ) ) ;
#3124 = LINE ( 'NONE', #6766, #7073 ) ;
#3125 = DIRECTION ( 'NONE',  ( 0.000000000000000000, 0.000000000000000000, -1.000000000000000000 ) ) ;
#3126 = CARTESIAN_POINT ( 'NONE',  ( -0.4800000000000003708, 0.08500000000000000611, 0.000000000000000000 ) ) ;
#3127 = DIRECTION ( 'NONE',  ( 1.000000000000000000, 0.000000000000000000, 0.000000000000000000 ) ) ;
#3128 = EDGE_CURVE ( 'NONE', #5976, #6606, #1813, .T. ) ;
#3129 = CARTESIAN_POINT ( 'NONE',  ( -4.950000000000000178, 0.000000000000000000, 1.949999999999999956 ) ) ;
#3130 = FACE_OUTER_BOUND ( 'NONE', #11102, .T. ) ;
#3131 = ORIENTED_EDGE ( 'NONE', *, *, #10949, .F. ) ;
#3132 = ADVANCED_FACE ( 'NONE', ( #9101 ), #7422, .T. ) ;
#3133 = CARTESIAN_POINT ( 'NONE',  ( -3.020000000000000018, -0.6505093632533088810, -0.05219097986151956942 ) ) ;
#3134 = CARTESIAN_POINT ( 'NONE',  ( -1.750000000000000666, -0.6505093632533088810, -0.05219097986151956942 ) ) ;
#3135 = ORIENTED_EDGE ( 'NONE', *, *, #7754, .T. ) ;
#3136 = ORIENTED_EDGE ( 'NONE', *, *, #7884, .T. ) ;
#3137 = CARTESIAN_POINT ( 'NONE',  ( -2.095000000000001528, -0.1834862943212869912, 2.747157848089627930 ) ) ;
#3138 = EDGE_CURVE ( 'NONE', #4153, #8690, #10182, .T. ) ;
#3139 = VERTEX_POINT ( 'NONE', #9278 ) ;
#3140 = ORIENTED_EDGE ( 'NONE', *, *, #113, .F. ) ;
#3141 = CARTESIAN_POINT ( 'NONE',  ( -4.290000000000000036, -0.1970818674976518581, -2.577702366059666961 ) ) ;
#3142 = DIRECTION ( 'NONE',  ( 0.000000000000000000, -0.9967969531173912490, -0.07997395986122909917 ) ) ;
#3143 = EDGE_CURVE ( 'NONE', #9473, #1506, #5458, .T. ) ;
#3144 = DIRECTION ( 'NONE',  ( 0.000000000000000000, 0.9925461516413219831, 0.1218693434051477537 ) ) ;
#3145 = EDGE_CURVE ( 'NONE', #10941, #5472, #7303, .T. ) ;
#3146 = CARTESIAN_POINT ( 'NONE',  ( -1.750000000000000666, 0.08500000000000001998, -1.939563312323252964 ) ) ;
#3147 = DIRECTION ( 'NONE',  ( 1.000000000000000000, -0.000000000000000000, -0.000000000000000000 ) ) ;
#3148 = CARTESIAN_POINT ( 'NONE',  ( 4.599999999999999645, 0.2042282574763048253, 2.545504876163455776 ) ) ;
#3149 = EDGE_LOOP ( 'NONE', ( #6725, #5390, #8903, #8618 ) ) ;
#3150 = ORIENTED_EDGE ( 'NONE', *, *, #54, .F. ) ;
#3151 = EDGE_LOOP ( 'NONE', ( #3705, #10332, #2502, #9127 ) ) ;
#3152 = VERTEX_POINT ( 'NONE', #204 ) ;
#3153 = DIRECTION ( 'NONE',  ( 1.000000000000000000, 0.000000000000000000, 0.000000000000000000 ) ) ;
#3154 = CARTESIAN_POINT ( 'NONE',  ( 0.7899999999999999245, 0.08500000000000001998, 1.939563312323252964 ) ) ;
#3155 = EDGE_CURVE ( 'NONE', #8842, #10903, #5637, .T. ) ;
#3156 = EDGE_CURVE ( 'NONE', #1297, #6888, #9943, .T. ) ;
#3157 = LINE ( 'NONE', #5795, #5308 ) ;
#3158 = CARTESIAN_POINT ( 'NONE',  ( -3.330000000000000515, 0.08500000000000000611, 1.939563312323252964 ) ) ;
#3159 = CARTESIAN_POINT ( 'NONE',  ( 4.625000000000000000, -0.1970818674976526075, -2.577702366059666961 ) ) ;
#3160 = ORIENTED_EDGE ( 'NONE', *, *, #3339, .T. ) ;
#3161 = ORIENTED_EDGE ( 'NONE', *, *, #1874, .T. ) ;
#3162 = ORIENTED_EDGE ( 'NONE', *, *, #5847, .F. ) ;
#3163 = CYLINDRICAL_SURFACE ( 'NONE', #5865, 0.1161149196957549368 ) ;
#3164 = LINE ( 'NONE', #6871, #4758 ) ;
#3165 = ORIENTED_EDGE ( 'NONE', *, *, #927, .F. ) ;
#3166 = ORIENTED_EDGE ( 'NONE', *, *, #3208, .F. ) ;
#3167 = PLANE ( 'NONE',  #11280 ) ;
#3168 = LINE ( 'NONE', #7709, #7695 ) ;
#3169 = CARTESIAN_POINT ( 'NONE',  ( 3.329999999999999627, 0.08500000000000000611, 2.461537905304632012 ) ) ;
#3170 = FACE_OUTER_BOUND ( 'NONE', #10651, .T. ) ;
#3171 = LINE ( 'NONE', #1500, #2299 ) ;
#3172 = EDGE_CURVE ( 'NONE', #9413, #4743, #8382, .T. ) ;
#3173 = ORIENTED_EDGE ( 'NONE', *, *, #6123, .F. ) ;
#3174 = CARTESIAN_POINT ( 'NONE',  ( -0.4550000000000005151, -0.4813330637901492848, -2.160807586281502157 ) ) ;
#3175 = LINE ( 'NONE', #2034, #10691 ) ;
#3176 = ORIENTED_EDGE ( 'NONE', *, *, #794, .F. ) ;
#3177 = DIRECTION ( 'NONE',  ( -1.000000000000000000, 0.000000000000000000, 0.000000000000000000 ) ) ;
#3178 = CARTESIAN_POINT ( 'NONE',  ( -0.7900000000000003686, -0.1918287497687165000, 2.577280903468829099 ) ) ;
#3179 = VECTOR ( 'NONE', #4621, 1000.000000000000114 ) ;
#3180 = DIRECTION ( 'NONE',  ( 0.000000000000000000, -1.000000000000000000, 0.000000000000000000 ) ) ;
#3181 = LINE ( 'NONE', #3126, #10356 ) ;
#3182 = PLANE ( 'NONE',  #182 ) ;
#3183 = CARTESIAN_POINT ( 'NONE',  ( 4.599999999999999645, -0.4614044268235938384, -2.769455482029957061 ) ) ;
#3184 = DIRECTION ( 'NONE',  ( 0.000000000000000000, 0.000000000000000000, -1.000000000000000000 ) ) ;
#3185 = ORIENTED_EDGE ( 'NONE', *, *, #2609, .T. ) ;
#3186 = CARTESIAN_POINT ( 'NONE',  ( -0.7900000000000008127, -0.08500000000000000611, 1.939563312323252964 ) ) ;
#3187 = CARTESIAN_POINT ( 'NONE',  ( 4.625000000000000000, -0.1834862943212428044, -2.747157848089624821 ) ) ;
#3188 = ORIENTED_EDGE ( 'NONE', *, *, #10589, .F. ) ;
#3189 = ORIENTED_EDGE ( 'NONE', *, *, #7038, .F. ) ;
#3190 = CARTESIAN_POINT ( 'NONE',  ( 1.714999999999998970, -0.4826582704211001551, 2.144290185689394335 ) ) ;
#3191 = VECTOR ( 'NONE', #1470, 1000.000000000000000 ) ;
#3192 = ORIENTED_EDGE ( 'NONE', *, *, #8994, .T. ) ;
#3193 = ORIENTED_EDGE ( 'NONE', *, *, #6223, .T. ) ;
#3194 = LINE ( 'NONE', #3919, #1716 ) ;
#3195 = EDGE_CURVE ( 'NONE', #10701, #66, #911, .T. ) ;
#3196 = CARTESIAN_POINT ( 'NONE',  ( -4.600000000000000533, -0.4532685607873793709, -2.870861070673344617 ) ) ;
#3197 = CARTESIAN_POINT ( 'NONE',  ( 2.059999999999999609, -0.7250000000000049738, -1.217365792252620583E-15 ) ) ;
#3198 = VECTOR ( 'NONE', #2731, 1000.000000000000000 ) ;
#3199 = EDGE_CURVE ( 'NONE', #9533, #9672, #10051, .T. ) ;
#3200 = CARTESIAN_POINT ( 'NONE',  ( -2.060000000000000497, 0.08500000000000000611, 2.461537905304632012 ) ) ;
#3201 = VECTOR ( 'NONE', #4675, 999.9999999999998863 ) ;
#3202 = DIRECTION ( 'NONE',  ( 0.000000000000000000, 0.000000000000000000, -1.000000000000000000 ) ) ;
#3203 = DIRECTION ( 'NONE',  ( -1.000000000000000000, 0.000000000000000000, -0.000000000000000000 ) ) ;
#3204 = ORIENTED_EDGE ( 'NONE', *, *, #8877, .F. ) ;
#3205 = VERTEX_POINT ( 'NONE', #3713 ) ;
#3206 = ORIENTED_EDGE ( 'NONE', *, *, #11756, .F. ) ;
#3207 = ORIENTED_EDGE ( 'NONE', *, *, #6687, .T. ) ;
#3208 = EDGE_CURVE ( 'NONE', #9635, #7987, #3601, .T. ) ;
#3209 = LINE ( 'NONE', #7870, #6645 ) ;
#3210 = DIRECTION ( 'NONE',  ( 0.000000000000000000, 0.07997395986122909917, 0.9967969531173911379 ) ) ;
#3211 = VECTOR ( 'NONE', #3796, 1000.000000000000114 ) ;
#3212 = LINE ( 'NONE', #10679, #10366 ) ;
#3213 = ADVANCED_FACE ( 'NONE', ( #7355 ), #1036, .T. ) ;
#3214 = CARTESIAN_POINT ( 'NONE',  ( -4.290000000000000036, -0.1782331765923089728, 2.746736385498786515 ) ) ;
#3215 = CIRCLE ( 'NONE', #5500, 0.2861149196957549767 ) ;
#3216 = AXIS2_PLACEMENT_3D ( 'NONE', #1542, #7919, #3278 ) ;
#3217 = DIRECTION ( 'NONE',  ( 1.000000000000000000, 0.000000000000000000, 0.000000000000000000 ) ) ;
#3218 = CARTESIAN_POINT ( 'NONE',  ( 4.599999999999999645, -0.08500000000000003386, -1.939563312323252742 ) ) ;
#3219 = ORIENTED_EDGE ( 'NONE', *, *, #9534, .F. ) ;
#3220 = EDGE_LOOP ( 'NONE', ( #6490, #8038, #3726, #8981, #4433, #654, #1995, #6805, #3718, #6393, #2596, #8531 ) ) ;
#3221 = CIRCLE ( 'NONE', #9323, 0.2861149196957549767 ) ;
#3222 = ORIENTED_EDGE ( 'NONE', *, *, #10597, .T. ) ;
#3223 = ORIENTED_EDGE ( 'NONE', *, *, #1815, .F. ) ;
#3224 = DIRECTION ( 'NONE',  ( 0.000000000000000000, 5.037375692079792934E-15, 1.000000000000000000 ) ) ;
#3225 = VECTOR ( 'NONE', #9170, 1000.000000000000000 ) ;
#3226 = ORIENTED_EDGE ( 'NONE', *, *, #3634, .F. ) ;
#3227 = EDGE_CURVE ( 'NONE', #7012, #10569, #7484, .T. ) ;
#3228 = PLANE ( 'NONE',  #11652 ) ;
#3229 = CARTESIAN_POINT ( 'NONE',  ( 1.714999999999998970, -0.2334590321417523429, 2.124296695724087414 ) ) ;
#3230 = DIRECTION ( 'NONE',  ( 1.000000000000000000, 0.000000000000000000, 0.000000000000000000 ) ) ;
#3231 = AXIS2_PLACEMENT_3D ( 'NONE', #9591, #4082, #2285 ) ;
#3232 = AXIS2_PLACEMENT_3D ( 'NONE', #5277, #7177, #10898 ) ;
#3233 = CARTESIAN_POINT ( 'NONE',  ( -2.060000000000000497, -0.4750000000000020872, -2.599999999999999645 ) ) ;
#3234 = CARTESIAN_POINT ( 'NONE',  ( 3.019999999999999574, 0.000000000000000000, 0.000000000000000000 ) ) ;
#3235 = VECTOR ( 'NONE', #7136, 1000.000000000000114 ) ;
#3236 = VECTOR ( 'NONE', #286, 1000.000000000000000 ) ;
#3237 = ORIENTED_EDGE ( 'NONE', *, *, #10439, .T. ) ;
#3238 = AXIS2_PLACEMENT_3D ( 'NONE', #11610, #7076, #10778 ) ;
#3239 = PLANE ( 'NONE',  #3231 ) ;
#3240 = CIRCLE ( 'NONE', #2093, 0.1161149196957549368 ) ;
#3241 = LINE ( 'NONE', #8677, #2598 ) ;
#3242 = EDGE_LOOP ( 'NONE', ( #9793, #5364, #8859, #11544 ) ) ;
#3243 = CARTESIAN_POINT ( 'NONE',  ( -1.750000000000000666, -0.1970818674976960727, 2.577702366059670069 ) ) ;
#3244 = ORIENTED_EDGE ( 'NONE', *, *, #10665, .F. ) ;
#3245 = EDGE_CURVE ( 'NONE', #7254, #6369, #5406, .T. ) ;
#3246 = CYLINDRICAL_SURFACE ( 'NONE', #10118, 0.2861149196957545326 ) ;
#3247 = VECTOR ( 'NONE', #2603, 1000.000000000000000 ) ;
#3248 = DIRECTION ( 'NONE',  ( 0.000000000000000000, -0.000000000000000000, -1.000000000000000000 ) ) ;
#3249 = LINE ( 'NONE', #4212, #2147 ) ;
#3250 = FACE_OUTER_BOUND ( 'NONE', #7549, .T. ) ;
#3251 = VECTOR ( 'NONE', #9472, 1000.000000000000000 ) ;
#3252 = VECTOR ( 'NONE', #10320, 1000.000000000000000 ) ;
#3253 = VECTOR ( 'NONE', #8249, 999.9999999999998863 ) ;
#3254 = CARTESIAN_POINT ( 'NONE',  ( -0.8250000000000010658, -0.1970818674976871909, 2.577702366059670069 ) ) ;
#3255 = DIRECTION ( 'NONE',  ( 1.000000000000000000, -0.000000000000000000, 0.000000000000000000 ) ) ;
#3256 = ORIENTED_EDGE ( 'NONE', *, *, #8079, .T. ) ;
#3257 = LINE ( 'NONE', #6055, #1673 ) ;
#3258 = DIRECTION ( 'NONE',  ( 0.000000000000000000, 0.000000000000000000, -1.000000000000000000 ) ) ;
#3259 = ORIENTED_EDGE ( 'NONE', *, *, #8836, .F. ) ;
#3260 = VERTEX_POINT ( 'NONE', #3776 ) ;
#3261 = DIRECTION ( 'NONE',  ( 1.000000000000000000, -0.000000000000000000, 0.000000000000000000 ) ) ;
#3262 = AXIS2_PLACEMENT_3D ( 'NONE', #7401, #10936, #7290 ) ;
#3263 = VECTOR ( 'NONE', #9212, 1000.000000000000000 ) ;
#3264 = VERTEX_POINT ( 'NONE', #11072 ) ;
#3265 = AXIS2_PLACEMENT_3D ( 'NONE', #1699, #5353, #5146 ) ;
#3266 = EDGE_LOOP ( 'NONE', ( #2873, #3641, #3106, #3475 ) ) ;
#3267 = CARTESIAN_POINT ( 'NONE',  ( 1.749999999999999778, -0.7250000000000049738, -1.217365792252620583E-15 ) ) ;
#3268 = VECTOR ( 'NONE', #4614, 1000.000000000000000 ) ;
#3269 = VECTOR ( 'NONE', #4488, 999.9999999999998863 ) ;
#3270 = VECTOR ( 'NONE', #9819, 1000.000000000000114 ) ;
#3271 = DIRECTION ( 'NONE',  ( -1.000000000000000000, 0.000000000000000000, -0.000000000000000000 ) ) ;
#3272 = EDGE_CURVE ( 'NONE', #1631, #4236, #2886, .T. ) ;
#3273 = FACE_OUTER_BOUND ( 'NONE', #587, .T. ) ;
#3274 = VERTEX_POINT ( 'NONE', #855 ) ;
#3275 = ORIENTED_EDGE ( 'NONE', *, *, #1260, .F. ) ;
#3276 = VERTEX_POINT ( 'NONE', #9999 ) ;
#3277 = VECTOR ( 'NONE', #6569, 999.9999999999998863 ) ;
#3278 = DIRECTION ( 'NONE',  ( 0.000000000000000000, 0.000000000000000000, -1.000000000000000000 ) ) ;
#3279 = CARTESIAN_POINT ( 'NONE',  ( -3.330000000000000071, -0.4013101249740140819, 0.03219748989621654123 ) ) ;
#3280 = DIRECTION ( 'NONE',  ( 1.000000000000000000, -0.000000000000000000, 0.000000000000000000 ) ) ;
#3281 = LINE ( 'NONE', #1548, #9124 ) ;
#3282 = EDGE_CURVE ( 'NONE', #1230, #8243, #320, .T. ) ;
#3283 = CARTESIAN_POINT ( 'NONE',  ( 0.4799999999999999267, 0.08500000000000000611, 0.000000000000000000 ) ) ;
#3284 = LINE ( 'NONE', #4340, #3763 ) ;
#3285 = ORIENTED_EDGE ( 'NONE', *, *, #5779, .T. ) ;
#3286 = EDGE_CURVE ( 'NONE', #3501, #11793, #7545, .T. ) ;
#3287 = ORIENTED_EDGE ( 'NONE', *, *, #8261, .T. ) ;
#3288 = VERTEX_POINT ( 'NONE', #4871 ) ;
#3289 = DIRECTION ( 'NONE',  ( 0.000000000000000000, 0.000000000000000000, -1.000000000000000000 ) ) ;
#3290 = ORIENTED_EDGE ( 'NONE', *, *, #4501, .T. ) ;
#3291 = EDGE_CURVE ( 'NONE', #986, #4184, #9415, .T. ) ;
#3292 = LINE ( 'NONE', #11571, #9588 ) ;
#3293 = VECTOR ( 'NONE', #2808, 1000.000000000000000 ) ;
#3294 = LINE ( 'NONE', #1445, #6534 ) ;
#3295 = FACE_OUTER_BOUND ( 'NONE', #7388, .T. ) ;
#3296 = DIRECTION ( 'NONE',  ( 0.000000000000000000, -0.9967969531173912490, 0.07997395986122909917 ) ) ;
#3297 = CARTESIAN_POINT ( 'NONE',  ( -3.020000000000000018, -0.1834862943212959008, 2.747157848089628374 ) ) ;
#3298 = FACE_OUTER_BOUND ( 'NONE', #7515, .T. ) ;
#3299 = EDGE_CURVE ( 'NONE', #5174, #5653, #4148, .T. ) ;
#3300 = ADVANCED_FACE ( 'NONE', ( #264 ), #5057, .T. ) ;
#3301 = EDGE_LOOP ( 'NONE', ( #3002, #1900, #10157, #5804 ) ) ;
#3302 = VECTOR ( 'NONE', #10395, 1000.000000000000114 ) ;
#3303 = FACE_OUTER_BOUND ( 'NONE', #11546, .T. ) ;
#3304 = ORIENTED_EDGE ( 'NONE', *, *, #7658, .T. ) ;
#3305 = CARTESIAN_POINT ( 'NONE',  ( 3.019999999999999574, 0.08500000000000000611, -2.461537905304632012 ) ) ;
#3306 = ORIENTED_EDGE ( 'NONE', *, *, #5772, .F. ) ;
#3307 = PLANE ( 'NONE',  #9573 ) ;
#3308 = DIRECTION ( 'NONE',  ( 1.000000000000000000, 0.000000000000000000, 0.000000000000000000 ) ) ;
#3309 = VECTOR ( 'NONE', #9582, 1000.000000000000000 ) ;
#3310 = CARTESIAN_POINT ( 'NONE',  ( -0.8150000000000006128, -0.1834862943212428044, -2.747157848089624821 ) ) ;
#3311 = EDGE_CURVE ( 'NONE', #1174, #2615, #2305, .T. ) ;
#3312 = FILL_AREA_STYLE ('',( #9702 ) ) ;
#3313 = ORIENTED_EDGE ( 'NONE', *, *, #789, .F. ) ;
#3314 = CARTESIAN_POINT ( 'NONE',  ( -0.7900000000000003686, 0.08500000000000000611, 2.461537905304632012 ) ) ;
#3315 = CARTESIAN_POINT ( 'NONE',  ( -4.950000000000000178, 0.000000000000000000, 1.949999999999999956 ) ) ;
#3316 = ORIENTED_EDGE ( 'NONE', *, *, #6925, .T. ) ;
#3317 = VECTOR ( 'NONE', #7921, 1000.000000000000114 ) ;
#3318 = VERTEX_POINT ( 'NONE', #8634 ) ;
#3319 = DIRECTION ( 'NONE',  ( -1.000000000000000000, 0.000000000000000000, 0.000000000000000000 ) ) ;
#3320 = ORIENTED_EDGE ( 'NONE', *, *, #6402, .F. ) ;
#3321 = CARTESIAN_POINT ( 'NONE',  ( 2.059999999999999609, -0.4013101249739610688, -0.03219748989621229462 ) ) ;
#3322 = ADVANCED_FACE ( 'NONE', ( #11191 ), #1412, .T. ) ;
#3323 = SURFACE_SIDE_STYLE ('',( #7006 ) ) ;
#3324 = DIRECTION ( 'NONE',  ( 1.000000000000000000, 0.000000000000000000, 0.000000000000000000 ) ) ;
#3325 = ORIENTED_EDGE ( 'NONE', *, *, #10355, .F. ) ;
#3326 = VERTEX_POINT ( 'NONE', #1225 ) ;
#3327 = ORIENTED_EDGE ( 'NONE', *, *, #8525, .F. ) ;
#3328 = PLANE ( 'NONE',  #7600 ) ;
#3329 = EDGE_CURVE ( 'NONE', #11752, #11291, #9607, .T. ) ;
#3330 = DIRECTION ( 'NONE',  ( -0.000000000000000000, 0.9967969531173912490, 0.07997395986122922407 ) ) ;
#3331 = CARTESIAN_POINT ( 'NONE',  ( -4.950000000000000178, 0.08500000000000000611, -1.939563312323252964 ) ) ;
#3332 = CARTESIAN_POINT ( 'NONE',  ( -3.355000000000000426, -0.4462811057769996981, -2.597695856024973882 ) ) ;
#3333 = CARTESIAN_POINT ( 'NONE',  ( -3.330000000000000071, -0.08500000000000000611, -2.461537905304634677 ) ) ;
#3334 = DIRECTION ( 'NONE',  ( 0.000000000000000000, 0.000000000000000000, -1.000000000000000000 ) ) ;
#3335 = EDGE_LOOP ( 'NONE', ( #1572, #137, #1252, #10911 ) ) ;
#3336 = VERTEX_POINT ( 'NONE', #3004 ) ;
#3337 = LINE ( 'NONE', #7928, #10870 ) ;
#3338 = VERTEX_POINT ( 'NONE', #1166 ) ;
#3339 = EDGE_CURVE ( 'NONE', #3714, #10331, #2125, .T. ) ;
#3340 = EDGE_CURVE ( 'NONE', #7128, #4832, #501, .T. ) ;
#3341 = DIRECTION ( 'NONE',  ( 0.000000000000000000, -0.9967969531173912490, 0.07997395986122909917 ) ) ;
#3342 = ADVANCED_FACE ( 'NONE', ( #7787 ), #2943, .T. ) ;
#3343 = LINE ( 'NONE', #5928, #5591 ) ;
#3344 = LINE ( 'NONE', #5036, #9143 ) ;
#3345 = CARTESIAN_POINT ( 'NONE',  ( -3.330000000000000071, -0.2011149196957544016, -2.461537905304632012 ) ) ;
#3346 = CARTESIAN_POINT ( 'NONE',  ( -4.635000000000000675, -0.2334590321417965297, 2.124296695724090522 ) ) ;
#3347 = ADVANCED_FACE ( 'NONE', ( #10241 ), #11258, .F. ) ;
#3348 = EDGE_CURVE ( 'NONE', #3987, #5552, #10310, .T. ) ;
#3349 = ORIENTED_EDGE ( 'NONE', *, *, #7945, .T. ) ;
#3350 = PLANE ( 'NONE',  #534 ) ;
#3351 = ORIENTED_EDGE ( 'NONE', *, *, #5646, .F. ) ;
#3352 = CYLINDRICAL_SURFACE ( 'NONE', #941, 0.1017314392126205669 ) ;
#3353 = ORIENTED_EDGE ( 'NONE', *, *, #7465, .T. ) ;
#3354 = EDGE_CURVE ( 'NONE', #24, #9776, #10373, .T. ) ;
#3355 = LINE ( 'NONE', #2354, #10324 ) ;
#3356 = EDGE_CURVE ( 'NONE', #7730, #2709, #5824, .T. ) ;
#3357 = CARTESIAN_POINT ( 'NONE',  ( 4.599999999999999645, 0.000000000000000000, -3.000000000000000000 ) ) ;
#3358 = LINE ( 'NONE', #382, #9614 ) ;
#3359 = VERTEX_POINT ( 'NONE', #390 ) ;
#3360 = DIRECTION ( 'NONE',  ( 1.000000000000000000, 0.000000000000000000, 0.000000000000000000 ) ) ;
#3361 = CARTESIAN_POINT ( 'NONE',  ( 4.289999999999999147, -0.08500000000000000611, -2.461537905304634677 ) ) ;
#3362 = ORIENTED_EDGE ( 'NONE', *, *, #11328, .F. ) ;
#3363 = COLOUR_RGB ( '',0.2509803921568627416, 0.2509803921568627416, 0.2509803921568627416 ) ;
#3364 = ORIENTED_EDGE ( 'NONE', *, *, #4650, .T. ) ;
#3365 = CARTESIAN_POINT ( 'NONE',  ( 1.749999999999999778, -0.08500000000000000611, -2.461537905304634677 ) ) ;
#3366 = VERTEX_POINT ( 'NONE', #11320 ) ;
#3367 = FACE_OUTER_BOUND ( 'NONE', #5886, .T. ) ;
#3368 = EDGE_CURVE ( 'NONE', #10460, #9073, #7674, .T. ) ;
#3369 = FACE_OUTER_BOUND ( 'NONE', #9511, .T. ) ;
#3370 = EDGE_CURVE ( 'NONE', #6550, #7958, #7729, .T. ) ;
#3371 = AXIS2_PLACEMENT_3D ( 'NONE', #7513, #5659, #2727 ) ;
#3372 = CARTESIAN_POINT ( 'NONE',  ( -2.060000000000000497, -0.4614044268235938384, 2.769455482029957061 ) ) ;
#3373 = VECTOR ( 'NONE', #5488, 1000.000000000000000 ) ;
#3374 = FACE_OUTER_BOUND ( 'NONE', #9061, .T. ) ;
#3375 = ORIENTED_EDGE ( 'NONE', *, *, #8107, .T. ) ;
#3376 = EDGE_LOOP ( 'NONE', ( #10195, #7397, #11337, #1195 ) ) ;
#3377 = VERTEX_POINT ( 'NONE', #8980 ) ;
#3378 = ADVANCED_FACE ( 'NONE', ( #2364 ), #5107, .F. ) ;
#3379 = CARTESIAN_POINT ( 'NONE',  ( -1.725000000000000755, -0.4813330637901492848, -2.160807586281502157 ) ) ;
#3380 = VECTOR ( 'NONE', #4707, 1000.000000000000000 ) ;
#3381 = CARTESIAN_POINT ( 'NONE',  ( -3.020000000000000018, -0.4614044268235938384, 2.769455482029957061 ) ) ;
#3382 = DIRECTION ( 'NONE',  ( 1.000000000000000000, -0.000000000000000000, -0.000000000000000000 ) ) ;
#3383 = PLANE ( 'NONE',  #366 ) ;
#3384 = LINE ( 'NONE', #9889, #11563 ) ;
#3385 = ORIENTED_EDGE ( 'NONE', *, *, #401, .T. ) ;
#3386 = ORIENTED_EDGE ( 'NONE', *, *, #10840, .F. ) ;
#3387 = ORIENTED_EDGE ( 'NONE', *, *, #1781, .F. ) ;
#3388 = CARTESIAN_POINT ( 'NONE',  ( 0.7899999999999999245, -0.7250000000000049738, -1.217365792252620583E-15 ) ) ;
#3389 = ORIENTED_EDGE ( 'NONE', *, *, #243, .F. ) ;
#3390 = DIRECTION ( 'NONE',  ( 0.000000000000000000, 0.000000000000000000, -1.000000000000000000 ) ) ;
#3391 = DIRECTION ( 'NONE',  ( 0.000000000000000000, 0.9967969531173912490, 0.07997395986122736444 ) ) ;
#3392 = CARTESIAN_POINT ( 'NONE',  ( 0.4799999999999999267, -0.4532685607873790379, 2.870861070673345061 ) ) ;
#3393 = CARTESIAN_POINT ( 'NONE',  ( -3.330000000000000071, 0.000000000000000000, 3.000000000000000000 ) ) ;
#3394 = VECTOR ( 'NONE', #6291, 1000.000000000000000 ) ;
#3395 = VECTOR ( 'NONE', #1641, 1000.000000000000114 ) ;
#3396 = VERTEX_POINT ( 'NONE', #3361 ) ;
#3397 = ADVANCED_FACE ( 'NONE', ( #6056 ), #6999, .T. ) ;
#3398 = LINE ( 'NONE', #6156, #3751 ) ;
#3399 = ORIENTED_EDGE ( 'NONE', *, *, #703, .T. ) ;
#3400 = CARTESIAN_POINT ( 'NONE',  ( 4.599999999999999645, -0.4532685607873793709, -2.870861070673344617 ) ) ;
#3401 = EDGE_LOOP ( 'NONE', ( #4450, #4646, #11552, #11196, #9223, #4093, #35, #4005, #5026 ) ) ;
#3402 = AXIS2_PLACEMENT_3D ( 'NONE', #3700, #7341, #7399 ) ;
#3403 = VECTOR ( 'NONE', #5463, 1000.000000000000000 ) ;
#3404 = DIRECTION ( 'NONE',  ( 0.000000000000000000, 0.000000000000000000, -1.000000000000000000 ) ) ;
#3405 = LINE ( 'NONE', #7049, #1328 ) ;
#3406 = VECTOR ( 'NONE', #3809, 1000.000000000000000 ) ;
#3407 = DIRECTION ( 'NONE',  ( 0.000000000000000000, -0.9967969531173912490, -0.07997395986122911304 ) ) ;
#3408 = FACE_OUTER_BOUND ( 'NONE', #7550, .T. ) ;
#3409 = AXIS2_PLACEMENT_3D ( 'NONE', #3196, #5959, #9139 ) ;
#3410 = EDGE_CURVE ( 'NONE', #8319, #2552, #1676, .T. ) ;
#3411 = VECTOR ( 'NONE', #755, 1000.000000000000000 ) ;
#3412 = AXIS2_PLACEMENT_3D ( 'NONE', #10169, #376, #6765 ) ;
#3413 = VERTEX_POINT ( 'NONE', #2466 ) ;
#3414 = ADVANCED_FACE ( 'NONE', ( #4220 ), #11434, .T. ) ;
#3415 = DIRECTION ( 'NONE',  ( 0.000000000000000000, -0.000000000000000000, -1.000000000000000000 ) ) ;
#3416 = FILL_AREA_STYLE ('',( #11596 ) ) ;
#3417 = ORIENTED_EDGE ( 'NONE', *, *, #9198, .F. ) ;
#3418 = VECTOR ( 'NONE', #1893, 1000.000000000000000 ) ;
#3419 = DIRECTION ( 'NONE',  ( 1.000000000000000000, 0.000000000000000000, 0.000000000000000000 ) ) ;
#3420 = CARTESIAN_POINT ( 'NONE',  ( 0.8249999999999992895, -0.4462811057770261214, 2.597695856024975658 ) ) ;
#3421 = EDGE_CURVE ( 'NONE', #8632, #954, #10604, .T. ) ;
#3422 = ORIENTED_EDGE ( 'NONE', *, *, #6461, .T. ) ;
#3423 = CARTESIAN_POINT ( 'NONE',  ( 3.329999999999999627, -0.4532685607873790379, -2.870861070673345061 ) ) ;
#3424 = EDGE_CURVE ( 'NONE', #11725, #4053, #5218, .T. ) ;
#3425 = AXIS2_PLACEMENT_3D ( 'NONE', #4856, #4715, #7286 ) ;
#3426 = CARTESIAN_POINT ( 'NONE',  ( -0.8150000000000006128, -0.2321338255108014725, -2.140814096316195236 ) ) ;
#3427 = PRODUCT_DEFINITION_FORMATION_WITH_SPECIFIED_SOURCE ( 'ANY', '', #2758, .NOT_KNOWN. ) ;
#3428 = FACE_OUTER_BOUND ( 'NONE', #7342, .T. ) ;
#3430 = EDGE_CURVE ( 'NONE', #2784, #469, #5521, .T. ) ;
#3429 = VECTOR ( 'NONE', #2105, 1000.000000000000000 ) ;
#3431 = VECTOR ( 'NONE', #8886, 1000.000000000000114 ) ;
#3432 = DIRECTION ( 'NONE',  ( 1.000000000000000000, 0.000000000000000000, -0.000000000000000000 ) ) ;
#3433 = DIRECTION ( 'NONE',  ( 0.000000000000000000, 0.000000000000000000, -1.000000000000000000 ) ) ;
#3434 = VECTOR ( 'NONE', #8684, 1000.000000000000114 ) ;
#3435 = VERTEX_POINT ( 'NONE', #4318 ) ;
#3436 = ORIENTED_EDGE ( 'NONE', *, *, #4556, .F. ) ;
#3437 = EDGE_LOOP ( 'NONE', ( #8850, #7547, #7925, #3571 ) ) ;
#3438 = VERTEX_POINT ( 'NONE', #626 ) ;
#3439 = DIRECTION ( 'NONE',  ( 0.000000000000000000, 0.000000000000000000, -1.000000000000000000 ) ) ;
#3440 = CARTESIAN_POINT ( 'NONE',  ( 1.749999999999999778, 0.000000000000000000, -3.000000000000000000 ) ) ;
#3441 = AXIS2_PLACEMENT_3D ( 'NONE', #378, #11308, #3125 ) ;
#3442 = VECTOR ( 'NONE', #85, 1000.000000000000000 ) ;
#3443 = DIRECTION ( 'NONE',  ( 1.000000000000000000, 0.000000000000000000, 0.000000000000000000 ) ) ;
#3444 = CARTESIAN_POINT ( 'NONE',  ( 4.625000000000000000, -0.4462811057769996981, -2.597695856024973882 ) ) ;
#3445 = EDGE_CURVE ( 'NONE', #9375, #5045, #9814, .T. ) ;
#3446 = CARTESIAN_POINT ( 'NONE',  ( 0.7899999999999999245, -0.7250000000000049738, 1.217365792252620583E-15 ) ) ;
#3447 = CARTESIAN_POINT ( 'NONE',  ( -1.725000000000000755, -0.4326855326005906166, -2.767151338054931742 ) ) ;
#3448 = ORIENTED_EDGE ( 'NONE', *, *, #926, .T. ) ;
#3449 = VECTOR ( 'NONE', #9581, 1000.000000000000114 ) ;
#3450 = VERTEX_POINT ( 'NONE', #5269 ) ;
#3451 = ORIENTED_EDGE ( 'NONE', *, *, #10710, .T. ) ;
#3452 = CARTESIAN_POINT ( 'NONE',  ( 2.084999999999999520, -0.1970818674976518581, -2.577702366059666961 ) ) ;
#3453 = ORIENTED_EDGE ( 'NONE', *, *, #775, .F. ) ;
#3454 = DIRECTION ( 'NONE',  ( 0.000000000000000000, 0.000000000000000000, -1.000000000000000000 ) ) ;
#3455 = DIRECTION ( 'NONE',  ( 0.000000000000000000, 0.000000000000000000, -1.000000000000000000 ) ) ;
#3456 = EDGE_CURVE ( 'NONE', #11005, #6330, #7621, .T. ) ;
#3457 = CARTESIAN_POINT ( 'NONE',  ( 3.019999999999999574, 0.000000000000000000, -3.000000000000000000 ) ) ;
#3458 = CARTESIAN_POINT ( 'NONE',  ( 0.4799999999999999267, -0.2011149196957544016, -2.461537905304632012 ) ) ;
#3459 = ORIENTED_EDGE ( 'NONE', *, *, #4160, .T. ) ;
#3460 = CARTESIAN_POINT ( 'NONE',  ( -4.950000000000000178, -0.6250000000000000000, 1.873259649435684349 ) ) ;
#3461 = VERTEX_POINT ( 'NONE', #6903 ) ;
#3462 = ORIENTED_EDGE ( 'NONE', *, *, #8141, .F. ) ;
#3463 = DIRECTION ( 'NONE',  ( 0.000000000000000000, -0.07997395986122909917, -0.9967969531173911379 ) ) ;
#3464 = ORIENTED_EDGE ( 'NONE', *, *, #8800, .T. ) ;
#3465 = VERTEX_POINT ( 'NONE', #5168 ) ;
#3466 = CARTESIAN_POINT ( 'NONE',  ( 1.714999999999998970, -0.1970818674976703155, 2.577702366059668737 ) ) ;
#3467 = CARTESIAN_POINT ( 'NONE',  ( 3.329999999999999627, -0.1834862943212428321, -2.747157848089624821 ) ) ;
#3468 = PLANE ( 'NONE',  #8825 ) ;
#3469 = CARTESIAN_POINT ( 'NONE',  ( -4.265000000000000568, -0.4326855326005906166, -2.767151338054931742 ) ) ;
#3470 = EDGE_CURVE ( 'NONE', #7339, #8569, #8862, .T. ) ;
#3471 = VECTOR ( 'NONE', #11361, 1000.000000000000000 ) ;
#3472 = CARTESIAN_POINT ( 'NONE',  ( -4.290000000000000036, -0.7250000000000001998, 2.870861070673344617 ) ) ;
#3473 = EDGE_LOOP ( 'NONE', ( #10976, #1968, #4054, #8993, #1992, #2539, #11193, #3527, #4036, #397, #8966, #3399 ) ) ;
#3474 = DIRECTION ( 'NONE',  ( -1.000000000000000000, 0.000000000000000000, -0.000000000000000000 ) ) ;
#3475 = ORIENTED_EDGE ( 'NONE', *, *, #6551, .T. ) ;
#3476 = DIRECTION ( 'NONE',  ( 0.000000000000000000, 0.000000000000000000, -1.000000000000000000 ) ) ;
#3477 = CIRCLE ( 'NONE', #9013, 0.1017314392126205669 ) ;
#3478 = EDGE_CURVE ( 'NONE', #2334, #434, #4011, .T. ) ;
#3479 = CARTESIAN_POINT ( 'NONE',  ( -4.600000000000000533, -0.08500000000000000611, -2.461537905304634677 ) ) ;
#3480 = EDGE_CURVE ( 'NONE', #10442, #7200, #11494, .T. ) ;
#3481 = DIRECTION ( 'NONE',  ( 0.000000000000000000, -0.9967969531173912490, -0.07997395986122736444 ) ) ;
#3482 = AXIS2_PLACEMENT_3D ( 'NONE', #3229, #4301, #10535 ) ;
#3483 = EDGE_CURVE ( 'NONE', #6804, #1430, #4379, .T. ) ;
#3484 = CARTESIAN_POINT ( 'NONE',  ( -4.290000000000000036, 0.000000000000000000, 1.949999999999999956 ) ) ;
#3485 = PLANE ( 'NONE',  #3238 ) ;
#3486 = ORIENTED_EDGE ( 'NONE', *, *, #7347, .T. ) ;
#3487 = ORIENTED_EDGE ( 'NONE', *, *, #5590, .T. ) ;
#3488 = ORIENTED_EDGE ( 'NONE', *, *, #10364, .F. ) ;
#3489 = ORIENTED_EDGE ( 'NONE', *, *, #5061, .F. ) ;
#3490 = ADVANCED_FACE ( 'NONE', ( #672 ), #7116, .T. ) ;
#3491 =( LENGTH_UNIT ( ) NAMED_UNIT ( * ) SI_UNIT ( .MILLI., .METRE. ) );
#3492 = CARTESIAN_POINT ( 'NONE',  ( -0.7900000000000003686, -0.5549999999999993827, -2.870861070673345061 ) ) ;
#3493 = EDGE_CURVE ( 'NONE', #7691, #1696, #1076, .T. ) ;
#3494 = CARTESIAN_POINT ( 'NONE',  ( 4.289999999999999147, -0.08500000000000000611, 2.461537905304634677 ) ) ;
#3495 = EDGE_CURVE ( 'NONE', #7918, #8127, #11710, .T. ) ;
#3496 = CARTESIAN_POINT ( 'NONE',  ( -0.8150000000000006128, -0.4813330637901492848, -2.160807586281502157 ) ) ;
#3497 = CARTESIAN_POINT ( 'NONE',  ( 2.059999999999999609, 0.2042282574763048253, -2.545504876163455776 ) ) ;
#3498 = LINE ( 'NONE', #1550, #8933 ) ;
#3499 = VERTEX_POINT ( 'NONE', #8072 ) ;
#3500 = ORIENTED_EDGE ( 'NONE', *, *, #9785, .F. ) ;
#3501 = VERTEX_POINT ( 'NONE', #11764 ) ;
#3502 = DIRECTION ( 'NONE',  ( -1.000000000000000000, 0.000000000000000000, 0.000000000000000000 ) ) ;
#3503 = ORIENTED_EDGE ( 'NONE', *, *, #4235, .F. ) ;
#3504 = DIRECTION ( 'NONE',  ( 0.000000000000000000, 0.000000000000000000, 1.000000000000000000 ) ) ;
#3505 = ADVANCED_FACE ( 'NONE', ( #3755 ), #899, .F. ) ;
#3506 = DIRECTION ( 'NONE',  ( 1.000000000000000000, 0.000000000000000000, 0.000000000000000000 ) ) ;
#3507 = ADVANCED_FACE ( 'NONE', ( #3649 ), #4543, .T. ) ;
#3508 = LINE ( 'NONE', #2673, #6120 ) ;
#3509 = EDGE_CURVE ( 'NONE', #2921, #6675, #7168, .T. ) ;
#3510 = CARTESIAN_POINT ( 'NONE',  ( 3.329999999999999627, 0.000000000000000000, -3.000000000000000000 ) ) ;
#3511 = ORIENTED_EDGE ( 'NONE', *, *, #7508, .T. ) ;
#3512 = FACE_OUTER_BOUND ( 'NONE', #10754, .T. ) ;
#3513 = EDGE_LOOP ( 'NONE', ( #8144, #1750, #7252, #10834, #10272, #4515, #11192, #9576, #1133 ) ) ;
#3514 = ORIENTED_EDGE ( 'NONE', *, *, #8591, .T. ) ;
#3515 = LINE ( 'NONE', #9024, #5154 ) ;
#3516 = ORIENTED_EDGE ( 'NONE', *, *, #113, .T. ) ;
#3517 = VERTEX_POINT ( 'NONE', #843 ) ;
#3518 = CARTESIAN_POINT ( 'NONE',  ( 3.329999999999999627, -0.1782331765923089728, -2.746736385498786515 ) ) ;
#3519 = EDGE_CURVE ( 'NONE', #10152, #4409, #4019, .T. ) ;
#3520 = CARTESIAN_POINT ( 'NONE',  ( -3.330000000000000071, -0.1918287497687165000, 2.577280903468829099 ) ) ;
#3521 = CARTESIAN_POINT ( 'NONE',  ( 4.289999999999999147, 0.2042282574763048253, -2.545504876163455776 ) ) ;
#3522 = DIRECTION ( 'NONE',  ( 0.000000000000000000, -1.000000000000000000, 0.000000000000000000 ) ) ;
#3523 = CARTESIAN_POINT ( 'NONE',  ( 0.4449999999999992295, -0.2334590321417611969, 2.124296695724087858 ) ) ;
#3524 = CARTESIAN_POINT ( 'NONE',  ( 3.019999999999999574, -0.5549999999999849498, 2.795743509104209498E-15 ) ) ;
#3525 = VERTEX_POINT ( 'NONE', #2872 ) ;
#3526 = DIRECTION ( 'NONE',  ( 0.000000000000000000, -0.9967969531173912490, 0.07997395986122922407 ) ) ;
#3527 = ORIENTED_EDGE ( 'NONE', *, *, #6669, .T. ) ;
#3528 = LINE ( 'NONE', #8306, #3269 ) ;
#3529 = CARTESIAN_POINT ( 'NONE',  ( 3.329999999999999183, -0.08500000000000003386, -1.939563312323252742 ) ) ;
#3530 = AXIS2_PLACEMENT_3D ( 'NONE', #198, #5695, #9350 ) ;
#3531 = DIRECTION ( 'NONE',  ( -0.000000000000000000, 0.9925461516413219831, 0.1218693434051477537 ) ) ;
#3532 = CARTESIAN_POINT ( 'NONE',  ( -3.020000000000000018, -0.08500000000000000611, 0.000000000000000000 ) ) ;
#3533 = LINE ( 'NONE', #6176, #4938 ) ;
#3534 = ADVANCED_FACE ( 'NONE', ( #2629 ), #8126, .T. ) ;
#3535 = CARTESIAN_POINT ( 'NONE',  ( -2.060000000000000497, -0.08500000000000000611, 0.000000000000000000 ) ) ;
#3536 = ORIENTED_EDGE ( 'NONE', *, *, #11482, .F. ) ;
#3537 = EDGE_CURVE ( 'NONE', #2973, #11752, #6277, .T. ) ;
#3538 = ORIENTED_EDGE ( 'NONE', *, *, #11590, .T. ) ;
#3539 = ORIENTED_EDGE ( 'NONE', *, *, #2639, .F. ) ;
#3540 = ORIENTED_EDGE ( 'NONE', *, *, #1329, .T. ) ;
#3541 = CIRCLE ( 'NONE', #1134, 0.1017314392126205669 ) ;
#3542 = FACE_OUTER_BOUND ( 'NONE', #9297, .T. ) ;
#3543 = EDGE_CURVE ( 'NONE', #4040, #6914, #1854, .T. ) ;
#3544 = PLANE ( 'NONE',  #6329 ) ;
#3545 = CARTESIAN_POINT ( 'NONE',  ( 1.749999999999999778, 0.2178238306527182089, -2.714960358193412304 ) ) ;
#3546 = SURFACE_STYLE_FILL_AREA ( #2659 ) ;
#3547 = LINE ( 'NONE', #10739, #7228 ) ;
#3548 = LINE ( 'NONE', #10064, #5891 ) ;
#3549 = ORIENTED_EDGE ( 'NONE', *, *, #7108, .F. ) ;
#3550 = ADVANCED_FACE ( 'NONE', ( #9930 ), #7235, .T. ) ;
#3551 = ORIENTED_EDGE ( 'NONE', *, *, #3478, .T. ) ;
#3552 = ORIENTED_EDGE ( 'NONE', *, *, #5183, .F. ) ;
#3553 = CARTESIAN_POINT ( 'NONE',  ( 0.4549999999999996825, -0.1970818674976526075, -2.577702366059666961 ) ) ;
#3555 = ORIENTED_EDGE ( 'NONE', *, *, #11740, .T. ) ;
#3554 = VECTOR ( 'NONE', #3850, 999.9999999999998863 ) ;
#3556 = DIRECTION ( 'NONE',  ( -0.1209742911513548291, 0.9852565360152931717, -0.1209742911513548430 ) ) ;
#3557 = EDGE_CURVE ( 'NONE', #4187, #10442, #971, .T. ) ;
#3558 = CARTESIAN_POINT ( 'NONE',  ( -3.330000000000000071, -0.2011149196957552621, 2.461537905304631568 ) ) ;
#3559 = LINE ( 'NONE', #3731, #6270 ) ;
#3560 = DIRECTION ( 'NONE',  ( -1.000000000000000000, -0.000000000000000000, -0.000000000000000000 ) ) ;
#3561 = CARTESIAN_POINT ( 'NONE',  ( -2.060000000000000497, 0.2178238306527182089, 2.714960358193412304 ) ) ;
#3562 = CARTESIAN_POINT ( 'NONE',  ( -1.715000000000001190, -0.1834862943212869912, 2.747157848089627930 ) ) ;
#3563 = FACE_OUTER_BOUND ( 'NONE', #4399, .T. ) ;
#3564 = ORIENTED_EDGE ( 'NONE', *, *, #11773, .F. ) ;
#3565 = ADVANCED_FACE ( 'NONE', ( #3701 ), #6454, .T. ) ;
#3566 = CARTESIAN_POINT ( 'NONE',  ( 4.264999999999999680, -0.1970818674976526075, -2.577702366059666961 ) ) ;
#3567 = VECTOR ( 'NONE', #5696, 1000.000000000000000 ) ;
#3568 = ORIENTED_EDGE ( 'NONE', *, *, #969, .T. ) ;
#3569 = EDGE_LOOP ( 'NONE', ( #4170, #1278, #3386, #8723 ) ) ;
#3570 = CARTESIAN_POINT ( 'NONE',  ( -3.330000000000000071, -0.6505093632533618386, 0.05219097986152380214 ) ) ;
#3571 = ORIENTED_EDGE ( 'NONE', *, *, #5241, .T. ) ;
#3572 = ORIENTED_EDGE ( 'NONE', *, *, #3937, .F. ) ;
#3573 = FACE_OUTER_BOUND ( 'NONE', #337, .T. ) ;
#3574 = LINE ( 'NONE', #3693, #7801 ) ;
#3575 = LINE ( 'NONE', #7163, #10113 ) ;
#3576 = CARTESIAN_POINT ( 'NONE',  ( -0.7900000000000003686, -0.7250000000000049738, -1.217365792252620583E-15 ) ) ;
#3577 = CARTESIAN_POINT ( 'NONE',  ( -4.290000000000000036, -0.5550000000000000488, -3.000000000000000000 ) ) ;
#3578 = CIRCLE ( 'NONE', #5300, 0.2717314392126214395 ) ;
#3579 = EDGE_LOOP ( 'NONE', ( #5526, #6761, #8588, #6017 ) ) ;
#3580 = ADVANCED_FACE ( 'NONE', ( #10291 ), #10413, .T. ) ;
#3581 = VECTOR ( 'NONE', #9998, 1000.000000000000114 ) ;
#3582 = DIRECTION ( 'NONE',  ( 0.000000000000000000, 0.000000000000000000, -1.000000000000000000 ) ) ;
#3583 = AXIS2_PLACEMENT_3D ( 'NONE', #412, #4057, #5019 ) ;
#3584 = DIRECTION ( 'NONE',  ( 0.000000000000000000, 0.07997395986122911304, -0.9967969531173912490 ) ) ;
#3585 = VERTEX_POINT ( 'NONE', #250 ) ;
#3586 = CARTESIAN_POINT ( 'NONE',  ( 0.7899999999999999245, -0.1918287497687165000, -2.577280903468829099 ) ) ;
#3587 = VECTOR ( 'NONE', #5067, 1000.000000000000114 ) ;
#3588 = ORIENTED_EDGE ( 'NONE', *, *, #6400, .T. ) ;
#3589 = LINE ( 'NONE', #7239, #7247 ) ;
#3590 = AXIS2_PLACEMENT_3D ( 'NONE', #2793, #8120, #5494 ) ;
#3591 = LINE ( 'NONE', #7243, #3830 ) ;
#3592 = VECTOR ( 'NONE', #6305, 1000.000000000000000 ) ;
#3593 = CIRCLE ( 'NONE', #2286, 0.2717314392126214395 ) ;
#3594 = UNCERTAINTY_MEASURE_WITH_UNIT (LENGTH_MEASURE( 1.000000000000000082E-05 ), #3491, 'distance_accuracy_value', 'NONE');
#3595 = DIRECTION ( 'NONE',  ( 1.000000000000000000, 0.000000000000000000, 0.000000000000000000 ) ) ;
#3596 = CYLINDRICAL_SURFACE ( 'NONE', #4197, 0.2717314392126214395 ) ;
#3597 = CIRCLE ( 'NONE', #5150, 0.1161149196957549368 ) ;
#3598 = DIRECTION ( 'NONE',  ( 1.000000000000000000, 0.000000000000000000, 0.000000000000000000 ) ) ;
#3599 = CARTESIAN_POINT ( 'NONE',  ( -0.7900000000000003686, -0.7250000000000049738, 1.217365792252620583E-15 ) ) ;
#3600 = ORIENTED_EDGE ( 'NONE', *, *, #330, .F. ) ;
#3601 = CIRCLE ( 'NONE', #10680, 0.2861149196957549767 ) ;
#3602 = AXIS2_PLACEMENT_3D ( 'NONE', #2976, #8290, #3040 ) ;
#3603 = ORIENTED_EDGE ( 'NONE', *, *, #8147, .T. ) ;
#3604 = VERTEX_POINT ( 'NONE', #9460 ) ;
#3605 = AXIS2_PLACEMENT_3D ( 'NONE', #7226, #5387, #9086 ) ;
#3606 = ORIENTED_EDGE ( 'NONE', *, *, #8643, .F. ) ;
#3607 = CYLINDRICAL_SURFACE ( 'NONE', #11027, 0.2717314392126209954 ) ;
#3608 = CARTESIAN_POINT ( 'NONE',  ( 3.354999999999999538, -0.1970818674976518581, -2.577702366059666961 ) ) ;
#3609 = EDGE_CURVE ( 'NONE', #10951, #4680, #6632, .T. ) ;
#3610 = VECTOR ( 'NONE', #6216, 1000.000000000000114 ) ;
#3611 = AXIS2_PLACEMENT_3D ( 'NONE', #4935, #1232, #2057 ) ;
#3612 = VECTOR ( 'NONE', #8627, 1000.000000000000000 ) ;
#3613 = CARTESIAN_POINT ( 'NONE',  ( 0.7899999999999999245, 0.000000000000000000, 0.000000000000000000 ) ) ;
#3614 = LINE ( 'NONE', #2835, #10477 ) ;
#3615 = ORIENTED_EDGE ( 'NONE', *, *, #5404, .T. ) ;
#3616 = ORIENTED_EDGE ( 'NONE', *, *, #3609, .F. ) ;
#3617 = ORIENTED_EDGE ( 'NONE', *, *, #6551, .F. ) ;
#3618 = AXIS2_PLACEMENT_3D ( 'NONE', #9208, #4664, #6517 ) ;
#3619 = CIRCLE ( 'NONE', #3441, 0.2861149196957545326 ) ;
#3620 = VECTOR ( 'NONE', #10433, 1000.000000000000000 ) ;
#3621 = ADVANCED_FACE ( 'NONE', ( #6763 ), #8620, .T. ) ;
#3622 = PLANE ( 'NONE',  #10896 ) ;
#3623 = DIRECTION ( 'NONE',  ( 1.000000000000000000, -0.000000000000000000, 0.000000000000000000 ) ) ;
#3624 = CARTESIAN_POINT ( 'NONE',  ( 4.625000000000000000, -0.1834862943212428044, -2.747157848089624821 ) ) ;
#3625 = DIRECTION ( 'NONE',  ( -0.000000000000000000, 0.07997395986122908529, 0.9967969531173911379 ) ) ;
#3626 = ADVANCED_FACE ( 'NONE', ( #11357 ), #1267, .T. ) ;
#3627 = CARTESIAN_POINT ( 'NONE',  ( 3.329999999999999627, -0.2011149196957552621, -2.461537905304631568 ) ) ;
#3628 = EDGE_CURVE ( 'NONE', #5409, #8224, #5753, .T. ) ;
#3629 = VECTOR ( 'NONE', #7651, 1000.000000000000000 ) ;
#3630 = VECTOR ( 'NONE', #2813, 1000.000000000000000 ) ;
#3631 = FACE_OUTER_BOUND ( 'NONE', #3513, .T. ) ;
#3632 = LINE ( 'NONE', #1785, #2055 ) ;
#3633 = ORIENTED_EDGE ( 'NONE', *, *, #11373, .F. ) ;
#3634 = EDGE_CURVE ( 'NONE', #1747, #233, #3958, .T. ) ;
#3635 = PLANE ( 'NONE',  #1091 ) ;
#3636 = ORIENTED_EDGE ( 'NONE', *, *, #6704, .T. ) ;
#3637 = ORIENTED_EDGE ( 'NONE', *, *, #9584, .T. ) ;
#3638 = DIRECTION ( 'NONE',  ( 0.000000000000000000, 0.000000000000000000, -1.000000000000000000 ) ) ;
#3639 = DIRECTION ( 'NONE',  ( 0.000000000000000000, -0.9967969531173912490, 0.07997395986122909917 ) ) ;
#3640 = VERTEX_POINT ( 'NONE', #2987 ) ;
#3641 = ORIENTED_EDGE ( 'NONE', *, *, #2122, .F. ) ;
#3642 = DIRECTION ( 'NONE',  ( 0.000000000000000000, 1.000000000000000000, -5.037375692079792934E-15 ) ) ;
#3643 = DIRECTION ( 'NONE',  ( 0.000000000000000000, -0.07997395986122909917, -0.9967969531173911379 ) ) ;
#3644 = CIRCLE ( 'NONE', #18, 0.2717314392126209954 ) ;
#3645 = LINE ( 'NONE', #7285, #7682 ) ;
#3646 = LINE ( 'NONE', #9203, #8962 ) ;
#3647 = EDGE_CURVE ( 'NONE', #3499, #5596, #5868, .T. ) ;
#3648 = LINE ( 'NONE', #8911, #10836 ) ;
#3649 = FACE_OUTER_BOUND ( 'NONE', #9168, .T. ) ;
#3650 = ORIENTED_EDGE ( 'NONE', *, *, #9650, .F. ) ;
#3651 = CARTESIAN_POINT ( 'NONE',  ( -4.290000000000000036, 0.000000000000000000, -1.949999999999999956 ) ) ;
#3652 = ORIENTED_EDGE ( 'NONE', *, *, #10938, .T. ) ;
#3653 = DIRECTION ( 'NONE',  ( -0.000000000000000000, 0.9967969531173911379, -0.07997395986122926570 ) ) ;
#3654 = DIRECTION ( 'NONE',  ( -0.000000000000000000, -0.07997395986122911304, 0.9967969531173912490 ) ) ;
#3655 = AXIS2_PLACEMENT_3D ( 'NONE', #3440, #9215, #4454 ) ;
#3656 = DIRECTION ( 'NONE',  ( 0.000000000000000000, 0.07997395986122911304, -0.9967969531173912490 ) ) ;
#3657 = EDGE_CURVE ( 'NONE', #5858, #9635, #3121, .T. ) ;
#3658 = DIRECTION ( 'NONE',  ( 0.000000000000000000, -0.07997395986122909917, -0.9967969531173911379 ) ) ;
#3659 = CARTESIAN_POINT ( 'NONE',  ( 0.4799999999999999267, -0.7250000000000049738, -1.217365792252620583E-15 ) ) ;
#3660 = CARTESIAN_POINT ( 'NONE',  ( 4.634999999999999787, -0.1970818674976526630, 2.577702366059666961 ) ) ;
#3661 = DIRECTION ( 'NONE',  ( 0.000000000000000000, 1.000000000000000000, 0.000000000000000000 ) ) ;
#3662 = VECTOR ( 'NONE', #8597, 1000.000000000000114 ) ;
#3663 = ORIENTED_EDGE ( 'NONE', *, *, #8577, .F. ) ;
#3664 = EDGE_LOOP ( 'NONE', ( #807, #7579, #2978, #2054 ) ) ;
#3665 = ORIENTED_EDGE ( 'NONE', *, *, #6669, .F. ) ;
#3666 = VERTEX_POINT ( 'NONE', #1335 ) ;
#3667 = CARTESIAN_POINT ( 'NONE',  ( -0.8250000000000010658, -0.2334590321417700232, 2.124296695724088302 ) ) ;
#3668 = DIRECTION ( 'NONE',  ( 0.000000000000000000, 0.07997395986122911304, -0.9967969531173912490 ) ) ;
#3669 = VECTOR ( 'NONE', #4695, 1000.000000000000000 ) ;
#3670 = CARTESIAN_POINT ( 'NONE',  ( 4.289999999999999147, 0.2042282574763048253, 2.545504876163455776 ) ) ;
#3671 = DIRECTION ( 'NONE',  ( 0.000000000000000000, 0.000000000000000000, -1.000000000000000000 ) ) ;
#3672 = ORIENTED_EDGE ( 'NONE', *, *, #8292, .F. ) ;
#3673 = ORIENTED_EDGE ( 'NONE', *, *, #637, .F. ) ;
#3674 = ORIENTED_EDGE ( 'NONE', *, *, #5568, .F. ) ;
#3675 = ADVANCED_FACE ( 'NONE', ( #1210 ), #4858, .F. ) ;
#3676 = CARTESIAN_POINT ( 'NONE',  ( 0.4549999999999996825, -0.1970818674976518858, -2.577702366059666961 ) ) ;
#3677 = LINE ( 'NONE', #825, #748 ) ;
#3678 = CARTESIAN_POINT ( 'NONE',  ( -3.330000000000000071, -0.5550000000000000488, 3.000000000000000000 ) ) ;
#3679 = DIRECTION ( 'NONE',  ( 1.000000000000000000, 0.000000000000000000, 0.000000000000000000 ) ) ;
#3680 = FACE_OUTER_BOUND ( 'NONE', #3266, .T. ) ;
#3681 = FILL_AREA_STYLE_COLOUR ( '', #10060 ) ;
#3682 = ORIENTED_EDGE ( 'NONE', *, *, #7368, .F. ) ;
#3683 = EDGE_CURVE ( 'NONE', #3585, #9104, #6576, .T. ) ;
#3684 = DIRECTION ( 'NONE',  ( 0.000000000000000000, 0.000000000000000000, -1.000000000000000000 ) ) ;
#3685 = ORIENTED_EDGE ( 'NONE', *, *, #10799, .F. ) ;
#3686 = ORIENTED_EDGE ( 'NONE', *, *, #4160, .F. ) ;
#3687 = DIRECTION ( 'NONE',  ( -1.000000000000000000, 0.000000000000000000, 0.000000000000000000 ) ) ;
#3688 = CARTESIAN_POINT ( 'NONE',  ( 0.8249999999999992895, -0.4826582704211089259, 2.144290185689394779 ) ) ;
#3689 = VERTEX_POINT ( 'NONE', #11243 ) ;
#3690 = EDGE_CURVE ( 'NONE', #9375, #1696, #3175, .T. ) ;
#3691 = EDGE_LOOP ( 'NONE', ( #6617, #1395, #11576, #4155 ) ) ;
#3692 = CARTESIAN_POINT ( 'NONE',  ( -4.195702540368398736, 0.6149999999999999911, 0.7500000000000000000 ) ) ;
#3693 = CARTESIAN_POINT ( 'NONE',  ( 3.019999999999999574, -0.7250000000000001998, 2.870861070673344617 ) ) ;
#3694 = LINE ( 'NONE', #7335, #7242 ) ;
#3695 = CARTESIAN_POINT ( 'NONE',  ( 4.289999999999999147, -0.1970818674976519413, -2.577702366059666517 ) ) ;
#3696 = CARTESIAN_POINT ( 'NONE',  ( 3.019999999999999574, -0.2011149196957552621, -2.461537905304631568 ) ) ;
#3697 = ADVANCED_FACE ( 'NONE', ( #4986 ), #3058, .T. ) ;
#3698 = EDGE_CURVE ( 'NONE', #10714, #9912, #2287, .T. ) ;
#3699 = ORIENTED_EDGE ( 'NONE', *, *, #7489, .T. ) ;
#3700 = CARTESIAN_POINT ( 'NONE',  ( 2.059999999999999609, -0.2011149196957552621, 2.461537905304631568 ) ) ;
#3701 = FACE_OUTER_BOUND ( 'NONE', #9636, .T. ) ;
#3702 = ORIENTED_EDGE ( 'NONE', *, *, #8642, .T. ) ;
#3703 = FACE_OUTER_BOUND ( 'NONE', #8840, .T. ) ;
#3704 = EDGE_CURVE ( 'NONE', #299, #9570, #10358, .T. ) ;
#3705 = ORIENTED_EDGE ( 'NONE', *, *, #11025, .F. ) ;
#3706 = DIRECTION ( 'NONE',  ( 0.000000000000000000, 0.000000000000000000, -1.000000000000000000 ) ) ;
#3707 = DIRECTION ( 'NONE',  ( -0.000000000000000000, 0.000000000000000000, 1.000000000000000000 ) ) ;
#3708 = CARTESIAN_POINT ( 'NONE',  ( 0.4799999999999999267, -0.5550000000000000488, -3.000000000000000000 ) ) ;
#3709 = ADVANCED_FACE ( 'NONE', ( #6820 ), #10471, .T. ) ;
#3710 = ADVANCED_FACE ( 'NONE', ( #3832 ), #11116, .F. ) ;
#3711 = CARTESIAN_POINT ( 'NONE',  ( 1.749999999999999778, -0.2011149196957544016, -2.461537905304632012 ) ) ;
#3712 = DIRECTION ( 'NONE',  ( 0.000000000000000000, 0.07997395986122909917, 0.9967969531173911379 ) ) ;
#3713 = CARTESIAN_POINT ( 'NONE',  ( 4.289999999999999147, -0.4462811057769996981, -2.597695856024973882 ) ) ;
#3714 = VERTEX_POINT ( 'NONE', #9514 ) ;
#3715 = ADVANCED_FACE ( 'NONE', ( #7526 ), #5863, .F. ) ;
#3716 = ORIENTED_EDGE ( 'NONE', *, *, #2755, .F. ) ;
#3717 = VERTEX_POINT ( 'NONE', #11169 ) ;
#3718 = ORIENTED_EDGE ( 'NONE', *, *, #6066, .T. ) ;
#3719 = DIRECTION ( 'NONE',  ( -0.000000000000000000, 0.07997395986122908529, 0.9967969531173911379 ) ) ;
#3720 = CARTESIAN_POINT ( 'NONE',  ( -3.365000000000000657, -0.1834862943212959008, 2.747157848089628374 ) ) ;
#3721 = FACE_OUTER_BOUND ( 'NONE', #994, .T. ) ;
#3722 = LINE ( 'NONE', #930, #1515 ) ;
#3723 = LINE ( 'NONE', #7313, #727 ) ;
#3724 = EDGE_CURVE ( 'NONE', #7185, #7462, #3893, .T. ) ;
#3725 = ORIENTED_EDGE ( 'NONE', *, *, #8410, .F. ) ;
#3726 = ORIENTED_EDGE ( 'NONE', *, *, #6796, .T. ) ;
#3727 = CIRCLE ( 'NONE', #1636, 0.2861149196957549767 ) ;
#3728 = ORIENTED_EDGE ( 'NONE', *, *, #5685, .T. ) ;
#3729 = DIRECTION ( 'NONE',  ( 0.000000000000000000, 5.037375692079792934E-15, 1.000000000000000000 ) ) ;
#3730 = DIRECTION ( 'NONE',  ( 1.000000000000000000, 0.000000000000000000, 0.000000000000000000 ) ) ;
#3731 = CARTESIAN_POINT ( 'NONE',  ( 4.873259649435684793, 0.6250000000000000000, 0.000000000000000000 ) ) ;
#3732 = CARTESIAN_POINT ( 'NONE',  ( 0.8249999999999992895, -0.1970818674976791696, 2.577702366059669181 ) ) ;
#3733 = ADVANCED_FACE ( 'NONE', ( #10282 ), #177, .T. ) ;
#3734 = PLANE ( 'NONE',  #7605 ) ;
#3735 = LINE ( 'NONE', #5604, #10236 ) ;
#3736 = DIRECTION ( 'NONE',  ( 0.000000000000000000, 0.000000000000000000, -1.000000000000000000 ) ) ;
#3737 = ORIENTED_EDGE ( 'NONE', *, *, #1598, .T. ) ;
#3738 = CARTESIAN_POINT ( 'NONE',  ( 4.599999999999998757, 0.000000000000000000, 1.949999999999999956 ) ) ;
#3739 = VERTEX_POINT ( 'NONE', #6628 ) ;
#3740 = ORIENTED_EDGE ( 'NONE', *, *, #6052, .T. ) ;
#3741 = CARTESIAN_POINT ( 'NONE',  ( 2.059999999999999609, -0.5549999999999849498, 2.795743509104209498E-15 ) ) ;
#3742 = DIRECTION ( 'NONE',  ( 0.000000000000000000, 0.07997395986122911304, -0.9967969531173912490 ) ) ;
#3743 = EDGE_LOOP ( 'NONE', ( #9314, #1202, #6157, #7543 ) ) ;
#3744 = EDGE_LOOP ( 'NONE', ( #9011, #9211, #1568, #8635, #7852, #684, #9209, #1049, #2719, #5622, #8910, #6622 ) ) ;
#3745 = CARTESIAN_POINT ( 'NONE',  ( -0.7900000000000003686, 0.2178238306527182089, -2.714960358193412304 ) ) ;
#3746 = FACE_OUTER_BOUND ( 'NONE', #4524, .T. ) ;
#3747 = CYLINDRICAL_SURFACE ( 'NONE', #7054, 0.1161149196957549368 ) ;
#3748 = EDGE_CURVE ( 'NONE', #7481, #9776, #2097, .T. ) ;
#3749 = PLANE ( 'NONE',  #3099 ) ;
#3750 = DIRECTION ( 'NONE',  ( 0.000000000000000000, 5.037375692079792934E-15, -1.000000000000000000 ) ) ;
#3751 = VECTOR ( 'NONE', #1659, 1000.000000000000114 ) ;
#3752 = EDGE_CURVE ( 'NONE', #7128, #508, #1325, .T. ) ;
#3753 = AXIS2_PLACEMENT_3D ( 'NONE', #3458, #7099, #10017 ) ;
#3754 = CARTESIAN_POINT ( 'NONE',  ( -2.060000000000000497, -0.4614044268235938384, -2.769455482029957061 ) ) ;
#3755 = FACE_OUTER_BOUND ( 'NONE', #7274, .T. ) ;
#3756 = VERTEX_POINT ( 'NONE', #7467 ) ;
#3757 = PLANE ( 'NONE',  #2638 ) ;
#3758 = CARTESIAN_POINT ( 'NONE',  ( 4.254999999999999005, -0.4462811057769996981, 2.597695856024973882 ) ) ;
#3759 = EDGE_CURVE ( 'NONE', #9778, #1058, #6572, .T. ) ;
#3760 = VERTEX_POINT ( 'NONE', #302 ) ;
#3761 = CARTESIAN_POINT ( 'NONE',  ( -0.4800000000000003708, 0.000000000000000000, 0.000000000000000000 ) ) ;
#3762 = CARTESIAN_POINT ( 'NONE',  ( 1.749999999999999778, 0.000000000000000000, -1.949999999999999956 ) ) ;
#3763 = VECTOR ( 'NONE', #8719, 999.9999999999998863 ) ;
#3764 = EDGE_CURVE ( 'NONE', #7044, #5586, #4977, .T. ) ;
#3765 = ADVANCED_FACE ( 'NONE', ( #6700 ), #1140, .F. ) ;
#3766 = DIRECTION ( 'NONE',  ( 1.000000000000000000, 0.000000000000000000, 0.000000000000000000 ) ) ;
#3767 = ADVANCED_FACE ( 'NONE', ( #4077 ), #2217, .T. ) ;
#3768 = AXIS2_PLACEMENT_3D ( 'NONE', #4147, #7854, #451 ) ;
#3769 = CIRCLE ( 'NONE', #8355, 0.1161149196957549368 ) ;
#3770 = CARTESIAN_POINT ( 'NONE',  ( 0.4799999999999999267, -0.2011149196957552621, 2.461537905304631568 ) ) ;
#3771 = CYLINDRICAL_SURFACE ( 'NONE', #7782, 0.2861149196957549767 ) ;
#3772 = ORIENTED_EDGE ( 'NONE', *, *, #10220, .T. ) ;
#3773 = EDGE_CURVE ( 'NONE', #9252, #3717, #10353, .T. ) ;
#3774 = DIRECTION ( 'NONE',  ( 0.000000000000000000, -0.9967969531173912490, 0.07997395986122909917 ) ) ;
#3775 = CIRCLE ( 'NONE', #11775, 0.1161149196957549368 ) ;
#3776 = CARTESIAN_POINT ( 'NONE',  ( 4.634999999999999787, -0.4462811057769996981, 2.597695856024973882 ) ) ;
#3777 = VERTEX_POINT ( 'NONE', #11353 ) ;
#3778 = ORIENTED_EDGE ( 'NONE', *, *, #6733, .F. ) ;
#3779 = EDGE_CURVE ( 'NONE', #4209, #3987, #4791, .T. ) ;
#3780 = ORIENTED_EDGE ( 'NONE', *, *, #4881, .T. ) ;
#3781 = ORIENTED_EDGE ( 'NONE', *, *, #4640, .F. ) ;
#3782 = VERTEX_POINT ( 'NONE', #363 ) ;
#3783 = CARTESIAN_POINT ( 'NONE',  ( -3.330000000000000071, -0.5549999999999849498, -2.795743509104209498E-15 ) ) ;
#3784 = VECTOR ( 'NONE', #1803, 1000.000000000000000 ) ;
#3785 = ADVANCED_FACE ( 'NONE', ( #10162 ), #5619, .F. ) ;
#3786 = VECTOR ( 'NONE', #436, 1000.000000000000114 ) ;
#3787 = AXIS2_PLACEMENT_3D ( 'NONE', #141, #213, #5711 ) ;
#3788 = DIRECTION ( 'NONE',  ( 1.000000000000000000, 0.000000000000000000, 0.000000000000000000 ) ) ;
#3789 = DIRECTION ( 'NONE',  ( 0.000000000000000000, 0.000000000000000000, -1.000000000000000000 ) ) ;
#3790 = VECTOR ( 'NONE', #9070, 999.9999999999998863 ) ;
#3791 = AXIS2_PLACEMENT_3D ( 'NONE', #11199, #3013, #6663 ) ;
#3792 = ADVANCED_FACE ( 'NONE', ( #4911 ), #9257, .T. ) ;
#3793 = CARTESIAN_POINT ( 'NONE',  ( -2.060000000000000497, 0.08500000000000000611, 0.000000000000000000 ) ) ;
#3794 = VECTOR ( 'NONE', #332, 1000.000000000000000 ) ;
#3795 = CYLINDRICAL_SURFACE ( 'NONE', #10091, 0.1161149196957549368 ) ;
#3796 = DIRECTION ( 'NONE',  ( 0.000000000000000000, -0.9967969531173912490, 0.07997395986122736444 ) ) ;
#3797 = ORIENTED_EDGE ( 'NONE', *, *, #3748, .T. ) ;
#3798 = ORIENTED_EDGE ( 'NONE', *, *, #8017, .F. ) ;
#3799 = CIRCLE ( 'NONE', #10500, 0.1161149196957549368 ) ;
#3800 = ORIENTED_EDGE ( 'NONE', *, *, #11142, .T. ) ;
#3801 = LINE ( 'NONE', #6607, #5132 ) ;
#3802 = CARTESIAN_POINT ( 'NONE',  ( -0.7900000000000003686, 0.000000000000000000, -3.000000000000000000 ) ) ;
#3803 = VECTOR ( 'NONE', #4813, 1000.000000000000000 ) ;
#3804 = LINE ( 'NONE', #8408, #2294 ) ;
#3805 = AXIS2_PLACEMENT_3D ( 'NONE', #2919, #7461, #297 ) ;
#3806 = VECTOR ( 'NONE', #11412, 1000.000000000000114 ) ;
#3807 = DIRECTION ( 'NONE',  ( 1.000000000000000000, 0.000000000000000000, 0.000000000000000000 ) ) ;
#3808 = EDGE_CURVE ( 'NONE', #8244, #7218, #6759, .T. ) ;
#3809 = DIRECTION ( 'NONE',  ( -1.000000000000000000, 0.000000000000000000, 0.000000000000000000 ) ) ;
#3810 = FACE_OUTER_BOUND ( 'NONE', #6924, .T. ) ;
#3811 = DIRECTION ( 'NONE',  ( -1.000000000000000000, 0.000000000000000000, 0.000000000000000000 ) ) ;
#3812 = ORIENTED_EDGE ( 'NONE', *, *, #7338, .T. ) ;
#3813 = VECTOR ( 'NONE', #1147, 1000.000000000000000 ) ;
#3814 = CARTESIAN_POINT ( 'NONE',  ( 4.634999999999999787, -0.2334590321417346903, 2.124296695724086081 ) ) ;
#3815 = AXIS2_PLACEMENT_3D ( 'NONE', #8393, #9010, #211 ) ;
#3816 = VECTOR ( 'NONE', #4258, 1000.000000000000000 ) ;
#3817 = ORIENTED_EDGE ( 'NONE', *, *, #11715, .T. ) ;
#3818 = ORIENTED_EDGE ( 'NONE', *, *, #10844, .F. ) ;
#3819 = CARTESIAN_POINT ( 'NONE',  ( -4.290000000000000036, 0.08500000000000000611, 0.000000000000000000 ) ) ;
#3820 = PLANE ( 'NONE',  #3805 ) ;
#3821 = ORIENTED_EDGE ( 'NONE', *, *, #7864, .F. ) ;
#3822 = VERTEX_POINT ( 'NONE', #3297 ) ;
#3823 = EDGE_CURVE ( 'NONE', #3852, #1575, #10881, .T. ) ;
#3824 = LINE ( 'NONE', #11297, #6901 ) ;
#3825 = VECTOR ( 'NONE', #7343, 1000.000000000000000 ) ;
#3826 = PLANE ( 'NONE',  #764 ) ;
#3827 = CARTESIAN_POINT ( 'NONE',  ( -4.635000000000000675, -0.2334590321417965297, 2.124296695724090522 ) ) ;
#3828 = DIRECTION ( 'NONE',  ( -0.000000000000000000, -0.9925461516413219831, 0.1218693434051477537 ) ) ;
#3829 = AXIS2_PLACEMENT_3D ( 'NONE', #3761, #6281, #14 ) ;
#3830 = VECTOR ( 'NONE', #10894, 999.9999999999998863 ) ;
#3831 = DIRECTION ( 'NONE',  ( 1.000000000000000000, 0.000000000000000000, 0.000000000000000000 ) ) ;
#3832 = FACE_OUTER_BOUND ( 'NONE', #5228, .T. ) ;
#3833 = ORIENTED_EDGE ( 'NONE', *, *, #6940, .T. ) ;
#3834 = PLANE ( 'NONE',  #10092 ) ;
#3835 = DIRECTION ( 'NONE',  ( 1.000000000000000000, 0.000000000000000000, 0.000000000000000000 ) ) ;
#3836 = VECTOR ( 'NONE', #9395, 1000.000000000000114 ) ;
#3837 = ORIENTED_EDGE ( 'NONE', *, *, #2639, .T. ) ;
#3838 = CARTESIAN_POINT ( 'NONE',  ( -2.095000000000001528, -0.4326855326006347480, 2.767151338054935295 ) ) ;
#3839 = EDGE_CURVE ( 'NONE', #8156, #7917, #2510, .T. ) ;
#3840 = DIRECTION ( 'NONE',  ( 0.000000000000000000, 5.037375692079792934E-15, -1.000000000000000000 ) ) ;
#3841 = LINE ( 'NONE', #3068, #798 ) ;
#3842 = CARTESIAN_POINT ( 'NONE',  ( -3.365000000000000657, -0.4326855326006436298, 2.767151338054935739 ) ) ;
#3843 = FILL_AREA_STYLE_COLOUR ( '', #4139 ) ;
#3844 = CARTESIAN_POINT ( 'NONE',  ( 0.4799999999999999267, 0.000000000000000000, 0.000000000000000000 ) ) ;
#3845 = ORIENTED_EDGE ( 'NONE', *, *, #3871, .T. ) ;
#3846 = DIRECTION ( 'NONE',  ( 0.000000000000000000, -0.9967969531173912490, 0.07997395986122909917 ) ) ;
#3847 = CARTESIAN_POINT ( 'NONE',  ( -0.4550000000000005151, -0.2321338255108014725, -2.140814096316195236 ) ) ;
#3848 = VERTEX_POINT ( 'NONE', #4351 ) ;
#3849 = ORIENTED_EDGE ( 'NONE', *, *, #10233, .T. ) ;
#3850 = DIRECTION ( 'NONE',  ( 0.000000000000000000, -0.9967969531173912490, -0.07997395986122909917 ) ) ;
#3851 = ORIENTED_EDGE ( 'NONE', *, *, #9518, .T. ) ;
#3852 = VERTEX_POINT ( 'NONE', #659 ) ;
#3853 = ORIENTED_EDGE ( 'NONE', *, *, #4157, .F. ) ;
#3854 = CARTESIAN_POINT ( 'NONE',  ( 4.599999999999999645, 0.08500000000000000611, 0.000000000000000000 ) ) ;
#3855 = AXIS2_PLACEMENT_3D ( 'NONE', #5262, #3407, #1511 ) ;
#3856 = EDGE_CURVE ( 'NONE', #1128, #5586, #5735, .T. ) ;
#3857 = CYLINDRICAL_SURFACE ( 'NONE', #1675, 0.1161149196957549368 ) ;
#3858 = LINE ( 'NONE', #1235, #5541 ) ;
#3859 = EDGE_CURVE ( 'NONE', #236, #3499, #8730, .T. ) ;
#3860 = ADVANCED_FACE ( 'NONE', ( #3170 ), #5037, .F. ) ;
#3861 = DIRECTION ( 'NONE',  ( 0.000000000000000000, 0.000000000000000000, -1.000000000000000000 ) ) ;
#3862 = VECTOR ( 'NONE', #11394, 1000.000000000000000 ) ;
#3863 = PLANE ( 'NONE',  #5144 ) ;
#3864 = CARTESIAN_POINT ( 'NONE',  ( 3.019999999999999574, -0.7249999999999999778, 3.000000000000000000 ) ) ;
#3865 = EDGE_CURVE ( 'NONE', #10331, #8127, #1499, .T. ) ;
#3866 = ADVANCED_FACE ( 'NONE', ( #1392 ), #544, .F. ) ;
#3867 = EDGE_LOOP ( 'NONE', ( #4146, #9451, #7000, #10018 ) ) ;
#3868 = VERTEX_POINT ( 'NONE', #6879 ) ;
#3869 = ORIENTED_EDGE ( 'NONE', *, *, #9033, .F. ) ;
#3870 = ORIENTED_EDGE ( 'NONE', *, *, #11463, .F. ) ;
#3871 = EDGE_CURVE ( 'NONE', #2550, #7254, #483, .T. ) ;
#3872 = PLANE ( 'NONE',  #734 ) ;
#3873 = VECTOR ( 'NONE', #2010, 999.9999999999998863 ) ;
#3874 = DIRECTION ( 'NONE',  ( 0.000000000000000000, 0.9967969531173912490, 0.07997395986122911304 ) ) ;
#3875 = PLANE ( 'NONE',  #568 ) ;
#3876 = FACE_OUTER_BOUND ( 'NONE', #1006, .T. ) ;
#3877 = DIRECTION ( 'NONE',  ( 1.000000000000000000, -0.000000000000000000, 0.000000000000000000 ) ) ;
#3878 = DIRECTION ( 'NONE',  ( 0.000000000000000000, -0.000000000000000000, -1.000000000000000000 ) ) ;
#3879 = PLANE ( 'NONE',  #9710 ) ;
#3880 = ORIENTED_EDGE ( 'NONE', *, *, #10611, .F. ) ;
#3881 = AXIS2_PLACEMENT_3D ( 'NONE', #5202, #1496, #11524 ) ;
#3882 = DIRECTION ( 'NONE',  ( 1.000000000000000000, 0.000000000000000000, -0.000000000000000000 ) ) ;
#3883 = EDGE_LOOP ( 'NONE', ( #3487, #602, #9967, #8798 ) ) ;
#3884 = VERTEX_POINT ( 'NONE', #6095 ) ;
#3885 = LINE ( 'NONE', #3741, #122 ) ;
#3886 = CYLINDRICAL_SURFACE ( 'NONE', #6474, 0.2861149196957545326 ) ;
#3887 = ORIENTED_EDGE ( 'NONE', *, *, #4117, .F. ) ;
#3888 = ORIENTED_EDGE ( 'NONE', *, *, #2769, .F. ) ;
#3889 = EDGE_CURVE ( 'NONE', #6718, #3326, #5929, .T. ) ;
#3890 = DIRECTION ( 'NONE',  ( 0.000000000000000000, 0.000000000000000000, -1.000000000000000000 ) ) ;
#3891 = DIRECTION ( 'NONE',  ( 0.000000000000000000, 0.000000000000000000, -1.000000000000000000 ) ) ;
#3892 = LINE ( 'NONE', #9140, #9155 ) ;
#3893 = LINE ( 'NONE', #5747, #4568 ) ;
#3894 = CARTESIAN_POINT ( 'NONE',  ( 4.289999999999999147, 0.08500000000000000611, 0.000000000000000000 ) ) ;
#3895 = EDGE_LOOP ( 'NONE', ( #1228, #5587, #3219, #6458 ) ) ;
#3896 = DIRECTION ( 'NONE',  ( 0.000000000000000000, -0.9967969531173911379, 0.07997395986122909917 ) ) ;
#3897 = DIRECTION ( 'NONE',  ( 1.000000000000000000, -0.000000000000000000, 0.000000000000000000 ) ) ;
#3898 = ORIENTED_EDGE ( 'NONE', *, *, #10256, .T. ) ;
#3899 = LINE ( 'NONE', #4920, #2463 ) ;
#3900 = FACE_OUTER_BOUND ( 'NONE', #11663, .T. ) ;
#3901 = EDGE_CURVE ( 'NONE', #2141, #2664, #7995, .T. ) ;
#3902 = ORIENTED_EDGE ( 'NONE', *, *, #9217, .F. ) ;
#3903 = CARTESIAN_POINT ( 'NONE',  ( 2.084999999999999520, -0.4326855326005906166, -2.767151338054931742 ) ) ;
#3904 = CARTESIAN_POINT ( 'NONE',  ( -0.8150000000000006128, -0.1834862943212428044, -2.747157848089624821 ) ) ;
#3905 = DIRECTION ( 'NONE',  ( 0.000000000000000000, 0.9967969531173911379, -0.07997395986122909917 ) ) ;
#3906 = DIRECTION ( 'NONE',  ( 0.000000000000000000, -1.000000000000000000, 0.000000000000000000 ) ) ;
#3907 = EDGE_CURVE ( 'NONE', #1174, #10941, #5088, .T. ) ;
#3908 = CARTESIAN_POINT ( 'NONE',  ( -0.4800000000000003708, 0.08500000000000000611, 2.461537905304632012 ) ) ;
#3909 = CARTESIAN_POINT ( 'NONE',  ( 4.625000000000000000, -0.1970818674976518581, -2.577702366059666961 ) ) ;
#3910 = VERTEX_POINT ( 'NONE', #7769 ) ;
#3911 = CARTESIAN_POINT ( 'NONE',  ( -2.085000000000000853, -0.4813330637901492848, -2.160807586281502157 ) ) ;
#3912 = DIRECTION ( 'NONE',  ( 0.000000000000000000, -0.9967969531173912490, -0.07997395986122922407 ) ) ;
#3913 = VERTEX_POINT ( 'NONE', #9585 ) ;
#3914 = ORIENTED_EDGE ( 'NONE', *, *, #8701, .T. ) ;
#3915 = DIRECTION ( 'NONE',  ( -0.000000000000000000, 0.07997395986122908529, 0.9967969531173911379 ) ) ;
#3916 = ORIENTED_EDGE ( 'NONE', *, *, #979, .T. ) ;
#3917 = EDGE_LOOP ( 'NONE', ( #9876, #3451, #1310, #5258 ) ) ;
#3918 = ORIENTED_EDGE ( 'NONE', *, *, #1260, .T. ) ;
#3919 = CARTESIAN_POINT ( 'NONE',  ( 2.060000000000000053, 0.000000000000000000, 1.949999999999999956 ) ) ;
#3920 = PLANE ( 'NONE',  #3791 ) ;
#3921 = DIRECTION ( 'NONE',  ( 1.000000000000000000, 0.000000000000000000, 0.000000000000000000 ) ) ;
#3922 = CARTESIAN_POINT ( 'NONE',  ( -0.7900000000000003686, 0.000000000000000000, -3.000000000000000000 ) ) ;
#3923 = EDGE_CURVE ( 'NONE', #7261, #2773, #11411, .T. ) ;
#3924 = LINE ( 'NONE', #7623, #3030 ) ;
#3925 = LINE ( 'NONE', #7559, #8943 ) ;
#3926 = VERTEX_POINT ( 'NONE', #11478 ) ;
#3927 = EDGE_LOOP ( 'NONE', ( #5965, #8212, #11256, #4576 ) ) ;
#3928 = EDGE_LOOP ( 'NONE', ( #3870, #6593, #6298, #6891 ) ) ;
#3929 = EDGE_CURVE ( 'NONE', #8753, #6804, #8893, .T. ) ;
#3930 = LINE ( 'NONE', #7447, #5306 ) ;
#3931 = DIRECTION ( 'NONE',  ( 0.000000000000000000, 0.9967969531173911379, -0.07997395986122909917 ) ) ;
#3932 = CARTESIAN_POINT ( 'NONE',  ( 3.019999999999999574, -0.4013101249739698395, 0.03219748989621298851 ) ) ;
#3933 = ADVANCED_FACE ( 'NONE', ( #8793 ), #9643, .T. ) ;
#3934 = ADVANCED_FACE ( 'NONE', ( #7036 ), #10636, .T. ) ;
#3935 = DIRECTION ( 'NONE',  ( 1.000000000000000000, 0.000000000000000000, 0.000000000000000000 ) ) ;
#3936 = CARTESIAN_POINT ( 'NONE',  ( -4.290000000000000036, -0.4326855326006525115, 2.767151338054936627 ) ) ;
#3937 = EDGE_CURVE ( 'NONE', #6853, #9361, #8849, .T. ) ;
#3938 = DIRECTION ( 'NONE',  ( 0.000000000000000000, 1.679125230693258263E-15, -1.000000000000000000 ) ) ;
#3939 = FACE_OUTER_BOUND ( 'NONE', #2007, .T. ) ;
#3940 =( GEOMETRIC_REPRESENTATION_CONTEXT ( 3 ) GLOBAL_UNCERTAINTY_ASSIGNED_CONTEXT ( ( #6349 ) ) GLOBAL_UNIT_ASSIGNED_CONTEXT ( ( #11539, #6253, #1517 ) ) REPRESENTATION_CONTEXT ( 'NONE', 'WORKASPACE' ) );
#3941 = ORIENTED_EDGE ( 'NONE', *, *, #11120, .F. ) ;
#3942 = ORIENTED_EDGE ( 'NONE', *, *, #3779, .T. ) ;
#3943 = ORIENTED_EDGE ( 'NONE', *, *, #10572, .T. ) ;
#3944 = ORIENTED_EDGE ( 'NONE', *, *, #1685, .T. ) ;
#3945 = LINE ( 'NONE', #10273, #5287 ) ;
#3946 = DIRECTION ( 'NONE',  ( 0.000000000000000000, 0.000000000000000000, -1.000000000000000000 ) ) ;
#3947 = ORIENTED_EDGE ( 'NONE', *, *, #3752, .F. ) ;
#3948 = ORIENTED_EDGE ( 'NONE', *, *, #4066, .T. ) ;
#3949 = ADVANCED_FACE ( 'NONE', ( #1653 ), #768, .F. ) ;
#3950 = LINE ( 'NONE', #1261, #1164 ) ;
#3951 = DIRECTION ( 'NONE',  ( 0.000000000000000000, 0.000000000000000000, -1.000000000000000000 ) ) ;
#3952 = AXIS2_PLACEMENT_3D ( 'NONE', #163, #6612, #1836 ) ;
#3953 = DIRECTION ( 'NONE',  ( 1.000000000000000000, 0.000000000000000000, 0.000000000000000000 ) ) ;
#3954 = FACE_OUTER_BOUND ( 'NONE', #291, .T. ) ;
#3955 = EDGE_CURVE ( 'NONE', #10766, #1631, #2779, .T. ) ;
#3956 = ORIENTED_EDGE ( 'NONE', *, *, #268, .F. ) ;
#3957 = CARTESIAN_POINT ( 'NONE',  ( -0.4800000000000003708, 0.08500000000000001998, 1.939563312323252964 ) ) ;
#3958 = LINE ( 'NONE', #9401, #2481 ) ;
#3959 = VERTEX_POINT ( 'NONE', #10967 ) ;
#3960 = CARTESIAN_POINT ( 'NONE',  ( -1.750000000000000666, 0.000000000000000000, 1.949999999999999956 ) ) ;
#3961 = PLANE ( 'NONE',  #10519 ) ;
#3962 = ORIENTED_EDGE ( 'NONE', *, *, #4363, .T. ) ;
#3963 = CARTESIAN_POINT ( 'NONE',  ( -1.725000000000000755, -0.4462811057769997536, -2.597695856024973882 ) ) ;
#3964 = AXIS2_PLACEMENT_3D ( 'NONE', #4966, #9508, #1315 ) ;
#3965 = LINE ( 'NONE', #5761, #9951 ) ;
#3966 = CARTESIAN_POINT ( 'NONE',  ( -4.600000000000000533, -0.2011149196957552621, 2.461537905304631568 ) ) ;
#3967 = EDGE_CURVE ( 'NONE', #10656, #5104, #5304, .T. ) ;
#3968 = LINE ( 'NONE', #4997, #9268 ) ;
#3969 = DIRECTION ( 'NONE',  ( 0.000000000000000000, -0.9967969531173912490, 0.07997395986122736444 ) ) ;
#3970 = ORIENTED_EDGE ( 'NONE', *, *, #161, .T. ) ;
#3971 = DIRECTION ( 'NONE',  ( 0.000000000000000000, -1.000000000000000000, 0.000000000000000000 ) ) ;
#3972 = CARTESIAN_POINT ( 'NONE',  ( 4.289999999999999147, 0.000000000000000000, -3.000000000000000000 ) ) ;
#3973 = EDGE_LOOP ( 'NONE', ( #2903, #4452, #2131, #4578 ) ) ;
#3974 = ORIENTED_EDGE ( 'NONE', *, *, #9985, .F. ) ;
#3975 = LINE ( 'NONE', #5771, #2427 ) ;
#3976 = VERTEX_POINT ( 'NONE', #8055 ) ;
#3977 = EDGE_LOOP ( 'NONE', ( #5773, #9006, #8454, #7627 ) ) ;
#3978 = CARTESIAN_POINT ( 'NONE',  ( -1.725000000000000755, -0.2321338255108014725, -2.140814096316195236 ) ) ;
#3979 = DIRECTION ( 'NONE',  ( 1.000000000000000000, 0.000000000000000000, 0.000000000000000000 ) ) ;
#3980 = DIRECTION ( 'NONE',  ( -1.000000000000000000, 0.000000000000000000, 0.000000000000000000 ) ) ;
#3981 = CIRCLE ( 'NONE', #8158, 0.1161149196957549368 ) ;
#3982 = LINE ( 'NONE', #5780, #8363 ) ;
#3983 = CARTESIAN_POINT ( 'NONE',  ( -0.4800000000000003708, -0.7250000000000001998, 2.870861070673344617 ) ) ;
#3984 = CARTESIAN_POINT ( 'NONE',  ( -3.330000000000000071, -0.7250000000000001998, 2.870861070673344617 ) ) ;
#3985 = VECTOR ( 'NONE', #11338, 1000.000000000000000 ) ;
#3986 = ORIENTED_EDGE ( 'NONE', *, *, #7160, .T. ) ;
#3987 = VERTEX_POINT ( 'NONE', #5371 ) ;
#3988 = ORIENTED_EDGE ( 'NONE', *, *, #7936, .F. ) ;
#3989 = VECTOR ( 'NONE', #6863, 1000.000000000000000 ) ;
#3990 = LINE ( 'NONE', #10392, #4605 ) ;
#3991 = AXIS2_PLACEMENT_3D ( 'NONE', #301, #10465, #3951 ) ;
#3992 = EDGE_CURVE ( 'NONE', #10781, #10002, #1544, .T. ) ;
#3993 = LINE ( 'NONE', #10335, #9213 ) ;
#3994 = LINE ( 'NONE', #5845, #4200 ) ;
#3995 = DIRECTION ( 'NONE',  ( 0.000000000000000000, -0.9967969531173912490, -0.07997395986122736444 ) ) ;
#3996 = VECTOR ( 'NONE', #2318, 999.9999999999998863 ) ;
#3997 = VECTOR ( 'NONE', #31, 1000.000000000000000 ) ;
#3998 = DIRECTION ( 'NONE',  ( 1.000000000000000000, 0.000000000000000000, 0.000000000000000000 ) ) ;
#3999 = LINE ( 'NONE', #2263, #11745 ) ;
#4000 = SURFACE_STYLE_USAGE ( .BOTH. , #6685 ) ;
#4001 = ORIENTED_EDGE ( 'NONE', *, *, #1591, .F. ) ;
#4002 = VECTOR ( 'NONE', #9439, 1000.000000000000000 ) ;
#4003 = VERTEX_POINT ( 'NONE', #1780 ) ;
#4004 = VERTEX_POINT ( 'NONE', #9184 ) ;
#4005 = ORIENTED_EDGE ( 'NONE', *, *, #7862, .T. ) ;
#4006 = EDGE_CURVE ( 'NONE', #9231, #4710, #3508, .T. ) ;
#4007 = CARTESIAN_POINT ( 'NONE',  ( -3.020000000000000018, 0.000000000000000000, 0.000000000000000000 ) ) ;
#4008 = FACE_OUTER_BOUND ( 'NONE', #9394, .T. ) ;
#4009 = EDGE_LOOP ( 'NONE', ( #1730, #8321, #10268, #10627, #2183, #628, #8452, #8267, #5573 ) ) ;
#4010 = EDGE_LOOP ( 'NONE', ( #10977, #2209, #1642, #6818 ) ) ;
#4011 = CIRCLE ( 'NONE', #5925, 0.2861149196957549767 ) ;
#4012 = VECTOR ( 'NONE', #11533, 1000.000000000000000 ) ;
#4013 = VECTOR ( 'NONE', #6769, 1000.000000000000000 ) ;
#4014 = CARTESIAN_POINT ( 'NONE',  ( 0.4799999999999999267, -0.5549999999999993827, -2.870861070673345061 ) ) ;
#4015 = EDGE_CURVE ( 'NONE', #11296, #5312, #10075, .T. ) ;
#4016 = CARTESIAN_POINT ( 'NONE',  ( -2.060000000000000497, -0.4532685607873790379, 2.870861070673345061 ) ) ;
#4017 = DIRECTION ( 'NONE',  ( 1.000000000000000000, 0.000000000000000000, 0.000000000000000000 ) ) ;
#4018 = EDGE_CURVE ( 'NONE', #1168, #5679, #1001, .T. ) ;
#4019 = CIRCLE ( 'NONE', #3262, 0.1161149196957549368 ) ;
#4020 = VECTOR ( 'NONE', #9895, 1000.000000000000000 ) ;
#4021 = VECTOR ( 'NONE', #6640, 999.9999999999998863 ) ;
#4022 = ORIENTED_EDGE ( 'NONE', *, *, #7340, .T. ) ;
#4023 = CARTESIAN_POINT ( 'NONE',  ( 4.289999999999999147, 0.2042282574763048253, 2.545504876163455776 ) ) ;
#4024 = DIRECTION ( 'NONE',  ( 1.000000000000000000, 0.000000000000000000, 0.000000000000000000 ) ) ;
#4025 = ORIENTED_EDGE ( 'NONE', *, *, #1057, .F. ) ;
#4026 = EDGE_CURVE ( 'NONE', #11633, #7012, #6427, .T. ) ;
#4027 = EDGE_CURVE ( 'NONE', #8050, #420, #5426, .T. ) ;
#4028 = CARTESIAN_POINT ( 'NONE',  ( 3.329999999999999627, -0.7250000000000001998, -2.870861070673344617 ) ) ;
#4029 = EDGE_CURVE ( 'NONE', #3336, #5096, #9121, .T. ) ;
#4030 = AXIS2_PLACEMENT_3D ( 'NONE', #11535, #8682, #8855 ) ;
#4031 = AXIS2_PLACEMENT_3D ( 'NONE', #2371, #1360, #2245 ) ;
#4032 = FACE_OUTER_BOUND ( 'NONE', #4310, .T. ) ;
#4033 = DIRECTION ( 'NONE',  ( 0.000000000000000000, -0.07997395986122908529, 0.9967969531173911379 ) ) ;
#4034 = CARTESIAN_POINT ( 'NONE',  ( -0.4800000000000003708, -0.1918287497687165000, 2.577280903468829099 ) ) ;
#4035 = CARTESIAN_POINT ( 'NONE',  ( -4.635000000000000675, -0.1970818674977136975, 2.577702366059671402 ) ) ;
#4036 = ORIENTED_EDGE ( 'NONE', *, *, #4890, .T. ) ;
#4037 =( GEOMETRIC_REPRESENTATION_CONTEXT ( 3 ) GLOBAL_UNCERTAINTY_ASSIGNED_CONTEXT ( ( #8134 ) ) GLOBAL_UNIT_ASSIGNED_CONTEXT ( ( #9852, #9027, #4534 ) ) REPRESENTATION_CONTEXT ( 'NONE', 'WORKASPACE' ) );
#4038 = CARTESIAN_POINT ( 'NONE',  ( -3.020000000000000018, -0.4462811057769997536, -2.597695856024973882 ) ) ;
#4039 = DIRECTION ( 'NONE',  ( 0.000000000000000000, 0.000000000000000000, -1.000000000000000000 ) ) ;
#4040 = VERTEX_POINT ( 'NONE', #11744 ) ;
#4041 = ORIENTED_EDGE ( 'NONE', *, *, #10997, .T. ) ;
#4042 = CARTESIAN_POINT ( 'NONE',  ( -3.020000000000000018, 0.2042282574763048253, -2.545504876163455776 ) ) ;
#4043 = EDGE_LOOP ( 'NONE', ( #6030, #8948, #663, #7648 ) ) ;
#4044 = EDGE_LOOP ( 'NONE', ( #8037, #135 ) ) ;
#4045 = LINE ( 'NONE', #11327, #6283 ) ;
#4046 = EDGE_CURVE ( 'NONE', #7218, #792, #9068, .T. ) ;
#4047 = CARTESIAN_POINT ( 'NONE',  ( -4.600000000000000533, 0.08500000000000000611, -2.461537905304632012 ) ) ;
#4048 = FILL_AREA_STYLE ('',( #11548 ) ) ;
#4049 = FACE_OUTER_BOUND ( 'NONE', #7475, .T. ) ;
#4050 = LINE ( 'NONE', #8648, #8952 ) ;
#4051 = CARTESIAN_POINT ( 'NONE',  ( -0.8250000000000010658, -0.1834862943212781650, 2.747157848089627041 ) ) ;
#4052 = VERTEX_POINT ( 'NONE', #2605 ) ;
#4053 = VERTEX_POINT ( 'NONE', #11639 ) ;
#4054 = ORIENTED_EDGE ( 'NONE', *, *, #11328, .T. ) ;
#4055 = ORIENTED_EDGE ( 'NONE', *, *, #2476, .T. ) ;
#4056 = ADVANCED_FACE ( 'NONE', ( #4643 ), #5479, .T. ) ;
#4057 = DIRECTION ( 'NONE',  ( 1.000000000000000000, -0.000000000000000000, 0.000000000000000000 ) ) ;
#4058 = PLANE ( 'NONE',  #8956 ) ;
#4059 = CARTESIAN_POINT ( 'NONE',  ( -0.8150000000000006128, -0.4326855326005906166, -2.767151338054931742 ) ) ;
#4060 = VECTOR ( 'NONE', #10300, 1000.000000000000114 ) ;
#4061 = DIRECTION ( 'NONE',  ( 0.000000000000000000, 1.867464018106093513E-15, -1.000000000000000000 ) ) ;
#4062 = EDGE_CURVE ( 'NONE', #7969, #3777, #9016, .T. ) ;
#4063 = DIRECTION ( 'NONE',  ( 0.000000000000000000, -0.9967969531173912490, -0.07997395986122909917 ) ) ;
#4064 = CARTESIAN_POINT ( 'NONE',  ( -4.600000000000000533, 0.2042282574763048253, -2.545504876163455776 ) ) ;
#4065 = ORIENTED_EDGE ( 'NONE', *, *, #9248, .T. ) ;
#4066 = EDGE_CURVE ( 'NONE', #186, #5766, #2725, .T. ) ;
#4067 = EDGE_LOOP ( 'NONE', ( #7214, #10832, #9026, #3459 ) ) ;
#4068 = EDGE_LOOP ( 'NONE', ( #2517, #4265, #11032, #8874 ) ) ;
#4069 = DIRECTION ( 'NONE',  ( 0.000000000000000000, 0.000000000000000000, -1.000000000000000000 ) ) ;
#4070 = DIRECTION ( 'NONE',  ( 0.000000000000000000, 0.07997395986122909917, 0.9967969531173911379 ) ) ;
#4071 = AXIS2_PLACEMENT_3D ( 'NONE', #472, #11559, #415 ) ;
#4072 = ORIENTED_EDGE ( 'NONE', *, *, #7642, .T. ) ;
#4073 = ORIENTED_EDGE ( 'NONE', *, *, #4374, .F. ) ;
#4074 = CARTESIAN_POINT ( 'NONE',  ( 0.4449999999999992295, -0.1834862943212693387, 2.747157848089626597 ) ) ;
#4075 = DIRECTION ( 'NONE',  ( -1.000000000000000000, 0.000000000000000000, -0.000000000000000000 ) ) ;
#4076 = FILL_AREA_STYLE_COLOUR ( '', #7989 ) ;
#4077 = FACE_OUTER_BOUND ( 'NONE', #10206, .T. ) ;
#4078 = PLANE ( 'NONE',  #9553 ) ;
#4079 = VECTOR ( 'NONE', #3330, 999.9999999999998863 ) ;
#4080 = ORIENTED_EDGE ( 'NONE', *, *, #10597, .F. ) ;
#4081 = EDGE_CURVE ( 'NONE', #10401, #4478, #10014, .T. ) ;
#4082 = DIRECTION ( 'NONE',  ( 0.000000000000000000, -1.000000000000000000, 0.000000000000000000 ) ) ;
#4083 = CARTESIAN_POINT ( 'NONE',  ( -0.8250000000000010658, -0.2334590321417700232, 2.124296695724088302 ) ) ;
#4084 = EDGE_LOOP ( 'NONE', ( #3540, #3636, #2152, #10532 ) ) ;
#4085 = DIRECTION ( 'NONE',  ( 1.000000000000000000, 0.000000000000000000, 0.000000000000000000 ) ) ;
#4086 = DIRECTION ( 'NONE',  ( 1.000000000000000000, 0.000000000000000000, 0.000000000000000000 ) ) ;
#4087 = EDGE_CURVE ( 'NONE', #6411, #388, #43, .T. ) ;
#4088 = PLANE ( 'NONE',  #1717 ) ;
#4089 = CARTESIAN_POINT ( 'NONE',  ( -3.330000000000000071, -0.4532685607873793709, -2.870861070673344617 ) ) ;
#4090 = CARTESIAN_POINT ( 'NONE',  ( -0.4800000000000003708, 0.2042282574763048253, -2.545504876163455776 ) ) ;
#4091 = PRESENTATION_STYLE_ASSIGNMENT (( #10483 ) ) ;
#4092 = CARTESIAN_POINT ( 'NONE',  ( -2.060000000000000497, -0.1782331765923089728, 2.746736385498786515 ) ) ;
#4093 = ORIENTED_EDGE ( 'NONE', *, *, #212, .T. ) ;
#4094 = EDGE_CURVE ( 'NONE', #11117, #11522, #10752, .T. ) ;
#4095 = PLANE ( 'NONE',  #3768 ) ;
#4096 = DIRECTION ( 'NONE',  ( 0.000000000000000000, 0.07997395986122911304, -0.9967969531173912490 ) ) ;
#4097 = EDGE_LOOP ( 'NONE', ( #2947, #4222, #2891, #10526 ) ) ;
#4098 = EDGE_LOOP ( 'NONE', ( #1296, #7013, #10406, #2791 ) ) ;
#4099 = CARTESIAN_POINT ( 'NONE',  ( -4.873259649435684793, 0.6250000000000000000, 0.000000000000000000 ) ) ;
#4100 = VERTEX_POINT ( 'NONE', #8955 ) ;
#4101 = ORIENTED_EDGE ( 'NONE', *, *, #6077, .F. ) ;
#4102 = CARTESIAN_POINT ( 'NONE',  ( 1.724999999999999645, -0.1970818674976526075, -2.577702366059666961 ) ) ;
#4103 = EDGE_CURVE ( 'NONE', #11343, #1351, #4262, .T. ) ;
#4104 = DIRECTION ( 'NONE',  ( 1.000000000000000000, 0.000000000000000000, 0.000000000000000000 ) ) ;
#4105 = PLANE ( 'NONE',  #1121 ) ;
#4106 = EDGE_CURVE ( 'NONE', #1963, #2310, #95, .T. ) ;
#4107 = CARTESIAN_POINT ( 'NONE',  ( 0.4549999999999996825, -0.2321338255108014725, -2.140814096316195236 ) ) ;
#4108 = DIRECTION ( 'NONE',  ( 0.000000000000000000, 0.000000000000000000, -1.000000000000000000 ) ) ;
#4109 = ORIENTED_EDGE ( 'NONE', *, *, #425, .F. ) ;
#4110 = ORIENTED_EDGE ( 'NONE', *, *, #6295, .T. ) ;
#4111 = ORIENTED_EDGE ( 'NONE', *, *, #8459, .F. ) ;
#4112 = VERTEX_POINT ( 'NONE', #4839 ) ;
#4113 = LINE ( 'NONE', #11390, #3020 ) ;
#4114 = DIRECTION ( 'NONE',  ( -1.000000000000000000, -0.000000000000000000, 0.000000000000000000 ) ) ;
#4115 = DIRECTION ( 'NONE',  ( -0.000000000000000000, 0.9967969531173912490, -0.07997395986122922407 ) ) ;
#4116 = LINE ( 'NONE', #345, #5324 ) ;
#4117 = EDGE_CURVE ( 'NONE', #3359, #11041, #6744, .T. ) ;
#4118 = DIRECTION ( 'NONE',  ( -0.000000000000000000, -0.9925461516413219831, 0.1218693434051477537 ) ) ;
#4119 = DIRECTION ( 'NONE',  ( 0.000000000000000000, -1.000000000000000000, 0.000000000000000000 ) ) ;
#4120 = ORIENTED_EDGE ( 'NONE', *, *, #5414, .T. ) ;
#4121 = ORIENTED_EDGE ( 'NONE', *, *, #2964, .F. ) ;
#4122 = EDGE_LOOP ( 'NONE', ( #8900, #11135, #6210, #5195 ) ) ;
#4123 = ORIENTED_EDGE ( 'NONE', *, *, #11314, .F. ) ;
#4124 = CARTESIAN_POINT ( 'NONE',  ( 3.329999999999999627, -0.08500000000000000611, 0.000000000000000000 ) ) ;
#4125 = ORIENTED_EDGE ( 'NONE', *, *, #7891, .T. ) ;
#4126 = CYLINDRICAL_SURFACE ( 'NONE', #4411, 0.2717314392126209954 ) ;
#4127 = FACE_OUTER_BOUND ( 'NONE', #8998, .T. ) ;
#4128 = FACE_OUTER_BOUND ( 'NONE', #10568, .T. ) ;
#4129 =( NAMED_UNIT ( * ) SI_UNIT ( $, .STERADIAN. ) SOLID_ANGLE_UNIT ( ) );
#4130 = CARTESIAN_POINT ( 'NONE',  ( -0.4800000000000003708, 0.000000000000000000, -1.949999999999999956 ) ) ;
#4131 = CARTESIAN_POINT ( 'NONE',  ( -2.060000000000000497, 0.2042282574763048253, 2.545504876163455776 ) ) ;
#4132 = VECTOR ( 'NONE', #3595, 1000.000000000000000 ) ;
#4133 = DIRECTION ( 'NONE',  ( 1.000000000000000000, 0.000000000000000000, 0.000000000000000000 ) ) ;
#4134 = DIRECTION ( 'NONE',  ( 0.000000000000000000, -0.9967969531173912490, 0.07997395986122909917 ) ) ;
#4135 = ORIENTED_EDGE ( 'NONE', *, *, #6921, .T. ) ;
#4136 = CARTESIAN_POINT ( 'NONE',  ( -2.060000000000000497, 0.08500000000000000611, 2.461537905304632012 ) ) ;
#4137 = ORIENTED_EDGE ( 'NONE', *, *, #284, .F. ) ;
#4138 = DIRECTION ( 'NONE',  ( 0.000000000000000000, -0.9967969531173911379, 0.07997395986122909917 ) ) ;
#4139 = COLOUR_RGB ( '',0.2509803921568627416, 0.2509803921568627416, 0.2509803921568627416 ) ;
#4140 = EDGE_CURVE ( 'NONE', #10579, #7983, #157, .T. ) ;
#4141 = DIRECTION ( 'NONE',  ( 0.000000000000000000, -0.9967969531173912490, -0.07997395986122736444 ) ) ;
#4142 = FACE_OUTER_BOUND ( 'NONE', #7714, .T. ) ;
#4143 = EDGE_CURVE ( 'NONE', #1566, #504, #2202, .T. ) ;
#4144 = CARTESIAN_POINT ( 'NONE',  ( 0.4799999999999995381, 0.08500000000000000611, 1.939563312323252964 ) ) ;
#4145 = DIRECTION ( 'NONE',  ( 0.000000000000000000, 0.000000000000000000, -1.000000000000000000 ) ) ;
#4146 = ORIENTED_EDGE ( 'NONE', *, *, #4913, .F. ) ;
#4147 = CARTESIAN_POINT ( 'NONE',  ( 1.724999999999999645, -0.2321338255108014725, -2.140814096316195236 ) ) ;
#4148 = LINE ( 'NONE', #10488, #7425 ) ;
#4149 = ORIENTED_EDGE ( 'NONE', *, *, #7263, .F. ) ;
#4150 = EDGE_LOOP ( 'NONE', ( #80, #728, #9356, #9609 ) ) ;
#4151 = CARTESIAN_POINT ( 'NONE',  ( 1.714999999999998970, -0.2334590321417523429, 2.124296695724087414 ) ) ;
#4152 = VECTOR ( 'NONE', #2271, 1000.000000000000114 ) ;
#4153 = VERTEX_POINT ( 'NONE', #10337 ) ;
#4154 = EDGE_CURVE ( 'NONE', #9404, #1793, #11284, .T. ) ;
#4155 = ORIENTED_EDGE ( 'NONE', *, *, #11629, .T. ) ;
#4156 = PLANE ( 'NONE',  #2668 ) ;
#4157 = EDGE_CURVE ( 'NONE', #11385, #8781, #5793, .T. ) ;
#4158 = DIRECTION ( 'NONE',  ( 0.000000000000000000, 0.9967969531173911379, -0.07997395986122909917 ) ) ;
#4159 = CARTESIAN_POINT ( 'NONE',  ( 0.7899999999999999245, -0.5550000000000000488, 3.000000000000000000 ) ) ;
#4160 = EDGE_CURVE ( 'NONE', #6603, #6749, #1304, .T. ) ;
#4161 = ADVANCED_FACE ( 'NONE', ( #7511 ), #1248, .T. ) ;
#4162 = VECTOR ( 'NONE', #10869, 1000.000000000000114 ) ;
#4163 = EDGE_CURVE ( 'NONE', #7156, #4003, #8474, .T. ) ;
#4164 = CARTESIAN_POINT ( 'NONE',  ( -4.600000000000000533, 0.000000000000000000, 3.000000000000000000 ) ) ;
#4165 = EDGE_CURVE ( 'NONE', #11633, #1351, #1955, .T. ) ;
#4166 = VECTOR ( 'NONE', #11696, 999.9999999999998863 ) ;
#4167 = LINE ( 'NONE', #9485, #2647 ) ;
#4168 = CARTESIAN_POINT ( 'NONE',  ( -2.060000000000000497, -0.6505093632533530679, 0.05219097986152310131 ) ) ;
#4169 = ORIENTED_EDGE ( 'NONE', *, *, #4670, .F. ) ;
#4170 = ORIENTED_EDGE ( 'NONE', *, *, #4556, .T. ) ;
#4171 = ORIENTED_EDGE ( 'NONE', *, *, #2971, .F. ) ;
#4172 = ORIENTED_EDGE ( 'NONE', *, *, #8043, .F. ) ;
#4173 = CARTESIAN_POINT ( 'NONE',  ( 0.4449999999999992295, -0.4826582704211089259, 2.144290185689394779 ) ) ;
#4174 =( NAMED_UNIT ( * ) SI_UNIT ( $, .STERADIAN. ) SOLID_ANGLE_UNIT ( ) );
#4175 = ADVANCED_FACE ( 'NONE', ( #3876 ), #2012, .T. ) ;
#4176 = VECTOR ( 'NONE', #8780, 1000.000000000000114 ) ;
#4177 = DIRECTION ( 'NONE',  ( 0.000000000000000000, 0.000000000000000000, -1.000000000000000000 ) ) ;
#4178 = LINE ( 'NONE', #7977, #3989 ) ;
#4179 = VECTOR ( 'NONE', #10767, 1000.000000000000000 ) ;
#4180 = VECTOR ( 'NONE', #1372, 1000.000000000000000 ) ;
#4181 = CARTESIAN_POINT ( 'NONE',  ( -1.715000000000001190, -0.1970818674976960450, 2.577702366059670513 ) ) ;
#4182 = SURFACE_STYLE_FILL_AREA ( #4247 ) ;
#4183 = VERTEX_POINT ( 'NONE', #5601 ) ;
#4184 = VERTEX_POINT ( 'NONE', #1053 ) ;
#4185 = CIRCLE ( 'NONE', #6083, 0.2717314392126209954 ) ;
#4186 = ORIENTED_EDGE ( 'NONE', *, *, #6780, .T. ) ;
#4187 = VERTEX_POINT ( 'NONE', #7567 ) ;
#4188 = CARTESIAN_POINT ( 'NONE',  ( -4.290000000000000036, -0.1834862943212428321, -2.747157848089624821 ) ) ;
#4189 = VECTOR ( 'NONE', #1421, 1000.000000000000000 ) ;
#4190 = ORIENTED_EDGE ( 'NONE', *, *, #6127, .F. ) ;
#4191 = CARTESIAN_POINT ( 'NONE',  ( 3.019999999999999574, 0.2178238306527182089, -2.714960358193412304 ) ) ;
#4192 = VECTOR ( 'NONE', #3526, 999.9999999999998863 ) ;
#4193 = FACE_OUTER_BOUND ( 'NONE', #6278, .T. ) ;
#4194 = EDGE_CURVE ( 'NONE', #5957, #9105, #7635, .T. ) ;
#4195 = DIRECTION ( 'NONE',  ( 1.000000000000000000, 0.000000000000000000, 0.000000000000000000 ) ) ;
#4196 = AXIS2_PLACEMENT_3D ( 'NONE', #3174, #549, #5992 ) ;
#4197 = AXIS2_PLACEMENT_3D ( 'NONE', #9996, #8990, #9098 ) ;
#4198 = DIRECTION ( 'NONE',  ( 0.000000000000000000, 1.000000000000000000, 0.000000000000000000 ) ) ;
#4199 = CARTESIAN_POINT ( 'NONE',  ( 2.059999999999999609, -0.08500000000000000611, 0.000000000000000000 ) ) ;
#4200 = VECTOR ( 'NONE', #11152, 1000.000000000000114 ) ;
#4201 = EDGE_LOOP ( 'NONE', ( #7080, #5216, #8735, #3914 ) ) ;
#4202 = AXIS2_PLACEMENT_3D ( 'NONE', #5648, #7365, #9110 ) ;
#4203 = LINE ( 'NONE', #4023, #6264 ) ;
#4204 = VECTOR ( 'NONE', #5489, 1000.000000000000000 ) ;
#4205 = EDGE_CURVE ( 'NONE', #4964, #1111, #4893, .T. ) ;
#4206 = AXIS2_PLACEMENT_3D ( 'NONE', #2693, #3522, #6109 ) ;
#4207 = ORIENTED_EDGE ( 'NONE', *, *, #8701, .F. ) ;
#4208 = CARTESIAN_POINT ( 'NONE',  ( -0.7900000000000003686, -0.1782331765923089728, 2.746736385498786515 ) ) ;
#4209 = VERTEX_POINT ( 'NONE', #8338 ) ;
#4210 = CARTESIAN_POINT ( 'NONE',  ( 4.599999999999999645, -0.1970818674976518858, 2.577702366059666961 ) ) ;
#4211 = DIRECTION ( 'NONE',  ( 0.000000000000000000, 0.000000000000000000, -1.000000000000000000 ) ) ;
#4212 = CARTESIAN_POINT ( 'NONE',  ( -0.8250000000000010658, -0.4326855326006259772, 2.767151338054934406 ) ) ;
#4213 = DIRECTION ( 'NONE',  ( 0.000000000000000000, -0.9967969531173911379, 0.07997395986122908529 ) ) ;
#4214 = VECTOR ( 'NONE', #9987, 1000.000000000000000 ) ;
#4215 = CIRCLE ( 'NONE', #2100, 0.2717314392126209954 ) ;
#4216 = VECTOR ( 'NONE', #2393, 1000.000000000000000 ) ;
#4217 = CARTESIAN_POINT ( 'NONE',  ( -4.195702540368398736, 0.6149999999999999911, 0.4999999999999995559 ) ) ;
#4218 = ORIENTED_EDGE ( 'NONE', *, *, #3698, .F. ) ;
#4219 = LINE ( 'NONE', #10423, #10280 ) ;
#4220 = FACE_OUTER_BOUND ( 'NONE', #7091, .T. ) ;
#4221 = ORIENTED_EDGE ( 'NONE', *, *, #1423, .T. ) ;
#4222 = ORIENTED_EDGE ( 'NONE', *, *, #40, .F. ) ;
#4223 = CARTESIAN_POINT ( 'NONE',  ( 4.289999999999999147, -0.4532685607873790379, -2.870861070673345061 ) ) ;
#4224 = EDGE_CURVE ( 'NONE', #3035, #774, #7451, .T. ) ;
#4225 = VECTOR ( 'NONE', #5675, 1000.000000000000000 ) ;
#4226 = VECTOR ( 'NONE', #5816, 1000.000000000000000 ) ;
#4227 = CIRCLE ( 'NONE', #4031, 0.2717314392126214395 ) ;
#4228 = ORIENTED_EDGE ( 'NONE', *, *, #890, .F. ) ;
#4229 = DIRECTION ( 'NONE',  ( 0.000000000000000000, -0.07997395986122908529, 0.9967969531173911379 ) ) ;
#4230 = VECTOR ( 'NONE', #5626, 1000.000000000000000 ) ;
#4231 = LINE ( 'NONE', #7861, #11273 ) ;
#4232 = AXIS2_PLACEMENT_3D ( 'NONE', #3692, #2738, #10978 ) ;
#4233 = LINE ( 'NONE', #6065, #5513 ) ;
#4234 = PLANE ( 'NONE',  #1694 ) ;
#4235 = EDGE_CURVE ( 'NONE', #1010, #5585, #343, .T. ) ;
#4236 = VERTEX_POINT ( 'NONE', #2909 ) ;
#4237 = ORIENTED_EDGE ( 'NONE', *, *, #9421, .F. ) ;
#4238 = ORIENTED_EDGE ( 'NONE', *, *, #8147, .F. ) ;
#4239 = AXIS2_PLACEMENT_3D ( 'NONE', #10798, #4583, #698 ) ;
#4240 = FACE_OUTER_BOUND ( 'NONE', #975, .T. ) ;
#4241 = EDGE_CURVE ( 'NONE', #453, #1243, #6556, .T. ) ;
#4242 = DIRECTION ( 'NONE',  ( 1.000000000000000000, 0.000000000000000000, 0.000000000000000000 ) ) ;
#4243 = DIRECTION ( 'NONE',  ( 0.000000000000000000, 0.07997395986122909917, 0.9967969531173911379 ) ) ;
#4244 = PLANE ( 'NONE',  #6732 ) ;
#4245 = CARTESIAN_POINT ( 'NONE',  ( -0.7900000000000003686, -0.4532685607873790379, 2.870861070673345061 ) ) ;
#4246 = CARTESIAN_POINT ( 'NONE',  ( -4.600000000000000533, -0.4750000000000020872, 2.599999999999999645 ) ) ;
#4247 = FILL_AREA_STYLE ('',( #532 ) ) ;
#4248 = VERTEX_POINT ( 'NONE', #10264 ) ;
#4249 = EDGE_CURVE ( 'NONE', #6914, #9422, #2076, .T. ) ;
#4250 = VERTEX_POINT ( 'NONE', #3154 ) ;
#4251 = VERTEX_POINT ( 'NONE', #7697 ) ;
#4252 = CARTESIAN_POINT ( 'NONE',  ( -4.635000000000000675, -0.4826582704211443420, 2.144290185689397887 ) ) ;
#4253 = EDGE_LOOP ( 'NONE', ( #9008, #2584, #6591, #11602, #1579, #10489, #3941, #8350, #8699 ) ) ;
#4254 = CARTESIAN_POINT ( 'NONE',  ( -0.7900000000000003686, -0.7250000000000001998, -2.870861070673344617 ) ) ;
#4255 = VECTOR ( 'NONE', #10816, 1000.000000000000000 ) ;
#4256 = CARTESIAN_POINT ( 'NONE',  ( -0.8250000000000010658, -0.1834862943212781650, 2.747157848089627041 ) ) ;
#4257 = CARTESIAN_POINT ( 'NONE',  ( 4.289999999999999147, -0.4614044268235938384, 2.769455482029957061 ) ) ;
#4258 = DIRECTION ( 'NONE',  ( 1.000000000000000000, 0.000000000000000000, -0.000000000000000000 ) ) ;
#4259 = CARTESIAN_POINT ( 'NONE',  ( 4.599999999999999645, -0.4013101249739610688, -0.03219748989621229462 ) ) ;
#4260 = DIRECTION ( 'NONE',  ( -1.000000000000000000, 0.000000000000000000, 0.000000000000000000 ) ) ;
#4261 = ORIENTED_EDGE ( 'NONE', *, *, #7003, .T. ) ;
#4262 = CIRCLE ( 'NONE', #8647, 0.2861149196957545326 ) ;
#4263 = EDGE_CURVE ( 'NONE', #2612, #2970, #11461, .T. ) ;
#4264 = CARTESIAN_POINT ( 'NONE',  ( -4.950000000000000178, -0.08500000000000000611, -1.939563312323252964 ) ) ;
#4265 = ORIENTED_EDGE ( 'NONE', *, *, #2247, .F. ) ;
#4266 = ORIENTED_EDGE ( 'NONE', *, *, #3015, .F. ) ;
#4267 = LINE ( 'NONE', #4136, #752 ) ;
#4268 = ORIENTED_EDGE ( 'NONE', *, *, #660, .F. ) ;
#4269 = LINE ( 'NONE', #9696, #10698 ) ;
#4270 = CARTESIAN_POINT ( 'NONE',  ( -4.600000000000000533, 0.08500000000000000611, 0.000000000000000000 ) ) ;
#4271 = VECTOR ( 'NONE', #2842, 1000.000000000000000 ) ;
#4272 = CARTESIAN_POINT ( 'NONE',  ( 0.4449999999999992295, -0.4326855326006170954, 2.767151338054933518 ) ) ;
#4273 = CARTESIAN_POINT ( 'NONE',  ( 1.749999999999999778, 0.000000000000000000, 1.949999999999999956 ) ) ;
#4274 = ORIENTED_EDGE ( 'NONE', *, *, #10191, .T. ) ;
#4275 = EDGE_CURVE ( 'NONE', #10824, #7120, #11339, .T. ) ;
#4276 = DIRECTION ( 'NONE',  ( 1.000000000000000000, -0.000000000000000000, -0.000000000000000000 ) ) ;
#4277 = DIRECTION ( 'NONE',  ( 1.000000000000000000, 0.000000000000000000, 0.000000000000000000 ) ) ;
#4278 = VERTEX_POINT ( 'NONE', #527 ) ;
#4279 = ORIENTED_EDGE ( 'NONE', *, *, #10990, .F. ) ;
#4280 = CARTESIAN_POINT ( 'NONE',  ( -0.4800000000000003708, -0.4614044268235938384, -2.769455482029957061 ) ) ;
#4281 = VERTEX_POINT ( 'NONE', #9675 ) ;
#4282 = DIRECTION ( 'NONE',  ( 0.000000000000000000, 1.679125230693258263E-15, -1.000000000000000000 ) ) ;
#4283 = DIRECTION ( 'NONE',  ( 0.000000000000000000, 0.9967969531173912490, -0.07997395986122736444 ) ) ;
#4284 = CARTESIAN_POINT ( 'NONE',  ( 4.599999999999998757, 0.08500000000000001998, 1.939563312323252964 ) ) ;
#4285 = ORIENTED_EDGE ( 'NONE', *, *, #2032, .T. ) ;
#4286 = VERTEX_POINT ( 'NONE', #7815 ) ;
#4287 = ORIENTED_EDGE ( 'NONE', *, *, #5999, .F. ) ;
#4288 = LINE ( 'NONE', #6916, #4180 ) ;
#4289 = PRESENTATION_STYLE_ASSIGNMENT (( #1543 ) ) ;
#4290 = DIRECTION ( 'NONE',  ( 0.000000000000000000, -0.9967969531173912490, 0.07997395986122909917 ) ) ;
#4291 = ADVANCED_FACE ( 'NONE', ( #9565 ), #5075, .T. ) ;
#4292 = CARTESIAN_POINT ( 'NONE',  ( -4.635000000000000675, -0.2334590321417965297, 2.124296695724090522 ) ) ;
#4293 = DIRECTION ( 'NONE',  ( 0.000000000000000000, 1.679125230693258263E-15, 1.000000000000000000 ) ) ;
#4294 = CARTESIAN_POINT ( 'NONE',  ( -3.330000000000000071, -0.4614044268235938384, -2.769455482029957061 ) ) ;
#4295 = VERTEX_POINT ( 'NONE', #4059 ) ;
#4296 = EDGE_LOOP ( 'NONE', ( #2090, #3728, #3316, #3362 ) ) ;
#4297 = ORIENTED_EDGE ( 'NONE', *, *, #7293, .T. ) ;
#4298 = LINE ( 'NONE', #1386, #7830 ) ;
#4299 = ORIENTED_EDGE ( 'NONE', *, *, #1944, .T. ) ;
#4300 = DIRECTION ( 'NONE',  ( 0.000000000000000000, -0.9967969531173912490, -0.07997395986122909917 ) ) ;
#4301 = DIRECTION ( 'NONE',  ( 0.000000000000000000, 0.9967969531173911379, -0.07997395986122909917 ) ) ;
#4302 = CARTESIAN_POINT ( 'NONE',  ( -3.330000000000000071, 0.2178238306527182089, -2.714960358193412304 ) ) ;
#4303 = CARTESIAN_POINT ( 'NONE',  ( 2.059999999999999609, -0.4532685607873790379, 2.870861070673345061 ) ) ;
#4304 = EDGE_CURVE ( 'NONE', #5210, #9361, #1486, .T. ) ;
#4305 = ORIENTED_EDGE ( 'NONE', *, *, #2372, .T. ) ;
#4306 = EDGE_CURVE ( 'NONE', #10106, #4706, #9729, .T. ) ;
#4307 = CARTESIAN_POINT ( 'NONE',  ( -3.020000000000000018, -0.1918287497687165000, -2.577280903468829099 ) ) ;
#4308 = ORIENTED_EDGE ( 'NONE', *, *, #3138, .T. ) ;
#4309 = DIRECTION ( 'NONE',  ( 0.000000000000000000, -0.9967969531173912490, 0.07997395986122736444 ) ) ;
#4310 = EDGE_LOOP ( 'NONE', ( #5916, #9306, #8469, #280, #844, #2762, #720, #7090 ) ) ;
#4311 = CARTESIAN_POINT ( 'NONE',  ( 3.019999999999999574, -0.1834862943212428044, -2.747157848089624821 ) ) ;
#4312 = CARTESIAN_POINT ( 'NONE',  ( 2.984999999999998987, -0.2334590321417435721, 2.124296695724086526 ) ) ;
#4313 = CARTESIAN_POINT ( 'NONE',  ( 4.289999999999999147, 0.000000000000000000, -1.949999999999999956 ) ) ;
#4314 = PLANE ( 'NONE',  #2475 ) ;
#4315 = ADVANCED_FACE ( 'NONE', ( #10518 ), #5909, .T. ) ;
#4316 = ORIENTED_EDGE ( 'NONE', *, *, #9665, .F. ) ;
#4317 = LINE ( 'NONE', #9929, #10076 ) ;
#4318 = CARTESIAN_POINT ( 'NONE',  ( 2.059999999999999609, -0.1970818674976518581, -2.577702366059666961 ) ) ;
#4319 = VERTEX_POINT ( 'NONE', #5127 ) ;
#4320 = AXIS2_PLACEMENT_3D ( 'NONE', #2967, #6375, #3878 ) ;
#4321 = DIRECTION ( 'NONE',  ( 0.000000000000000000, -1.000000000000000000, 0.000000000000000000 ) ) ;
#4322 = CARTESIAN_POINT ( 'NONE',  ( -3.020000000000000018, -0.4013101249739610688, -0.03219748989621229462 ) ) ;
#4323 = ORIENTED_EDGE ( 'NONE', *, *, #4368, .F. ) ;
#4324 = LINE ( 'NONE', #9666, #2855 ) ;
#4325 = LINE ( 'NONE', #2532, #3270 ) ;
#4326 = EDGE_CURVE ( 'NONE', #9092, #8392, #3477, .T. ) ;
#4327 = CARTESIAN_POINT ( 'NONE',  ( -3.355000000000000426, -0.1834862943212428044, -2.747157848089624821 ) ) ;
#4328 = VECTOR ( 'NONE', #5043, 999.9999999999998863 ) ;
#4329 = CARTESIAN_POINT ( 'NONE',  ( 2.094999999999999307, -0.1834862943212604847, 2.747157848089626153 ) ) ;
#4330 = DIRECTION ( 'NONE',  ( 0.000000000000000000, 0.9967969531173912490, 0.07997395986122911304 ) ) ;
#4331 = ORIENTED_EDGE ( 'NONE', *, *, #1394, .T. ) ;
#4332 = ORIENTED_EDGE ( 'NONE', *, *, #1608, .F. ) ;
#4333 = VERTEX_POINT ( 'NONE', #7018 ) ;
#4334 =( NAMED_UNIT ( * ) SI_UNIT ( $, .STERADIAN. ) SOLID_ANGLE_UNIT ( ) );
#4335 = VECTOR ( 'NONE', #2613, 1000.000000000000000 ) ;
#4336 = DIRECTION ( 'NONE',  ( 0.000000000000000000, -0.9967969531173912490, 0.07997395986122736444 ) ) ;
#4337 = DIRECTION ( 'NONE',  ( 0.000000000000000000, -0.07997395986122909917, -0.9967969531173911379 ) ) ;
#4338 = CARTESIAN_POINT ( 'NONE',  ( 4.873259649435684793, 0.6250000000000000000, -1.873259649435684349 ) ) ;
#4339 = LINE ( 'NONE', #7981, #8575 ) ;
#4340 = CARTESIAN_POINT ( 'NONE',  ( 4.264999999999999680, -0.2321338255108014725, -2.140814096316195236 ) ) ;
#4341 = ORIENTED_EDGE ( 'NONE', *, *, #7598, .T. ) ;
#4342 = VERTEX_POINT ( 'NONE', #1376 ) ;
#4343 = VERTEX_POINT ( 'NONE', #5022 ) ;
#4344 = CARTESIAN_POINT ( 'NONE',  ( -2.060000000000000497, -0.4750000000000020872, 2.599999999999999645 ) ) ;
#4345 = VERTEX_POINT ( 'NONE', #8659 ) ;
#4346 = EDGE_CURVE ( 'NONE', #9755, #8389, #8774, .T. ) ;
#4347 = VECTOR ( 'NONE', #4897, 1000.000000000000000 ) ;
#4348 = DIRECTION ( 'NONE',  ( -1.000000000000000000, 0.000000000000000000, -0.000000000000000000 ) ) ;
#4349 = CARTESIAN_POINT ( 'NONE',  ( 4.254999999999999005, -0.4462811057769996981, 2.597695856024973882 ) ) ;
#4350 = DIRECTION ( 'NONE',  ( 1.000000000000000000, 0.000000000000000000, 0.000000000000000000 ) ) ;
#4351 = CARTESIAN_POINT ( 'NONE',  ( 3.329999999999999183, -0.08500000000000003386, 1.939563312323252742 ) ) ;
#4352 = AXIS2_PLACEMENT_3D ( 'NONE', #4557, #11669, #2706 ) ;
#4353 = VECTOR ( 'NONE', #11016, 1000.000000000000000 ) ;
#4354 = EDGE_CURVE ( 'NONE', #2552, #9757, #3212, .T. ) ;
#4355 = LINE ( 'NONE', #9019, #11406 ) ;
#4356 = EDGE_LOOP ( 'NONE', ( #6587, #3511, #5017, #6577, #6239, #9470, #1014, #10699 ) ) ;
#4357 = CARTESIAN_POINT ( 'NONE',  ( 3.329999999999999627, 0.08500000000000000611, 0.000000000000000000 ) ) ;
#4358 = EDGE_CURVE ( 'NONE', #5697, #6652, #6859, .T. ) ;
#4359 = ORIENTED_EDGE ( 'NONE', *, *, #9235, .T. ) ;
#4360 = AXIS2_PLACEMENT_3D ( 'NONE', #8195, #3419, #9989 ) ;
#4361 = LINE ( 'NONE', #779, #10859 ) ;
#4362 = ORIENTED_EDGE ( 'NONE', *, *, #3245, .F. ) ;
#4363 = EDGE_CURVE ( 'NONE', #2709, #11522, #10573, .T. ) ;
#4364 = EDGE_LOOP ( 'NONE', ( #3059, #4705, #3637, #1540, #10525, #8277, #10257, #10948, #3833, #2449, #8193, #2323 ) ) ;
#4365 = CIRCLE ( 'NONE', #3402, 0.1161149196957549368 ) ;
#4366 = VECTOR ( 'NONE', #7749, 1000.000000000000000 ) ;
#4367 = CARTESIAN_POINT ( 'NONE',  ( -4.600000000000000533, -0.7250000000000049738, -1.217365792252620583E-15 ) ) ;
#4368 = EDGE_CURVE ( 'NONE', #9845, #3640, #2327, .T. ) ;
#4369 = CARTESIAN_POINT ( 'NONE',  ( 0.4449999999999992295, -0.4826582704211089259, 2.144290185689394779 ) ) ;
#4370 = VECTOR ( 'NONE', #1122, 999.9999999999998863 ) ;
#4371 = DIRECTION ( 'NONE',  ( 0.000000000000000000, 0.000000000000000000, -1.000000000000000000 ) ) ;
#4372 = DIRECTION ( 'NONE',  ( 1.000000000000000000, 0.000000000000000000, 0.000000000000000000 ) ) ;
#4373 = VECTOR ( 'NONE', #7652, 999.9999999999998863 ) ;
#4374 = EDGE_CURVE ( 'NONE', #1838, #4485, #2357, .T. ) ;
#4375 = VECTOR ( 'NONE', #2137, 1000.000000000000000 ) ;
#4376 = AXIS2_PLACEMENT_3D ( 'NONE', #5012, #8646, #7863 ) ;
#4377 = EDGE_CURVE ( 'NONE', #2207, #11699, #9630, .T. ) ;
#4378 = DIRECTION ( 'NONE',  ( 0.000000000000000000, 0.000000000000000000, -1.000000000000000000 ) ) ;
#4379 = LINE ( 'NONE', #8912, #2474 ) ;
#4380 = VERTEX_POINT ( 'NONE', #1547 ) ;
#4381 = AXIS2_PLACEMENT_3D ( 'NONE', #9901, #10966, #6426 ) ;
#4382 = CARTESIAN_POINT ( 'NONE',  ( -0.4550000000000005151, -0.4462811057769996981, -2.597695856024973882 ) ) ;
#4383 = ADVANCED_FACE ( 'NONE', ( #594 ), #4244, .F. ) ;
#4384 = ORIENTED_EDGE ( 'NONE', *, *, #6011, .T. ) ;
#4385 = CARTESIAN_POINT ( 'NONE',  ( 0.8149999999999997247, -0.4813330637901492848, -2.160807586281502157 ) ) ;
#4386 =( GEOMETRIC_REPRESENTATION_CONTEXT ( 3 ) GLOBAL_UNCERTAINTY_ASSIGNED_CONTEXT ( ( #9617 ) ) GLOBAL_UNIT_ASSIGNED_CONTEXT ( ( #115, #10167, #10105 ) ) REPRESENTATION_CONTEXT ( 'NONE', 'WORKASPACE' ) );
#4387 = AXIS2_PLACEMENT_3D ( 'NONE', #6261, #8061, #4530 ) ;
#4388 = VECTOR ( 'NONE', #11479, 1000.000000000000000 ) ;
#4389 = CARTESIAN_POINT ( 'NONE',  ( 0.4799999999999999267, -0.5550000000000000488, -3.000000000000000000 ) ) ;
#4390 = CARTESIAN_POINT ( 'NONE',  ( -2.060000000000000497, -0.4013101249740052001, 0.03219748989621582652 ) ) ;
#4391 = AXIS2_PLACEMENT_3D ( 'NONE', #307, #11175, #7661 ) ;
#4392 = VECTOR ( 'NONE', #8700, 999.9999999999998863 ) ;
#4393 = LINE ( 'NONE', #1165, #6078 ) ;
#4394 = DIRECTION ( 'NONE',  ( 0.000000000000000000, 0.000000000000000000, -1.000000000000000000 ) ) ;
#4395 = VECTOR ( 'NONE', #961, 1000.000000000000114 ) ;
#4396 = ORIENTED_EDGE ( 'NONE', *, *, #5847, .T. ) ;
#4397 = EDGE_CURVE ( 'NONE', #7912, #1838, #7134, .T. ) ;
#4398 = ORIENTED_EDGE ( 'NONE', *, *, #9830, .F. ) ;
#4399 = EDGE_LOOP ( 'NONE', ( #11176, #7896, #2944, #3663 ) ) ;
#4400 = ADVANCED_FACE ( 'NONE', ( #2545 ), #1593, .F. ) ;
#4401 = ORIENTED_EDGE ( 'NONE', *, *, #11667, .T. ) ;
#4402 = CARTESIAN_POINT ( 'NONE',  ( 0.4799999999999999267, 0.08500000000000000611, 2.461537905304632012 ) ) ;
#4403 = LINE ( 'NONE', #3492, #9981 ) ;
#4404 = VECTOR ( 'NONE', #6161, 1000.000000000000114 ) ;
#4405 = AXIS2_PLACEMENT_3D ( 'NONE', #3966, #6527, #2939 ) ;
#4406 = CARTESIAN_POINT ( 'NONE',  ( 0.8149999999999997247, -0.4462811057769997536, -2.597695856024973882 ) ) ;
#4407 = LINE ( 'NONE', #2432, #7170 ) ;
#4408 = CARTESIAN_POINT ( 'NONE',  ( 2.094999999999999307, -0.2334590321417523429, 2.124296695724087414 ) ) ;
#4409 = VERTEX_POINT ( 'NONE', #6415 ) ;
#4410 = EDGE_CURVE ( 'NONE', #8153, #8535, #8878, .T. ) ;
#4411 = AXIS2_PLACEMENT_3D ( 'NONE', #7930, #11523, #3390 ) ;
#4412 = ORIENTED_EDGE ( 'NONE', *, *, #2827, .F. ) ;
#4413 = VERTEX_POINT ( 'NONE', #4406 ) ;
#4414 = DIRECTION ( 'NONE',  ( 0.000000000000000000, 0.9967969531173912490, 0.07997395986122736444 ) ) ;
#4415 = ORIENTED_EDGE ( 'NONE', *, *, #7904, .T. ) ;
#4416 = FACE_OUTER_BOUND ( 'NONE', #6904, .T. ) ;
#4417 = CARTESIAN_POINT ( 'NONE',  ( 1.714999999999998970, -0.1834862943212604847, 2.747157848089626153 ) ) ;
#4418 = LINE ( 'NONE', #2724, #3418 ) ;
#4419 = DIRECTION ( 'NONE',  ( 0.000000000000000000, -0.9967969531173912490, -0.07997395986122922407 ) ) ;
#4420 = DIRECTION ( 'NONE',  ( 0.000000000000000000, -0.07997395986122911304, 0.9967969531173912490 ) ) ;
#4421 = ORIENTED_EDGE ( 'NONE', *, *, #11588, .F. ) ;
#4422 = PLANE ( 'NONE',  #2047 ) ;
#4423 = ORIENTED_EDGE ( 'NONE', *, *, #9670, .F. ) ;
#4424 = ORIENTED_EDGE ( 'NONE', *, *, #7888, .T. ) ;
#4425 = DIRECTION ( 'NONE',  ( 0.000000000000000000, 0.07997395986122909917, 0.9967969531173911379 ) ) ;
#4426 = VERTEX_POINT ( 'NONE', #8217 ) ;
#4427 = ORIENTED_EDGE ( 'NONE', *, *, #4939, .T. ) ;
#4428 = CARTESIAN_POINT ( 'NONE',  ( 4.289999999999999147, -0.7250000000000049738, 1.217365792252620583E-15 ) ) ;
#4429 = CARTESIAN_POINT ( 'NONE',  ( -3.365000000000000657, -0.4462811057770526557, 2.597695856024977878 ) ) ;
#4430 = CARTESIAN_POINT ( 'NONE',  ( -4.635000000000000675, -0.4462811057770615930, 2.597695856024978767 ) ) ;
#4431 = VECTOR ( 'NONE', #381, 1000.000000000000000 ) ;
#4432 = EDGE_CURVE ( 'NONE', #11077, #10714, #8148, .T. ) ;
#4433 = ORIENTED_EDGE ( 'NONE', *, *, #9421, .T. ) ;
#4434 = CARTESIAN_POINT ( 'NONE',  ( 3.329999999999999627, 0.2042282574763048253, -2.545504876163455776 ) ) ;
#4435 = ORIENTED_EDGE ( 'NONE', *, *, #7288, .F. ) ;
#4436 = FACE_OUTER_BOUND ( 'NONE', #1112, .T. ) ;
#4437 = ADVANCED_FACE ( 'NONE', ( #1702 ), #10956, .T. ) ;
#4438 = ORIENTED_EDGE ( 'NONE', *, *, #7344, .T. ) ;
#4439 = FACE_OUTER_BOUND ( 'NONE', #10021, .T. ) ;
#4440 = VECTOR ( 'NONE', #7097, 1000.000000000000114 ) ;
#4441 = EDGE_CURVE ( 'NONE', #5230, #2212, #864, .T. ) ;
#4442 = DIRECTION ( 'NONE',  ( 0.000000000000000000, -0.9967969531173912490, 0.07997395986122922407 ) ) ;
#4443 = ADVANCED_FACE ( 'NONE', ( #8092 ), #9828, .F. ) ;
#4444 = CARTESIAN_POINT ( 'NONE',  ( -4.265000000000000568, -0.1970818674976518581, -2.577702366059666961 ) ) ;
#4445 = VECTOR ( 'NONE', #657, 999.9999999999998863 ) ;
#4446 = CARTESIAN_POINT ( 'NONE',  ( -1.750000000000000666, -0.2011149196957544016, -2.461537905304632012 ) ) ;
#4447 = CARTESIAN_POINT ( 'NONE',  ( -0.4800000000000003708, 0.2178238306527182089, 2.714960358193412304 ) ) ;
#4448 = VERTEX_POINT ( 'NONE', #11729 ) ;
#4449 = ADVANCED_FACE ( 'NONE', ( #7975 ), #9056, .F. ) ;
#4450 = ORIENTED_EDGE ( 'NONE', *, *, #11171, .F. ) ;
#4451 = ORIENTED_EDGE ( 'NONE', *, *, #8888, .T. ) ;
#4452 = ORIENTED_EDGE ( 'NONE', *, *, #9504, .T. ) ;
#4453 = FILL_AREA_STYLE ('',( #6361 ) ) ;
#4454 = DIRECTION ( 'NONE',  ( -1.000000000000000000, 0.000000000000000000, -0.000000000000000000 ) ) ;
#4455 = CARTESIAN_POINT ( 'NONE',  ( -0.7900000000000003686, 0.2042282574763048253, 2.545504876163455776 ) ) ;
#4456 = EDGE_CURVE ( 'NONE', #10319, #6648, #6155, .T. ) ;
#4457 = CARTESIAN_POINT ( 'NONE',  ( -0.7900000000000015898, 0.000000000000000000, 1.949999999999999956 ) ) ;
#4458 = LINE ( 'NONE', #8094, #3411 ) ;
#4459 = DIRECTION ( 'NONE',  ( 1.000000000000000000, 0.000000000000000000, 0.000000000000000000 ) ) ;
#4460 = EDGE_LOOP ( 'NONE', ( #5882, #5396, #4915, #9958 ) ) ;
#4461 = ORIENTED_EDGE ( 'NONE', *, *, #6417, .T. ) ;
#4462 = EDGE_LOOP ( 'NONE', ( #957, #8650, #6061, #5490 ) ) ;
#4463 = CARTESIAN_POINT ( 'NONE',  ( 0.7899999999999999245, -0.4750000000000020872, -2.599999999999999645 ) ) ;
#4464 = VERTEX_POINT ( 'NONE', #7310 ) ;
#4465 = DIRECTION ( 'NONE',  ( 0.000000000000000000, -0.07997395986122909917, -0.9967969531173911379 ) ) ;
#4466 = FACE_OUTER_BOUND ( 'NONE', #10245, .T. ) ;
#4467 = DIRECTION ( 'NONE',  ( 0.000000000000000000, 5.037375692079792934E-15, -1.000000000000000000 ) ) ;
#4468 = CARTESIAN_POINT ( 'NONE',  ( -4.950000000000000178, 0.000000000000000000, -1.949999999999999956 ) ) ;
#4469 = EDGE_CURVE ( 'NONE', #4877, #6207, #2767, .T. ) ;
#4470 = PLANE ( 'NONE',  #11423 ) ;
#4471 = LINE ( 'NONE', #4522, #8512 ) ;
#4472 = FACE_OUTER_BOUND ( 'NONE', #1399, .T. ) ;
#4473 = EDGE_LOOP ( 'NONE', ( #7593, #11266, #11387, #240 ) ) ;
#4474 = CARTESIAN_POINT ( 'NONE',  ( 0.8149999999999997247, -0.2321338255108014725, -2.140814096316195236 ) ) ;
#4475 = ORIENTED_EDGE ( 'NONE', *, *, #8019, .F. ) ;
#4476 = ORIENTED_EDGE ( 'NONE', *, *, #3628, .F. ) ;
#4477 = LINE ( 'NONE', #8115, #576 ) ;
#4478 = VERTEX_POINT ( 'NONE', #10787 ) ;
#4479 = ORIENTED_EDGE ( 'NONE', *, *, #9039, .T. ) ;
#4480 = DIRECTION ( 'NONE',  ( 0.000000000000000000, 0.000000000000000000, -1.000000000000000000 ) ) ;
#4481 = DIRECTION ( 'NONE',  ( 1.000000000000000000, 0.000000000000000000, 0.000000000000000000 ) ) ;
#4482 = PLANE ( 'NONE',  #435 ) ;
#4483 = CARTESIAN_POINT ( 'NONE',  ( -1.750000000000000666, -0.2011149196957552621, 2.461537905304631568 ) ) ;
#4484 = DIRECTION ( 'NONE',  ( 0.000000000000000000, -0.000000000000000000, -1.000000000000000000 ) ) ;
#4485 = VERTEX_POINT ( 'NONE', #11621 ) ;
#4486 = CARTESIAN_POINT ( 'NONE',  ( -2.060000000000000497, -0.2011149196957544016, -2.461537905304632012 ) ) ;
#4487 = VERTEX_POINT ( 'NONE', #10005 ) ;
#4488 = DIRECTION ( 'NONE',  ( -0.000000000000000000, -0.07997395986122911304, 0.9967969531173912490 ) ) ;
#4489 = ADVANCED_FACE ( 'NONE', ( #1638 ), #7084, .F. ) ;
#4490 = LINE ( 'NONE', #3426, #10325 ) ;
#4491 = MECHANICAL_DESIGN_GEOMETRIC_PRESENTATION_REPRESENTATION (  '', ( #9481 ), #3940 ) ;
#4492 = CARTESIAN_POINT ( 'NONE',  ( 0.4449999999999992295, -0.4826582704211089259, 2.144290185689394779 ) ) ;
#4493 = CARTESIAN_POINT ( 'NONE',  ( 4.599999999999999645, -0.7249999999999999778, 3.000000000000000000 ) ) ;
#4494 = CARTESIAN_POINT ( 'NONE',  ( -3.330000000000000071, -0.4750000000000020872, -2.599999999999999645 ) ) ;
#4495 = DIRECTION ( 'NONE',  ( 0.000000000000000000, 0.07997395986122911304, -0.9967969531173912490 ) ) ;
#4496 = ADVANCED_FACE ( 'NONE', ( #10736 ), #9884, .T. ) ;
#4497 = VERTEX_POINT ( 'NONE', #11785 ) ;
#4498 = ORIENTED_EDGE ( 'NONE', *, *, #9348, .T. ) ;
#4499 = ORIENTED_EDGE ( 'NONE', *, *, #11721, .F. ) ;
#4500 = VERTEX_POINT ( 'NONE', #5413 ) ;
#4501 = EDGE_CURVE ( 'NONE', #11077, #1285, #4504, .T. ) ;
#4502 = CARTESIAN_POINT ( 'NONE',  ( -0.4800000000000003708, -0.5549999999999849498, -2.795743509104209498E-15 ) ) ;
#4503 = VECTOR ( 'NONE', #11396, 999.9999999999998863 ) ;
#4504 = LINE ( 'NONE', #3608, #1200 ) ;
#4505 = ADVANCED_FACE ( 'NONE', ( #1821 ), #5467, .T. ) ;
#4506 = CARTESIAN_POINT ( 'NONE',  ( 3.329999999999998739, 0.000000000000000000, 1.949999999999999956 ) ) ;
#4507 = DIRECTION ( 'NONE',  ( -1.000000000000000000, 0.000000000000000000, 0.000000000000000000 ) ) ;
#4508 = EDGE_CURVE ( 'NONE', #933, #4319, #2829, .T. ) ;
#4509 = CARTESIAN_POINT ( 'NONE',  ( 3.329999999999999627, 0.000000000000000000, 0.000000000000000000 ) ) ;
#4510 = ORIENTED_EDGE ( 'NONE', *, *, #9645, .F. ) ;
#4511 = EDGE_LOOP ( 'NONE', ( #3351, #4218, #6085, #3290 ) ) ;
#4512 = ORIENTED_EDGE ( 'NONE', *, *, #9427, .F. ) ;
#4513 = CARTESIAN_POINT ( 'NONE',  ( 4.289999999999999147, -0.4532685607873793709, -2.870861070673344617 ) ) ;
#4515 = ORIENTED_EDGE ( 'NONE', *, *, #4106, .F. ) ;
#4514 = AXIS2_PLACEMENT_3D ( 'NONE', #2946, #1283, #7732 ) ;
#4516 = ADVANCED_FACE ( 'NONE', ( #3721 ), #988, .T. ) ;
#4517 = LINE ( 'NONE', #2601, #8222 ) ;
#4518 = PLANE ( 'NONE',  #11123 ) ;
#4519 = CARTESIAN_POINT ( 'NONE',  ( 3.019999999999999574, -0.4532685607873793709, -2.870861070673344617 ) ) ;
#4520 = CARTESIAN_POINT ( 'NONE',  ( -4.600000000000000533, 0.2178238306527182089, -2.714960358193412304 ) ) ;
#4521 = LINE ( 'NONE', #10078, #5699 ) ;
#4522 = CARTESIAN_POINT ( 'NONE',  ( 4.625000000000000000, -0.1834862943212428044, -2.747157848089624821 ) ) ;
#4523 = DIRECTION ( 'NONE',  ( -0.000000000000000000, 0.9925461516413219831, 0.1218693434051477537 ) ) ;
#4524 = EDGE_LOOP ( 'NONE', ( #7306, #2038, #10213, #11003, #1743, #1413, #8342, #321 ) ) ;
#4525 = CARTESIAN_POINT ( 'NONE',  ( 3.019999999999999574, -0.7250000000000049738, -1.217365792252620583E-15 ) ) ;
#4526 = VECTOR ( 'NONE', #7784, 999.9999999999998863 ) ;
#4527 = ORIENTED_EDGE ( 'NONE', *, *, #595, .T. ) ;
#4528 = ORIENTED_EDGE ( 'NONE', *, *, #4410, .T. ) ;
#4529 = DIRECTION ( 'NONE',  ( 0.000000000000000000, 5.037375692079792934E-15, -1.000000000000000000 ) ) ;
#4530 = DIRECTION ( 'NONE',  ( 0.000000000000000000, 5.037375692079792934E-15, 1.000000000000000000 ) ) ;
#4531 = VERTEX_POINT ( 'NONE', #8271 ) ;
#4532 = ORIENTED_EDGE ( 'NONE', *, *, #5398, .T. ) ;
#4533 = ADVANCED_FACE ( 'NONE', ( #4193 ), #428, .F. ) ;
#4534 =( NAMED_UNIT ( * ) SI_UNIT ( $, .STERADIAN. ) SOLID_ANGLE_UNIT ( ) );
#4535 = CARTESIAN_POINT ( 'NONE',  ( 1.749999999999999778, -0.5549999999999993827, 2.870861070673345061 ) ) ;
#4536 = DIRECTION ( 'NONE',  ( 1.000000000000000000, 0.000000000000000000, 0.000000000000000000 ) ) ;
#4537 = LINE ( 'NONE', #5215, #9347 ) ;
#4538 = VECTOR ( 'NONE', #7088, 1000.000000000000000 ) ;
#4539 = ORIENTED_EDGE ( 'NONE', *, *, #7738, .F. ) ;
#4540 = AXIS2_PLACEMENT_3D ( 'NONE', #7604, #1224, #5767 ) ;
#4541 = CARTESIAN_POINT ( 'NONE',  ( -3.330000000000000071, -0.2011149196957544016, -2.461537905304632012 ) ) ;
#4542 = VECTOR ( 'NONE', #1050, 1000.000000000000000 ) ;
#4543 = PLANE ( 'NONE',  #11458 ) ;
#4544 = ORIENTED_EDGE ( 'NONE', *, *, #5536, .F. ) ;
#4545 = LINE ( 'NONE', #4382, #3784 ) ;
#4546 = AXIS2_PLACEMENT_3D ( 'NONE', #3627, #8282, #96 ) ;
#4547 = ORIENTED_EDGE ( 'NONE', *, *, #3480, .T. ) ;
#4548 = CARTESIAN_POINT ( 'NONE',  ( 1.714999999999998970, -0.4326855326006082691, 2.767151338054933074 ) ) ;
#4549 = VECTOR ( 'NONE', #1847, 999.9999999999998863 ) ;
#4550 = LINE ( 'NONE', #678, #11073 ) ;
#4551 = VECTOR ( 'NONE', #3147, 1000.000000000000000 ) ;
#4552 = MECHANICAL_DESIGN_GEOMETRIC_PRESENTATION_REPRESENTATION (  '', ( #1516 ), #2078 ) ;
#4553 = LINE ( 'NONE', #4444, #10993 ) ;
#4554 = CARTESIAN_POINT ( 'NONE',  ( 3.329999999999999627, 0.000000000000000000, 0.000000000000000000 ) ) ;
#4555 = VECTOR ( 'NONE', #543, 1000.000000000000114 ) ;
#4556 = EDGE_CURVE ( 'NONE', #5336, #1201, #7032, .T. ) ;
#4557 = CARTESIAN_POINT ( 'NONE',  ( -0.7900000000000003686, -0.2011149196957552621, 2.461537905304631568 ) ) ;
#4558 = DIRECTION ( 'NONE',  ( 0.000000000000000000, -0.9967969531173912490, 0.07997395986122736444 ) ) ;
#4559 = ORIENTED_EDGE ( 'NONE', *, *, #2844, .F. ) ;
#4560 = AXIS2_PLACEMENT_3D ( 'NONE', #9861, #5332, #6954 ) ;
#4561 = VECTOR ( 'NONE', #9914, 1000.000000000000000 ) ;
#4562 = VERTEX_POINT ( 'NONE', #4974 ) ;
#4563 = ORIENTED_EDGE ( 'NONE', *, *, #841, .F. ) ;
#4564 = VECTOR ( 'NONE', #3750, 1000.000000000000000 ) ;
#4565 = ORIENTED_EDGE ( 'NONE', *, *, #10482, .T. ) ;
#4566 = PRESENTATION_STYLE_ASSIGNMENT (( #8089 ) ) ;
#4567 = DIRECTION ( 'NONE',  ( 0.000000000000000000, -0.9967969531173912490, 0.07997395986122736444 ) ) ;
#4568 = VECTOR ( 'NONE', #2925, 999.9999999999998863 ) ;
#4569 = EDGE_CURVE ( 'NONE', #5701, #3852, #11408, .T. ) ;
#4570 = VECTOR ( 'NONE', #326, 1000.000000000000114 ) ;
#4571 = EDGE_CURVE ( 'NONE', #3119, #2141, #3294, .T. ) ;
#4572 = AXIS2_PLACEMENT_3D ( 'NONE', #1139, #9256, #1069 ) ;
#4573 = EDGE_CURVE ( 'NONE', #5977, #11005, #6932, .T. ) ;
#4574 = CARTESIAN_POINT ( 'NONE',  ( -2.060000000000000497, -0.4614044268235938384, 2.769455482029957061 ) ) ;
#4575 = CARTESIAN_POINT ( 'NONE',  ( 1.749999999999999778, -0.4750000000000020872, 2.599999999999999645 ) ) ;
#4576 = ORIENTED_EDGE ( 'NONE', *, *, #83, .T. ) ;
#4577 = ORIENTED_EDGE ( 'NONE', *, *, #11108, .T. ) ;
#4578 = ORIENTED_EDGE ( 'NONE', *, *, #6020, .T. ) ;
#4579 = EDGE_CURVE ( 'NONE', #7675, #5595, #2440, .T. ) ;
#4580 = VECTOR ( 'NONE', #7206, 1000.000000000000114 ) ;
#4581 = AXIS2_PLACEMENT_3D ( 'NONE', #10109, #1858, #9936 ) ;
#4582 = VECTOR ( 'NONE', #5889, 1000.000000000000114 ) ;
#4583 = DIRECTION ( 'NONE',  ( 1.000000000000000000, -0.000000000000000000, 0.000000000000000000 ) ) ;
#4584 = CYLINDRICAL_SURFACE ( 'NONE', #2366, 0.1161149196957549368 ) ;
#4585 = DIRECTION ( 'NONE',  ( 0.000000000000000000, 1.679125230693258263E-15, -1.000000000000000000 ) ) ;
#4586 = ADVANCED_FACE ( 'NONE', ( #4127 ), #10464, .T. ) ;
#4587 = CARTESIAN_POINT ( 'NONE',  ( -4.600000000000000533, -0.6505093632533708314, 0.05219097986152452379 ) ) ;
#4588 = EDGE_CURVE ( 'NONE', #6355, #6478, #9031, .T. ) ;
#4589 = DIRECTION ( 'NONE',  ( -0.000000000000000000, 0.000000000000000000, 1.000000000000000000 ) ) ;
#4590 = EDGE_CURVE ( 'NONE', #262, #8842, #3168, .T. ) ;
#4591 = VECTOR ( 'NONE', #606, 1000.000000000000000 ) ;
#4592 = DIRECTION ( 'NONE',  ( -0.000000000000000000, 0.9925461516413219831, 0.1218693434051477537 ) ) ;
#4593 = CARTESIAN_POINT ( 'NONE',  ( -3.330000000000000071, -0.2011149196957552621, 2.461537905304631568 ) ) ;
#4594 = ORIENTED_EDGE ( 'NONE', *, *, #6619, .T. ) ;
#4595 = DIRECTION ( 'NONE',  ( 0.000000000000000000, 0.07997395986122909917, 0.9967969531173911379 ) ) ;
#4596 = ORIENTED_EDGE ( 'NONE', *, *, #9859, .F. ) ;
#4597 = ORIENTED_EDGE ( 'NONE', *, *, #4027, .F. ) ;
#4598 = CARTESIAN_POINT ( 'NONE',  ( -3.355000000000000426, -0.1834862943212428044, -2.747157848089624821 ) ) ;
#4599 = CARTESIAN_POINT ( 'NONE',  ( -3.330000000000000071, 0.2178238306527182089, 2.714960358193412304 ) ) ;
#4600 = VERTEX_POINT ( 'NONE', #8728 ) ;
#4601 = ORIENTED_EDGE ( 'NONE', *, *, #9837, .F. ) ;
#4602 = EDGE_CURVE ( 'NONE', #9413, #2837, #11351, .T. ) ;
#4603 = DIRECTION ( 'NONE',  ( 0.000000000000000000, 0.000000000000000000, -1.000000000000000000 ) ) ;
#4604 = CARTESIAN_POINT ( 'NONE',  ( 1.749999999999999778, 0.08500000000000000611, 1.939563312323252964 ) ) ;
#4605 = VECTOR ( 'NONE', #5598, 1000.000000000000000 ) ;
#4606 = CARTESIAN_POINT ( 'NONE',  ( -1.750000000000000666, -0.08500000000000003386, -1.939563312323252742 ) ) ;
#4607 = LINE ( 'NONE', #1072, #3253 ) ;
#4608 = ADVANCED_FACE ( 'NONE', ( #7932 ), #6034, .F. ) ;
#4609 = ORIENTED_EDGE ( 'NONE', *, *, #10785, .F. ) ;
#4610 = EDGE_CURVE ( 'NONE', #3976, #11484, #3343, .T. ) ;
#4611 = DIRECTION ( 'NONE',  ( 0.000000000000000000, 1.000000000000000000, 0.000000000000000000 ) ) ;
#4612 = DIRECTION ( 'NONE',  ( 0.000000000000000000, 0.9925461516413219831, -0.1218693434051477537 ) ) ;
#4613 = ORIENTED_EDGE ( 'NONE', *, *, #9919, .F. ) ;
#4614 = DIRECTION ( 'NONE',  ( 1.000000000000000000, 0.000000000000000000, 0.000000000000000000 ) ) ;
#4615 = ORIENTED_EDGE ( 'NONE', *, *, #2026, .T. ) ;
#4616 = CARTESIAN_POINT ( 'NONE',  ( -0.7900000000000003686, -0.4462811057769996981, -2.597695856024973882 ) ) ;
#4617 = LINE ( 'NONE', #3762, #9925 ) ;
#4618 = AXIS2_PLACEMENT_3D ( 'NONE', #2356, #6948, #4371 ) ;
#4619 = FACE_OUTER_BOUND ( 'NONE', #5669, .T. ) ;
#4620 = EDGE_CURVE ( 'NONE', #10885, #10793, #6877, .T. ) ;
#4621 = DIRECTION ( 'NONE',  ( 0.000000000000000000, -0.07997395986122909917, -0.9967969531173911379 ) ) ;
#4622 = LINE ( 'NONE', #7482, #10065 ) ;
#4623 = CARTESIAN_POINT ( 'NONE',  ( 0.4449999999999992295, -0.1970818674976791696, 2.577702366059669181 ) ) ;
#4624 = VECTOR ( 'NONE', #3382, 1000.000000000000000 ) ;
#4625 = ORIENTED_EDGE ( 'NONE', *, *, #10650, .T. ) ;
#4626 = ORIENTED_EDGE ( 'NONE', *, *, #432, .T. ) ;
#4627 = EDGE_LOOP ( 'NONE', ( #10797, #1872, #5979, #902 ) ) ;
#4628 = ORIENTED_EDGE ( 'NONE', *, *, #6054, .T. ) ;
#4629 = DIRECTION ( 'NONE',  ( 1.000000000000000000, 0.000000000000000000, 0.000000000000000000 ) ) ;
#4630 = CARTESIAN_POINT ( 'NONE',  ( 3.019999999999999574, -0.4532685607873790379, 2.870861070673345061 ) ) ;
#4631 = VECTOR ( 'NONE', #11392, 1000.000000000000000 ) ;
#4632 = DIRECTION ( 'NONE',  ( -1.000000000000000000, 0.000000000000000000, 0.000000000000000000 ) ) ;
#4633 = DIRECTION ( 'NONE',  ( 0.000000000000000000, -1.000000000000000000, 0.000000000000000000 ) ) ;
#4634 = CARTESIAN_POINT ( 'NONE',  ( -0.7900000000000003686, -0.4532685607873793709, -2.870861070673344617 ) ) ;
#4635 = ORIENTED_EDGE ( 'NONE', *, *, #10731, .T. ) ;
#4636 = EDGE_LOOP ( 'NONE', ( #7315, #10730, #4609, #2720 ) ) ;
#4637 = ORIENTED_EDGE ( 'NONE', *, *, #5751, .T. ) ;
#4638 = ADVANCED_FACE ( 'NONE', ( #8670 ), #8789, .F. ) ;
#4639 = DIRECTION ( 'NONE',  ( 0.000000000000000000, -0.9967969531173912490, -0.07997395986122911304 ) ) ;
#4640 = EDGE_CURVE ( 'NONE', #6804, #6435, #454, .T. ) ;
#4641 = FACE_OUTER_BOUND ( 'NONE', #6053, .T. ) ;
#4642 = LINE ( 'NONE', #11801, #11619 ) ;
#4643 = FACE_OUTER_BOUND ( 'NONE', #11158, .T. ) ;
#4644 = CARTESIAN_POINT ( 'NONE',  ( 3.019999999999999574, -0.1918287497687165000, 2.577280903468829099 ) ) ;
#4645 = CARTESIAN_POINT ( 'NONE',  ( 4.289999999999999147, -0.4614044268235938384, -2.769455482029957061 ) ) ;
#4646 = ORIENTED_EDGE ( 'NONE', *, *, #6131, .F. ) ;
#4647 = LINE ( 'NONE', #1127, #2246 ) ;
#4648 = VERTEX_POINT ( 'NONE', #10695 ) ;
#4649 = ORIENTED_EDGE ( 'NONE', *, *, #2766, .F. ) ;
#4650 = EDGE_CURVE ( 'NONE', #5158, #2858, #2508, .T. ) ;
#4651 = EDGE_CURVE ( 'NONE', #2195, #1243, #11572, .T. ) ;
#4652 = ADVANCED_FACE ( 'NONE', ( #8161 ), #6150, .T. ) ;
#4653 = DIRECTION ( 'NONE',  ( 0.000000000000000000, 0.000000000000000000, -1.000000000000000000 ) ) ;
#4654 = CARTESIAN_POINT ( 'NONE',  ( 3.019999999999999574, -0.4750000000000020872, 2.599999999999999645 ) ) ;
#4655 = VERTEX_POINT ( 'NONE', #4349 ) ;
#4656 = VERTEX_POINT ( 'NONE', #5369 ) ;
#4657 = EDGE_CURVE ( 'NONE', #4833, #9364, #49, .T. ) ;
#4658 = CARTESIAN_POINT ( 'NONE',  ( -2.995000000000000107, -0.1970818674976518858, -2.577702366059666961 ) ) ;
#4659 = CARTESIAN_POINT ( 'NONE',  ( 4.254999999999999005, -0.1834862943212428044, 2.747157848089624821 ) ) ;
#4660 = CARTESIAN_POINT ( 'NONE',  ( 3.354999999999999538, -0.1970818674976526075, -2.577702366059666961 ) ) ;
#4661 = ADVANCED_FACE ( 'NONE', ( #6316 ), #7204, .F. ) ;
#4662 = ORIENTED_EDGE ( 'NONE', *, *, #5969, .F. ) ;
#4663 = DIRECTION ( 'NONE',  ( 0.000000000000000000, -0.07997395986122909917, -0.9967969531173911379 ) ) ;
#4664 = DIRECTION ( 'NONE',  ( 0.000000000000000000, -0.9967969531173911379, 0.07997395986122909917 ) ) ;
#4665 = ORIENTED_EDGE ( 'NONE', *, *, #1306, .T. ) ;
#4666 = FACE_OUTER_BOUND ( 'NONE', #9053, .T. ) ;
#4667 = ADVANCED_FACE ( 'NONE', ( #2557 ), #9119, .F. ) ;
#4668 = ORIENTED_EDGE ( 'NONE', *, *, #3145, .T. ) ;
#4669 = DIRECTION ( 'NONE',  ( -0.000000000000000000, -0.9925461516413219831, 0.1218693434051477537 ) ) ;
#4670 = EDGE_CURVE ( 'NONE', #5045, #5336, #1651, .T. ) ;
#4671 = CARTESIAN_POINT ( 'NONE',  ( -4.950000000000000178, 0.000000000000000000, -1.949999999999999956 ) ) ;
#4672 = LINE ( 'NONE', #10678, #6938 ) ;
#4673 = CARTESIAN_POINT ( 'NONE',  ( 0.4449999999999992295, -0.1970818674976784202, 2.577702366059669181 ) ) ;
#4674 = DIRECTION ( 'NONE',  ( -0.000000000000000000, -0.9925461516413219831, 0.1218693434051477537 ) ) ;
#4675 = DIRECTION ( 'NONE',  ( 0.000000000000000000, -0.9967969531173912490, -0.07997395986122922407 ) ) ;
#4676 = EDGE_CURVE ( 'NONE', #10824, #3318, #7318, .T. ) ;
#4677 = CARTESIAN_POINT ( 'NONE',  ( -3.355000000000000426, -0.2321338255108014725, -2.140814096316195236 ) ) ;
#4678 = CARTESIAN_POINT ( 'NONE',  ( -4.950000000000000178, -0.08500000000000000611, -1.939563312323252964 ) ) ;
#4679 = ORIENTED_EDGE ( 'NONE', *, *, #1371, .F. ) ;
#4680 = VERTEX_POINT ( 'NONE', #41 ) ;
#4681 = ORIENTED_EDGE ( 'NONE', *, *, #9407, .T. ) ;
#4682 = ORIENTED_EDGE ( 'NONE', *, *, #9948, .T. ) ;
#4683 = EDGE_CURVE ( 'NONE', #9262, #5092, #9066, .T. ) ;
#4684 = LINE ( 'NONE', #1104, #11606 ) ;
#4685 = DIRECTION ( 'NONE',  ( 0.000000000000000000, -0.9967969531173912490, 0.07997395986122736444 ) ) ;
#4686 = ADVANCED_FACE ( 'NONE', ( #4466 ), #9796, .T. ) ;
#4687 = DIRECTION ( 'NONE',  ( 0.000000000000000000, 0.000000000000000000, -1.000000000000000000 ) ) ;
#4688 = CARTESIAN_POINT ( 'NONE',  ( 4.254999999999999005, -0.1970818674976518858, 2.577702366059666961 ) ) ;
#4689 = VERTEX_POINT ( 'NONE', #8891 ) ;
#4690 = ORIENTED_EDGE ( 'NONE', *, *, #6138, .F. ) ;
#4691 = VERTEX_POINT ( 'NONE', #1604 ) ;
#4692 =( GEOMETRIC_REPRESENTATION_CONTEXT ( 3 ) GLOBAL_UNCERTAINTY_ASSIGNED_CONTEXT ( ( #8760 ) ) GLOBAL_UNIT_ASSIGNED_CONTEXT ( ( #11315, #4734, #11127 ) ) REPRESENTATION_CONTEXT ( 'NONE', 'WORKASPACE' ) );
#4693 = EDGE_LOOP ( 'NONE', ( #3725, #5419, #7001, #164 ) ) ;
#4694 = CARTESIAN_POINT ( 'NONE',  ( -2.060000000000000497, 0.2042282574763048253, -2.545504876163455776 ) ) ;
#4695 = DIRECTION ( 'NONE',  ( 0.000000000000000000, 1.000000000000000000, 0.000000000000000000 ) ) ;
#4696 = CARTESIAN_POINT ( 'NONE',  ( -2.060000000000000497, -0.5549999999999849498, 2.795743509104209498E-15 ) ) ;
#4697 = DIRECTION ( 'NONE',  ( -1.000000000000000000, 0.000000000000000000, -0.000000000000000000 ) ) ;
#4698 = LINE ( 'NONE', #2607, #9717 ) ;
#4699 = LINE ( 'NONE', #4645, #10037 ) ;
#4700 = FACE_OUTER_BOUND ( 'NONE', #564, .T. ) ;
#4701 = ORIENTED_EDGE ( 'NONE', *, *, #9476, .T. ) ;
#4702 = VECTOR ( 'NONE', #6059, 999.9999999999998863 ) ;
#4703 = ADVANCED_FACE ( 'NONE', ( #5248 ), #4584, .F. ) ;
#4704 = LINE ( 'NONE', #10084, #5873 ) ;
#4705 = ORIENTED_EDGE ( 'NONE', *, *, #8016, .T. ) ;
#4706 = VERTEX_POINT ( 'NONE', #1778 ) ;
#4707 = DIRECTION ( 'NONE',  ( 1.000000000000000000, 0.000000000000000000, 0.000000000000000000 ) ) ;
#4708 = CARTESIAN_POINT ( 'NONE',  ( -2.060000000000000497, 0.2178238306527182089, 2.714960358193412304 ) ) ;
#4709 = ORIENTED_EDGE ( 'NONE', *, *, #513, .F. ) ;
#4710 = VERTEX_POINT ( 'NONE', #5423 ) ;
#4711 = DIRECTION ( 'NONE',  ( -1.000000000000000000, -0.000000000000000000, -0.000000000000000000 ) ) ;
#4712 = CARTESIAN_POINT ( 'NONE',  ( 3.354999999999999538, -0.1834862943212428044, -2.747157848089624821 ) ) ;
#4713 = DIRECTION ( 'NONE',  ( 0.000000000000000000, 0.07997395986122911304, -0.9967969531173912490 ) ) ;
#4714 = CARTESIAN_POINT ( 'NONE',  ( -2.095000000000001528, -0.4826582704211265784, 2.144290185689396555 ) ) ;
#4715 = DIRECTION ( 'NONE',  ( 1.000000000000000000, -0.000000000000000000, 0.000000000000000000 ) ) ;
#4716 = VECTOR ( 'NONE', #2085, 1000.000000000000114 ) ;
#4717 = VECTOR ( 'NONE', #11430, 1000.000000000000000 ) ;
#4718 = ADVANCED_FACE ( 'NONE', ( #874 ), #4518, .T. ) ;
#4719 = DIRECTION ( 'NONE',  ( -1.000000000000000000, -0.000000000000000000, -0.000000000000000000 ) ) ;
#4720 = CARTESIAN_POINT ( 'NONE',  ( 3.354999999999999538, -0.2321338255108014725, -2.140814096316195236 ) ) ;
#4721 = ORIENTED_EDGE ( 'NONE', *, *, #1080, .F. ) ;
#4722 = DIRECTION ( 'NONE',  ( 1.000000000000000000, 0.000000000000000000, 0.000000000000000000 ) ) ;
#4723 = CARTESIAN_POINT ( 'NONE',  ( -0.4800000000000003708, 0.000000000000000000, 1.949999999999999956 ) ) ;
#4724 = ORIENTED_EDGE ( 'NONE', *, *, #9639, .T. ) ;
#4725 = PLANE ( 'NONE',  #6893 ) ;
#4726 = ADVANCED_FACE ( 'NONE', ( #2777 ), #93, .T. ) ;
#4727 = DIRECTION ( 'NONE',  ( -1.000000000000000000, 0.000000000000000000, -0.000000000000000000 ) ) ;
#4728 = AXIS2_PLACEMENT_3D ( 'NONE', #4634, #8274, #88 ) ;
#4729 = CARTESIAN_POINT ( 'NONE',  ( -2.060000000000000497, -0.08500000000000000611, 2.461537905304634677 ) ) ;
#4730 = FACE_OUTER_BOUND ( 'NONE', #11697, .T. ) ;
#4731 = EDGE_CURVE ( 'NONE', #508, #1168, #9238, .T. ) ;
#4732 = VECTOR ( 'NONE', #1279, 999.9999999999998863 ) ;
#4733 = VECTOR ( 'NONE', #2324, 1000.000000000000000 ) ;
#4734 =( NAMED_UNIT ( * ) PLANE_ANGLE_UNIT ( ) SI_UNIT ( $, .RADIAN. ) );
#4735 = LINE ( 'NONE', #9469, #6703 ) ;
#4736 = ORIENTED_EDGE ( 'NONE', *, *, #2544, .T. ) ;
#4737 = EDGE_CURVE ( 'NONE', #3714, #7918, #3993, .T. ) ;
#4738 = DIRECTION ( 'NONE',  ( 1.000000000000000000, -0.000000000000000000, -0.000000000000000000 ) ) ;
#4739 = VECTOR ( 'NONE', #4840, 1000.000000000000000 ) ;
#4740 = DIRECTION ( 'NONE',  ( 0.000000000000000000, 0.000000000000000000, -1.000000000000000000 ) ) ;
#4741 = ORIENTED_EDGE ( 'NONE', *, *, #10234, .T. ) ;
#4742 = VECTOR ( 'NONE', #4104, 1000.000000000000000 ) ;
#4743 = VERTEX_POINT ( 'NONE', #8472 ) ;
#4744 = DIRECTION ( 'NONE',  ( 0.000000000000000000, -0.9967969531173912490, -0.07997395986122736444 ) ) ;
#4745 = EDGE_LOOP ( 'NONE', ( #11755, #1564, #8518, #11553 ) ) ;
#4746 = ORIENTED_EDGE ( 'NONE', *, *, #5942, .T. ) ;
#4747 = ORIENTED_EDGE ( 'NONE', *, *, #5520, .T. ) ;
#4748 = LINE ( 'NONE', #3553, #10692 ) ;
#4749 = AXIS2_PLACEMENT_3D ( 'NONE', #114, #306, #1146 ) ;
#4750 = VECTOR ( 'NONE', #187, 1000.000000000000114 ) ;
#4751 = FACE_OUTER_BOUND ( 'NONE', #7172, .T. ) ;
#4752 = FACE_OUTER_BOUND ( 'NONE', #11348, .T. ) ;
#4753 = CIRCLE ( 'NONE', #2640, 0.2500000000000004441 ) ;
#4754 = AXIS2_PLACEMENT_3D ( 'NONE', #414, #7696, #6554 ) ;
#4755 = DIRECTION ( 'NONE',  ( -1.000000000000000000, 0.000000000000000000, -0.000000000000000000 ) ) ;
#4757 = EDGE_CURVE ( 'NONE', #2208, #2554, #4767, .T. ) ;
#4756 = VECTOR ( 'NONE', #10193, 1000.000000000000114 ) ;
#4758 = VECTOR ( 'NONE', #6808, 1000.000000000000000 ) ;
#4759 = CARTESIAN_POINT ( 'NONE',  ( 0.4799999999999999267, -0.1918287497687165000, -2.577280903468829099 ) ) ;
#4760 = EDGE_CURVE ( 'NONE', #8349, #7130, #821, .T. ) ;
#4761 = CARTESIAN_POINT ( 'NONE',  ( -4.600000000000000533, 0.000000000000000000, -1.949999999999999956 ) ) ;
#4762 = EDGE_CURVE ( 'NONE', #2207, #1440, #6677, .T. ) ;
#4763 = ORIENTED_EDGE ( 'NONE', *, *, #4683, .T. ) ;
#4764 = ORIENTED_EDGE ( 'NONE', *, *, #4731, .F. ) ;
#4765 = EDGE_LOOP ( 'NONE', ( #1258, #11259, #6507, #8811 ) ) ;
#4766 = CARTESIAN_POINT ( 'NONE',  ( 4.599999999999999645, -0.4013101249739610132, 0.03219748989621228769 ) ) ;
#4767 = LINE ( 'NONE', #1051, #9628 ) ;
#4768 = VECTOR ( 'NONE', #8566, 1000.000000000000000 ) ;
#4769 = LINE ( 'NONE', #9239, #5713 ) ;
#4770 = VECTOR ( 'NONE', #5297, 1000.000000000000000 ) ;
#4771 = VECTOR ( 'NONE', #9586, 1000.000000000000000 ) ;
#4772 = DIRECTION ( 'NONE',  ( -0.000000000000000000, -0.9925461516413219831, 0.1218693434051477537 ) ) ;
#4773 = CARTESIAN_POINT ( 'NONE',  ( -4.635000000000000675, -0.1970818674977136975, 2.577702366059671846 ) ) ;
#4774 = EDGE_CURVE ( 'NONE', #8196, #6939, #8335, .T. ) ;
#4775 = CARTESIAN_POINT ( 'NONE',  ( -1.750000000000000666, 0.000000000000000000, 0.000000000000000000 ) ) ;
#4776 = PLANE ( 'NONE',  #7964 ) ;
#4777 = VERTEX_POINT ( 'NONE', #155 ) ;
#4778 = AXIS2_PLACEMENT_3D ( 'NONE', #4016, #5808, #9455 ) ;
#4779 = CARTESIAN_POINT ( 'NONE',  ( 1.749999999999999778, -0.1918287497687165000, 2.577280903468829099 ) ) ;
#4780 = VECTOR ( 'NONE', #4086, 1000.000000000000000 ) ;
#4781 = CIRCLE ( 'NONE', #11636, 0.2861149196957549767 ) ;
#4782 = ORIENTED_EDGE ( 'NONE', *, *, #9407, .F. ) ;
#4783 = ORIENTED_EDGE ( 'NONE', *, *, #6184, .F. ) ;
#4784 = CYLINDRICAL_SURFACE ( 'NONE', #5473, 0.2861149196957545326 ) ;
#4785 = DIRECTION ( 'NONE',  ( 0.000000000000000000, 0.000000000000000000, -1.000000000000000000 ) ) ;
#4786 = ORIENTED_EDGE ( 'NONE', *, *, #8967, .F. ) ;
#4787 = EDGE_LOOP ( 'NONE', ( #10068, #5296, #1829, #5222 ) ) ;
#4788 = PLANE ( 'NONE',  #4793 ) ;
#4789 =( NAMED_UNIT ( * ) PLANE_ANGLE_UNIT ( ) SI_UNIT ( $, .RADIAN. ) );
#4790 = FILL_AREA_STYLE ('',( #6571 ) ) ;
#4791 = LINE ( 'NONE', #2162, #10110 ) ;
#4792 = DIRECTION ( 'NONE',  ( 1.000000000000000000, -0.000000000000000000, 0.000000000000000000 ) ) ;
#4793 = AXIS2_PLACEMENT_3D ( 'NONE', #3112, #9452, #5672 ) ;
#4794 = PRESENTATION_LAYER_ASSIGNMENT (  '', '', ( #5356 ) ) ;
#4795 = ORIENTED_EDGE ( 'NONE', *, *, #4590, .T. ) ;
#4796 = CARTESIAN_POINT ( 'NONE',  ( -3.330000000000000071, -0.1918287497687165000, -2.577280903468829099 ) ) ;
#4797 = DIRECTION ( 'NONE',  ( 0.000000000000000000, 0.07997395986122909917, 0.9967969531173911379 ) ) ;
#4798 = ORIENTED_EDGE ( 'NONE', *, *, #11466, .F. ) ;
#4799 = CARTESIAN_POINT ( 'NONE',  ( -3.330000000000000071, 0.000000000000000000, 0.000000000000000000 ) ) ;
#4800 = CARTESIAN_POINT ( 'NONE',  ( 3.019999999999999574, -0.7249999999999999778, -3.000000000000000000 ) ) ;
#4801 = AXIS2_PLACEMENT_3D ( 'NONE', #4852, #8610, #2161 ) ;
#4802 = ORIENTED_EDGE ( 'NONE', *, *, #4900, .F. ) ;
#4803 = PLANE ( 'NONE',  #2492 ) ;
#4804 = EDGE_CURVE ( 'NONE', #1770, #5378, #2144, .T. ) ;
#4805 = LINE ( 'NONE', #8307, #4021 ) ;
#4806 = DIRECTION ( 'NONE',  ( -1.000000000000000000, 0.000000000000000000, -0.000000000000000000 ) ) ;
#4807 = PLANE ( 'NONE',  #7256 ) ;
#4808 = EDGE_CURVE ( 'NONE', #2564, #5595, #4836, .T. ) ;
#4809 = DIRECTION ( 'NONE',  ( 0.000000000000000000, -0.9967969531173912490, 0.07997395986122736444 ) ) ;
#4810 = ORIENTED_EDGE ( 'NONE', *, *, #1244, .T. ) ;
#4811 = EDGE_CURVE ( 'NONE', #10247, #5653, #5544, .T. ) ;
#4812 = PLANE ( 'NONE',  #5890 ) ;
#4813 = DIRECTION ( 'NONE',  ( 1.000000000000000000, 0.000000000000000000, 0.000000000000000000 ) ) ;
#4814 = ORIENTED_EDGE ( 'NONE', *, *, #224, .F. ) ;
#4815 = VERTEX_POINT ( 'NONE', #5791 ) ;
#4816 = PLANE ( 'NONE',  #4514 ) ;
#4817 = ORIENTED_EDGE ( 'NONE', *, *, #6568, .T. ) ;
#4818 = ORIENTED_EDGE ( 'NONE', *, *, #730, .T. ) ;
#4819 = EDGE_CURVE ( 'NONE', #2448, #9338, #5655, .T. ) ;
#4820 = ORIENTED_EDGE ( 'NONE', *, *, #3495, .T. ) ;
#4821 = CARTESIAN_POINT ( 'NONE',  ( 4.625000000000000000, -0.4813330637901492848, -2.160807586281502157 ) ) ;
#4822 = EDGE_CURVE ( 'NONE', #4888, #7120, #5725, .T. ) ;
#4823 = VECTOR ( 'NONE', #6108, 1000.000000000000000 ) ;
#4824 = FACE_OUTER_BOUND ( 'NONE', #5953, .T. ) ;
#4825 = EDGE_CURVE ( 'NONE', #66, #692, #999, .T. ) ;
#4826 = FACE_OUTER_BOUND ( 'NONE', #4122, .T. ) ;
#4827 = AXIS2_PLACEMENT_3D ( 'NONE', #4455, #6186, #4567 ) ;
#4828 = ADVANCED_FACE ( 'NONE', ( #4641 ), #226, .T. ) ;
#4829 = PLANE ( 'NONE',  #9721 ) ;
#4830 = PLANE ( 'NONE',  #1501 ) ;
#4831 = ORIENTED_EDGE ( 'NONE', *, *, #2172, .F. ) ;
#4832 = VERTEX_POINT ( 'NONE', #10261 ) ;
#4833 = VERTEX_POINT ( 'NONE', #7565 ) ;
#4834 = LINE ( 'NONE', #4694, #6137 ) ;
#4835 = VECTOR ( 'NONE', #10800, 1000.000000000000000 ) ;
#4836 = LINE ( 'NONE', #1891, #1207 ) ;
#4837 = ADVANCED_FACE ( 'NONE', ( #2074 ), #285, .T. ) ;
#4838 = DIRECTION ( 'NONE',  ( 1.000000000000000000, -0.000000000000000000, 0.000000000000000000 ) ) ;
#4839 = CARTESIAN_POINT ( 'NONE',  ( 3.019999999999999574, -0.1782331765923089728, -2.746736385498786515 ) ) ;
#4840 = DIRECTION ( 'NONE',  ( -1.000000000000000000, 0.000000000000000000, 0.000000000000000000 ) ) ;
#4841 = CARTESIAN_POINT ( 'NONE',  ( 4.625000000000000000, -0.4462811057769996981, -2.597695856024973882 ) ) ;
#4842 = CARTESIAN_POINT ( 'NONE',  ( -2.060000000000000497, -0.6505093632533088810, -0.05219097986151956942 ) ) ;
#4843 = ORIENTED_EDGE ( 'NONE', *, *, #11223, .F. ) ;
#4844 = AXIS2_PLACEMENT_3D ( 'NONE', #10514, #9629, #11511 ) ;
#4845 = EDGE_LOOP ( 'NONE', ( #4539, #1871, #10991, #6259 ) ) ;
#4846 = ORIENTED_EDGE ( 'NONE', *, *, #5040, .T. ) ;
#4847 = EDGE_LOOP ( 'NONE', ( #4285, #1226, #7129, #10456 ) ) ;
#4848 = DIRECTION ( 'NONE',  ( 0.000000000000000000, 5.037375692079792934E-15, 1.000000000000000000 ) ) ;
#4849 = DIRECTION ( 'NONE',  ( 1.000000000000000000, 0.000000000000000000, 0.000000000000000000 ) ) ;
#4850 = ORIENTED_EDGE ( 'NONE', *, *, #5990, .F. ) ;
#4851 = VERTEX_POINT ( 'NONE', #7750 ) ;
#4852 = CARTESIAN_POINT ( 'NONE',  ( -0.4800000000000003708, -0.2011149196957552621, 2.461537905304631568 ) ) ;
#4853 = ADVANCED_FACE ( 'NONE', ( #8713 ), #7871, .F. ) ;
#4854 = DIRECTION ( 'NONE',  ( 0.000000000000000000, 0.000000000000000000, -1.000000000000000000 ) ) ;
#4855 = DIRECTION ( 'NONE',  ( 1.000000000000000000, 0.000000000000000000, 0.000000000000000000 ) ) ;
#4856 = CARTESIAN_POINT ( 'NONE',  ( -4.600000000000000533, -0.2011149196957552621, 2.461537905304631568 ) ) ;
#4857 = CARTESIAN_POINT ( 'NONE',  ( -4.600000000000000533, -0.4614044268235938384, 2.769455482029957061 ) ) ;
#4858 = PLANE ( 'NONE',  #7246 ) ;
#4859 = ORIENTED_EDGE ( 'NONE', *, *, #2840, .F. ) ;
#4860 = DIRECTION ( 'NONE',  ( 0.000000000000000000, -0.9967969531173912490, -0.07997395986122736444 ) ) ;
#4861 =( LENGTH_UNIT ( ) NAMED_UNIT ( * ) SI_UNIT ( .MILLI., .METRE. ) );
#4862 = ORIENTED_EDGE ( 'NONE', *, *, #8879, .F. ) ;
#4863 = CARTESIAN_POINT ( 'NONE',  ( 4.599999999999999645, -0.4326855326005906166, 2.767151338054931742 ) ) ;
#4864 = CARTESIAN_POINT ( 'NONE',  ( -2.095000000000001528, -0.2334590321417788772, 2.124296695724089190 ) ) ;
#4865 = LINE ( 'NONE', #8373, #805 ) ;
#4866 = DIRECTION ( 'NONE',  ( 0.000000000000000000, 0.000000000000000000, -1.000000000000000000 ) ) ;
#4867 = CARTESIAN_POINT ( 'NONE',  ( -3.330000000000000071, -0.4462811057769996981, -2.597695856024973882 ) ) ;
#4868 = LINE ( 'NONE', #5580, #1660 ) ;
#4869 = ORIENTED_EDGE ( 'NONE', *, *, #1889, .F. ) ;
#4870 = CARTESIAN_POINT ( 'NONE',  ( 0.4799999999999995381, -0.08500000000000000611, 1.939563312323252964 ) ) ;
#4871 = CARTESIAN_POINT ( 'NONE',  ( -0.4800000000000003708, -0.1970818674976871909, 2.577702366059670069 ) ) ;
#4872 = ORIENTED_EDGE ( 'NONE', *, *, #2712, .T. ) ;
#4873 = ORIENTED_EDGE ( 'NONE', *, *, #5404, .F. ) ;
#4874 = FACE_OUTER_BOUND ( 'NONE', #8268, .T. ) ;
#4875 = EDGE_CURVE ( 'NONE', #4562, #8005, #6917, .T. ) ;
#4876 = ORIENTED_EDGE ( 'NONE', *, *, #9476, .F. ) ;
#4877 = VERTEX_POINT ( 'NONE', #643 ) ;
#4878 = LINE ( 'NONE', #398, #7436 ) ;
#4879 = LINE ( 'NONE', #1998, #8172 ) ;
#4880 = CARTESIAN_POINT ( 'NONE',  ( 4.289999999999999147, -0.1782331765923089728, -2.746736385498786515 ) ) ;
#4881 = EDGE_CURVE ( 'NONE', #4345, #1061, #526, .T. ) ;
#4882 = CARTESIAN_POINT ( 'NONE',  ( 3.329999999999999627, -0.4532685607873790379, 2.870861070673345061 ) ) ;
#4883 = DIRECTION ( 'NONE',  ( 1.000000000000000000, 0.000000000000000000, 0.000000000000000000 ) ) ;
#4884 = LINE ( 'NONE', #3090, #9117 ) ;
#4885 = EDGE_CURVE ( 'NONE', #2464, #9232, #10393, .T. ) ;
#4886 = EDGE_LOOP ( 'NONE', ( #6776, #11226, #10054, #10783 ) ) ;
#4887 = ORIENTED_EDGE ( 'NONE', *, *, #8528, .F. ) ;
#4888 = VERTEX_POINT ( 'NONE', #7814 ) ;
#4889 = LINE ( 'NONE', #3026, #9878 ) ;
#4890 = EDGE_CURVE ( 'NONE', #5444, #10714, #1484, .T. ) ;
#4891 = CARTESIAN_POINT ( 'NONE',  ( 0.4449999999999992295, -0.2334590321417611969, 2.124296695724087858 ) ) ;
#4892 = CARTESIAN_POINT ( 'NONE',  ( -4.873259649435684793, -0.6250000000000000000, 1.949999999999999956 ) ) ;
#4893 = LINE ( 'NONE', #2963, #11114 ) ;
#4894 = CARTESIAN_POINT ( 'NONE',  ( 1.749999999999999778, -0.1782331765923089728, 2.746736385498786515 ) ) ;
#4895 = EDGE_CURVE ( 'NONE', #4888, #9087, #10745, .T. ) ;
#4896 = FACE_OUTER_BOUND ( 'NONE', #6548, .T. ) ;
#4897 = DIRECTION ( 'NONE',  ( 1.000000000000000000, 0.000000000000000000, -0.000000000000000000 ) ) ;
#4898 = VECTOR ( 'NONE', #7570, 1000.000000000000000 ) ;
#4899 = ORIENTED_EDGE ( 'NONE', *, *, #9438, .T. ) ;
#4900 = EDGE_CURVE ( 'NONE', #7272, #3465, #5125, .T. ) ;
#4901 = ORIENTED_EDGE ( 'NONE', *, *, #5592, .F. ) ;
#4902 = VERTEX_POINT ( 'NONE', #6968 ) ;
#4903 = ORIENTED_EDGE ( 'NONE', *, *, #2694, .F. ) ;
#4904 = CARTESIAN_POINT ( 'NONE',  ( 1.749999999999999778, -0.4614044268235938384, -2.769455482029957061 ) ) ;
#4905 = FACE_OUTER_BOUND ( 'NONE', #5650, .T. ) ;
#4906 = ORIENTED_EDGE ( 'NONE', *, *, #11538, .T. ) ;
#4907 = ORIENTED_EDGE ( 'NONE', *, *, #3839, .F. ) ;
#4908 = LINE ( 'NONE', #10215, #2676 ) ;
#4909 = CARTESIAN_POINT ( 'NONE',  ( 3.329999999999999627, -0.7249999999999999778, 3.000000000000000000 ) ) ;
#4910 = VECTOR ( 'NONE', #1707, 1000.000000000000000 ) ;
#4911 = FACE_OUTER_BOUND ( 'NONE', #9251, .T. ) ;
#4912 = CARTESIAN_POINT ( 'NONE',  ( 4.599999999999999645, -0.7250000000000049738, 1.217365792252620583E-15 ) ) ;
#4913 = EDGE_CURVE ( 'NONE', #3461, #2858, #1374, .T. ) ;
#4914 = CIRCLE ( 'NONE', #1647, 0.2717314392126214395 ) ;
#4915 = ORIENTED_EDGE ( 'NONE', *, *, #797, .F. ) ;
#4916 = EDGE_CURVE ( 'NONE', #8036, #1789, #8657, .T. ) ;
#4917 = LINE ( 'NONE', #372, #7020 ) ;
#4918 = DIRECTION ( 'NONE',  ( 0.000000000000000000, 0.07997395986122911304, -0.9967969531173912490 ) ) ;
#4919 = ORIENTED_EDGE ( 'NONE', *, *, #10599, .T. ) ;
#4920 = CARTESIAN_POINT ( 'NONE',  ( -1.750000000000000666, -0.4013101249739610688, -0.03219748989621229462 ) ) ;
#4921 = LINE ( 'NONE', #3838, #4780 ) ;
#4922 = VECTOR ( 'NONE', #5311, 1000.000000000000000 ) ;
#4923 = CARTESIAN_POINT ( 'NONE',  ( 4.289999999999999147, -0.5549999999999849498, -2.795743509104209498E-15 ) ) ;
#4924 = CARTESIAN_POINT ( 'NONE',  ( 3.329999999999998739, 0.000000000000000000, -1.949999999999999956 ) ) ;
#4925 = DIRECTION ( 'NONE',  ( 1.000000000000000000, 0.000000000000000000, 0.000000000000000000 ) ) ;
#4926 = CARTESIAN_POINT ( 'NONE',  ( -1.750000000000000666, -0.7249999999999999778, -3.000000000000000000 ) ) ;
#4927 = EDGE_LOOP ( 'NONE', ( #3685, #9009, #8100, #2307 ) ) ;
#4928 = FACE_OUTER_BOUND ( 'NONE', #5857, .T. ) ;
#4929 = CARTESIAN_POINT ( 'NONE',  ( -3.330000000000000071, -0.7250000000000001998, 2.870861070673344617 ) ) ;
#4930 = ORIENTED_EDGE ( 'NONE', *, *, #637, .T. ) ;
#4931 = ORIENTED_EDGE ( 'NONE', *, *, #9198, .T. ) ;
#4932 = CARTESIAN_POINT ( 'NONE',  ( 2.084999999999999520, -0.4813330637901492848, -2.160807586281502157 ) ) ;
#4933 = ORIENTED_EDGE ( 'NONE', *, *, #11268, .F. ) ;
#4934 = ORIENTED_EDGE ( 'NONE', *, *, #8920, .T. ) ;
#4935 = CARTESIAN_POINT ( 'NONE',  ( 4.289999999999999147, -0.2011149196957552621, -2.461537905304631568 ) ) ;
#4936 = CARTESIAN_POINT ( 'NONE',  ( -1.725000000000000755, -0.2321338255108014725, -2.140814096316195236 ) ) ;
#4937 = CARTESIAN_POINT ( 'NONE',  ( 3.019999999999999574, -0.4462811057770084133, 2.597695856024974770 ) ) ;
#4938 = VECTOR ( 'NONE', #7963, 1000.000000000000000 ) ;
#4939 = EDGE_CURVE ( 'NONE', #972, #11749, #2428, .T. ) ;
#4940 = VECTOR ( 'NONE', #10848, 1000.000000000000000 ) ;
#4941 = DIRECTION ( 'NONE',  ( 1.000000000000000000, 0.000000000000000000, 0.000000000000000000 ) ) ;
#4942 = CYLINDRICAL_SURFACE ( 'NONE', #6091, 0.1017314392126205669 ) ;
#4943 = DIRECTION ( 'NONE',  ( 0.000000000000000000, 1.679125230693258263E-15, 1.000000000000000000 ) ) ;
#4944 = AXIS2_PLACEMENT_3D ( 'NONE', #970, #10166, #2033 ) ;
#4945 = AXIS2_PLACEMENT_3D ( 'NONE', #10784, #8875, #9949 ) ;
#4946 = ORIENTED_EDGE ( 'NONE', *, *, #4573, .F. ) ;
#4947 = ORIENTED_EDGE ( 'NONE', *, *, #4757, .T. ) ;
#4948 = ORIENTED_EDGE ( 'NONE', *, *, #1771, .F. ) ;
#4949 = ORIENTED_EDGE ( 'NONE', *, *, #5815, .T. ) ;
#4950 = AXIS2_PLACEMENT_3D ( 'NONE', #10255, #11333, #9373 ) ;
#4951 = DIRECTION ( 'NONE',  ( 0.000000000000000000, -0.9967969531173912490, -0.07997395986122909917 ) ) ;
#4952 = CARTESIAN_POINT ( 'NONE',  ( -4.290000000000000036, -0.4462811057769997536, -2.597695856024973882 ) ) ;
#4953 = CARTESIAN_POINT ( 'NONE',  ( 0.7899999999999999245, 0.2178238306527182089, 2.714960358193412304 ) ) ;
#4954 = EDGE_CURVE ( 'NONE', #3689, #5976, #590, .T. ) ;
#4955 = VECTOR ( 'NONE', #7923, 1000.000000000000114 ) ;
#4956 = CIRCLE ( 'NONE', #159, 0.2861149196957549767 ) ;
#4957 = CARTESIAN_POINT ( 'NONE',  ( -2.060000000000000497, -0.2011149196957552621, -2.461537905304631568 ) ) ;
#4958 = DIRECTION ( 'NONE',  ( 0.000000000000000000, 0.9967969531173911379, -0.07997395986122909917 ) ) ;
#4959 = DIRECTION ( 'NONE',  ( -1.000000000000000000, -0.000000000000000000, -0.000000000000000000 ) ) ;
#4960 = ORIENTED_EDGE ( 'NONE', *, *, #8470, .F. ) ;
#4961 = VECTOR ( 'NONE', #3506, 1000.000000000000000 ) ;
#4962 = EDGE_CURVE ( 'NONE', #867, #9622, #256, .T. ) ;
#4963 = ORIENTED_EDGE ( 'NONE', *, *, #8622, .F. ) ;
#4964 = VERTEX_POINT ( 'NONE', #2325 ) ;
#4965 = VERTEX_POINT ( 'NONE', #1433 ) ;
#4966 = CARTESIAN_POINT ( 'NONE',  ( -0.7900000000000003686, -0.2011149196957552621, 2.461537905304631568 ) ) ;
#4967 = CARTESIAN_POINT ( 'NONE',  ( -3.330000000000000071, 0.2042282574763048253, -2.545504876163455776 ) ) ;
#4968 = ORIENTED_EDGE ( 'NONE', *, *, #2497, .T. ) ;
#4969 = ORIENTED_EDGE ( 'NONE', *, *, #2985, .F. ) ;
#4970 = VECTOR ( 'NONE', #1935, 1000.000000000000000 ) ;
#4971 = VECTOR ( 'NONE', #3108, 1000.000000000000000 ) ;
#4972 = CIRCLE ( 'NONE', #8003, 0.2717314392126209954 ) ;
#4973 = CARTESIAN_POINT ( 'NONE',  ( -2.060000000000000497, -0.08500000000000000611, 2.461537905304634677 ) ) ;
#4974 = CARTESIAN_POINT ( 'NONE',  ( 0.7899999999999999245, 0.08500000000000001998, -1.939563312323252964 ) ) ;
#4975 = EDGE_CURVE ( 'NONE', #9103, #2538, #5074, .T. ) ;
#4976 = LINE ( 'NONE', #2216, #10285 ) ;
#4977 = LINE ( 'NONE', #10218, #6678 ) ;
#4978 = LINE ( 'NONE', #10467, #10305 ) ;
#4979 = EDGE_CURVE ( 'NONE', #5597, #4485, #4403, .T. ) ;
#4980 = AXIS2_PLACEMENT_3D ( 'NONE', #2221, #3897, #8492 ) ;
#4981 = AXIS2_PLACEMENT_3D ( 'NONE', #2578, #9769, #5337 ) ;
#4982 = VECTOR ( 'NONE', #7946, 1000.000000000000114 ) ;
#4983 = VERTEX_POINT ( 'NONE', #11678 ) ;
#4984 = EDGE_CURVE ( 'NONE', #2142, #5940, #687, .T. ) ;
#4985 = CARTESIAN_POINT ( 'NONE',  ( -0.4550000000000005151, -0.1970818674976518858, -2.577702366059666961 ) ) ;
#4986 = FACE_OUTER_BOUND ( 'NONE', #9540, .T. ) ;
#4987 = ORIENTED_EDGE ( 'NONE', *, *, #2471, .F. ) ;
#4988 = PLANE ( 'NONE',  #1882 ) ;
#4989 = EDGE_CURVE ( 'NONE', #2056, #9179, #4672, .T. ) ;
#4990 = PLANE ( 'NONE',  #7641 ) ;
#4991 = DIRECTION ( 'NONE',  ( -1.000000000000000000, 0.000000000000000000, 0.000000000000000000 ) ) ;
#4992 = AXIS2_PLACEMENT_3D ( 'NONE', #5160, #4138, #1569 ) ;
#4993 = VECTOR ( 'NONE', #2952, 1000.000000000000000 ) ;
#4994 = PLANE ( 'NONE',  #2340 ) ;
#4995 = CARTESIAN_POINT ( 'NONE',  ( -2.060000000000000497, 0.2178238306527182089, 2.714960358193412304 ) ) ;
#4996 = EDGE_CURVE ( 'NONE', #4183, #9434, #11728, .T. ) ;
#4997 = CARTESIAN_POINT ( 'NONE',  ( 4.264999999999999680, -0.4813330637901492848, -2.160807586281502157 ) ) ;
#4998 = CARTESIAN_POINT ( 'NONE',  ( 1.749999999999999778, -0.1782331765923089728, -2.746736385498786515 ) ) ;
#4999 = ORIENTED_EDGE ( 'NONE', *, *, #1021, .T. ) ;
#5000 = VECTOR ( 'NONE', #3341, 999.9999999999998863 ) ;
#5001 = CARTESIAN_POINT ( 'NONE',  ( -0.8150000000000006128, -0.2321338255108014725, -2.140814096316195236 ) ) ;
#5002 = CARTESIAN_POINT ( 'NONE',  ( -1.750000000000000666, 0.000000000000000000, -1.949999999999999956 ) ) ;
#5003 = ORIENTED_EDGE ( 'NONE', *, *, #8756, .F. ) ;
#5004 = VERTEX_POINT ( 'NONE', #11620 ) ;
#5005 = FACE_OUTER_BOUND ( 'NONE', #11779, .T. ) ;
#5006 = VERTEX_POINT ( 'NONE', #3381 ) ;
#5007 = ORIENTED_EDGE ( 'NONE', *, *, #11302, .F. ) ;
#5008 = CARTESIAN_POINT ( 'NONE',  ( -0.7900000000000003686, -0.7250000000000001998, 2.870861070673344617 ) ) ;
#5009 = CARTESIAN_POINT ( 'NONE',  ( -3.330000000000000071, -0.7249999999999999778, 3.000000000000000000 ) ) ;
#5010 = CARTESIAN_POINT ( 'NONE',  ( -0.8250000000000010658, -0.2334590321417700232, 2.124296695724088302 ) ) ;
#5011 = EDGE_CURVE ( 'NONE', #10440, #489, #1029, .T. ) ;
#5012 = CARTESIAN_POINT ( 'NONE',  ( 3.019999999999999574, 0.08500000000000000611, 0.000000000000000000 ) ) ;
#5013 = CARTESIAN_POINT ( 'NONE',  ( -3.330000000000000071, -0.1834862943212958453, 2.747157848089628374 ) ) ;
#5014 = DIRECTION ( 'NONE',  ( -0.000000000000000000, 0.9925461516413219831, 0.1218693434051477537 ) ) ;
#5015 = ORIENTED_EDGE ( 'NONE', *, *, #4989, .F. ) ;
#5016 = VERTEX_POINT ( 'NONE', #9271 ) ;
#5017 = ORIENTED_EDGE ( 'NONE', *, *, #11025, .T. ) ;
#5018 = EDGE_LOOP ( 'NONE', ( #10124, #4681, #11765, #6311, #139, #3160, #11052, #2563 ) ) ;
#5019 = DIRECTION ( 'NONE',  ( 0.000000000000000000, 0.000000000000000000, -1.000000000000000000 ) ) ;
#5020 = CARTESIAN_POINT ( 'NONE',  ( 2.994999999999999218, -0.1834862943212428044, -2.747157848089624821 ) ) ;
#5021 = DIRECTION ( 'NONE',  ( 0.000000000000000000, 0.000000000000000000, -1.000000000000000000 ) ) ;
#5022 = CARTESIAN_POINT ( 'NONE',  ( -4.600000000000000533, -0.1970818674977138085, 2.577702366059671846 ) ) ;
#5023 = AXIS2_PLACEMENT_3D ( 'NONE', #6642, #9527, #6825 ) ;
#5024 = DIRECTION ( 'NONE',  ( 0.000000000000000000, 0.07997395986122909917, 0.9967969531173911379 ) ) ;
#5025 = CARTESIAN_POINT ( 'NONE',  ( 4.599999999999999645, -0.5549999999999993827, 2.870861070673345061 ) ) ;
#5026 = ORIENTED_EDGE ( 'NONE', *, *, #4235, .T. ) ;
#5027 = ORIENTED_EDGE ( 'NONE', *, *, #3354, .T. ) ;
#5028 = ORIENTED_EDGE ( 'NONE', *, *, #1236, .T. ) ;
#5029 = DIRECTION ( 'NONE',  ( 1.000000000000000000, -0.000000000000000000, 0.000000000000000000 ) ) ;
#5030 = CARTESIAN_POINT ( 'NONE',  ( -0.7900000000000003686, -0.2011149196957552621, 2.461537905304631568 ) ) ;
#5031 = VECTOR ( 'NONE', #2391, 1000.000000000000000 ) ;
#5032 = ORIENTED_EDGE ( 'NONE', *, *, #3773, .F. ) ;
#5033 = EDGE_CURVE ( 'NONE', #9659, #6794, #7016, .T. ) ;
#5034 = LINE ( 'NONE', #4191, #8216 ) ;
#5035 = DIRECTION ( 'NONE',  ( 0.000000000000000000, -0.9967969531173912490, 0.07997395986122736444 ) ) ;
#5036 = CARTESIAN_POINT ( 'NONE',  ( -2.060000000000000497, -0.1782331765923089728, -2.746736385498786515 ) ) ;
#5037 = PLANE ( 'NONE',  #948 ) ;
#5038 = LINE ( 'NONE', #1326, #3806 ) ;
#5039 = VECTOR ( 'NONE', #10199, 999.9999999999998863 ) ;
#5040 = EDGE_CURVE ( 'NONE', #1677, #1441, #7133, .T. ) ;
#5041 = EDGE_LOOP ( 'NONE', ( #9611, #6779, #2197, #616, #11334, #9862, #7107, #4763, #3207, #9333, #3161, #9089 ) ) ;
#5042 = DIRECTION ( 'NONE',  ( 0.000000000000000000, -0.9967969531173912490, -0.07997395986122736444 ) ) ;
#5043 = DIRECTION ( 'NONE',  ( 0.000000000000000000, -0.9967969531173912490, -0.07997395986122909917 ) ) ;
#5044 = EDGE_LOOP ( 'NONE', ( #10429, #9447, #9946, #780, #4901, #572, #1979, #5240 ) ) ;
#5045 = VERTEX_POINT ( 'NONE', #10114 ) ;
#5046 = CARTESIAN_POINT ( 'NONE',  ( -2.060000000000000497, -0.5549999999999993827, -2.870861070673345061 ) ) ;
#5047 = EDGE_CURVE ( 'NONE', #7291, #10833, #7411, .T. ) ;
#5048 = VERTEX_POINT ( 'NONE', #2879 ) ;
#5049 = LINE ( 'NONE', #1614, #9162 ) ;
#5050 = CYLINDRICAL_SURFACE ( 'NONE', #1752, 0.1161149196957549368 ) ;
#5051 = CARTESIAN_POINT ( 'NONE',  ( 1.749999999999999778, -0.1782331765923089728, 2.746736385498786515 ) ) ;
#5052 = ADVANCED_FACE ( 'NONE', ( #5232 ), #3544, .T. ) ;
#5053 = DIRECTION ( 'NONE',  ( -0.1218693434051477398, 0.9925461516413219831, 0.000000000000000000 ) ) ;
#5054 = FACE_OUTER_BOUND ( 'NONE', #11780, .T. ) ;
#5055 = EDGE_LOOP ( 'NONE', ( #10089, #3986, #9944, #5556, #9060, #7221, #4073, #4237 ) ) ;
#5056 = CARTESIAN_POINT ( 'NONE',  ( 4.289999999999999147, -0.5549999999999849498, 2.795743509104209498E-15 ) ) ;
#5057 = PLANE ( 'NONE',  #5152 ) ;
#5058 = ORIENTED_EDGE ( 'NONE', *, *, #10610, .T. ) ;
#5059 = ORIENTED_EDGE ( 'NONE', *, *, #10589, .T. ) ;
#5060 = CARTESIAN_POINT ( 'NONE',  ( -2.995000000000000107, -0.4462811057769997536, -2.597695856024973882 ) ) ;
#5061 = EDGE_CURVE ( 'NONE', #1125, #11326, #749, .T. ) ;
#5062 = ORIENTED_EDGE ( 'NONE', *, *, #6791, .F. ) ;
#5063 = ORIENTED_EDGE ( 'NONE', *, *, #9639, .F. ) ;
#5064 = LINE ( 'NONE', #4821, #4392 ) ;
#5065 = LINE ( 'NONE', #5888, #11033 ) ;
#5066 = LINE ( 'NONE', #1238, #371 ) ;
#5067 = DIRECTION ( 'NONE',  ( 0.000000000000000000, -0.07997395986122909917, -0.9967969531173911379 ) ) ;
#5068 = ADVANCED_FACE ( 'NONE', ( #6525 ), #5288, .F. ) ;
#5069 = ORIENTED_EDGE ( 'NONE', *, *, #1877, .F. ) ;
#5070 = ORIENTED_EDGE ( 'NONE', *, *, #2546, .F. ) ;
#5071 = ORIENTED_EDGE ( 'NONE', *, *, #10177, .F. ) ;
#5072 = ORIENTED_EDGE ( 'NONE', *, *, #10913, .F. ) ;
#5073 = FACE_OUTER_BOUND ( 'NONE', #10962, .T. ) ;
#5074 = LINE ( 'NONE', #5630, #3317 ) ;
#5075 = PLANE ( 'NONE',  #4071 ) ;
#5076 = EDGE_CURVE ( 'NONE', #9693, #5437, #7189, .T. ) ;
#5077 = DIRECTION ( 'NONE',  ( 1.000000000000000000, 0.000000000000000000, 0.000000000000000000 ) ) ;
#5078 = CARTESIAN_POINT ( 'NONE',  ( -3.020000000000000018, -0.4462811057770527667, 2.597695856024977878 ) ) ;
#5079 = DIRECTION ( 'NONE',  ( 1.000000000000000000, 0.000000000000000000, 0.000000000000000000 ) ) ;
#5080 = ORIENTED_EDGE ( 'NONE', *, *, #6052, .F. ) ;
#5081 = ORIENTED_EDGE ( 'NONE', *, *, #8119, .F. ) ;
#5082 = ORIENTED_EDGE ( 'NONE', *, *, #1021, .F. ) ;
#5083 = LINE ( 'NONE', #4124, #1704 ) ;
#5084 = ORIENTED_EDGE ( 'NONE', *, *, #787, .F. ) ;
#5085 = LINE ( 'NONE', #5927, #3449 ) ;
#5086 = DIRECTION ( 'NONE',  ( 0.000000000000000000, 1.000000000000000000, -1.679125230693258263E-15 ) ) ;
#5087 = PLANE ( 'NONE',  #10677 ) ;
#5088 = LINE ( 'NONE', #4259, #7052 ) ;
#5089 = LINE ( 'NONE', #9644, #11051 ) ;
#5090 = AXIS2_PLACEMENT_3D ( 'NONE', #5821, #4925, #1276 ) ;
#5091 = ADVANCED_FACE ( 'NONE', ( #7973 ), #811, .T. ) ;
#5092 = VERTEX_POINT ( 'NONE', #7083 ) ;
#5093 = DIRECTION ( 'NONE',  ( 0.000000000000000000, -0.9967969531173912490, 0.07997395986122736444 ) ) ;
#5094 = ORIENTED_EDGE ( 'NONE', *, *, #8622, .T. ) ;
#5095 = CARTESIAN_POINT ( 'NONE',  ( 2.059999999999999609, -0.08500000000000000611, 0.000000000000000000 ) ) ;
#5096 = VERTEX_POINT ( 'NONE', #10734 ) ;
#5097 = CARTESIAN_POINT ( 'NONE',  ( 4.599999999999999645, -0.2011149196957544016, -2.461537905304632012 ) ) ;
#5098 = AXIS2_PLACEMENT_3D ( 'NONE', #4775, #10205, #97 ) ;
#5099 = DIRECTION ( 'NONE',  ( 1.000000000000000000, 0.000000000000000000, 0.000000000000000000 ) ) ;
#5100 = CARTESIAN_POINT ( 'NONE',  ( -3.020000000000000018, 0.000000000000000000, 1.949999999999999956 ) ) ;
#5101 = ADVANCED_FACE ( 'NONE', ( #8090 ), #8308, .F. ) ;
#5102 = DIRECTION ( 'NONE',  ( 0.000000000000000000, 0.000000000000000000, -1.000000000000000000 ) ) ;
#5103 = FACE_OUTER_BOUND ( 'NONE', #4462, .T. ) ;
#5104 = VERTEX_POINT ( 'NONE', #1985 ) ;
#5105 = EDGE_CURVE ( 'NONE', #2128, #2664, #10726, .T. ) ;
#5106 = LINE ( 'NONE', #3133, #2811 ) ;
#5107 = PLANE ( 'NONE',  #4560 ) ;
#5108 = ORIENTED_EDGE ( 'NONE', *, *, #4165, .T. ) ;
#5109 = ORIENTED_EDGE ( 'NONE', *, *, #5275, .T. ) ;
#5110 = LINE ( 'NONE', #9664, #1284 ) ;
#5111 = AXIS2_PLACEMENT_3D ( 'NONE', #4151, #7277, #10926 ) ;
#5112 = EDGE_CURVE ( 'NONE', #5584, #334, #4865, .T. ) ;
#5113 = VERTEX_POINT ( 'NONE', #2295 ) ;
#5114 = DIRECTION ( 'NONE',  ( 0.000000000000000000, 0.000000000000000000, -1.000000000000000000 ) ) ;
#5115 = EDGE_CURVE ( 'NONE', #9612, #4448, #3965, .T. ) ;
#5116 = CARTESIAN_POINT ( 'NONE',  ( 3.329999999999998739, 0.08500000000000001998, -1.939563312323252964 ) ) ;
#5117 = EDGE_CURVE ( 'NONE', #10152, #9473, #5945, .T. ) ;
#5118 = PLANE ( 'NONE',  #10497 ) ;
#5119 = VECTOR ( 'NONE', #3969, 1000.000000000000114 ) ;
#5120 = CARTESIAN_POINT ( 'NONE',  ( -3.330000000000000071, -0.7250000000000001998, -2.870861070673344617 ) ) ;
#5121 = VERTEX_POINT ( 'NONE', #1157 ) ;
#5122 = ORIENTED_EDGE ( 'NONE', *, *, #6123, .T. ) ;
#5123 = ORIENTED_EDGE ( 'NONE', *, *, #4241, .T. ) ;
#5124 = LINE ( 'NONE', #8711, #8165 ) ;
#5125 = LINE ( 'NONE', #9560, #10173 ) ;
#5126 = VECTOR ( 'NONE', #8882, 1000.000000000000000 ) ;
#5127 = CARTESIAN_POINT ( 'NONE',  ( -3.330000000000000071, -0.1970818674976519413, -2.577702366059666517 ) ) ;
#5128 = EDGE_CURVE ( 'NONE', #8414, #4184, #11183, .T. ) ;
#5129 = CARTESIAN_POINT ( 'NONE',  ( -2.995000000000000107, -0.4462811057769996981, -2.597695856024973882 ) ) ;
#5130 = EDGE_CURVE ( 'NONE', #5884, #7760, #11310, .T. ) ;
#5131 = VECTOR ( 'NONE', #11595, 1000.000000000000114 ) ;
#5132 = VECTOR ( 'NONE', #8279, 1000.000000000000114 ) ;
#5133 = CARTESIAN_POINT ( 'NONE',  ( 4.599999999999999645, -0.7250000000000049738, -1.217365792252620583E-15 ) ) ;
#5134 =( NAMED_UNIT ( * ) PLANE_ANGLE_UNIT ( ) SI_UNIT ( $, .RADIAN. ) );
#5135 = ORIENTED_EDGE ( 'NONE', *, *, #3286, .T. ) ;
#5136 = AXIS2_PLACEMENT_3D ( 'NONE', #2193, #406, #9431 ) ;
#5137 = ORIENTED_EDGE ( 'NONE', *, *, #860, .T. ) ;
#5138 = ORIENTED_EDGE ( 'NONE', *, *, #10867, .F. ) ;
#5139 = PLANE ( 'NONE',  #1144 ) ;
#5140 = VECTOR ( 'NONE', #2096, 1000.000000000000000 ) ;
#5141 = ORIENTED_EDGE ( 'NONE', *, *, #2840, .T. ) ;
#5142 = LINE ( 'NONE', #8669, #9759 ) ;
#5143 = CARTESIAN_POINT ( 'NONE',  ( 3.329999999999999627, -0.5549999999999849498, 2.795743509104209498E-15 ) ) ;
#5144 = AXIS2_PLACEMENT_3D ( 'NONE', #2955, #4633, #5717 ) ;
#5145 = CARTESIAN_POINT ( 'NONE',  ( -0.4550000000000005151, -0.2321338255108014725, -2.140814096316195236 ) ) ;
#5146 = DIRECTION ( 'NONE',  ( -1.000000000000000000, 0.000000000000000000, -0.000000000000000000 ) ) ;
#5147 = CARTESIAN_POINT ( 'NONE',  ( -4.290000000000000036, -0.7250000000000049738, -1.217365792252620583E-15 ) ) ;
#5148 = CARTESIAN_POINT ( 'NONE',  ( 0.4799999999999999267, -0.4326855326006172064, 2.767151338054933518 ) ) ;
#5149 = ADVANCED_FACE ( 'NONE', ( #11249 ), #4994, .T. ) ;
#5150 = AXIS2_PLACEMENT_3D ( 'NONE', #1375, #10621, #5021 ) ;
#5151 = ORIENTED_EDGE ( 'NONE', *, *, #3859, .T. ) ;
#5152 = AXIS2_PLACEMENT_3D ( 'NONE', #3972, #4039, #1349 ) ;
#5153 = CARTESIAN_POINT ( 'NONE',  ( 3.019999999999999574, -0.5550000000000000488, -3.000000000000000000 ) ) ;
#5154 = VECTOR ( 'NONE', #7330, 999.9999999999998863 ) ;
#5155 = VECTOR ( 'NONE', #5988, 1000.000000000000114 ) ;
#5156 = ORIENTED_EDGE ( 'NONE', *, *, #6428, .F. ) ;
#5157 = CARTESIAN_POINT ( 'NONE',  ( 0.4799999999999999267, -0.4532685607873790379, 2.870861070673345061 ) ) ;
#5158 = VERTEX_POINT ( 'NONE', #6583 ) ;
#5159 = ADVANCED_FACE ( 'NONE', ( #4032 ), #7538, .F. ) ;
#5160 = CARTESIAN_POINT ( 'NONE',  ( -2.095000000000001528, -0.4826582704211265784, 2.144290185689396555 ) ) ;
#5161 = CARTESIAN_POINT ( 'NONE',  ( 2.059999999999999609, -0.08500000000000000611, -2.461537905304634677 ) ) ;
#5162 = DIRECTION ( 'NONE',  ( -1.000000000000000000, 0.000000000000000000, 0.000000000000000000 ) ) ;
#5163 = AXIS2_PLACEMENT_3D ( 'NONE', #4083, #5681, #7531 ) ;
#5164 = VECTOR ( 'NONE', #10796, 1000.000000000000000 ) ;
#5165 = VECTOR ( 'NONE', #7392, 999.9999999999998863 ) ;
#5166 = ORIENTED_EDGE ( 'NONE', *, *, #9160, .F. ) ;
#5167 = DIRECTION ( 'NONE',  ( 0.000000000000000000, -0.9967969531173912490, -0.07997395986122736444 ) ) ;
#5168 = CARTESIAN_POINT ( 'NONE',  ( 3.019999999999999574, -0.4326855326005993874, 2.767151338054932186 ) ) ;
#5169 = EDGE_LOOP ( 'NONE', ( #4025, #3970, #2154, #9192, #9276, #4947, #4341, #10644, #7459, #6070, #11206, #5866 ) ) ;
#5170 = ORIENTED_EDGE ( 'NONE', *, *, #7276, .F. ) ;
#5171 = CARTESIAN_POINT ( 'NONE',  ( -3.330000000000000071, 0.000000000000000000, -3.000000000000000000 ) ) ;
#5172 = AXIS2_PLACEMENT_3D ( 'NONE', #4720, #5937, #9520 ) ;
#5173 = VECTOR ( 'NONE', #2293, 1000.000000000000000 ) ;
#5174 = VERTEX_POINT ( 'NONE', #8628 ) ;
#5175 = CYLINDRICAL_SURFACE ( 'NONE', #8404, 0.1161149196957549368 ) ;
#5176 = EDGE_CURVE ( 'NONE', #2082, #972, #3181, .T. ) ;
#5177 = LINE ( 'NONE', #6785, #8985 ) ;
#5178 = EDGE_CURVE ( 'NONE', #4600, #9790, #2116, .T. ) ;
#5179 = VECTOR ( 'NONE', #11228, 1000.000000000000000 ) ;
#5180 = VECTOR ( 'NONE', #9344, 999.9999999999998863 ) ;
#5181 = DIRECTION ( 'NONE',  ( 0.000000000000000000, 0.000000000000000000, -1.000000000000000000 ) ) ;
#5182 = CARTESIAN_POINT ( 'NONE',  ( 4.289999999999999147, 0.2178238306527182089, -2.714960358193412304 ) ) ;
#5183 = EDGE_CURVE ( 'NONE', #8884, #171, #1340, .T. ) ;
#5184 = ADVANCED_FACE ( 'NONE', ( #443 ), #9408, .T. ) ;
#5185 = ORIENTED_EDGE ( 'NONE', *, *, #8081, .T. ) ;
#5186 = ORIENTED_EDGE ( 'NONE', *, *, #9653, .F. ) ;
#5187 = EDGE_LOOP ( 'NONE', ( #4831, #7607, #11713, #4001 ) ) ;
#5188 = EDGE_CURVE ( 'NONE', #9104, #2128, #3841, .T. ) ;
#5189 = AXIS2_PLACEMENT_3D ( 'NONE', #8051, #11741, #3504 ) ;
#5190 = LINE ( 'NONE', #2256, #4366 ) ;
#5191 = CARTESIAN_POINT ( 'NONE',  ( 3.329999999999999627, -0.4532685607873790379, 2.870861070673345061 ) ) ;
#5192 = EDGE_CURVE ( 'NONE', #6435, #4333, #5690, .T. ) ;
#5193 = CARTESIAN_POINT ( 'NONE',  ( 3.019999999999999574, -0.1918287497687165000, -2.577280903468829099 ) ) ;
#5194 = PLANE ( 'NONE',  #11601 ) ;
#5195 = ORIENTED_EDGE ( 'NONE', *, *, #6746, .T. ) ;
#5196 = ORIENTED_EDGE ( 'NONE', *, *, #4620, .F. ) ;
#5197 = CARTESIAN_POINT ( 'NONE',  ( -4.290000000000000036, 0.000000000000000000, -1.949999999999999956 ) ) ;
#5198 = ORIENTED_EDGE ( 'NONE', *, *, #3724, .T. ) ;
#5199 = EDGE_CURVE ( 'NONE', #7789, #8535, #9003, .T. ) ;
#5200 = CARTESIAN_POINT ( 'NONE',  ( -3.020000000000000018, 0.000000000000000000, -1.949999999999999956 ) ) ;
#5201 = VECTOR ( 'NONE', #4141, 1000.000000000000114 ) ;
#5202 = CARTESIAN_POINT ( 'NONE',  ( -0.7900000000000003686, 0.000000000000000000, 0.000000000000000000 ) ) ;
#5203 = LINE ( 'NONE', #4257, #5334 ) ;
#5204 = DIRECTION ( 'NONE',  ( 1.000000000000000000, 0.000000000000000000, 0.000000000000000000 ) ) ;
#5205 = VERTEX_POINT ( 'NONE', #2170 ) ;
#5206 = AXIS2_PLACEMENT_3D ( 'NONE', #2260, #3280, #4177 ) ;
#5207 = LINE ( 'NONE', #3460, #9503 ) ;
#5208 = ORIENTED_EDGE ( 'NONE', *, *, #496, .T. ) ;
#5209 = CYLINDRICAL_SURFACE ( 'NONE', #7042, 0.2717314392126214395 ) ;
#5210 = VERTEX_POINT ( 'NONE', #5819 ) ;
#5211 = EDGE_CURVE ( 'NONE', #986, #1366, #1273, .T. ) ;
#5212 = DIRECTION ( 'NONE',  ( -1.000000000000000000, -0.000000000000000000, 0.000000000000000000 ) ) ;
#5213 = DIRECTION ( 'NONE',  ( 0.000000000000000000, 0.000000000000000000, -1.000000000000000000 ) ) ;
#5214 = DIRECTION ( 'NONE',  ( -1.000000000000000000, -0.000000000000000000, 0.000000000000000000 ) ) ;
#5215 = CARTESIAN_POINT ( 'NONE',  ( -4.625000000000000888, -0.4813330637901492848, -2.160807586281502157 ) ) ;
#5216 = ORIENTED_EDGE ( 'NONE', *, *, #686, .F. ) ;
#5217 = DIRECTION ( 'NONE',  ( -1.000000000000000000, 0.000000000000000000, -0.000000000000000000 ) ) ;
#5218 = LINE ( 'NONE', #2574, #11447 ) ;
#5219 = EDGE_LOOP ( 'NONE', ( #11777, #3349, #1665, #69, #11628, #7868, #167, #7275, #5991 ) ) ;
#5220 = EDGE_LOOP ( 'NONE', ( #172, #5166, #4461, #7776 ) ) ;
#5221 = FACE_OUTER_BOUND ( 'NONE', #912, .T. ) ;
#5222 = ORIENTED_EDGE ( 'NONE', *, *, #8773, .T. ) ;
#5223 = CARTESIAN_POINT ( 'NONE',  ( 2.984999999999998987, -0.4462811057770084133, 2.597695856024974770 ) ) ;
#5224 = LINE ( 'NONE', #2579, #2115 ) ;
#5225 = CARTESIAN_POINT ( 'NONE',  ( -4.600000000000000533, -0.7249999999999999778, 3.000000000000000000 ) ) ;
#5226 = ADVANCED_FACE ( 'NONE', ( #7667 ), #3468, .F. ) ;
#5227 = CARTESIAN_POINT ( 'NONE',  ( -3.330000000000000515, -0.08500000000000000611, -1.939563312323252964 ) ) ;
#5228 = EDGE_LOOP ( 'NONE', ( #7485, #9703, #9623, #4424, #2213, #7127, #9673, #10494, #5436, #424, #7253, #5624 ) ) ;
#5229 = ORIENTED_EDGE ( 'NONE', *, *, #8016, .F. ) ;
#5230 = VERTEX_POINT ( 'NONE', #10647 ) ;
#5231 = CARTESIAN_POINT ( 'NONE',  ( -4.950000000000000178, 0.000000000000000000, 1.949999999999999956 ) ) ;
#5232 = FACE_OUTER_BOUND ( 'NONE', #9115, .T. ) ;
#5233 = ADVANCED_FACE ( 'NONE', ( #1617 ), #5050, .F. ) ;
#5234 = EDGE_CURVE ( 'NONE', #5595, #5230, #10708, .T. ) ;
#5235 = DIRECTION ( 'NONE',  ( 0.000000000000000000, -1.000000000000000000, 0.000000000000000000 ) ) ;
#5236 = DIRECTION ( 'NONE',  ( 0.000000000000000000, -0.9967969531173912490, -0.07997395986122909917 ) ) ;
#5237 = EDGE_CURVE ( 'NONE', #10924, #9413, #6149, .T. ) ;
#5238 = CARTESIAN_POINT ( 'NONE',  ( 4.625000000000000000, -0.1834862943212428044, -2.747157848089624821 ) ) ;
#5239 = CARTESIAN_POINT ( 'NONE',  ( -3.330000000000000071, -0.1782331765923089728, -2.746736385498786515 ) ) ;
#5240 = ORIENTED_EDGE ( 'NONE', *, *, #7585, .F. ) ;
#5241 = EDGE_CURVE ( 'NONE', #10963, #2334, #621, .T. ) ;
#5242 = VERTEX_POINT ( 'NONE', #5161 ) ;
#5243 = ORIENTED_EDGE ( 'NONE', *, *, #4094, .T. ) ;
#5244 = CARTESIAN_POINT ( 'NONE',  ( 4.289999999999999147, 0.2178238306527182089, -2.714960358193412304 ) ) ;
#5245 = VERTEX_POINT ( 'NONE', #9698 ) ;
#5246 = EDGE_CURVE ( 'NONE', #8925, #10247, #8011, .T. ) ;
#5247 = DIRECTION ( 'NONE',  ( 0.000000000000000000, -0.9967969531173912490, 0.07997395986122736444 ) ) ;
#5248 = FACE_OUTER_BOUND ( 'NONE', #4847, .T. ) ;
#5249 = DIRECTION ( 'NONE',  ( 1.000000000000000000, 0.000000000000000000, 0.000000000000000000 ) ) ;
#5250 = ADVANCED_FACE ( 'NONE', ( #11655 ), #7050, .T. ) ;
#5251 = CARTESIAN_POINT ( 'NONE',  ( 4.599999999999999645, -0.5549999999999849498, 2.795743509104209498E-15 ) ) ;
#5252 = EDGE_CURVE ( 'NONE', #7481, #9848, #8808, .T. ) ;
#5253 = ADVANCED_FACE ( 'NONE', ( #10550 ), #8906, .T. ) ;
#5254 = EDGE_LOOP ( 'NONE', ( #11631, #11101, #650, #2957 ) ) ;
#5255 = CARTESIAN_POINT ( 'NONE',  ( -2.060000000000000497, -0.08500000000000000611, -1.939563312323252964 ) ) ;
#5256 = ORIENTED_EDGE ( 'NONE', *, *, #11004, .T. ) ;
#5257 = DIRECTION ( 'NONE',  ( 1.000000000000000000, -0.000000000000000000, 0.000000000000000000 ) ) ;
#5258 = ORIENTED_EDGE ( 'NONE', *, *, #6544, .F. ) ;
#5259 = ORIENTED_EDGE ( 'NONE', *, *, #6189, .T. ) ;
#5260 = CARTESIAN_POINT ( 'NONE',  ( -4.600000000000000533, -0.08500000000000000611, -1.939563312323252964 ) ) ;
#5261 = PLANE ( 'NONE',  #367 ) ;
#5262 = CARTESIAN_POINT ( 'NONE',  ( 3.354999999999999538, -0.4813330637901492848, -2.160807586281502157 ) ) ;
#5263 = CARTESIAN_POINT ( 'NONE',  ( 3.019999999999999574, -0.4013101249739610688, -0.03219748989621229462 ) ) ;
#5264 = EDGE_CURVE ( 'NONE', #7264, #7359, #11536, .T. ) ;
#5265 = EDGE_CURVE ( 'NONE', #9542, #2141, #10764, .T. ) ;
#5266 = EDGE_LOOP ( 'NONE', ( #8097, #3652, #8235, #6535 ) ) ;
#5267 = EDGE_CURVE ( 'NONE', #11520, #7644, #1460, .T. ) ;
#5268 = DIRECTION ( 'NONE',  ( 0.000000000000000000, 0.000000000000000000, -1.000000000000000000 ) ) ;
#5269 = CARTESIAN_POINT ( 'NONE',  ( -4.195702540368398736, 0.6250000000000000000, 1.000000000000000444 ) ) ;
#5270 = VERTEX_POINT ( 'NONE', #6994 ) ;
#5271 = CARTESIAN_POINT ( 'NONE',  ( -0.4800000000000003708, -0.4462811057770351142, 2.597695856024976546 ) ) ;
#5272 = ORIENTED_EDGE ( 'NONE', *, *, #4205, .F. ) ;
#5273 = DIRECTION ( 'NONE',  ( 0.000000000000000000, 0.000000000000000000, -1.000000000000000000 ) ) ;
#5274 = CARTESIAN_POINT ( 'NONE',  ( 2.059999999999999609, -0.2011149196957552621, -2.461537905304631568 ) ) ;
#5275 = EDGE_CURVE ( 'NONE', #10186, #6296, #7780, .T. ) ;
#5276 = UNCERTAINTY_MEASURE_WITH_UNIT (LENGTH_MEASURE( 1.000000000000000082E-05 ), #413, 'distance_accuracy_value', 'NONE');
#5277 = CARTESIAN_POINT ( 'NONE',  ( 2.084999999999999520, -0.2321338255108014725, -2.140814096316195236 ) ) ;
#5278 = VECTOR ( 'NONE', #8751, 999.9999999999998863 ) ;
#5279 = DIRECTION ( 'NONE',  ( 0.000000000000000000, -0.9967969531173912490, 0.07997395986122909917 ) ) ;
#5280 = DIRECTION ( 'NONE',  ( -1.000000000000000000, 0.000000000000000000, -0.000000000000000000 ) ) ;
#5281 = ORIENTED_EDGE ( 'NONE', *, *, #1394, .F. ) ;
#5282 = VERTEX_POINT ( 'NONE', #11424 ) ;
#5283 = ORIENTED_EDGE ( 'NONE', *, *, #1227, .F. ) ;
#5284 = ORIENTED_EDGE ( 'NONE', *, *, #2604, .T. ) ;
#5285 = EDGE_CURVE ( 'NONE', #10701, #1443, #3249, .T. ) ;
#5286 = CARTESIAN_POINT ( 'NONE',  ( -3.355000000000000426, -0.1970818674976518858, -2.577702366059666961 ) ) ;
#5287 = VECTOR ( 'NONE', #11103, 1000.000000000000000 ) ;
#5288 = PLANE ( 'NONE',  #1943 ) ;
#5289 = DIRECTION ( 'NONE',  ( 0.000000000000000000, -0.000000000000000000, -1.000000000000000000 ) ) ;
#5290 = VECTOR ( 'NONE', #4523, 1000.000000000000114 ) ;
#5291 = CARTESIAN_POINT ( 'NONE',  ( 3.329999999999999627, 0.000000000000000000, 3.000000000000000000 ) ) ;
#5292 = CARTESIAN_POINT ( 'NONE',  ( 4.599999999999999645, 0.2042282574763048253, -2.545504876163455776 ) ) ;
#5293 = CARTESIAN_POINT ( 'NONE',  ( 0.7899999999999999245, -0.5549999999999993827, 2.870861070673345061 ) ) ;
#5294 = VERTEX_POINT ( 'NONE', #9655 ) ;
#5295 = ORIENTED_EDGE ( 'NONE', *, *, #4916, .T. ) ;
#5296 = ORIENTED_EDGE ( 'NONE', *, *, #4676, .T. ) ;
#5297 = DIRECTION ( 'NONE',  ( 1.000000000000000000, 0.000000000000000000, 0.000000000000000000 ) ) ;
#5298 = ORIENTED_EDGE ( 'NONE', *, *, #2189, .T. ) ;
#5299 = ADVANCED_FACE ( 'NONE', ( #11489 ), #7947, .F. ) ;
#5300 = AXIS2_PLACEMENT_3D ( 'NONE', #2264, #6081, #3334 ) ;
#5301 = CARTESIAN_POINT ( 'NONE',  ( -4.600000000000000533, -0.4326855326006526226, 2.767151338054936627 ) ) ;
#5302 = EDGE_CURVE ( 'NONE', #8036, #3913, #667, .T. ) ;
#5303 = LINE ( 'NONE', #94, #6469 ) ;
#5304 = LINE ( 'NONE', #8106, #6688 ) ;
#5305 = VECTOR ( 'NONE', #10724, 1000.000000000000000 ) ;
#5306 = VECTOR ( 'NONE', #7564, 999.9999999999998863 ) ;
#5307 = ADVANCED_FACE ( 'NONE', ( #9809 ), #2621, .F. ) ;
#5308 = VECTOR ( 'NONE', #473, 999.9999999999998863 ) ;
#5309 = LINE ( 'NONE', #11316, #7191 ) ;
#5310 = ORIENTED_EDGE ( 'NONE', *, *, #2247, .T. ) ;
#5311 = DIRECTION ( 'NONE',  ( -1.000000000000000000, -0.000000000000000000, -0.000000000000000000 ) ) ;
#5312 = VERTEX_POINT ( 'NONE', #6446 ) ;
#5313 = ORIENTED_EDGE ( 'NONE', *, *, #11229, .T. ) ;
#5314 = ADVANCED_FACE ( 'NONE', ( #2867 ), #9085, .T. ) ;
#5315 = CIRCLE ( 'NONE', #9326, 0.1017314392126205669 ) ;
#5316 = DIRECTION ( 'NONE',  ( 0.000000000000000000, 0.000000000000000000, -1.000000000000000000 ) ) ;
#5317 = VERTEX_POINT ( 'NONE', #11759 ) ;
#5318 = ORIENTED_EDGE ( 'NONE', *, *, #1685, .F. ) ;
#5319 = AXIS2_PLACEMENT_3D ( 'NONE', #11415, #2398, #1397 ) ;
#5320 = VECTOR ( 'NONE', #3017, 1000.000000000000114 ) ;
#5321 = ADVANCED_FACE ( 'NONE', ( #7165 ), #8185, .F. ) ;
#5322 = ADVANCED_FACE ( 'NONE', ( #1849 ), #9202, .F. ) ;
#5323 = DIRECTION ( 'NONE',  ( 0.000000000000000000, 0.07997395986122909917, 0.9967969531173911379 ) ) ;
#5324 = VECTOR ( 'NONE', #2203, 1000.000000000000114 ) ;
#5325 = DIRECTION ( 'NONE',  ( 0.000000000000000000, 0.000000000000000000, -1.000000000000000000 ) ) ;
#5326 = PLANE ( 'NONE',  #4206 ) ;
#5327 = CIRCLE ( 'NONE', #5702, 0.1017314392126205669 ) ;
#5328 = EDGE_CURVE ( 'NONE', #4710, #3884, #10907, .T. ) ;
#5329 = CIRCLE ( 'NONE', #5715, 0.2861149196957545326 ) ;
#5330 = AXIS2_PLACEMENT_3D ( 'NONE', #2062, #2135, #7620 ) ;
#5331 = DIRECTION ( 'NONE',  ( 0.000000000000000000, -1.000000000000000000, 0.000000000000000000 ) ) ;
#5332 = DIRECTION ( 'NONE',  ( 1.000000000000000000, -0.000000000000000000, 0.000000000000000000 ) ) ;
#5333 = ORIENTED_EDGE ( 'NONE', *, *, #11492, .F. ) ;
#5334 = VECTOR ( 'NONE', #10536, 1000.000000000000000 ) ;
#5335 = CARTESIAN_POINT ( 'NONE',  ( -0.7899999999999999245, 0.000000000000000000, 1.949999999999999956 ) ) ;
#5336 = VERTEX_POINT ( 'NONE', #5386 ) ;
#5337 = DIRECTION ( 'NONE',  ( 0.000000000000000000, 0.000000000000000000, -1.000000000000000000 ) ) ;
#5339 = EDGE_CURVE ( 'NONE', #9080, #3043, #9854, .T. ) ;
#5338 = AXIS2_PLACEMENT_3D ( 'NONE', #5768, #7606, #6589 ) ;
#5340 = VECTOR ( 'NONE', #7770, 1000.000000000000114 ) ;
#5341 = LINE ( 'NONE', #9938, #4 ) ;
#5342 = VECTOR ( 'NONE', #4855, 1000.000000000000000 ) ;
#5343 = CIRCLE ( 'NONE', #2482, 0.2717314392126209954 ) ;
#5344 = DIRECTION ( 'NONE',  ( 0.000000000000000000, 0.000000000000000000, -1.000000000000000000 ) ) ;
#5345 = CARTESIAN_POINT ( 'NONE',  ( -3.020000000000000018, -0.7250000000000001998, -2.870861070673344617 ) ) ;
#5346 = AXIS2_PLACEMENT_3D ( 'NONE', #1915, #5563, #9979 ) ;
#5347 = EDGE_LOOP ( 'NONE', ( #8085, #4297, #10743, #1799 ) ) ;
#5348 = ORIENTED_EDGE ( 'NONE', *, *, #9811, .T. ) ;
#5349 = ORIENTED_EDGE ( 'NONE', *, *, #10295, .T. ) ;
#5350 = ORIENTED_EDGE ( 'NONE', *, *, #6961, .F. ) ;
#5351 = ADVANCED_FACE ( 'NONE', ( #9980 ), #4482, .T. ) ;
#5352 = CARTESIAN_POINT ( 'NONE',  ( 1.749999999999999778, 0.2042282574763048253, -2.545504876163455776 ) ) ;
#5353 = DIRECTION ( 'NONE',  ( 0.000000000000000000, 0.000000000000000000, -1.000000000000000000 ) ) ;
#5354 = CARTESIAN_POINT ( 'NONE',  ( -4.265000000000000568, -0.2321338255108014725, -2.140814096316195236 ) ) ;
#5355 = CIRCLE ( 'NONE', #6690, 0.1017314392126205669 ) ;
#5356 = STYLED_ITEM ( 'NONE', ( #512 ), #6574 ) ;
#5357 = DIRECTION ( 'NONE',  ( 1.000000000000000000, 0.000000000000000000, 0.000000000000000000 ) ) ;
#5358 = SURFACE_STYLE_USAGE ( .BOTH. , #9228 ) ;
#5359 = EDGE_CURVE ( 'NONE', #1148, #5744, #8970, .T. ) ;
#5360 = CARTESIAN_POINT ( 'NONE',  ( 1.749999999999999778, -0.2011149196957552621, -2.461537905304631568 ) ) ;
#5361 = DIRECTION ( 'NONE',  ( 0.000000000000000000, -0.000000000000000000, -1.000000000000000000 ) ) ;
#5362 = ORIENTED_EDGE ( 'NONE', *, *, #6993, .F. ) ;
#5363 = AXIS2_PLACEMENT_3D ( 'NONE', #7161, #9199, #4480 ) ;
#5364 = ORIENTED_EDGE ( 'NONE', *, *, #11382, .T. ) ;
#5365 = VERTEX_POINT ( 'NONE', #4430 ) ;
#5366 = CARTESIAN_POINT ( 'NONE',  ( 0.8149999999999997247, -0.4813330637901492848, -2.160807586281502157 ) ) ;
#5367 = ORIENTED_EDGE ( 'NONE', *, *, #10431, .F. ) ;
#5368 = CARTESIAN_POINT ( 'NONE',  ( 1.714999999999998970, -0.4826582704211001551, 2.144290185689394335 ) ) ;
#5369 = CARTESIAN_POINT ( 'NONE',  ( 1.749999999999999778, -0.5549999999999993827, -2.870861070673345061 ) ) ;
#5370 = DIRECTION ( 'NONE',  ( 0.000000000000000000, -1.000000000000000000, 0.000000000000000000 ) ) ;
#5371 = CARTESIAN_POINT ( 'NONE',  ( 0.7899999999999999245, -0.1970818674976518581, -2.577702366059666961 ) ) ;
#5372 = FACE_OUTER_BOUND ( 'NONE', #3569, .T. ) ;
#5373 = CARTESIAN_POINT ( 'NONE',  ( 4.950000000000000178, 0.000000000000000000, 1.949999999999999956 ) ) ;
#5374 = CARTESIAN_POINT ( 'NONE',  ( -1.725000000000000755, -0.4326855326005906166, -2.767151338054931742 ) ) ;
#5375 = ORIENTED_EDGE ( 'NONE', *, *, #989, .T. ) ;
#5376 = EDGE_CURVE ( 'NONE', #3205, #8384, #7225, .T. ) ;
#5377 = FACE_OUTER_BOUND ( 'NONE', #5187, .T. ) ;
#5378 = VERTEX_POINT ( 'NONE', #4659 ) ;
#5379 = ORIENTED_EDGE ( 'NONE', *, *, #1344, .T. ) ;
#5380 = CARTESIAN_POINT ( 'NONE',  ( -4.290000000000000036, 0.08500000000000001998, 1.939563312323252964 ) ) ;
#5381 = AXIS2_PLACEMENT_3D ( 'NONE', #10030, #2741, #5564 ) ;
#5382 = ORIENTED_EDGE ( 'NONE', *, *, #4804, .F. ) ;
#5383 = EDGE_LOOP ( 'NONE', ( #1402, #7029, #4668, #10453 ) ) ;
#5384 = SURFACE_SIDE_STYLE ('',( #1846 ) ) ;
#5385 = DIRECTION ( 'NONE',  ( 0.000000000000000000, -0.07997395986122909917, -0.9967969531173911379 ) ) ;
#5386 = CARTESIAN_POINT ( 'NONE',  ( -1.750000000000000666, -0.5550000000000000488, 3.000000000000000000 ) ) ;
#5387 = DIRECTION ( 'NONE',  ( 0.000000000000000000, -1.000000000000000000, 0.000000000000000000 ) ) ;
#5388 = EDGE_CURVE ( 'NONE', #2721, #25, #1796, .T. ) ;
#5389 = AXIS2_PLACEMENT_3D ( 'NONE', #812, #5235, #5289 ) ;
#5390 = ORIENTED_EDGE ( 'NONE', *, *, #3764, .F. ) ;
#5391 = ADVANCED_FACE ( 'NONE', ( #8296 ), #3749, .T. ) ;
#5392 = DIRECTION ( 'NONE',  ( 0.000000000000000000, 0.07997395986122911304, -0.9967969531173912490 ) ) ;
#5393 = DIRECTION ( 'NONE',  ( 0.000000000000000000, 5.037375692079792934E-15, 1.000000000000000000 ) ) ;
#5394 = VERTEX_POINT ( 'NONE', #2796 ) ;
#5395 = CARTESIAN_POINT ( 'NONE',  ( 1.724999999999999645, -0.2321338255108014725, -2.140814096316195236 ) ) ;
#5396 = ORIENTED_EDGE ( 'NONE', *, *, #7378, .F. ) ;
#5397 = DIRECTION ( 'NONE',  ( 0.000000000000000000, 1.679125230693258263E-15, 1.000000000000000000 ) ) ;
#5398 = EDGE_CURVE ( 'NONE', #507, #5884, #9922, .T. ) ;
#5399 = DIRECTION ( 'NONE',  ( 0.000000000000000000, 0.9925461516413219831, 0.1218693434051477537 ) ) ;
#5400 = UNCERTAINTY_MEASURE_WITH_UNIT (LENGTH_MEASURE( 1.000000000000000082E-05 ), #1767, 'distance_accuracy_value', 'NONE');
#5401 = LINE ( 'NONE', #1810, #9084 ) ;
#5402 = PLANE ( 'NONE',  #7415 ) ;
#5403 = VECTOR ( 'NONE', #4242, 1000.000000000000000 ) ;
#5404 = EDGE_CURVE ( 'NONE', #8925, #5174, #3645, .T. ) ;
#5405 = DIRECTION ( 'NONE',  ( 0.000000000000000000, -0.9967969531173912490, 0.07997395986122909917 ) ) ;
#5406 = LINE ( 'NONE', #4678, #6873 ) ;
#5407 = ORIENTED_EDGE ( 'NONE', *, *, #6417, .F. ) ;
#5408 = ORIENTED_EDGE ( 'NONE', *, *, #5616, .T. ) ;
#5409 = VERTEX_POINT ( 'NONE', #962 ) ;
#5410 = VERTEX_POINT ( 'NONE', #4606 ) ;
#5411 = CARTESIAN_POINT ( 'NONE',  ( 2.094999999999999307, -0.1970818674976703155, 2.577702366059668737 ) ) ;
#5412 = CARTESIAN_POINT ( 'NONE',  ( 1.749999999999999778, 0.2178238306527182089, 2.714960358193412304 ) ) ;
#5413 = CARTESIAN_POINT ( 'NONE',  ( 1.749999999999999778, -0.4326855326006082691, 2.767151338054933074 ) ) ;
#5414 = EDGE_CURVE ( 'NONE', #489, #1539, #8248, .T. ) ;
#5415 = DIRECTION ( 'NONE',  ( 0.000000000000000000, 0.000000000000000000, -1.000000000000000000 ) ) ;
#5416 = CARTESIAN_POINT ( 'NONE',  ( -3.330000000000000071, 0.08500000000000000611, 0.000000000000000000 ) ) ;
#5417 = ORIENTED_EDGE ( 'NONE', *, *, #5932, .F. ) ;
#5418 = VERTEX_POINT ( 'NONE', #3695 ) ;
#5419 = ORIENTED_EDGE ( 'NONE', *, *, #11341, .F. ) ;
#5420 = CARTESIAN_POINT ( 'NONE',  ( -0.4800000000000003708, 0.000000000000000000, -3.000000000000000000 ) ) ;
#5421 = ORIENTED_EDGE ( 'NONE', *, *, #10032, .T. ) ;
#5422 = PLANE ( 'NONE',  #8031 ) ;
#5423 = CARTESIAN_POINT ( 'NONE',  ( 0.7899999999999999245, -0.4614044268235938384, -2.769455482029957061 ) ) ;
#5424 = FACE_OUTER_BOUND ( 'NONE', #4009, .T. ) ;
#5425 = ADVANCED_FACE ( 'NONE', ( #7336 ), #10982, .F. ) ;
#5426 = LINE ( 'NONE', #1896, #2491 ) ;
#5427 = CARTESIAN_POINT ( 'NONE',  ( -0.4800000000000003708, -0.4013101249739610688, -0.03219748989621229462 ) ) ;
#5428 = CARTESIAN_POINT ( 'NONE',  ( -0.4550000000000005151, -0.4462811057769997536, -2.597695856024973882 ) ) ;
#5429 = CARTESIAN_POINT ( 'NONE',  ( -4.600000000000000533, 0.000000000000000000, 1.949999999999999956 ) ) ;
#5430 = ORIENTED_EDGE ( 'NONE', *, *, #3128, .F. ) ;
#5431 = CARTESIAN_POINT ( 'NONE',  ( 3.329999999999999627, -0.7250000000000001998, 2.870861070673344617 ) ) ;
#5432 = ORIENTED_EDGE ( 'NONE', *, *, #6198, .F. ) ;
#5433 = ORIENTED_EDGE ( 'NONE', *, *, #898, .F. ) ;
#5434 = CARTESIAN_POINT ( 'NONE',  ( -4.600000000000000533, -0.1918287497687165000, 2.577280903468829099 ) ) ;
#5435 = DIRECTION ( 'NONE',  ( 1.000000000000000000, 0.000000000000000000, 0.000000000000000000 ) ) ;
#5436 = ORIENTED_EDGE ( 'NONE', *, *, #588, .T. ) ;
#5437 = VERTEX_POINT ( 'NONE', #5100 ) ;
#5438 = FACE_OUTER_BOUND ( 'NONE', #392, .T. ) ;
#5439 = CYLINDRICAL_SURFACE ( 'NONE', #2073, 0.1017314392126205669 ) ;
#5440 = CARTESIAN_POINT ( 'NONE',  ( -1.750000000000000666, 0.2042282574763048253, 2.545504876163455776 ) ) ;
#5441 = CARTESIAN_POINT ( 'NONE',  ( 0.4799999999999999267, -0.1918287497687165000, -2.577280903468829099 ) ) ;
#5442 = FACE_OUTER_BOUND ( 'NONE', #10741, .T. ) ;
#5443 = EDGE_CURVE ( 'NONE', #10003, #8995, #3358, .T. ) ;
#5444 = VERTEX_POINT ( 'NONE', #8741 ) ;
#5445 = DIRECTION ( 'NONE',  ( 0.000000000000000000, 0.000000000000000000, -1.000000000000000000 ) ) ;
#5446 = ORIENTED_EDGE ( 'NONE', *, *, #4194, .T. ) ;
#5447 = DIRECTION ( 'NONE',  ( 0.000000000000000000, 5.037375692079792934E-15, 1.000000000000000000 ) ) ;
#5448 = ORIENTED_EDGE ( 'NONE', *, *, #6479, .T. ) ;
#5449 = CARTESIAN_POINT ( 'NONE',  ( 4.599999999999999645, -0.7249999999999999778, -3.000000000000000000 ) ) ;
#5450 = ADVANCED_FACE ( 'NONE', ( #3250 ), #7903, .F. ) ;
#5451 = DIRECTION ( 'NONE',  ( 0.000000000000000000, 0.07997395986122911304, -0.9967969531173912490 ) ) ;
#5452 = ADVANCED_FACE ( 'NONE', ( #5876 ), #9528, .T. ) ;
#5453 = AXIS2_PLACEMENT_3D ( 'NONE', #3711, #8080, #11717 ) ;
#5454 = CARTESIAN_POINT ( 'NONE',  ( -0.7900000000000003686, -0.08500000000000000611, -2.461537905304634677 ) ) ;
#5455 = LINE ( 'NONE', #4390, #6850 ) ;
#5456 = EDGE_CURVE ( 'NONE', #1351, #9023, #9699, .T. ) ;
#5457 = CARTESIAN_POINT ( 'NONE',  ( -1.715000000000001190, -0.2334590321417788772, 2.124296695724089190 ) ) ;
#5458 = LINE ( 'NONE', #1991, #10314 ) ;
#5459 = ORIENTED_EDGE ( 'NONE', *, *, #11393, .T. ) ;
#5460 = VERTEX_POINT ( 'NONE', #4272 ) ;
#5461 = VERTEX_POINT ( 'NONE', #5051 ) ;
#5462 = EDGE_CURVE ( 'NONE', #1427, #1128, #10479, .T. ) ;
#5463 = DIRECTION ( 'NONE',  ( 0.000000000000000000, 5.037375692079792934E-15, -1.000000000000000000 ) ) ;
#5464 = VECTOR ( 'NONE', #5914, 1000.000000000000000 ) ;
#5465 = DIRECTION ( 'NONE',  ( 0.000000000000000000, 0.1218693434051477537, 0.9925461516413219831 ) ) ;
#5466 = EDGE_CURVE ( 'NONE', #8884, #1427, #8686, .T. ) ;
#5467 = PLANE ( 'NONE',  #7101 ) ;
#5468 =( LENGTH_UNIT ( ) NAMED_UNIT ( * ) SI_UNIT ( .MILLI., .METRE. ) );
#5469 = DIRECTION ( 'NONE',  ( 0.000000000000000000, 0.000000000000000000, -1.000000000000000000 ) ) ;
#5470 = CARTESIAN_POINT ( 'NONE',  ( 1.749999999999999778, -0.4532685607873790379, 2.870861070673345061 ) ) ;
#5471 = ORIENTED_EDGE ( 'NONE', *, *, #2580, .T. ) ;
#5472 = VERTEX_POINT ( 'NONE', #495 ) ;
#5474 = ORIENTED_EDGE ( 'NONE', *, *, #10785, .T. ) ;
#5473 = AXIS2_PLACEMENT_3D ( 'NONE', #1062, #7329, #4653 ) ;
#5475 = CARTESIAN_POINT ( 'NONE',  ( -2.095000000000001528, -0.4462811057770437739, 2.597695856024976990 ) ) ;
#5476 = DIRECTION ( 'NONE',  ( 0.000000000000000000, 0.000000000000000000, -1.000000000000000000 ) ) ;
#5477 = EDGE_CURVE ( 'NONE', #9461, #2721, #2651, .T. ) ;
#5478 = PLANE ( 'NONE',  #2838 ) ;
#5479 = PLANE ( 'NONE',  #9021 ) ;
#5480 = LINE ( 'NONE', #3561, #7799 ) ;
#5481 = PLANE ( 'NONE',  #9679 ) ;
#5482 = LINE ( 'NONE', #9126, #8149 ) ;
#5483 = EDGE_LOOP ( 'NONE', ( #11554, #6530, #9517, #11277, #6781, #2561, #7590, #4946 ) ) ;
#5484 = CARTESIAN_POINT ( 'NONE',  ( 0.4799999999999999267, -0.4614044268235938384, -2.769455482029957061 ) ) ;
#5485 = VECTOR ( 'NONE', #3811, 1000.000000000000000 ) ;
#5486 = VERTEX_POINT ( 'NONE', #2229 ) ;
#5487 = ORIENTED_EDGE ( 'NONE', *, *, #6736, .T. ) ;
#5488 = DIRECTION ( 'NONE',  ( -1.000000000000000000, 0.000000000000000000, 0.000000000000000000 ) ) ;
#5489 = DIRECTION ( 'NONE',  ( 1.000000000000000000, 0.000000000000000000, 0.000000000000000000 ) ) ;
#5490 = ORIENTED_EDGE ( 'NONE', *, *, #7970, .T. ) ;
#5491 = ORIENTED_EDGE ( 'NONE', *, *, #6848, .F. ) ;
#5492 = CARTESIAN_POINT ( 'NONE',  ( 3.019999999999999574, -0.5550000000000000488, 3.000000000000000000 ) ) ;
#5493 = ADVANCED_FACE ( 'NONE', ( #10601 ), #10551, .F. ) ;
#5494 = DIRECTION ( 'NONE',  ( 0.000000000000000000, 0.000000000000000000, -1.000000000000000000 ) ) ;
#5495 = FACE_OUTER_BOUND ( 'NONE', #795, .T. ) ;
#5496 = VECTOR ( 'NONE', #3846, 999.9999999999998863 ) ;
#5497 = CARTESIAN_POINT ( 'NONE',  ( -4.950000000000000178, -0.08500000000000000611, -1.939563312323252964 ) ) ;
#5498 = LINE ( 'NONE', #8357, #10682 ) ;
#5499 = CIRCLE ( 'NONE', #2622, 0.1161149196957549368 ) ;
#5500 = AXIS2_PLACEMENT_3D ( 'NONE', #4483, #1800, #8071 ) ;
#5501 = CARTESIAN_POINT ( 'NONE',  ( -2.060000000000000497, -0.1834862943212428044, -2.747157848089624821 ) ) ;
#5502 = AXIS2_PLACEMENT_3D ( 'NONE', #3379, #9493, #1300 ) ;
#5503 = DIRECTION ( 'NONE',  ( 1.000000000000000000, 0.000000000000000000, -0.000000000000000000 ) ) ;
#5504 = ORIENTED_EDGE ( 'NONE', *, *, #1527, .T. ) ;
#5505 = LINE ( 'NONE', #5335, #2821 ) ;
#5506 = VECTOR ( 'NONE', #2329, 1000.000000000000000 ) ;
#5507 = ORIENTED_EDGE ( 'NONE', *, *, #8704, .F. ) ;
#5508 = CARTESIAN_POINT ( 'NONE',  ( 3.364999999999998881, -0.1834862943212517139, 2.747157848089625265 ) ) ;
#5509 = VECTOR ( 'NONE', #5385, 1000.000000000000114 ) ;
#5510 = DIRECTION ( 'NONE',  ( 0.000000000000000000, -0.9967969531173912490, 0.07997395986122909917 ) ) ;
#5511 = FACE_OUTER_BOUND ( 'NONE', #5018, .T. ) ;
#5512 = VECTOR ( 'NONE', #7009, 1000.000000000000000 ) ;
#5513 = VECTOR ( 'NONE', #9718, 1000.000000000000000 ) ;
#5514 = CARTESIAN_POINT ( 'NONE',  ( -4.290000000000000036, -0.6505093632533708314, 0.05219097986152452379 ) ) ;
#5515 = DIRECTION ( 'NONE',  ( 0.000000000000000000, -0.07997395986122737832, 0.9967969531173913600 ) ) ;
#5516 = CIRCLE ( 'NONE', #11247, 0.1017314392126205669 ) ;
#5517 = DIRECTION ( 'NONE',  ( 1.000000000000000000, 0.000000000000000000, 0.000000000000000000 ) ) ;
#5518 = CARTESIAN_POINT ( 'NONE',  ( -4.290000000000000036, -0.2011149196957552621, 2.461537905304631568 ) ) ;
#5519 = ORIENTED_EDGE ( 'NONE', *, *, #4657, .F. ) ;
#5520 = EDGE_CURVE ( 'NONE', #11818, #2500, #11425, .T. ) ;
#5521 = CIRCLE ( 'NONE', #1143, 0.2717314392126209954 ) ;
#5522 = VECTOR ( 'NONE', #1505, 1000.000000000000000 ) ;
#5523 = ORIENTED_EDGE ( 'NONE', *, *, #2927, .F. ) ;
#5524 = ORIENTED_EDGE ( 'NONE', *, *, #6783, .F. ) ;
#5525 = VECTOR ( 'NONE', #5748, 1000.000000000000000 ) ;
#5526 = ORIENTED_EDGE ( 'NONE', *, *, #5199, .T. ) ;
#5527 = DIRECTION ( 'NONE',  ( 0.000000000000000000, 0.07997395986122909917, 0.9967969531173911379 ) ) ;
#5528 = CARTESIAN_POINT ( 'NONE',  ( -1.750000000000000666, -0.7250000000000001998, -2.870861070673344617 ) ) ;
#5529 = DIRECTION ( 'NONE',  ( 0.000000000000000000, 0.000000000000000000, -1.000000000000000000 ) ) ;
#5530 = AXIS2_PLACEMENT_3D ( 'NONE', #3978, #2313, #10495 ) ;
#5531 = VECTOR ( 'NONE', #5688, 1000.000000000000000 ) ;
#5532 = EDGE_CURVE ( 'NONE', #1789, #6652, #1274, .T. ) ;
#5533 = DIRECTION ( 'NONE',  ( 0.000000000000000000, 0.000000000000000000, -1.000000000000000000 ) ) ;
#5534 = CARTESIAN_POINT ( 'NONE',  ( 2.059999999999999609, -0.4750000000000020872, -2.599999999999999645 ) ) ;
#5535 = LINE ( 'NONE', #2718, #3211 ) ;
#5536 = EDGE_CURVE ( 'NONE', #10727, #10491, #11362, .T. ) ;
#5537 = ORIENTED_EDGE ( 'NONE', *, *, #3155, .T. ) ;
#5538 = ORIENTED_EDGE ( 'NONE', *, *, #3856, .F. ) ;
#5539 = EDGE_LOOP ( 'NONE', ( #10629, #5198, #5349, #916, #4786, #8916, #1761, #2699 ) ) ;
#5540 = CIRCLE ( 'NONE', #402, 0.2861149196957545326 ) ;
#5541 = VECTOR ( 'NONE', #9227, 1000.000000000000114 ) ;
#5542 = CARTESIAN_POINT ( 'NONE',  ( -1.750000000000000666, -0.4462811057769997536, -2.597695856024973882 ) ) ;
#5543 = ADVANCED_FACE ( 'NONE', ( #4142 ), #2296, .T. ) ;
#5544 = LINE ( 'NONE', #1246, #5039 ) ;
#5545 = LINE ( 'NONE', #10801, #1700 ) ;
#5546 = CARTESIAN_POINT ( 'NONE',  ( -2.095000000000001528, -0.4326855326006347480, 2.767151338054935295 ) ) ;
#5547 = DIRECTION ( 'NONE',  ( 1.000000000000000000, 0.000000000000000000, 0.000000000000000000 ) ) ;
#5548 = PRESENTATION_LAYER_ASSIGNMENT (  '', '', ( #2123 ) ) ;
#5549 = LINE ( 'NONE', #10266, #1828 ) ;
#5550 = MECHANICAL_DESIGN_GEOMETRIC_PRESENTATION_REPRESENTATION (  '', ( #7656 ), #9172 ) ;
#5551 = PLANE ( 'NONE',  #11589 ) ;
#5552 = VERTEX_POINT ( 'NONE', #7781 ) ;
#5553 = EDGE_CURVE ( 'NONE', #10875, #4497, #445, .T. ) ;
#5554 = CARTESIAN_POINT ( 'NONE',  ( -3.020000000000000018, -0.08500000000000003386, 1.939563312323252742 ) ) ;
#5555 = VERTEX_POINT ( 'NONE', #3310 ) ;
#5556 = ORIENTED_EDGE ( 'NONE', *, *, #6862, .T. ) ;
#5557 = DIRECTION ( 'NONE',  ( 0.000000000000000000, -1.000000000000000000, 0.000000000000000000 ) ) ;
#5558 = LINE ( 'NONE', #238, #2846 ) ;
#5559 = ORIENTED_EDGE ( 'NONE', *, *, #4825, .T. ) ;
#5560 = ORIENTED_EDGE ( 'NONE', *, *, #9598, .T. ) ;
#5561 = DIRECTION ( 'NONE',  ( 0.000000000000000000, -0.9967969531173912490, 0.07997395986122736444 ) ) ;
#5562 = CARTESIAN_POINT ( 'NONE',  ( -2.095000000000001528, -0.4826582704211265784, 2.144290185689396555 ) ) ;
#5563 = DIRECTION ( 'NONE',  ( 0.000000000000000000, 1.000000000000000000, -1.679125230693258263E-15 ) ) ;
#5564 = DIRECTION ( 'NONE',  ( 0.000000000000000000, -0.000000000000000000, -1.000000000000000000 ) ) ;
#5565 = CARTESIAN_POINT ( 'NONE',  ( 3.019999999999999574, 0.2042282574763048253, 2.545504876163455776 ) ) ;
#5566 = ADVANCED_FACE ( 'NONE', ( #7722 ), #3182, .T. ) ;
#5567 = VERTEX_POINT ( 'NONE', #6051 ) ;
#5568 = EDGE_CURVE ( 'NONE', #5365, #10493, #717, .T. ) ;
#5569 = LINE ( 'NONE', #1920, #6451 ) ;
#5570 = DIRECTION ( 'NONE',  ( 0.000000000000000000, -0.9967969531173912490, -0.07997395986122911304 ) ) ;
#5571 = EDGE_LOOP ( 'NONE', ( #5432, #4906, #8075, #8872 ) ) ;
#5572 = CARTESIAN_POINT ( 'NONE',  ( -4.600000000000000533, 0.08500000000000000611, 1.939563312323252964 ) ) ;
#5573 = ORIENTED_EDGE ( 'NONE', *, *, #11313, .T. ) ;
#5574 = CARTESIAN_POINT ( 'NONE',  ( -0.7900000000000003686, -0.2011149196957544016, -2.461537905304632012 ) ) ;
#5575 = LINE ( 'NONE', #10230, #10693 ) ;
#5576 = CARTESIAN_POINT ( 'NONE',  ( 4.845570070065753576, 0.8505135268336063703, 1.297482548330259222 ) ) ;
#5577 = VECTOR ( 'NONE', #494, 1000.000000000000000 ) ;
#5578 = DIRECTION ( 'NONE',  ( 0.000000000000000000, 0.000000000000000000, -1.000000000000000000 ) ) ;
#5579 = LINE ( 'NONE', #10897, #10795 ) ;
#5580 = CARTESIAN_POINT ( 'NONE',  ( -4.950000000000000178, 0.08500000000000000611, 1.939563312323252964 ) ) ;
#5581 = PLANE ( 'NONE',  #346 ) ;
#5582 = CARTESIAN_POINT ( 'NONE',  ( -0.4550000000000005151, -0.4813330637901492848, -2.160807586281502157 ) ) ;
#5583 = VECTOR ( 'NONE', #10448, 1000.000000000000000 ) ;
#5584 = VERTEX_POINT ( 'NONE', #6166 ) ;
#5585 = VERTEX_POINT ( 'NONE', #8012 ) ;
#5586 = VERTEX_POINT ( 'NONE', #6269 ) ;
#5587 = ORIENTED_EDGE ( 'NONE', *, *, #3509, .F. ) ;
#5588 = PLANE ( 'NONE',  #6453 ) ;
#5589 = DIRECTION ( 'NONE',  ( -1.000000000000000000, -0.000000000000000000, -0.000000000000000000 ) ) ;
#5590 = EDGE_CURVE ( 'NONE', #10152, #10813, #9982, .T. ) ;
#5591 = VECTOR ( 'NONE', #5035, 1000.000000000000114 ) ;
#5592 = EDGE_CURVE ( 'NONE', #1440, #5597, #1669, .T. ) ;
#5593 = FACE_OUTER_BOUND ( 'NONE', #7572, .T. ) ;
#5594 = DIRECTION ( 'NONE',  ( 1.000000000000000000, -0.000000000000000000, 0.000000000000000000 ) ) ;
#5595 = VERTEX_POINT ( 'NONE', #9810 ) ;
#5596 = VERTEX_POINT ( 'NONE', #3577 ) ;
#5597 = VERTEX_POINT ( 'NONE', #10880 ) ;
#5598 = DIRECTION ( 'NONE',  ( -1.000000000000000000, -0.000000000000000000, -0.000000000000000000 ) ) ;
#5599 = EDGE_CURVE ( 'NONE', #2448, #7004, #4537, .T. ) ;
#5600 = CARTESIAN_POINT ( 'NONE',  ( -2.060000000000000497, 0.08500000000000000611, 0.000000000000000000 ) ) ;
#5601 = CARTESIAN_POINT ( 'NONE',  ( 2.059999999999998277, 0.000000000000000000, -1.949999999999999956 ) ) ;
#5602 = ADVANCED_FACE ( 'NONE', ( #5442 ), #4314, .T. ) ;
#5603 = DIRECTION ( 'NONE',  ( 0.000000000000000000, 0.000000000000000000, -1.000000000000000000 ) ) ;
#5604 = CARTESIAN_POINT ( 'NONE',  ( 4.289999999999999147, -0.4013101249739610688, -0.03219748989621229462 ) ) ;
#5605 = DIRECTION ( 'NONE',  ( -1.000000000000000000, 0.000000000000000000, -0.000000000000000000 ) ) ;
#5606 = ORIENTED_EDGE ( 'NONE', *, *, #6630, .T. ) ;
#5607 = ADVANCED_FACE ( 'NONE', ( #2458 ), #11707, .T. ) ;
#5608 = CARTESIAN_POINT ( 'NONE',  ( -1.750000000000000666, -0.1970818674976518581, -2.577702366059666961 ) ) ;
#5609 = ORIENTED_EDGE ( 'NONE', *, *, #1404, .T. ) ;
#5610 = EDGE_LOOP ( 'NONE', ( #8291, #5560, #486, #640 ) ) ;
#5611 = CARTESIAN_POINT ( 'NONE',  ( -4.600000000000000533, -0.7249999999999999778, -3.000000000000000000 ) ) ;
#5612 = DIRECTION ( 'NONE',  ( 0.000000000000000000, -0.9967969531173912490, 0.07997395986122909917 ) ) ;
#5613 = ORIENTED_EDGE ( 'NONE', *, *, #2757, .T. ) ;
#5614 = ORIENTED_EDGE ( 'NONE', *, *, #1744, .F. ) ;
#5615 = CARTESIAN_POINT ( 'NONE',  ( 2.060000000000000053, 0.08500000000000001998, 1.939563312323252964 ) ) ;
#5616 = EDGE_CURVE ( 'NONE', #4706, #4236, #894, .T. ) ;
#5617 = LINE ( 'NONE', #107, #5509 ) ;
#5618 = PLANE ( 'NONE',  #4572 ) ;
#5619 = CYLINDRICAL_SURFACE ( 'NONE', #4778, 0.1017314392126205669 ) ;
#5620 = LINE ( 'NONE', #9258, #942 ) ;
#5621 = EDGE_CURVE ( 'NONE', #9833, #11041, #10648, .T. ) ;
#5622 = ORIENTED_EDGE ( 'NONE', *, *, #2333, .T. ) ;
#5623 = CARTESIAN_POINT ( 'NONE',  ( -0.7900000000000003686, 0.000000000000000000, 3.000000000000000000 ) ) ;
#5624 = ORIENTED_EDGE ( 'NONE', *, *, #4885, .F. ) ;
#5625 = CARTESIAN_POINT ( 'NONE',  ( 0.4799999999999999267, -0.1970818674976519413, -2.577702366059666517 ) ) ;
#5626 = DIRECTION ( 'NONE',  ( 0.000000000000000000, 1.679125230693258263E-15, 1.000000000000000000 ) ) ;
#5627 = EDGE_LOOP ( 'NONE', ( #11564, #2267, #7281, #10512 ) ) ;
#5628 = DIRECTION ( 'NONE',  ( 0.000000000000000000, 1.679125230693258263E-15, 1.000000000000000000 ) ) ;
#5629 = CARTESIAN_POINT ( 'NONE',  ( -1.750000000000000666, 0.000000000000000000, 0.000000000000000000 ) ) ;
#5630 = CARTESIAN_POINT ( 'NONE',  ( -3.020000000000000018, -0.6505093632533618386, 0.05219097986152380214 ) ) ;
#5631 = FACE_OUTER_BOUND ( 'NONE', #7011, .T. ) ;
#5632 = ADVANCED_FACE ( 'NONE', ( #1618 ), #5326, .T. ) ;
#5633 = EDGE_CURVE ( 'NONE', #896, #4833, #7166, .T. ) ;
#5634 = DIRECTION ( 'NONE',  ( 0.000000000000000000, 1.000000000000000000, -1.679125230693258263E-15 ) ) ;
#5635 = ORIENTED_EDGE ( 'NONE', *, *, #217, .F. ) ;
#5636 = DIRECTION ( 'NONE',  ( 0.000000000000000000, 0.9967969531173911379, -0.07997395986122909917 ) ) ;
#5637 = LINE ( 'NONE', #11002, #2099 ) ;
#5638 = ORIENTED_EDGE ( 'NONE', *, *, #10094, .T. ) ;
#5639 = EDGE_LOOP ( 'NONE', ( #4597, #2988, #8819, #7702 ) ) ;
#5640 = ORIENTED_EDGE ( 'NONE', *, *, #5376, .F. ) ;
#5641 = ORIENTED_EDGE ( 'NONE', *, *, #5376, .T. ) ;
#5642 = ORIENTED_EDGE ( 'NONE', *, *, #6736, .F. ) ;
#5643 = CARTESIAN_POINT ( 'NONE',  ( -4.255000000000000782, -0.1970818674977136975, 2.577702366059671402 ) ) ;
#5644 = DIRECTION ( 'NONE',  ( 0.000000000000000000, -0.9967969531173911379, 0.07997395986122908529 ) ) ;
#5645 = DIRECTION ( 'NONE',  ( 1.000000000000000000, 0.000000000000000000, 0.000000000000000000 ) ) ;
#5646 = EDGE_CURVE ( 'NONE', #9912, #1285, #9032, .T. ) ;
#5647 = CARTESIAN_POINT ( 'NONE',  ( -0.4800000000000003708, -0.7249999999999999778, 3.000000000000000000 ) ) ;
#5648 = CARTESIAN_POINT ( 'NONE',  ( 4.289999999999999147, -0.2011149196957544016, -2.461537905304632012 ) ) ;
#5649 = DIRECTION ( 'NONE',  ( 0.000000000000000000, -0.07997395986122911304, 0.9967969531173912490 ) ) ;
#5650 = EDGE_LOOP ( 'NONE', ( #2916, #7089, #2006, #3193 ) ) ;
#5651 = ORIENTED_EDGE ( 'NONE', *, *, #6798, .T. ) ;
#5652 = AXIS2_PLACEMENT_3D ( 'NONE', #6188, #6080, #10624 ) ;
#5653 = VERTEX_POINT ( 'NONE', #3469 ) ;
#5654 = DIRECTION ( 'NONE',  ( 0.000000000000000000, 0.000000000000000000, -1.000000000000000000 ) ) ;
#5655 = LINE ( 'NONE', #1117, #7882 ) ;
#5656 = PLANE ( 'NONE',  #2643 ) ;
#5657 = DIRECTION ( 'NONE',  ( 0.000000000000000000, 0.9925461516413219831, 0.1218693434051477537 ) ) ;
#5658 = CARTESIAN_POINT ( 'NONE',  ( -4.625000000000000888, -0.1834862943212428044, -2.747157848089624821 ) ) ;
#5659 = DIRECTION ( 'NONE',  ( -1.000000000000000000, 0.000000000000000000, -0.000000000000000000 ) ) ;
#5660 = CARTESIAN_POINT ( 'NONE',  ( -2.095000000000001528, -0.4326855326006347480, 2.767151338054935295 ) ) ;
#5661 = ORIENTED_EDGE ( 'NONE', *, *, #979, .F. ) ;
#5662 = AXIS2_PLACEMENT_3D ( 'NONE', #4007, #10346, #4069 ) ;
#5663 = CARTESIAN_POINT ( 'NONE',  ( 0.4449999999999992295, -0.4462811057770261769, 2.597695856024975214 ) ) ;
#5664 = ADVANCED_FACE ( 'NONE', ( #3408 ), #840, .F. ) ;
#5665 = EDGE_LOOP ( 'NONE', ( #1311, #8828, #9506, #5028 ) ) ;
#5666 = ORIENTED_EDGE ( 'NONE', *, *, #3074, .F. ) ;
#5667 = LINE ( 'NONE', #55, #6224 ) ;
#5668 = LINE ( 'NONE', #11104, #8961 ) ;
#5669 = EDGE_LOOP ( 'NONE', ( #2375, #7746, #10628, #2184, #5459, #3514, #1428, #308 ) ) ;
#5670 = EDGE_CURVE ( 'NONE', #7261, #9681, #10860, .T. ) ;
#5671 = ORIENTED_EDGE ( 'NONE', *, *, #5033, .T. ) ;
#5672 = DIRECTION ( 'NONE',  ( 0.000000000000000000, -0.07997395986122911304, 0.9967969531173912490 ) ) ;
#5673 = DIRECTION ( 'NONE',  ( 0.000000000000000000, 1.000000000000000000, 0.000000000000000000 ) ) ;
#5674 = LINE ( 'NONE', #2866, #2856 ) ;
#5675 = DIRECTION ( 'NONE',  ( 1.000000000000000000, 0.000000000000000000, 0.000000000000000000 ) ) ;
#5676 = CARTESIAN_POINT ( 'NONE',  ( 2.084999999999999520, -0.1970818674976518581, -2.577702366059666961 ) ) ;
#5677 = AXIS2_PLACEMENT_3D ( 'NONE', #2447, #7938, #2680 ) ;
#5678 = AXIS2_PLACEMENT_3D ( 'NONE', #10148, #5605, #9243 ) ;
#5679 = VERTEX_POINT ( 'NONE', #10709 ) ;
#5680 = LINE ( 'NONE', #8252, #7398 ) ;
#5681 = DIRECTION ( 'NONE',  ( -1.000000000000000000, 0.000000000000000000, 0.000000000000000000 ) ) ;
#5682 = EDGE_LOOP ( 'NONE', ( #2710, #3617, #9402, #3603 ) ) ;
#5683 = CARTESIAN_POINT ( 'NONE',  ( 0.7899999999999999245, -0.1918287497687165000, 2.577280903468829099 ) ) ;
#5684 = DIRECTION ( 'NONE',  ( 0.000000000000000000, -1.000000000000000000, 0.000000000000000000 ) ) ;
#5685 = EDGE_CURVE ( 'NONE', #336, #6869, #1206, .T. ) ;
#5686 = ORIENTED_EDGE ( 'NONE', *, *, #2906, .T. ) ;
#5687 = FACE_OUTER_BOUND ( 'NONE', #11507, .T. ) ;
#5688 = DIRECTION ( 'NONE',  ( 1.000000000000000000, 0.000000000000000000, 0.000000000000000000 ) ) ;
#5689 = VECTOR ( 'NONE', #5014, 1000.000000000000114 ) ;
#5690 = LINE ( 'NONE', #11125, #7469 ) ;
#5691 = LINE ( 'NONE', #11066, #5180 ) ;
#5692 = EDGE_CURVE ( 'NONE', #10851, #9622, #6629, .T. ) ;
#5693 = AXIS2_PLACEMENT_3D ( 'NONE', #6115, #722, #4378 ) ;
#5694 = VECTOR ( 'NONE', #6231, 1000.000000000000000 ) ;
#5695 = DIRECTION ( 'NONE',  ( 0.000000000000000000, 0.9967969531173912490, 0.07997395986122911304 ) ) ;
#5696 = DIRECTION ( 'NONE',  ( 0.000000000000000000, 0.000000000000000000, -1.000000000000000000 ) ) ;
#5697 = VERTEX_POINT ( 'NONE', #8490 ) ;
#5698 = DIRECTION ( 'NONE',  ( 0.000000000000000000, 0.07997395986122909917, 0.9967969531173911379 ) ) ;
#5699 = VECTOR ( 'NONE', #5547, 1000.000000000000000 ) ;
#5700 = CARTESIAN_POINT ( 'NONE',  ( -3.020000000000000018, 0.000000000000000000, -3.000000000000000000 ) ) ;
#5701 = VERTEX_POINT ( 'NONE', #11048 ) ;
#5702 = AXIS2_PLACEMENT_3D ( 'NONE', #9479, #2314, #3085 ) ;
#5703 = ORIENTED_EDGE ( 'NONE', *, *, #5913, .F. ) ;
#5704 = CARTESIAN_POINT ( 'NONE',  ( 2.059999999999999609, -0.5549999999999993827, -2.870861070673345061 ) ) ;
#5705 = EDGE_CURVE ( 'NONE', #6383, #7291, #2868, .T. ) ;
#5706 = VERTEX_POINT ( 'NONE', #1020 ) ;
#5707 = ORIENTED_EDGE ( 'NONE', *, *, #5112, .F. ) ;
#5708 = ORIENTED_EDGE ( 'NONE', *, *, #8486, .F. ) ;
#5709 = DIRECTION ( 'NONE',  ( 0.000000000000000000, -0.07997395986122909917, -0.9967969531173911379 ) ) ;
#5710 = VECTOR ( 'NONE', #9334, 1000.000000000000000 ) ;
#5711 = DIRECTION ( 'NONE',  ( 0.000000000000000000, 0.000000000000000000, -1.000000000000000000 ) ) ;
#5712 = CARTESIAN_POINT ( 'NONE',  ( -0.7900000000000003686, 0.2178238306527182089, 2.714960358193412304 ) ) ;
#5713 = VECTOR ( 'NONE', #7510, 1000.000000000000000 ) ;
#5714 = PLANE ( 'NONE',  #7035 ) ;
#5715 = AXIS2_PLACEMENT_3D ( 'NONE', #6067, #5280, #3433 ) ;
#5716 = VECTOR ( 'NONE', #5435, 1000.000000000000000 ) ;
#5717 = DIRECTION ( 'NONE',  ( 0.000000000000000000, -0.000000000000000000, -1.000000000000000000 ) ) ;
#5718 = VECTOR ( 'NONE', #3828, 1000.000000000000114 ) ;
#5719 = CARTESIAN_POINT ( 'NONE',  ( -3.020000000000000018, 0.2042282574763048253, -2.545504876163455776 ) ) ;
#5720 = EDGE_CURVE ( 'NONE', #7857, #11793, #2098, .T. ) ;
#5721 = ORIENTED_EDGE ( 'NONE', *, *, #5252, .T. ) ;
#5722 = ORIENTED_EDGE ( 'NONE', *, *, #686, .T. ) ;
#5723 = VERTEX_POINT ( 'NONE', #2797 ) ;
#5724 = CARTESIAN_POINT ( 'NONE',  ( 0.7899999999999999245, -0.08500000000000003386, 1.939563312323252742 ) ) ;
#5725 = LINE ( 'NONE', #7374, #4271 ) ;
#5726 = VECTOR ( 'NONE', #6169, 1000.000000000000114 ) ;
#5727 = FACE_OUTER_BOUND ( 'NONE', #8605, .T. ) ;
#5728 = VECTOR ( 'NONE', #8099, 1000.000000000000000 ) ;
#5729 = VECTOR ( 'NONE', #2878, 999.9999999999998863 ) ;
#5730 = DIRECTION ( 'NONE',  ( 0.000000000000000000, 0.9967969531173912490, 0.07997395986122911304 ) ) ;
#5731 = CARTESIAN_POINT ( 'NONE',  ( -3.020000000000000018, -0.08500000000000000611, 2.461537905304634677 ) ) ;
#5732 = DIRECTION ( 'NONE',  ( 0.000000000000000000, 1.000000000000000000, 0.000000000000000000 ) ) ;
#5733 = FILL_AREA_STYLE_COLOUR ( '', #11013 ) ;
#5734 = ORIENTED_EDGE ( 'NONE', *, *, #1885, .T. ) ;
#5735 = CIRCLE ( 'NONE', #9561, 0.2717314392126214395 ) ;
#5736 = ORIENTED_EDGE ( 'NONE', *, *, #6405, .F. ) ;
#5737 = AXIS2_PLACEMENT_3D ( 'NONE', #5574, #121, #10942 ) ;
#5738 = VECTOR ( 'NONE', #274, 999.9999999999998863 ) ;
#5739 = ORIENTED_EDGE ( 'NONE', *, *, #8043, .T. ) ;
#5740 = ORIENTED_EDGE ( 'NONE', *, *, #7618, .F. ) ;
#5741 = DIRECTION ( 'NONE',  ( 1.000000000000000000, 0.000000000000000000, 0.000000000000000000 ) ) ;
#5742 = DIRECTION ( 'NONE',  ( 0.000000000000000000, 0.000000000000000000, -1.000000000000000000 ) ) ;
#5743 = VERTEX_POINT ( 'NONE', #6514 ) ;
#5744 = VERTEX_POINT ( 'NONE', #1974 ) ;
#5745 = DIRECTION ( 'NONE',  ( 0.000000000000000000, 0.000000000000000000, -1.000000000000000000 ) ) ;
#5746 = DIRECTION ( 'NONE',  ( 0.9925461516413219831, -0.1218693434051477398, 0.000000000000000000 ) ) ;
#5747 = CARTESIAN_POINT ( 'NONE',  ( 3.019999999999999574, -0.6505093632533088810, -0.05219097986151956942 ) ) ;
#5748 = DIRECTION ( 'NONE',  ( 0.000000000000000000, 0.000000000000000000, -1.000000000000000000 ) ) ;
#5749 = VECTOR ( 'NONE', #6624, 1000.000000000000000 ) ;
#5750 = VECTOR ( 'NONE', #1862, 1000.000000000000000 ) ;
#5751 = EDGE_CURVE ( 'NONE', #9570, #3326, #1917, .T. ) ;
#5752 = LINE ( 'NONE', #1075, #1323 ) ;
#5753 = LINE ( 'NONE', #2931, #3813 ) ;
#5754 = ORIENTED_EDGE ( 'NONE', *, *, #3483, .T. ) ;
#5755 = DIRECTION ( 'NONE',  ( 1.000000000000000000, -0.000000000000000000, 0.000000000000000000 ) ) ;
#5756 = FILL_AREA_STYLE ('',( #3061 ) ) ;
#5757 = VECTOR ( 'NONE', #154, 1000.000000000000000 ) ;
#5758 = ORIENTED_EDGE ( 'NONE', *, *, #1319, .F. ) ;
#5759 = CARTESIAN_POINT ( 'NONE',  ( 4.289999999999999147, -0.2011149196957552621, -2.461537905304631568 ) ) ;
#5760 = LINE ( 'NONE', #10042, #10871 ) ;
#5761 = CARTESIAN_POINT ( 'NONE',  ( 0.4799999999999995381, 0.000000000000000000, -1.949999999999999956 ) ) ;
#5762 = CARTESIAN_POINT ( 'NONE',  ( 2.984999999999998987, -0.1834862943212517139, 2.747157848089625265 ) ) ;
#5763 = EDGE_CURVE ( 'NONE', #8266, #3377, #3646, .T. ) ;
#5764 = CARTESIAN_POINT ( 'NONE',  ( 4.599999999999999645, -0.5550000000000000488, -3.000000000000000000 ) ) ;
#5765 = CARTESIAN_POINT ( 'NONE',  ( -4.625000000000000888, -0.4326855326005906166, -2.767151338054931742 ) ) ;
#5766 = VERTEX_POINT ( 'NONE', #10163 ) ;
#5767 = DIRECTION ( 'NONE',  ( 0.000000000000000000, 1.867464018106093513E-15, -1.000000000000000000 ) ) ;
#5768 = CARTESIAN_POINT ( 'NONE',  ( -2.995000000000000107, -0.4813330637901492848, -2.160807586281502157 ) ) ;
#5769 = ORIENTED_EDGE ( 'NONE', *, *, #3470, .F. ) ;
#5770 = EDGE_LOOP ( 'NONE', ( #9725, #4919, #3275, #10902 ) ) ;
#5771 = CARTESIAN_POINT ( 'NONE',  ( 1.749999999999999778, -0.4013101249739610688, -0.03219748989621229462 ) ) ;
#5772 = EDGE_CURVE ( 'NONE', #8709, #3501, #5620, .T. ) ;
#5773 = ORIENTED_EDGE ( 'NONE', *, *, #3823, .T. ) ;
#5774 = ORIENTED_EDGE ( 'NONE', *, *, #5130, .F. ) ;
#5775 = CARTESIAN_POINT ( 'NONE',  ( -2.060000000000000497, -0.7249999999999999778, 3.000000000000000000 ) ) ;
#5776 = VECTOR ( 'NONE', #1592, 1000.000000000000000 ) ;
#5777 = PLANE ( 'NONE',  #9530 ) ;
#5778 = DIRECTION ( 'NONE',  ( 1.000000000000000000, 0.000000000000000000, -0.000000000000000000 ) ) ;
#5779 = EDGE_CURVE ( 'NONE', #6207, #2554, #1136, .T. ) ;
#5780 = CARTESIAN_POINT ( 'NONE',  ( 0.4799999999999999267, 0.2042282574763048253, 2.545504876163455776 ) ) ;
#5781 = VECTOR ( 'NONE', #943, 1000.000000000000000 ) ;
#5782 = DIRECTION ( 'NONE',  ( -1.000000000000000000, 0.000000000000000000, 0.000000000000000000 ) ) ;
#5783 = DIRECTION ( 'NONE',  ( 0.000000000000000000, 0.000000000000000000, -1.000000000000000000 ) ) ;
#5784 = ORIENTED_EDGE ( 'NONE', *, *, #10135, .T. ) ;
#5785 = ORIENTED_EDGE ( 'NONE', *, *, #4046, .T. ) ;
#5786 = ORIENTED_EDGE ( 'NONE', *, *, #7098, .F. ) ;
#5787 = ORIENTED_EDGE ( 'NONE', *, *, #4165, .F. ) ;
#5788 = EDGE_CURVE ( 'NONE', #3041, #4965, #4607, .T. ) ;
#5789 = PLANE ( 'NONE',  #8812 ) ;
#5790 = AXIS2_PLACEMENT_3D ( 'NONE', #9014, #6371, #5476 ) ;
#5791 = CARTESIAN_POINT ( 'NONE',  ( -3.330000000000000071, -0.4614044268235938384, 2.769455482029957061 ) ) ;
#5792 = CARTESIAN_POINT ( 'NONE',  ( -0.4800000000000003708, -0.4462811057769997536, -2.597695856024973882 ) ) ;
#5793 = LINE ( 'NONE', #8281, #7287 ) ;
#5794 = EDGE_CURVE ( 'NONE', #5858, #8481, #7818, .T. ) ;
#5795 = CARTESIAN_POINT ( 'NONE',  ( -1.725000000000000755, -0.2321338255108014725, -2.140814096316195236 ) ) ;
#5796 = CARTESIAN_POINT ( 'NONE',  ( 0.7899999999999999245, 0.08500000000000000611, 2.461537905304632012 ) ) ;
#5797 = FACE_OUTER_BOUND ( 'NONE', #6538, .T. ) ;
#5798 = ORIENTED_EDGE ( 'NONE', *, *, #8888, .F. ) ;
#5799 = EDGE_LOOP ( 'NONE', ( #11335, #7236, #2397, #9724 ) ) ;
#5800 = EDGE_LOOP ( 'NONE', ( #6868, #6737, #4261, #9954, #9491, #6009, #6604, #1060, #10390, #9543, #6439, #5852 ) ) ;
#5801 = ORIENTED_EDGE ( 'NONE', *, *, #9411, .T. ) ;
#5802 = CARTESIAN_POINT ( 'NONE',  ( -4.625000000000000888, -0.1834862943212428044, -2.747157848089624821 ) ) ;
#5803 = FACE_OUTER_BOUND ( 'NONE', #10558, .T. ) ;
#5804 = ORIENTED_EDGE ( 'NONE', *, *, #8546, .T. ) ;
#5805 = ORIENTED_EDGE ( 'NONE', *, *, #3955, .F. ) ;
#5806 = LINE ( 'NONE', #1970, #8989 ) ;
#5807 = FACE_OUTER_BOUND ( 'NONE', #6952, .T. ) ;
#5808 = DIRECTION ( 'NONE',  ( 1.000000000000000000, 0.000000000000000000, 0.000000000000000000 ) ) ;
#5809 = CARTESIAN_POINT ( 'NONE',  ( -0.4800000000000003708, 0.08500000000000000611, -2.461537905304632012 ) ) ;
#5810 = EDGE_LOOP ( 'NONE', ( #2567, #3798, #9206, #8638, #11498, #410, #11453, #294, #11700 ) ) ;
#5811 = DIRECTION ( 'NONE',  ( 0.000000000000000000, 0.07997395986122911304, -0.9967969531173912490 ) ) ;
#5812 = DIRECTION ( 'NONE',  ( -1.000000000000000000, 0.000000000000000000, 0.000000000000000000 ) ) ;
#5813 = ORIENTED_EDGE ( 'NONE', *, *, #1373, .F. ) ;
#5814 = CARTESIAN_POINT ( 'NONE',  ( -4.290000000000000036, 0.000000000000000000, 3.000000000000000000 ) ) ;
#5815 = EDGE_CURVE ( 'NONE', #859, #24, #5498, .T. ) ;
#5816 = DIRECTION ( 'NONE',  ( 1.000000000000000000, 0.000000000000000000, 0.000000000000000000 ) ) ;
#5817 = EDGE_CURVE ( 'NONE', #846, #9521, #1141, .T. ) ;
#5818 = LINE ( 'NONE', #442, #3434 ) ;
#5819 = CARTESIAN_POINT ( 'NONE',  ( 0.4549999999999996825, -0.1834862943212428044, -2.747157848089624821 ) ) ;
#5820 = DIRECTION ( 'NONE',  ( 0.000000000000000000, 5.037375692079792934E-15, -1.000000000000000000 ) ) ;
#5821 = CARTESIAN_POINT ( 'NONE',  ( 3.019999999999999574, -0.2011149196957552621, 2.461537905304631568 ) ) ;
#5822 = ORIENTED_EDGE ( 'NONE', *, *, #5842, .F. ) ;
#5823 = CARTESIAN_POINT ( 'NONE',  ( -2.060000000000000497, -0.4532685607873790379, -2.870861070673345061 ) ) ;
#5824 = LINE ( 'NONE', #4929, #4768 ) ;
#5825 = VERTEX_POINT ( 'NONE', #2742 ) ;
#5826 = ORIENTED_EDGE ( 'NONE', *, *, #3478, .F. ) ;
#5827 = CARTESIAN_POINT ( 'NONE',  ( -3.330000000000000071, -0.1834862943212428044, -2.747157848089624821 ) ) ;
#5828 = EDGE_LOOP ( 'NONE', ( #2630, #57, #8111, #251, #5430, #3539, #2977, #5003 ) ) ;
#5829 = ORIENTED_EDGE ( 'NONE', *, *, #7160, .F. ) ;
#5830 = LINE ( 'NONE', #10381, #10516 ) ;
#5831 = EDGE_CURVE ( 'NONE', #11818, #3413, #6389, .T. ) ;
#5832 = CARTESIAN_POINT ( 'NONE',  ( 0.4799999999999999267, 0.000000000000000000, -3.000000000000000000 ) ) ;
#5833 = CARTESIAN_POINT ( 'NONE',  ( 3.019999999999999130, 0.08500000000000000611, 1.939563312323252964 ) ) ;
#5834 = ADVANCED_FACE ( 'NONE', ( #64 ), #6573, .F. ) ;
#5835 = LINE ( 'NONE', #9484, #2833 ) ;
#5836 = CARTESIAN_POINT ( 'NONE',  ( -4.265000000000000568, -0.1834862943212428044, -2.747157848089624821 ) ) ;
#5837 = CARTESIAN_POINT ( 'NONE',  ( -3.330000000000000071, -0.7250000000000049738, -1.217365792252620583E-15 ) ) ;
#5838 = ORIENTED_EDGE ( 'NONE', *, *, #6054, .F. ) ;
#5839 = ORIENTED_EDGE ( 'NONE', *, *, #2103, .F. ) ;
#5840 = ORIENTED_EDGE ( 'NONE', *, *, #3543, .T. ) ;
#5841 = ORIENTED_EDGE ( 'NONE', *, *, #5047, .T. ) ;
#5842 = EDGE_CURVE ( 'NONE', #4777, #6, #9398, .T. ) ;
#5843 = LINE ( 'NONE', #6071, #8560 ) ;
#5844 = DIRECTION ( 'NONE',  ( 1.000000000000000000, 0.000000000000000000, 0.000000000000000000 ) ) ;
#5845 = CARTESIAN_POINT ( 'NONE',  ( -3.365000000000000657, -0.1970818674977057039, 2.577702366059670958 ) ) ;
#5846 = CARTESIAN_POINT ( 'NONE',  ( -2.095000000000001528, -0.2334590321417788772, 2.124296695724089190 ) ) ;
#5847 = EDGE_CURVE ( 'NONE', #6915, #5113, #10031, .T. ) ;
#5848 = CARTESIAN_POINT ( 'NONE',  ( -0.4800000000000003708, -0.08500000000000000611, 0.000000000000000000 ) ) ;
#5849 = DIRECTION ( 'NONE',  ( 0.000000000000000000, 1.679125230693258263E-15, -1.000000000000000000 ) ) ;
#5850 = CARTESIAN_POINT ( 'NONE',  ( -2.060000000000000497, -0.4532685607873790379, 2.870861070673345061 ) ) ;
#5851 = ORIENTED_EDGE ( 'NONE', *, *, #9269, .T. ) ;
#5852 = ORIENTED_EDGE ( 'NONE', *, *, #7931, .T. ) ;
#5853 = ORIENTED_EDGE ( 'NONE', *, *, #1975, .T. ) ;
#5854 = ORIENTED_EDGE ( 'NONE', *, *, #9348, .F. ) ;
#5855 = CYLINDRICAL_SURFACE ( 'NONE', #3964, 0.2861149196957549767 ) ;
#5856 = CARTESIAN_POINT ( 'NONE',  ( 4.254999999999999005, -0.1970818674976518858, 2.577702366059666961 ) ) ;
#5857 = EDGE_LOOP ( 'NONE', ( #4764, #183, #10469, #7731 ) ) ;
#5858 = VERTEX_POINT ( 'NONE', #7337 ) ;
#5859 = EDGE_CURVE ( 'NONE', #8996, #6549, #4972, .T. ) ;
#5860 = CARTESIAN_POINT ( 'NONE',  ( 1.749999999999999778, 0.2178238306527182089, -2.714960358193412304 ) ) ;
#5861 = EDGE_CURVE ( 'NONE', #9023, #9422, #246, .T. ) ;
#5862 = CARTESIAN_POINT ( 'NONE',  ( 4.950000000000000178, 0.000000000000000000, 1.949999999999999956 ) ) ;
#5863 = PLANE ( 'NONE',  #9152 ) ;
#5864 = PLANE ( 'NONE',  #7429 ) ;
#5865 = AXIS2_PLACEMENT_3D ( 'NONE', #10457, #6753, #11293 ) ;
#5866 = ORIENTED_EDGE ( 'NONE', *, *, #913, .F. ) ;
#5867 = CARTESIAN_POINT ( 'NONE',  ( 0.8249999999999992895, -0.1834862943212693387, 2.747157848089626597 ) ) ;
#5868 = LINE ( 'NONE', #11304, #8013 ) ;
#5869 = ORIENTED_EDGE ( 'NONE', *, *, #3424, .T. ) ;
#5870 = CARTESIAN_POINT ( 'NONE',  ( 0.4799999999999999267, -0.08500000000000000611, 2.461537905304634677 ) ) ;
#5871 = ADVANCED_FACE ( 'NONE', ( #8615 ), #9687, .F. ) ;
#5872 = CARTESIAN_POINT ( 'NONE',  ( 0.4799999999999999267, 0.2178238306527182089, 2.714960358193412304 ) ) ;
#5873 = VECTOR ( 'NONE', #9190, 1000.000000000000000 ) ;
#5874 = FACE_OUTER_BOUND ( 'NONE', #6341, .T. ) ;
#5875 = DIRECTION ( 'NONE',  ( 0.000000000000000000, 0.000000000000000000, -1.000000000000000000 ) ) ;
#5876 = FACE_OUTER_BOUND ( 'NONE', #9130, .T. ) ;
#5877 = CYLINDRICAL_SURFACE ( 'NONE', #11213, 0.2861149196957549767 ) ;
#5878 = ORIENTED_EDGE ( 'NONE', *, *, #7876, .F. ) ;
#5879 = DIRECTION ( 'NONE',  ( 0.000000000000000000, 0.000000000000000000, -1.000000000000000000 ) ) ;
#5880 = CARTESIAN_POINT ( 'NONE',  ( 4.289999999999999147, -0.5550000000000000488, 3.000000000000000000 ) ) ;
#5881 = ORIENTED_EDGE ( 'NONE', *, *, #11085, .T. ) ;
#5882 = ORIENTED_EDGE ( 'NONE', *, *, #1419, .T. ) ;
#5883 = PLANE ( 'NONE',  #6817 ) ;
#5884 = VERTEX_POINT ( 'NONE', #6037 ) ;
#5885 =( GEOMETRIC_REPRESENTATION_CONTEXT ( 3 ) GLOBAL_UNCERTAINTY_ASSIGNED_CONTEXT ( ( #11503 ) ) GLOBAL_UNIT_ASSIGNED_CONTEXT ( ( #5975, #1251, #7700 ) ) REPRESENTATION_CONTEXT ( 'NONE', 'WORKASPACE' ) );
#5886 = EDGE_LOOP ( 'NONE', ( #3287, #8572, #449, #5375 ) ) ;
#5887 = LINE ( 'NONE', #6659, #3252 ) ;
#5888 = CARTESIAN_POINT ( 'NONE',  ( 4.289999999999999147, 0.2178238306527182089, -2.714960358193412304 ) ) ;
#5889 = DIRECTION ( 'NONE',  ( 0.000000000000000000, -0.9967969531173912490, 0.07997395986122736444 ) ) ;
#5890 = AXIS2_PLACEMENT_3D ( 'NONE', #10240, #5636, #5698 ) ;
#5891 = VECTOR ( 'NONE', #7195, 1000.000000000000114 ) ;
#5892 = UNCERTAINTY_MEASURE_WITH_UNIT (LENGTH_MEASURE( 1.000000000000000082E-05 ), #4861, 'distance_accuracy_value', 'NONE');
#5893 = DIRECTION ( 'NONE',  ( 0.000000000000000000, 0.000000000000000000, -1.000000000000000000 ) ) ;
#5894 = ADVANCED_FACE ( 'NONE', ( #3954 ), #4078, .T. ) ;
#5895 = CARTESIAN_POINT ( 'NONE',  ( 3.364999999999998881, -0.1970818674976607121, 2.577702366059667405 ) ) ;
#5896 = CARTESIAN_POINT ( 'NONE',  ( 3.019999999999999130, 0.000000000000000000, 1.949999999999999956 ) ) ;
#5897 = VECTOR ( 'NONE', #4611, 1000.000000000000000 ) ;
#5898 = VECTOR ( 'NONE', #11783, 1000.000000000000000 ) ;
#5899 = ORIENTED_EDGE ( 'NONE', *, *, #5779, .F. ) ;
#5900 = ORIENTED_EDGE ( 'NONE', *, *, #6482, .T. ) ;
#5901 = VERTEX_POINT ( 'NONE', #10354 ) ;
#5902 = EDGE_LOOP ( 'NONE', ( #3869, #915, #6307, #7628 ) ) ;
#5903 = ADVANCED_FACE ( 'NONE', ( #6701 ), #2163, .F. ) ;
#5904 = VECTOR ( 'NONE', #4632, 1000.000000000000000 ) ;
#5905 = FACE_OUTER_BOUND ( 'NONE', #7827, .T. ) ;
#5906 = AXIS2_PLACEMENT_3D ( 'NONE', #11139, #2951, #1176 ) ;
#5907 = DIRECTION ( 'NONE',  ( 1.000000000000000000, 0.000000000000000000, 0.000000000000000000 ) ) ;
#5908 = EDGE_CURVE ( 'NONE', #4342, #6674, #7836, .T. ) ;
#5909 = PLANE ( 'NONE',  #5206 ) ;
#5910 = VECTOR ( 'NONE', #5782, 1000.000000000000000 ) ;
#5911 = VECTOR ( 'NONE', #908, 999.9999999999998863 ) ;
#5912 = DIRECTION ( 'NONE',  ( 0.000000000000000000, 0.000000000000000000, -1.000000000000000000 ) ) ;
#5913 = EDGE_CURVE ( 'NONE', #90, #3822, #11234, .T. ) ;
#5914 = DIRECTION ( 'NONE',  ( -1.000000000000000000, 0.000000000000000000, 0.000000000000000000 ) ) ;
#5915 = DIRECTION ( 'NONE',  ( 0.000000000000000000, -0.9967969531173912490, -0.07997395986122736444 ) ) ;
#5916 = ORIENTED_EDGE ( 'NONE', *, *, #6342, .F. ) ;
#5917 = CIRCLE ( 'NONE', #6866, 0.2717314392126214395 ) ;
#5918 = VERTEX_POINT ( 'NONE', #5809 ) ;
#5919 = ORIENTED_EDGE ( 'NONE', *, *, #11004, .F. ) ;
#5920 = ORIENTED_EDGE ( 'NONE', *, *, #4808, .F. ) ;
#5921 = CARTESIAN_POINT ( 'NONE',  ( 4.264999999999999680, -0.1970818674976518858, -2.577702366059666961 ) ) ;
#5922 = FACE_OUTER_BOUND ( 'NONE', #6408, .T. ) ;
#5923 = VERTEX_POINT ( 'NONE', #9456 ) ;
#5924 = ADVANCED_FACE ( 'NONE', ( #3298 ), #5864, .F. ) ;
#5925 = AXIS2_PLACEMENT_3D ( 'NONE', #6005, #1466, #566 ) ;
#5926 = VECTOR ( 'NONE', #4372, 1000.000000000000000 ) ;
#5927 = CARTESIAN_POINT ( 'NONE',  ( 3.019999999999999130, 0.000000000000000000, 1.949999999999999956 ) ) ;
#5928 = CARTESIAN_POINT ( 'NONE',  ( 0.4799999999999999267, 0.2042282574763048253, 2.545504876163455776 ) ) ;
#5929 = LINE ( 'NONE', #6153, #7435 ) ;
#5930 = CARTESIAN_POINT ( 'NONE',  ( 0.8149999999999997247, -0.1970818674976518581, -2.577702366059666961 ) ) ;
#5932 = EDGE_CURVE ( 'NONE', #2550, #4248, #7654, .T. ) ;
#5931 = VECTOR ( 'NONE', #3049, 1000.000000000000000 ) ;
#5933 = VECTOR ( 'NONE', #7092, 1000.000000000000000 ) ;
#5934 = MECHANICAL_DESIGN_GEOMETRIC_PRESENTATION_REPRESENTATION (  '', ( #11460 ), #7838 ) ;
#5935 = ORIENTED_EDGE ( 'NONE', *, *, #7950, .T. ) ;
#5936 = CARTESIAN_POINT ( 'NONE',  ( -2.060000000000000497, -0.5549999999999849498, 2.795743509104209498E-15 ) ) ;
#5937 = DIRECTION ( 'NONE',  ( 1.000000000000000000, 0.000000000000000000, 0.000000000000000000 ) ) ;
#5938 = ORIENTED_EDGE ( 'NONE', *, *, #1586, .T. ) ;
#5939 = LINE ( 'NONE', #8854, #6861 ) ;
#5940 = VERTEX_POINT ( 'NONE', #1265 ) ;
#5941 = DIRECTION ( 'NONE',  ( 1.000000000000000000, 0.000000000000000000, 0.000000000000000000 ) ) ;
#5942 = EDGE_CURVE ( 'NONE', #1336, #5437, #5089, .T. ) ;
#5943 = CIRCLE ( 'NONE', #5737, 0.2861149196957545326 ) ;
#5944 = VECTOR ( 'NONE', #6464, 1000.000000000000000 ) ;
#5945 = LINE ( 'NONE', #4729, #11671 ) ;
#5946 = DIRECTION ( 'NONE',  ( 0.000000000000000000, 0.000000000000000000, -1.000000000000000000 ) ) ;
#5947 = EDGE_CURVE ( 'NONE', #8535, #8414, #431, .T. ) ;
#5948 = DIRECTION ( 'NONE',  ( 0.000000000000000000, 0.000000000000000000, -1.000000000000000000 ) ) ;
#5949 = ORIENTED_EDGE ( 'NONE', *, *, #7413, .T. ) ;
#5950 = VECTOR ( 'NONE', #10914, 1000.000000000000000 ) ;
#5951 = LINE ( 'NONE', #7673, #1863 ) ;
#5952 = DIRECTION ( 'NONE',  ( 0.000000000000000000, -1.000000000000000000, -1.679125230693258263E-15 ) ) ;
#5953 = EDGE_LOOP ( 'NONE', ( #627, #4359, #2069, #9956 ) ) ;
#5954 = EDGE_LOOP ( 'NONE', ( #9765, #3189, #11207, #8300, #5641, #10690, #1672, #2140, #6944, #11146, #279, #5032 ) ) ;
#5955 = DIRECTION ( 'NONE',  ( 0.000000000000000000, 0.000000000000000000, -1.000000000000000000 ) ) ;
#5956 = ORIENTED_EDGE ( 'NONE', *, *, #2766, .T. ) ;
#5957 = VERTEX_POINT ( 'NONE', #9515 ) ;
#5958 = CARTESIAN_POINT ( 'NONE',  ( 2.059999999999999609, 0.2042282574763048253, -2.545504876163455776 ) ) ;
#5959 = DIRECTION ( 'NONE',  ( 1.000000000000000000, 0.000000000000000000, 0.000000000000000000 ) ) ;
#5960 = DIRECTION ( 'NONE',  ( 0.000000000000000000, 0.1218693434051477537, -0.9925461516413219831 ) ) ;
#5961 = DIRECTION ( 'NONE',  ( -1.000000000000000000, 0.000000000000000000, 0.000000000000000000 ) ) ;
#5962 = FACE_OUTER_BOUND ( 'NONE', #2337, .T. ) ;
#5963 = PLANE ( 'NONE',  #7025 ) ;
#5964 = ORIENTED_EDGE ( 'NONE', *, *, #7574, .F. ) ;
#5965 = ORIENTED_EDGE ( 'NONE', *, *, #6608, .F. ) ;
#5966 = ORIENTED_EDGE ( 'NONE', *, *, #1744, .T. ) ;
#5967 = ORIENTED_EDGE ( 'NONE', *, *, #949, .T. ) ;
#5968 = CARTESIAN_POINT ( 'NONE',  ( 3.019999999999999574, 0.08500000000000000611, -2.461537905304632012 ) ) ;
#5969 = EDGE_CURVE ( 'NONE', #7929, #1662, #3171, .T. ) ;
#5970 = DIRECTION ( 'NONE',  ( -0.000000000000000000, 1.000000000000000000, -0.000000000000000000 ) ) ;
#5971 = DIRECTION ( 'NONE',  ( 0.000000000000000000, 0.000000000000000000, -1.000000000000000000 ) ) ;
#5972 = VECTOR ( 'NONE', #9001, 1000.000000000000114 ) ;
#5973 = FACE_OUTER_BOUND ( 'NONE', #4150, .T. ) ;
#5974 = CARTESIAN_POINT ( 'NONE',  ( 0.4449999999999992295, -0.4462811057770261214, 2.597695856024975658 ) ) ;
#5975 =( LENGTH_UNIT ( ) NAMED_UNIT ( * ) SI_UNIT ( .MILLI., .METRE. ) );
#5976 = VERTEX_POINT ( 'NONE', #2218 ) ;
#5977 = VERTEX_POINT ( 'NONE', #364 ) ;
#5978 = VERTEX_POINT ( 'NONE', #5148 ) ;
#5979 = ORIENTED_EDGE ( 'NONE', *, *, #2600, .F. ) ;
#5980 = CARTESIAN_POINT ( 'NONE',  ( 0.4799999999999999267, -0.5549999999999993827, 2.870861070673345061 ) ) ;
#5981 = VECTOR ( 'NONE', #2430, 1000.000000000000000 ) ;
#5982 = ORIENTED_EDGE ( 'NONE', *, *, #10949, .T. ) ;
#5983 = CARTESIAN_POINT ( 'NONE',  ( -0.4800000000000003708, -0.2011149196957552621, 2.461537905304631568 ) ) ;
#5984 = EDGE_CURVE ( 'NONE', #8036, #8753, #5038, .T. ) ;
#5985 = CARTESIAN_POINT ( 'NONE',  ( -2.060000000000000497, -0.2011149196957544016, -2.461537905304632012 ) ) ;
#5986 = DIRECTION ( 'NONE',  ( 0.000000000000000000, 0.9925461516413219831, 0.1218693434051477537 ) ) ;
#5987 = CARTESIAN_POINT ( 'NONE',  ( 4.289999999999999147, 0.08500000000000000611, 0.000000000000000000 ) ) ;
#5988 = DIRECTION ( 'NONE',  ( 0.000000000000000000, 0.9925461516413219831, 0.1218693434051477537 ) ) ;
#5989 = VECTOR ( 'NONE', #938, 1000.000000000000114 ) ;
#5990 = EDGE_CURVE ( 'NONE', #6964, #10158, #4978, .T. ) ;
#5991 = ORIENTED_EDGE ( 'NONE', *, *, #1804, .T. ) ;
#5992 = DIRECTION ( 'NONE',  ( 0.000000000000000000, 0.07997395986122911304, -0.9967969531173912490 ) ) ;
#5993 = LINE ( 'NONE', #1398, #4328 ) ;
#5994 = EDGE_LOOP ( 'NONE', ( #5062, #10085, #9928, #11218 ) ) ;
#5995 = EDGE_CURVE ( 'NONE', #10403, #8508, #1449, .T. ) ;
#5996 = CARTESIAN_POINT ( 'NONE',  ( -2.060000000000000497, -0.1918287497687165000, 2.577280903468829099 ) ) ;
#5997 = ORIENTED_EDGE ( 'NONE', *, *, #4610, .T. ) ;
#5998 = CARTESIAN_POINT ( 'NONE',  ( 1.749999999999999778, -0.2011149196957544016, -2.461537905304632012 ) ) ;
#5999 = EDGE_CURVE ( 'NONE', #4409, #7747, #484, .T. ) ;
#6000 = DIRECTION ( 'NONE',  ( 0.000000000000000000, 0.000000000000000000, -1.000000000000000000 ) ) ;
#6001 = CARTESIAN_POINT ( 'NONE',  ( 2.059999999999999609, 0.2042282574763048253, 2.545504876163455776 ) ) ;
#6002 = CARTESIAN_POINT ( 'NONE',  ( 2.059999999999999609, 0.000000000000000000, 0.000000000000000000 ) ) ;
#6003 = VERTEX_POINT ( 'NONE', #6880 ) ;
#6004 = CARTESIAN_POINT ( 'NONE',  ( 3.329999999999999627, -0.6505093632533175407, 0.05219097986152025637 ) ) ;
#6005 = CARTESIAN_POINT ( 'NONE',  ( -3.020000000000000018, -0.2011149196957552621, 2.461537905304631568 ) ) ;
#6006 = ORIENTED_EDGE ( 'NONE', *, *, #5599, .T. ) ;
#6007 = FACE_OUTER_BOUND ( 'NONE', #8621, .T. ) ;
#6008 = CARTESIAN_POINT ( 'NONE',  ( 2.984999999999998987, -0.4462811057770084133, 2.597695856024974770 ) ) ;
#6009 = ORIENTED_EDGE ( 'NONE', *, *, #197, .F. ) ;
#6010 = DIRECTION ( 'NONE',  ( 0.000000000000000000, -0.9967969531173912490, -0.07997395986122911304 ) ) ;
#6011 = EDGE_CURVE ( 'NONE', #1506, #8563, #10538, .T. ) ;
#6012 = EDGE_CURVE ( 'NONE', #5410, #1185, #6096, .T. ) ;
#6013 = LINE ( 'NONE', #6842, #4582 ) ;
#6014 = UNCERTAINTY_MEASURE_WITH_UNIT (LENGTH_MEASURE( 1.000000000000000082E-05 ), #3114, 'distance_accuracy_value', 'NONE');
#6015 = DIRECTION ( 'NONE',  ( -0.000000000000000000, 0.07997395986122737832, 0.9967969531173913600 ) ) ;
#6016 = LINE ( 'NONE', #8463, #3794 ) ;
#6017 = ORIENTED_EDGE ( 'NONE', *, *, #913, .T. ) ;
#6018 = ORIENTED_EDGE ( 'NONE', *, *, #6558, .F. ) ;
#6019 = EDGE_LOOP ( 'NONE', ( #548, #11305, #11815, #2332, #5417, #3845, #8710, #10937, #8602 ) ) ;
#6020 = EDGE_CURVE ( 'NONE', #298, #4689, #9748, .T. ) ;
#6021 = DIRECTION ( 'NONE',  ( 0.000000000000000000, -0.9967969531173912490, 0.07997395986122736444 ) ) ;
#6022 = FILL_AREA_STYLE_COLOUR ( '', #10565 ) ;
#6023 = CARTESIAN_POINT ( 'NONE',  ( -4.290000000000000036, 0.2042282574763048253, -2.545504876163455776 ) ) ;
#6024 = DIRECTION ( 'NONE',  ( 0.000000000000000000, 5.037375692079792934E-15, -1.000000000000000000 ) ) ;
#6025 = ADVANCED_FACE ( 'NONE', ( #10637 ), #2443, .T. ) ;
#6026 = LINE ( 'NONE', #9442, #1475 ) ;
#6027 = LINE ( 'NONE', #4294, #6244 ) ;
#6028 = ORIENTED_EDGE ( 'NONE', *, *, #8019, .T. ) ;
#6029 = VERTEX_POINT ( 'NONE', #11527 ) ;
#6030 = ORIENTED_EDGE ( 'NONE', *, *, #11667, .F. ) ;
#6031 = DIRECTION ( 'NONE',  ( 1.000000000000000000, -0.000000000000000000, 0.000000000000000000 ) ) ;
#6032 = ORIENTED_EDGE ( 'NONE', *, *, #4241, .F. ) ;
#6033 = DIRECTION ( 'NONE',  ( 0.000000000000000000, 0.000000000000000000, -1.000000000000000000 ) ) ;
#6034 = PLANE ( 'NONE',  #3881 ) ;
#6035 = DIRECTION ( 'NONE',  ( -1.000000000000000000, 0.000000000000000000, -0.000000000000000000 ) ) ;
#6036 = DIRECTION ( 'NONE',  ( 1.000000000000000000, 0.000000000000000000, 0.000000000000000000 ) ) ;
#6037 = CARTESIAN_POINT ( 'NONE',  ( -3.330000000000000071, -0.5550000000000000488, -3.000000000000000000 ) ) ;
#6038 = AXIS2_PLACEMENT_3D ( 'NONE', #3129, #2300, #10237 ) ;
#6039 = VERTEX_POINT ( 'NONE', #9153 ) ;
#6040 = EDGE_CURVE ( 'NONE', #9521, #8243, #6399, .T. ) ;
#6041 = DIRECTION ( 'NONE',  ( 0.000000000000000000, -0.07997395986122737832, 0.9967969531173913600 ) ) ;
#6042 = ORIENTED_EDGE ( 'NONE', *, *, #3156, .F. ) ;
#6043 = EDGE_LOOP ( 'NONE', ( #10675, #4331, #10292, #8035 ) ) ;
#6044 = LINE ( 'NONE', #5046, #5522 ) ;
#6045 = EDGE_LOOP ( 'NONE', ( #6942, #4299, #4679, #10122 ) ) ;
#6046 = FACE_OUTER_BOUND ( 'NONE', #10246, .T. ) ;
#6047 = VECTOR ( 'NONE', #10685, 1000.000000000000000 ) ;
#6048 = EDGE_CURVE ( 'NONE', #4832, #1168, #5760, .T. ) ;
#6049 = CARTESIAN_POINT ( 'NONE',  ( -0.4550000000000005151, -0.1970818674976526075, -2.577702366059666961 ) ) ;
#6050 = CARTESIAN_POINT ( 'NONE',  ( -0.7900000000000003686, 0.000000000000000000, 0.000000000000000000 ) ) ;
#6051 = CARTESIAN_POINT ( 'NONE',  ( -4.290000000000000036, -0.4750000000000020872, -2.599999999999999645 ) ) ;
#6052 = EDGE_CURVE ( 'NONE', #888, #5245, #7348, .T. ) ;
#6053 = EDGE_LOOP ( 'NONE', ( #5524, #1463, #7307, #3615 ) ) ;
#6054 = EDGE_CURVE ( 'NONE', #10596, #1230, #1860, .T. ) ;
#6055 = CARTESIAN_POINT ( 'NONE',  ( -4.255000000000000782, -0.1970818674977145024, 2.577702366059671846 ) ) ;
#6056 = FACE_OUTER_BOUND ( 'NONE', #4364, .T. ) ;
#6057 = ORIENTED_EDGE ( 'NONE', *, *, #2303, .T. ) ;
#6058 = VERTEX_POINT ( 'NONE', #15 ) ;
#6059 = DIRECTION ( 'NONE',  ( 0.000000000000000000, -0.9967969531173912490, -0.07997395986122909917 ) ) ;
#6060 = VECTOR ( 'NONE', #8865, 1000.000000000000114 ) ;
#6061 = ORIENTED_EDGE ( 'NONE', *, *, #1488, .T. ) ;
#6062 = PLANE ( 'NONE',  #8014 ) ;
#6063 = EDGE_CURVE ( 'NONE', #6003, #682, #4805, .T. ) ;
#6064 = PLANE ( 'NONE',  #6493 ) ;
#6065 = CARTESIAN_POINT ( 'NONE',  ( -3.365000000000000657, -0.1970818674977049267, 2.577702366059670958 ) ) ;
#6066 = EDGE_CURVE ( 'NONE', #4295, #5555, #8259, .T. ) ;
#6067 = CARTESIAN_POINT ( 'NONE',  ( 2.059999999999999609, -0.2011149196957544016, -2.461537905304632012 ) ) ;
#6068 = ORIENTED_EDGE ( 'NONE', *, *, #5670, .F. ) ;
#6069 = ORIENTED_EDGE ( 'NONE', *, *, #4249, .F. ) ;
#6070 = ORIENTED_EDGE ( 'NONE', *, *, #9260, .T. ) ;
#6071 = CARTESIAN_POINT ( 'NONE',  ( -1.750000000000000666, 0.000000000000000000, 1.949999999999999956 ) ) ;
#6072 = DIRECTION ( 'NONE',  ( -1.000000000000000000, -0.000000000000000000, -0.000000000000000000 ) ) ;
#6073 = CARTESIAN_POINT ( 'NONE',  ( 4.289999999999999147, 0.08500000000000000611, 2.461537905304632012 ) ) ;
#6074 = AXIS2_PLACEMENT_3D ( 'NONE', #348, #290, #3034 ) ;
#6075 = CARTESIAN_POINT ( 'NONE',  ( -0.7900000000000003686, -0.7249999999999999778, -3.000000000000000000 ) ) ;
#6076 = DIRECTION ( 'NONE',  ( 0.000000000000000000, 0.07997395986122909917, 0.9967969531173911379 ) ) ;
#6077 = EDGE_CURVE ( 'NONE', #9789, #11417, #9270, .T. ) ;
#6078 = VECTOR ( 'NONE', #1093, 1000.000000000000000 ) ;
#6079 = CIRCLE ( 'NONE', #3216, 0.1017314392126205669 ) ;
#6080 = DIRECTION ( 'NONE',  ( 1.000000000000000000, -0.000000000000000000, 0.000000000000000000 ) ) ;
#6081 = DIRECTION ( 'NONE',  ( -1.000000000000000000, 0.000000000000000000, -0.000000000000000000 ) ) ;
#6082 = ORIENTED_EDGE ( 'NONE', *, *, #4895, .T. ) ;
#6083 = AXIS2_PLACEMENT_3D ( 'NONE', #9384, #10338, #288 ) ;
#6084 = ORIENTED_EDGE ( 'NONE', *, *, #9353, .T. ) ;
#6085 = ORIENTED_EDGE ( 'NONE', *, *, #4432, .F. ) ;
#6086 = CARTESIAN_POINT ( 'NONE',  ( -4.600000000000000533, -0.4013101249740227972, 0.03219748989621723512 ) ) ;
#6087 = AXIS2_PLACEMENT_3D ( 'NONE', #1322, #2277, #11352 ) ;
#6088 = VERTEX_POINT ( 'NONE', #9342 ) ;
#6089 = DIRECTION ( 'NONE',  ( -1.000000000000000000, 0.000000000000000000, -0.000000000000000000 ) ) ;
#6090 = CARTESIAN_POINT ( 'NONE',  ( -3.020000000000000018, 0.2178238306527182089, -2.714960358193412304 ) ) ;
#6091 = AXIS2_PLACEMENT_3D ( 'NONE', #8583, #405, #3202 ) ;
#6092 = CARTESIAN_POINT ( 'NONE',  ( 0.4449999999999992295, -0.4326855326006170954, 2.767151338054933518 ) ) ;
#6093 = CARTESIAN_POINT ( 'NONE',  ( -0.7900000000000003686, 0.08500000000000000611, 2.461537905304632012 ) ) ;
#6094 = VECTOR ( 'NONE', #3123, 1000.000000000000114 ) ;
#6095 = CARTESIAN_POINT ( 'NONE',  ( 0.7899999999999999245, -0.5549999999999993827, -2.870861070673345061 ) ) ;
#6096 = LINE ( 'NONE', #6983, #194 ) ;
#6097 = VECTOR ( 'NONE', #8280, 1000.000000000000000 ) ;
#6098 = ORIENTED_EDGE ( 'NONE', *, *, #9180, .T. ) ;
#6099 = VECTOR ( 'NONE', #4277, 1000.000000000000000 ) ;
#6100 = CARTESIAN_POINT ( 'NONE',  ( 0.4449999999999992295, -0.1834862943212693387, 2.747157848089626597 ) ) ;
#6101 = VECTOR ( 'NONE', #6943, 1000.000000000000000 ) ;
#6102 = AXIS2_PLACEMENT_3D ( 'NONE', #4995, #8629, #4213 ) ;
#6103 = ORIENTED_EDGE ( 'NONE', *, *, #9785, .T. ) ;
#6104 = ORIENTED_EDGE ( 'NONE', *, *, #3657, .T. ) ;
#6105 = PLANE ( 'NONE',  #10101 ) ;
#6106 = ORIENTED_EDGE ( 'NONE', *, *, #1654, .F. ) ;
#6107 = LINE ( 'NONE', #1403, #7063 ) ;
#6108 = DIRECTION ( 'NONE',  ( 1.000000000000000000, 0.000000000000000000, 0.000000000000000000 ) ) ;
#6109 = DIRECTION ( 'NONE',  ( 0.000000000000000000, -0.000000000000000000, -1.000000000000000000 ) ) ;
#6110 = EDGE_CURVE ( 'NONE', #1196, #9232, #7298, .T. ) ;
#6111 = VECTOR ( 'NONE', #4198, 1000.000000000000000 ) ;
#6112 = VECTOR ( 'NONE', #7199, 999.9999999999998863 ) ;
#6113 = AXIS2_PLACEMENT_3D ( 'NONE', #10174, #4727, #2807 ) ;
#6114 = ORIENTED_EDGE ( 'NONE', *, *, #6783, .T. ) ;
#6115 = CARTESIAN_POINT ( 'NONE',  ( 4.289999999999999147, -0.2011149196957552621, 2.461537905304631568 ) ) ;
#6116 = DIRECTION ( 'NONE',  ( 0.000000000000000000, -0.9967969531173911379, 0.07997395986122908529 ) ) ;
#6117 = ORIENTED_EDGE ( 'NONE', *, *, #6405, .T. ) ;
#6118 = VERTEX_POINT ( 'NONE', #257 ) ;
#6119 = CARTESIAN_POINT ( 'NONE',  ( -0.8250000000000010658, -0.4462811057770350032, 2.597695856024976546 ) ) ;
#6120 = VECTOR ( 'NONE', #1722, 999.9999999999998863 ) ;
#6121 = AXIS2_PLACEMENT_3D ( 'NONE', #1751, #8257, #5397 ) ;
#6122 = CIRCLE ( 'NONE', #6303, 0.1161149196957549368 ) ;
#6123 = EDGE_CURVE ( 'NONE', #1905, #6029, #11265, .T. ) ;
#6124 = VERTEX_POINT ( 'NONE', #1928 ) ;
#6125 = DIRECTION ( 'NONE',  ( 1.000000000000000000, -0.000000000000000000, 0.000000000000000000 ) ) ;
#6126 = DIRECTION ( 'NONE',  ( 1.000000000000000000, 0.000000000000000000, 0.000000000000000000 ) ) ;
#6127 = EDGE_CURVE ( 'NONE', #3336, #8224, #4617, .T. ) ;
#6128 = EDGE_CURVE ( 'NONE', #8707, #6159, #5575, .T. ) ;
#6129 = VECTOR ( 'NONE', #6979, 1000.000000000000000 ) ;
#6130 = LINE ( 'NONE', #10667, #9546 ) ;
#6131 = EDGE_CURVE ( 'NONE', #10002, #11129, #10943, .T. ) ;
#6132 = CARTESIAN_POINT ( 'NONE',  ( -0.4800000000000003708, -0.4614044268235938384, 2.769455482029957061 ) ) ;
#6133 = ORIENTED_EDGE ( 'NONE', *, *, #5192, .T. ) ;
#6134 = ORIENTED_EDGE ( 'NONE', *, *, #7516, .F. ) ;
#6135 = ADVANCED_FACE ( 'NONE', ( #9214 ), #1218, .T. ) ;
#6136 = ORIENTED_EDGE ( 'NONE', *, *, #4984, .T. ) ;
#6137 = VECTOR ( 'NONE', #1115, 1000.000000000000114 ) ;
#6138 = EDGE_CURVE ( 'NONE', #7254, #4278, #7537, .T. ) ;
#6139 = DIRECTION ( 'NONE',  ( 0.000000000000000000, -0.9967969531173912490, -0.07997395986122736444 ) ) ;
#6140 = DIRECTION ( 'NONE',  ( -1.000000000000000000, 0.000000000000000000, 0.000000000000000000 ) ) ;
#6141 = DIRECTION ( 'NONE',  ( 1.000000000000000000, 0.000000000000000000, 0.000000000000000000 ) ) ;
#6142 = DIRECTION ( 'NONE',  ( 0.000000000000000000, -0.9967969531173912490, -0.07997395986122736444 ) ) ;
#6143 = ORIENTED_EDGE ( 'NONE', *, *, #5398, .F. ) ;
#6144 = EDGE_LOOP ( 'NONE', ( #3650, #4268, #6515, #5537 ) ) ;
#6145 = ORIENTED_EDGE ( 'NONE', *, *, #4657, .T. ) ;
#6146 = LINE ( 'NONE', #3783, #5728 ) ;
#6147 = ORIENTED_EDGE ( 'NONE', *, *, #7496, .F. ) ;
#6148 = LINE ( 'NONE', #11475, #11084 ) ;
#6149 = CIRCLE ( 'NONE', #4618, 0.2717314392126214395 ) ;
#6150 = PLANE ( 'NONE',  #7497 ) ;
#6151 = ADVANCED_FACE ( 'NONE', ( #2995 ), #1084, .F. ) ;
#6152 = DIRECTION ( 'NONE',  ( 0.000000000000000000, -0.9967969531173912490, -0.07997395986122911304 ) ) ;
#6153 = CARTESIAN_POINT ( 'NONE',  ( -3.365000000000000657, -0.4826582704211354602, 2.144290185689396999 ) ) ;
#6154 = ORIENTED_EDGE ( 'NONE', *, *, #4062, .F. ) ;
#6155 = CIRCLE ( 'NONE', #11500, 0.2861149196957549767 ) ;
#6156 = CARTESIAN_POINT ( 'NONE',  ( 2.060000000000000053, 0.000000000000000000, 1.949999999999999956 ) ) ;
#6157 = ORIENTED_EDGE ( 'NONE', *, *, #7980, .T. ) ;
#6158 = CARTESIAN_POINT ( 'NONE',  ( 3.329999999999999627, -0.4462811057769997536, -2.597695856024973882 ) ) ;
#6159 = VERTEX_POINT ( 'NONE', #2753 ) ;
#6160 = ORIENTED_EDGE ( 'NONE', *, *, #4026, .F. ) ;
#6161 = DIRECTION ( 'NONE',  ( 0.000000000000000000, -0.9967969531173912490, -0.07997395986122736444 ) ) ;
#6162 = CARTESIAN_POINT ( 'NONE',  ( -4.950000000000000178, 0.000000000000000000, -1.949999999999999956 ) ) ;
#6163 = LINE ( 'NONE', #7901, #6681 ) ;
#6164 = CARTESIAN_POINT ( 'NONE',  ( -4.600000000000000533, 0.2178238306527182089, 2.714960358193412304 ) ) ;
#6165 = VECTOR ( 'NONE', #5907, 1000.000000000000000 ) ;
#6166 = CARTESIAN_POINT ( 'NONE',  ( 2.094999999999999307, -0.1970818674976695106, 2.577702366059668293 ) ) ;
#6167 = ORIENTED_EDGE ( 'NONE', *, *, #4275, .F. ) ;
#6168 = LINE ( 'NONE', #6339, #6249 ) ;
#6169 = DIRECTION ( 'NONE',  ( 0.000000000000000000, 0.07997395986122909917, 0.9967969531173911379 ) ) ;
#6170 = ORIENTED_EDGE ( 'NONE', *, *, #1742, .T. ) ;
#6171 = LINE ( 'NONE', #7955, #7976 ) ;
#6172 = ADVANCED_FACE ( 'NONE', ( #192 ), #10111, .T. ) ;
#6173 = ORIENTED_EDGE ( 'NONE', *, *, #1815, .T. ) ;
#6174 = DIRECTION ( 'NONE',  ( -0.000000000000000000, -0.07997395986122911304, 0.9967969531173912490 ) ) ;
#6175 = DIRECTION ( 'NONE',  ( 1.000000000000000000, -0.000000000000000000, -0.000000000000000000 ) ) ;
#6176 = CARTESIAN_POINT ( 'NONE',  ( 1.749999999999999778, 0.08500000000000000611, 0.000000000000000000 ) ) ;
#6177 = LINE ( 'NONE', #8764, #6860 ) ;
#6178 = ORIENTED_EDGE ( 'NONE', *, *, #344, .F. ) ;
#6179 = EDGE_CURVE ( 'NONE', #586, #10126, #6582, .T. ) ;
#6180 = ORIENTED_EDGE ( 'NONE', *, *, #1293, .T. ) ;
#6181 = VERTEX_POINT ( 'NONE', #1154 ) ;
#6182 = ORIENTED_EDGE ( 'NONE', *, *, #4441, .F. ) ;
#6183 = LINE ( 'NONE', #6300, #10837 ) ;
#6184 = EDGE_CURVE ( 'NONE', #10963, #5158, #4781, .T. ) ;
#6185 = CARTESIAN_POINT ( 'NONE',  ( 3.329999999999999627, -0.7250000000000049738, -1.217365792252620583E-15 ) ) ;
#6186 = DIRECTION ( 'NONE',  ( -0.000000000000000000, 0.07997395986122737832, 0.9967969531173913600 ) ) ;
#6187 = CARTESIAN_POINT ( 'NONE',  ( -3.330000000000000071, 0.000000000000000000, -1.949999999999999956 ) ) ;
#6188 = CARTESIAN_POINT ( 'NONE',  ( -0.4800000000000003708, -0.4532685607873793709, -2.870861070673344617 ) ) ;
#6189 = EDGE_CURVE ( 'NONE', #1011, #2219, #9599, .T. ) ;
#6190 = DIRECTION ( 'NONE',  ( 1.000000000000000000, -0.000000000000000000, 0.000000000000000000 ) ) ;
#6191 = ORIENTED_EDGE ( 'NONE', *, *, #1559, .F. ) ;
#6192 = EDGE_CURVE ( 'NONE', #3777, #8086, #2658, .T. ) ;
#6193 = ORIENTED_EDGE ( 'NONE', *, *, #6063, .T. ) ;
#6194 = ORIENTED_EDGE ( 'NONE', *, *, #10777, .T. ) ;
#6195 = LINE ( 'NONE', #5244, #6112 ) ;
#6196 = ORIENTED_EDGE ( 'NONE', *, *, #9983, .F. ) ;
#6197 = DIRECTION ( 'NONE',  ( 0.000000000000000000, 0.000000000000000000, -1.000000000000000000 ) ) ;
#6198 = EDGE_CURVE ( 'NONE', #8679, #604, #2227, .T. ) ;
#6199 = CYLINDRICAL_SURFACE ( 'NONE', #9896, 0.2717314392126209954 ) ;
#6200 = DIRECTION ( 'NONE',  ( 1.000000000000000000, 0.000000000000000000, 0.000000000000000000 ) ) ;
#6201 = ADVANCED_FACE ( 'NONE', ( #557 ), #312, .T. ) ;
#6202 = PLANE ( 'NONE',  #1303 ) ;
#6203 = ORIENTED_EDGE ( 'NONE', *, *, #3493, .T. ) ;
#6204 = EDGE_CURVE ( 'NONE', #3717, #10941, #5818, .T. ) ;
#6205 = LINE ( 'NONE', #9846, #4922 ) ;
#6206 = ORIENTED_EDGE ( 'NONE', *, *, #2864, .T. ) ;
#6207 = VERTEX_POINT ( 'NONE', #9465 ) ;
#6208 = CARTESIAN_POINT ( 'NONE',  ( -0.4800000000000003708, -0.08500000000000003386, 1.939563312323252742 ) ) ;
#6209 = ORIENTED_EDGE ( 'NONE', *, *, #8704, .T. ) ;
#6210 = ORIENTED_EDGE ( 'NONE', *, *, #4762, .T. ) ;
#6211 = PLANE ( 'NONE',  #9378 ) ;
#6212 = DIRECTION ( 'NONE',  ( 0.000000000000000000, -0.9967969531173912490, 0.07997395986122736444 ) ) ;
#6213 = DIRECTION ( 'NONE',  ( 1.000000000000000000, 0.000000000000000000, 0.000000000000000000 ) ) ;
#6214 = ADVANCED_FACE ( 'NONE', ( #5874 ), #4088, .F. ) ;
#6215 = CYLINDRICAL_SURFACE ( 'NONE', #2626, 0.2861149196957549767 ) ;
#6216 = DIRECTION ( 'NONE',  ( 0.000000000000000000, -0.9967969531173912490, -0.07997395986122736444 ) ) ;
#6217 = ORIENTED_EDGE ( 'NONE', *, *, #6286, .T. ) ;
#6218 = AXIS2_PLACEMENT_3D ( 'NONE', #10420, #8499, #316 ) ;
#6219 = LINE ( 'NONE', #9863, #11037 ) ;
#6220 = ORIENTED_EDGE ( 'NONE', *, *, #771, .F. ) ;
#6221 = DIRECTION ( 'NONE',  ( 0.000000000000000000, 5.037375692079792934E-15, -1.000000000000000000 ) ) ;
#6222 = LINE ( 'NONE', #2754, #6894 ) ;
#6223 = EDGE_CURVE ( 'NONE', #4691, #8392, #10549, .T. ) ;
#6224 = VECTOR ( 'NONE', #3687, 1000.000000000000000 ) ;
#6225 = CARTESIAN_POINT ( 'NONE',  ( -0.7900000000000003686, 0.2178238306527182089, 2.714960358193412304 ) ) ;
#6226 = FACE_OUTER_BOUND ( 'NONE', #3883, .T. ) ;
#6227 = ORIENTED_EDGE ( 'NONE', *, *, #3937, .T. ) ;
#6228 = ORIENTED_EDGE ( 'NONE', *, *, #4984, .F. ) ;
#6229 = ORIENTED_EDGE ( 'NONE', *, *, #7555, .F. ) ;
#6230 = ORIENTED_EDGE ( 'NONE', *, *, #3062, .F. ) ;
#6231 = DIRECTION ( 'NONE',  ( 0.000000000000000000, 5.037375692079792934E-15, -1.000000000000000000 ) ) ;
#6232 = VECTOR ( 'NONE', #1965, 1000.000000000000000 ) ;
#6233 = DIRECTION ( 'NONE',  ( 0.000000000000000000, -0.07997395986122911304, 0.9967969531173912490 ) ) ;
#6234 = DIRECTION ( 'NONE',  ( 1.000000000000000000, -0.000000000000000000, 0.000000000000000000 ) ) ;
#6235 = EDGE_CURVE ( 'NONE', #5437, #5394, #6163, .T. ) ;
#6236 = CARTESIAN_POINT ( 'NONE',  ( 2.059999999999999609, -0.5550000000000000488, 3.000000000000000000 ) ) ;
#6237 = DIRECTION ( 'NONE',  ( 1.000000000000000000, 0.000000000000000000, 0.000000000000000000 ) ) ;
#6238 = DIRECTION ( 'NONE',  ( -0.9925461516413219831, 0.1218693434051477398, 0.000000000000000000 ) ) ;
#6239 = ORIENTED_EDGE ( 'NONE', *, *, #2284, .F. ) ;
#6240 = ORIENTED_EDGE ( 'NONE', *, *, #8624, .T. ) ;
#6241 = ORIENTED_EDGE ( 'NONE', *, *, #4683, .F. ) ;
#6242 = FACE_OUTER_BOUND ( 'NONE', #3917, .T. ) ;
#6243 = EDGE_LOOP ( 'NONE', ( #3800, #4479, #7528, #1939, #9594, #1976, #7762, #2948, #11161 ) ) ;
#6244 = VECTOR ( 'NONE', #6972, 1000.000000000000000 ) ;
#6245 = DIRECTION ( 'NONE',  ( 0.000000000000000000, -0.9967969531173912490, -0.07997395986122736444 ) ) ;
#6246 = PLANE ( 'NONE',  #4381 ) ;
#6247 = DIRECTION ( 'NONE',  ( 0.000000000000000000, -0.9967969531173911379, 0.07997395986122908529 ) ) ;
#6248 = EDGE_CURVE ( 'NONE', #9433, #9461, #3575, .T. ) ;
#6249 = VECTOR ( 'NONE', #5445, 1000.000000000000000 ) ;
#6250 = AXIS2_PLACEMENT_3D ( 'NONE', #4173, #1432, #2378 ) ;
#6251 = PLANE ( 'NONE',  #153 ) ;
#6252 = VECTOR ( 'NONE', #11215, 1000.000000000000000 ) ;
#6253 =( NAMED_UNIT ( * ) PLANE_ANGLE_UNIT ( ) SI_UNIT ( $, .RADIAN. ) );
#6254 = DIRECTION ( 'NONE',  ( 0.000000000000000000, 1.000000000000000000, 0.000000000000000000 ) ) ;
#6255 = ORIENTED_EDGE ( 'NONE', *, *, #11721, .T. ) ;
#6256 = AXIS2_PLACEMENT_3D ( 'NONE', #9082, #10095, #3643 ) ;
#6257 = ADVANCED_FACE ( 'NONE', ( #9808 ), #2455, .T. ) ;
#6258 = CARTESIAN_POINT ( 'NONE',  ( 3.019999999999999574, -0.08500000000000000611, 2.461537905304634677 ) ) ;
#6259 = ORIENTED_EDGE ( 'NONE', *, *, #10540, .F. ) ;
#6260 = ORIENTED_EDGE ( 'NONE', *, *, #5947, .F. ) ;
#6261 = CARTESIAN_POINT ( 'NONE',  ( -3.330000000000000071, -0.5549999999999849498, 2.795743509104209498E-15 ) ) ;
#6262 = ORIENTED_EDGE ( 'NONE', *, *, #11662, .F. ) ;
#6263 = EDGE_LOOP ( 'NONE', ( #9310, #3325, #4305, #11529 ) ) ;
#6264 = VECTOR ( 'NONE', #5093, 1000.000000000000114 ) ;
#6265 = VECTOR ( 'NONE', #4283, 1000.000000000000114 ) ;
#6266 = DIRECTION ( 'NONE',  ( 1.000000000000000000, -0.000000000000000000, -0.000000000000000000 ) ) ;
#6267 = DIRECTION ( 'NONE',  ( -0.1209742911513548291, -0.9852565360152931717, 0.1209742911513548430 ) ) ;
#6268 = CARTESIAN_POINT ( 'NONE',  ( 1.749999999999999778, 0.2178238306527182089, 2.714960358193412304 ) ) ;
#6269 = CARTESIAN_POINT ( 'NONE',  ( 2.059999999999999609, -0.7250000000000001998, 2.870861070673344617 ) ) ;
#6270 = VECTOR ( 'NONE', #8953, 1000.000000000000000 ) ;
#6271 = EDGE_CURVE ( 'NONE', #3501, #9757, #8856, .T. ) ;
#6272 = AXIS2_PLACEMENT_3D ( 'NONE', #2770, #1883, #7439 ) ;
#6273 = VECTOR ( 'NONE', #4309, 1000.000000000000114 ) ;
#6274 = VECTOR ( 'NONE', #8673, 999.9999999999998863 ) ;
#6275 = ORIENTED_EDGE ( 'NONE', *, *, #215, .T. ) ;
#6276 = DIRECTION ( 'NONE',  ( 1.000000000000000000, 0.000000000000000000, 0.000000000000000000 ) ) ;
#6277 = LINE ( 'NONE', #10035, #9741 ) ;
#6278 = EDGE_LOOP ( 'NONE', ( #9389, #7345, #4149, #7314 ) ) ;
#6279 = DIRECTION ( 'NONE',  ( 0.000000000000000000, 1.679125230693258263E-15, 1.000000000000000000 ) ) ;
#6280 = ORIENTED_EDGE ( 'NONE', *, *, #5532, .T. ) ;
#6281 = DIRECTION ( 'NONE',  ( 1.000000000000000000, -0.000000000000000000, 0.000000000000000000 ) ) ;
#6282 = VECTOR ( 'NONE', #4096, 999.9999999999998863 ) ;
#6283 = VECTOR ( 'NONE', #9544, 999.9999999999998863 ) ;
#6284 = VECTOR ( 'NONE', #2984, 1000.000000000000000 ) ;
#6285 = CARTESIAN_POINT ( 'NONE',  ( -0.7900000000000003686, -0.2011149196957552621, 2.461537905304631568 ) ) ;
#6286 = EDGE_CURVE ( 'NONE', #9338, #1504, #3892, .T. ) ;
#6287 = LINE ( 'NONE', #1754, #2588 ) ;
#6288 = CARTESIAN_POINT ( 'NONE',  ( -3.330000000000000071, -0.4532685607873793709, -2.870861070673344617 ) ) ;
#6289 = AXIS2_PLACEMENT_3D ( 'NONE', #10987, #8, #4484 ) ;
#6290 = VECTOR ( 'NONE', #7665, 1000.000000000000000 ) ;
#6291 = DIRECTION ( 'NONE',  ( 0.000000000000000000, 5.037375692079792934E-15, 1.000000000000000000 ) ) ;
#6292 = CARTESIAN_POINT ( 'NONE',  ( -4.600000000000000533, -0.4013101249739610688, -0.03219748989621229462 ) ) ;
#6293 = AXIS2_PLACEMENT_3D ( 'NONE', #10994, #6462, #1028 ) ;
#6294 = EDGE_LOOP ( 'NONE', ( #4625, #6830, #11345, #2577 ) ) ;
#6295 = EDGE_CURVE ( 'NONE', #5901, #1268, #10217, .T. ) ;
#6296 = VERTEX_POINT ( 'NONE', #4604 ) ;
#6297 = VERTEX_POINT ( 'NONE', #7525 ) ;
#6298 = ORIENTED_EDGE ( 'NONE', *, *, #9701, .T. ) ;
#6299 = CIRCLE ( 'NONE', #7842, 0.2500000000000004441 ) ;
#6300 = CARTESIAN_POINT ( 'NONE',  ( -4.600000000000000533, -0.1782331765923089728, 2.746736385498786515 ) ) ;
#6301 = CARTESIAN_POINT ( 'NONE',  ( -0.7900000000000003686, -0.4532685607873790379, -2.870861070673345061 ) ) ;
#6302 = VECTOR ( 'NONE', #7048, 999.9999999999998863 ) ;
#6303 = AXIS2_PLACEMENT_3D ( 'NONE', #5274, #10827, #11716 ) ;
#6304 = DIRECTION ( 'NONE',  ( 1.000000000000000000, -0.000000000000000000, 0.000000000000000000 ) ) ;
#6305 = DIRECTION ( 'NONE',  ( 1.000000000000000000, 0.000000000000000000, 0.000000000000000000 ) ) ;
#6306 = DIRECTION ( 'NONE',  ( 1.000000000000000000, -0.000000000000000000, 0.000000000000000000 ) ) ;
#6307 = ORIENTED_EDGE ( 'NONE', *, *, #8467, .T. ) ;
#6308 = AXIS2_PLACEMENT_3D ( 'NONE', #10855, #10747, #3454 ) ;
#6309 = ADVANCED_FACE ( 'NONE', ( #10096 ), #10028, .F. ) ;
#6310 = VERTEX_POINT ( 'NONE', #11822 ) ;
#6311 = ORIENTED_EDGE ( 'NONE', *, *, #8997, .T. ) ;
#6312 = LINE ( 'NONE', #8322, #5933 ) ;
#6313 = ORIENTED_EDGE ( 'NONE', *, *, #10533, .T. ) ;
#6314 = ADVANCED_FACE ( 'NONE', ( #5495 ), #9083, .T. ) ;
#6315 = CARTESIAN_POINT ( 'NONE',  ( 0.7899999999999999245, -0.4532685607873793709, -2.870861070673344617 ) ) ;
#6316 = FACE_OUTER_BOUND ( 'NONE', #9191, .T. ) ;
#6317 = CARTESIAN_POINT ( 'NONE',  ( -0.7900000000000003686, 0.08500000000000000611, 0.000000000000000000 ) ) ;
#6318 = CARTESIAN_POINT ( 'NONE',  ( 3.329999999999999627, -0.2011149196957544016, -2.461537905304632012 ) ) ;
#6319 = DIRECTION ( 'NONE',  ( 1.000000000000000000, -0.000000000000000000, 0.000000000000000000 ) ) ;
#6320 = LINE ( 'NONE', #8169, #1272 ) ;
#6321 = SURFACE_SIDE_STYLE ('',( #8170 ) ) ;
#6322 = ORIENTED_EDGE ( 'NONE', *, *, #7408, .T. ) ;
#6323 = LINE ( 'NONE', #4264, #2798 ) ;
#6324 = ADVANCED_FACE ( 'NONE', ( #2740 ), #3747, .F. ) ;
#6325 = ORIENTED_EDGE ( 'NONE', *, *, #7960, .F. ) ;
#6326 = ORIENTED_EDGE ( 'NONE', *, *, #10590, .F. ) ;
#6327 = CARTESIAN_POINT ( 'NONE',  ( 2.059999999999999609, -0.4013101249739786658, 0.03219748989621369628 ) ) ;
#6328 = DIRECTION ( 'NONE',  ( 0.000000000000000000, 1.679125230693258263E-15, 1.000000000000000000 ) ) ;
#6329 = AXIS2_PLACEMENT_3D ( 'NONE', #5354, #10786, #6233 ) ;
#6330 = VERTEX_POINT ( 'NONE', #11046 ) ;
#6331 = EDGE_CURVE ( 'NONE', #9073, #4833, #6444, .T. ) ;
#6332 = ORIENTED_EDGE ( 'NONE', *, *, #8841, .F. ) ;
#6333 = LINE ( 'NONE', #1795, #9719 ) ;
#6334 = DIRECTION ( 'NONE',  ( 0.000000000000000000, -0.9967969531173911379, -0.07997395986122908529 ) ) ;
#6335 = EDGE_CURVE ( 'NONE', #4983, #10873, #3694, .T. ) ;
#6336 = VECTOR ( 'NONE', #3443, 1000.000000000000000 ) ;
#6337 = ORIENTED_EDGE ( 'NONE', *, *, #2041, .T. ) ;
#6338 = EDGE_CURVE ( 'NONE', #2310, #1521, #5674, .T. ) ;
#6339 = CARTESIAN_POINT ( 'NONE',  ( -0.4800000000000003708, 0.08500000000000000611, 0.000000000000000000 ) ) ;
#6340 = DIRECTION ( 'NONE',  ( 1.000000000000000000, 0.000000000000000000, 0.000000000000000000 ) ) ;
#6341 = EDGE_LOOP ( 'NONE', ( #10391, #6412, #8695, #5956 ) ) ;
#6342 = EDGE_CURVE ( 'NONE', #8050, #10224, #2794, .T. ) ;
#6343 = DIRECTION ( 'NONE',  ( 0.000000000000000000, 1.000000000000000000, 0.000000000000000000 ) ) ;
#6344 = ADVANCED_FACE ( 'NONE', ( #2028 ), #5618, .F. ) ;
#6345 = VERTEX_POINT ( 'NONE', #2924 ) ;
#6346 = LINE ( 'NONE', #4548, #592 ) ;
#6347 = VECTOR ( 'NONE', #6553, 1000.000000000000114 ) ;
#6348 = CARTESIAN_POINT ( 'NONE',  ( -0.7900000000000003686, 0.2042282574763048253, -2.545504876163455776 ) ) ;
#6349 = UNCERTAINTY_MEASURE_WITH_UNIT (LENGTH_MEASURE( 1.000000000000000082E-05 ), #11539, 'distance_accuracy_value', 'NONE');
#6350 = DIRECTION ( 'NONE',  ( 1.000000000000000000, 0.000000000000000000, 0.000000000000000000 ) ) ;
#6351 = DIRECTION ( 'NONE',  ( 0.000000000000000000, 0.000000000000000000, -1.000000000000000000 ) ) ;
#6352 = VECTOR ( 'NONE', #1637, 1000.000000000000000 ) ;
#6353 = LINE ( 'NONE', #7248, #2262 ) ;
#6354 = DIRECTION ( 'NONE',  ( -1.000000000000000000, 0.000000000000000000, 0.000000000000000000 ) ) ;
#6355 = VERTEX_POINT ( 'NONE', #8353 ) ;
#6356 = ADVANCED_FACE ( 'NONE', ( #176 ), #3826, .T. ) ;
#6357 = EDGE_LOOP ( 'NONE', ( #4475, #2800, #11088, #5059 ) ) ;
#6358 = ORIENTED_EDGE ( 'NONE', *, *, #485, .F. ) ;
#6359 = ORIENTED_EDGE ( 'NONE', *, *, #9879, .T. ) ;
#6360 = ADVANCED_FACE ( 'NONE', ( #3542 ), #921, .T. ) ;
#6361 = FILL_AREA_STYLE_COLOUR ( '', #2628 ) ;
#6362 = DIRECTION ( 'NONE',  ( 1.000000000000000000, -0.000000000000000000, 0.000000000000000000 ) ) ;
#6363 = CARTESIAN_POINT ( 'NONE',  ( -4.195702540368398736, 0.6149999999999999911, 0.7500000000000000000 ) ) ;
#6364 = CARTESIAN_POINT ( 'NONE',  ( 4.289999999999999147, -0.7250000000000049738, -1.217365792252620583E-15 ) ) ;
#6365 = DIRECTION ( 'NONE',  ( 0.000000000000000000, 0.000000000000000000, -1.000000000000000000 ) ) ;
#6366 = EDGE_CURVE ( 'NONE', #3689, #5294, #2654, .T. ) ;
#6367 = ORIENTED_EDGE ( 'NONE', *, *, #2149, .F. ) ;
#6368 = ORIENTED_EDGE ( 'NONE', *, *, #8088, .T. ) ;
#6369 = VERTEX_POINT ( 'NONE', #8270 ) ;
#6370 = DIRECTION ( 'NONE',  ( 1.000000000000000000, 0.000000000000000000, 0.000000000000000000 ) ) ;
#6371 = DIRECTION ( 'NONE',  ( 1.000000000000000000, -0.000000000000000000, 0.000000000000000000 ) ) ;
#6372 = LINE ( 'NONE', #9839, #4961 ) ;
#6373 = CARTESIAN_POINT ( 'NONE',  ( -4.290000000000000036, 0.2042282574763048253, 2.545504876163455776 ) ) ;
#6374 = PLANE ( 'NONE',  #3025 ) ;
#6375 = DIRECTION ( 'NONE',  ( 0.000000000000000000, -1.000000000000000000, 0.000000000000000000 ) ) ;
#6376 = CARTESIAN_POINT ( 'NONE',  ( -2.060000000000000497, -0.4750000000000020872, -2.599999999999999645 ) ) ;
#6377 = ORIENTED_EDGE ( 'NONE', *, *, #7862, .F. ) ;
#6378 = DIRECTION ( 'NONE',  ( 1.000000000000000000, 0.000000000000000000, 0.000000000000000000 ) ) ;
#6379 = ORIENTED_EDGE ( 'NONE', *, *, #10368, .F. ) ;
#6380 = VERTEX_POINT ( 'NONE', #6093 ) ;
#6381 = CARTESIAN_POINT ( 'NONE',  ( 0.4799999999999999267, -0.08500000000000000611, 0.000000000000000000 ) ) ;
#6382 = CARTESIAN_POINT ( 'NONE',  ( 0.4799999999999999267, -0.1782331765923089728, 2.746736385498786515 ) ) ;
#6383 = VERTEX_POINT ( 'NONE', #10955 ) ;
#6384 = ORIENTED_EDGE ( 'NONE', *, *, #5942, .F. ) ;
#6385 = LINE ( 'NONE', #782, #7072 ) ;
#6386 = CARTESIAN_POINT ( 'NONE',  ( 1.749999999999999778, 0.000000000000000000, -3.000000000000000000 ) ) ;
#6387 = EDGE_CURVE ( 'NONE', #5461, #9262, #1498, .T. ) ;
#6388 = DIRECTION ( 'NONE',  ( 1.000000000000000000, 0.000000000000000000, 0.000000000000000000 ) ) ;
#6389 = LINE ( 'NONE', #3894, #5525 ) ;
#6390 = ADVANCED_FACE ( 'NONE', ( #6934 ), #9881, .T. ) ;
#6391 = EDGE_CURVE ( 'NONE', #5585, #336, #10586, .T. ) ;
#6392 = EDGE_CURVE ( 'NONE', #7912, #5597, #1156, .T. ) ;
#6393 = ORIENTED_EDGE ( 'NONE', *, *, #660, .T. ) ;
#6394 = DIRECTION ( 'NONE',  ( -1.000000000000000000, 0.000000000000000000, -0.000000000000000000 ) ) ;
#6395 = ORIENTED_EDGE ( 'NONE', *, *, #1453, .T. ) ;
#6396 = PLANE ( 'NONE',  #925 ) ;
#6397 = VERTEX_POINT ( 'NONE', #5528 ) ;
#6398 = CARTESIAN_POINT ( 'NONE',  ( -0.7900000000000003686, -0.2011149196957552621, -2.461537905304631568 ) ) ;
#6399 = LINE ( 'NONE', #8371, #6485 ) ;
#6400 = EDGE_CURVE ( 'NONE', #10851, #5706, #8146, .T. ) ;
#6401 = DIRECTION ( 'NONE',  ( 0.000000000000000000, 0.000000000000000000, -1.000000000000000000 ) ) ;
#6402 = EDGE_CURVE ( 'NONE', #10813, #1506, #609, .T. ) ;
#6403 = VECTOR ( 'NONE', #9218, 999.9999999999998863 ) ;
#6404 = CARTESIAN_POINT ( 'NONE',  ( -2.995000000000000107, -0.4326855326005906166, -2.767151338054931742 ) ) ;
#6405 = EDGE_CURVE ( 'NONE', #1355, #1662, #10128, .T. ) ;
#6406 = LINE ( 'NONE', #4494, #8978 ) ;
#6407 = DIRECTION ( 'NONE',  ( 0.000000000000000000, 0.9967969531173913600, -0.07997395986122737832 ) ) ;
#6408 = EDGE_LOOP ( 'NONE', ( #885, #4435, #7077, #8653, #8721, #324, #2102, #2196, #3778, #11778, #6966, #2932 ) ) ;
#6409 = EDGE_CURVE ( 'NONE', #8046, #10854, #11200, .T. ) ;
#6410 = ORIENTED_EDGE ( 'NONE', *, *, #5720, .T. ) ;
#6411 = VERTEX_POINT ( 'NONE', #7617 ) ;
#6412 = ORIENTED_EDGE ( 'NONE', *, *, #10723, .T. ) ;
#6413 = CARTESIAN_POINT ( 'NONE',  ( -0.7900000000000003686, -0.1970818674976519413, -2.577702366059666517 ) ) ;
#6414 = VECTOR ( 'NONE', #5849, 1000.000000000000000 ) ;
#6415 = CARTESIAN_POINT ( 'NONE',  ( -2.060000000000000497, -0.1918287497687165000, 2.577280903468829099 ) ) ;
#6416 = CIRCLE ( 'NONE', #8908, 0.1017314392126205669 ) ;
#6417 = EDGE_CURVE ( 'NONE', #5048, #3119, #3086, .T. ) ;
#6418 = DIRECTION ( 'NONE',  ( 1.000000000000000000, 0.000000000000000000, 0.000000000000000000 ) ) ;
#6419 = LINE ( 'NONE', #7440, #3016 ) ;
#6420 = ORIENTED_EDGE ( 'NONE', *, *, #10251, .T. ) ;
#6421 = ORIENTED_EDGE ( 'NONE', *, *, #3339, .F. ) ;
#6423 = ORIENTED_EDGE ( 'NONE', *, *, #9353, .F. ) ;
#6422 = VECTOR ( 'NONE', #6378, 1000.000000000000000 ) ;
#6424 = DIRECTION ( 'NONE',  ( -1.000000000000000000, 0.000000000000000000, 0.000000000000000000 ) ) ;
#6425 = CARTESIAN_POINT ( 'NONE',  ( 1.724999999999999645, -0.4813330637901492848, -2.160807586281502157 ) ) ;
#6426 = DIRECTION ( 'NONE',  ( 0.000000000000000000, 0.000000000000000000, -1.000000000000000000 ) ) ;
#6427 = LINE ( 'NONE', #4520, #3064 ) ;
#6428 = EDGE_CURVE ( 'NONE', #8569, #3822, #214, .T. ) ;
#6429 = LINE ( 'NONE', #8108, #6844 ) ;
#6430 = DIRECTION ( 'NONE',  ( 1.000000000000000000, -0.000000000000000000, 0.000000000000000000 ) ) ;
#6431 = DIRECTION ( 'NONE',  ( 1.000000000000000000, 0.000000000000000000, 0.000000000000000000 ) ) ;
#6432 = ORIENTED_EDGE ( 'NONE', *, *, #2624, .T. ) ;
#6433 = CARTESIAN_POINT ( 'NONE',  ( -3.020000000000000018, 0.000000000000000000, 0.000000000000000000 ) ) ;
#6434 = VECTOR ( 'NONE', #5915, 1000.000000000000114 ) ;
#6435 = VERTEX_POINT ( 'NONE', #4880 ) ;
#6436 = ORIENTED_EDGE ( 'NONE', *, *, #3091, .T. ) ;
#6437 = DIRECTION ( 'NONE',  ( 0.000000000000000000, 1.867464018106093513E-15, -1.000000000000000000 ) ) ;
#6438 = DIRECTION ( 'NONE',  ( 1.000000000000000000, -0.000000000000000000, 0.000000000000000000 ) ) ;
#6439 = ORIENTED_EDGE ( 'NONE', *, *, #10123, .F. ) ;
#6440 = ORIENTED_EDGE ( 'NONE', *, *, #6192, .T. ) ;
#6441 = ADVANCED_FACE ( 'NONE', ( #2188 ), #11082, .T. ) ;
#6442 = LINE ( 'NONE', #4428, #9939 ) ;
#6443 = DIRECTION ( 'NONE',  ( 1.000000000000000000, 0.000000000000000000, 0.000000000000000000 ) ) ;
#6444 = LINE ( 'NONE', #62, #5165 ) ;
#6445 = VECTOR ( 'NONE', #3774, 999.9999999999998863 ) ;
#6446 = CARTESIAN_POINT ( 'NONE',  ( 3.329999999999999627, -0.4326855326005907276, -2.767151338054931742 ) ) ;
#6447 = CARTESIAN_POINT ( 'NONE',  ( 3.329999999999999627, -0.4013101249739698395, 0.03219748989621298851 ) ) ;
#6448 = STYLED_ITEM ( 'NONE', ( #7138 ), #7434 ) ;
#6449 = VECTOR ( 'NONE', #1624, 1000.000000000000114 ) ;
#6450 = ORIENTED_EDGE ( 'NONE', *, *, #1885, .F. ) ;
#6451 = VECTOR ( 'NONE', #3831, 1000.000000000000000 ) ;
#6452 = FACE_OUTER_BOUND ( 'NONE', #968, .T. ) ;
#6453 = AXIS2_PLACEMENT_3D ( 'NONE', #7432, #3719, #5644 ) ;
#6454 = PLANE ( 'NONE',  #3618 ) ;
#6455 = ORIENTED_EDGE ( 'NONE', *, *, #4249, .T. ) ;
#6456 = LINE ( 'NONE', #2804, #1721 ) ;
#6457 = VECTOR ( 'NONE', #10574, 1000.000000000000000 ) ;
#6458 = ORIENTED_EDGE ( 'NONE', *, *, #6996, .T. ) ;
#6459 = DIRECTION ( 'NONE',  ( 0.000000000000000000, -0.9967969531173912490, 0.07997395986122736444 ) ) ;
#6460 = CIRCLE ( 'NONE', #11426, 0.1017314392126205669 ) ;
#6461 = EDGE_CURVE ( 'NONE', #2583, #1285, #3858, .T. ) ;
#6462 = DIRECTION ( 'NONE',  ( 0.000000000000000000, -0.07997395986122908529, 0.9967969531173911379 ) ) ;
#6463 = CARTESIAN_POINT ( 'NONE',  ( -3.330000000000000071, 0.2042282574763048253, 2.545504876163455776 ) ) ;
#6464 = DIRECTION ( 'NONE',  ( 0.000000000000000000, 1.679125230693258263E-15, -1.000000000000000000 ) ) ;
#6465 = AXIS2_PLACEMENT_3D ( 'NONE', #9176, #9291, #2834 ) ;
#6466 = AXIS2_PLACEMENT_3D ( 'NONE', #6288, #801, #1811 ) ;
#6467 = CARTESIAN_POINT ( 'NONE',  ( -3.330000000000000071, -0.4614044268235938384, 2.769455482029957061 ) ) ;
#6468 = LINE ( 'NONE', #2940, #3567 ) ;
#6469 = VECTOR ( 'NONE', #7148, 999.9999999999998863 ) ;
#6470 = CARTESIAN_POINT ( 'NONE',  ( 2.059999999999999609, -0.7250000000000001998, -2.870861070673344617 ) ) ;
#6471 = DIRECTION ( 'NONE',  ( 0.000000000000000000, 0.000000000000000000, -1.000000000000000000 ) ) ;
#6472 = VERTEX_POINT ( 'NONE', #4937 ) ;
#6473 = VECTOR ( 'NONE', #10713, 1000.000000000000000 ) ;
#6474 = AXIS2_PLACEMENT_3D ( 'NONE', #7521, #11163, #5742 ) ;
#6475 = EDGE_LOOP ( 'NONE', ( #3422, #11616, #7906, #5071, #266, #5881, #601, #6756, #8538, #8171, #3503, #10405 ) ) ;
#6476 = ORIENTED_EDGE ( 'NONE', *, *, #10611, .T. ) ;
#6477 = VECTOR ( 'NONE', #8068, 1000.000000000000114 ) ;
#6478 = VERTEX_POINT ( 'NONE', #1042 ) ;
#6479 = EDGE_CURVE ( 'NONE', #8331, #9105, #2895, .T. ) ;
#6480 = CARTESIAN_POINT ( 'NONE',  ( -4.600000000000000533, -0.7250000000000049738, -1.217365792252620583E-15 ) ) ;
#6481 = DIRECTION ( 'NONE',  ( 0.000000000000000000, 1.000000000000000000, 0.000000000000000000 ) ) ;
#6482 = EDGE_CURVE ( 'NONE', #5743, #2575, #8458, .T. ) ;
#6483 = VECTOR ( 'NONE', #8356, 1000.000000000000114 ) ;
#6484 = VECTOR ( 'NONE', #11567, 1000.000000000000114 ) ;
#6485 = VECTOR ( 'NONE', #9406, 1000.000000000000000 ) ;
#6486 = DIRECTION ( 'NONE',  ( 0.000000000000000000, 0.07997395986122911304, -0.9967969531173912490 ) ) ;
#6487 = CARTESIAN_POINT ( 'NONE',  ( -4.600000000000000533, -0.5549999999999993827, -2.870861070673345061 ) ) ;
#6488 = ORIENTED_EDGE ( 'NONE', *, *, #8091, .T. ) ;
#6489 = ORIENTED_EDGE ( 'NONE', *, *, #10302, .T. ) ;
#6490 = ORIENTED_EDGE ( 'NONE', *, *, #8422, .T. ) ;
#6491 = ADVANCED_FACE ( 'NONE', ( #11270 ), #1105, .F. ) ;
#6492 = CIRCLE ( 'NONE', #1361, 0.2861149196957545326 ) ;
#6493 = AXIS2_PLACEMENT_3D ( 'NONE', #2477, #5960, #3144 ) ;
#6494 = PLANE ( 'NONE',  #8758 ) ;
#6495 = CARTESIAN_POINT ( 'NONE',  ( -4.265000000000000568, -0.2321338255108014725, -2.140814096316195236 ) ) ;
#6496 = DIRECTION ( 'NONE',  ( 0.000000000000000000, 0.000000000000000000, -1.000000000000000000 ) ) ;
#6497 = DIRECTION ( 'NONE',  ( 0.000000000000000000, 0.000000000000000000, -1.000000000000000000 ) ) ;
#6498 = DIRECTION ( 'NONE',  ( 1.000000000000000000, -0.000000000000000000, 0.000000000000000000 ) ) ;
#6499 = VECTOR ( 'NONE', #6266, 1000.000000000000000 ) ;
#6500 = LINE ( 'NONE', #8233, #10803 ) ;
#6501 = CARTESIAN_POINT ( 'NONE',  ( 2.984999999999998987, -0.4326855326005993874, 2.767151338054932186 ) ) ;
#6502 = ORIENTED_EDGE ( 'NONE', *, *, #8577, .T. ) ;
#6503 = CARTESIAN_POINT ( 'NONE',  ( -2.060000000000000497, -0.7249999999999999778, -3.000000000000000000 ) ) ;
#6504 = VERTEX_POINT ( 'NONE', #5833 ) ;
#6505 = CARTESIAN_POINT ( 'NONE',  ( 0.7899999999999999245, -0.6505093632533088810, -0.05219097986151956942 ) ) ;
#6506 = DIRECTION ( 'NONE',  ( -1.000000000000000000, 0.000000000000000000, -0.000000000000000000 ) ) ;
#6507 = ORIENTED_EDGE ( 'NONE', *, *, #2495, .T. ) ;
#6508 = ORIENTED_EDGE ( 'NONE', *, *, #5040, .F. ) ;
#6509 = EDGE_CURVE ( 'NONE', #1366, #2529, #6730, .T. ) ;
#6510 = ADVANCED_FACE ( 'NONE', ( #4752 ), #11140, .T. ) ;
#6511 = DIRECTION ( 'NONE',  ( 0.000000000000000000, -0.000000000000000000, -1.000000000000000000 ) ) ;
#6512 = LINE ( 'NONE', #10160, #1689 ) ;
#6513 = DIRECTION ( 'NONE',  ( -0.000000000000000000, -0.07997395986122911304, 0.9967969531173912490 ) ) ;
#6514 = CARTESIAN_POINT ( 'NONE',  ( 4.289999999999999147, -0.1782331765923089728, 2.746736385498786515 ) ) ;
#6515 = ORIENTED_EDGE ( 'NONE', *, *, #6715, .F. ) ;
#6516 = PLANE ( 'NONE',  #10480 ) ;
#6517 = DIRECTION ( 'NONE',  ( 0.000000000000000000, -0.07997395986122909917, -0.9967969531173911379 ) ) ;
#6518 = ORIENTED_EDGE ( 'NONE', *, *, #11456, .F. ) ;
#6519 = LINE ( 'NONE', #117, #6094 ) ;
#6520 = LINE ( 'NONE', #2037, #9927 ) ;
#6521 = EDGE_CURVE ( 'NONE', #8996, #5567, #9480, .T. ) ;
#6522 = ORIENTED_EDGE ( 'NONE', *, *, #11681, .T. ) ;
#6523 = FACE_OUTER_BOUND ( 'NONE', #9875, .T. ) ;
#6524 = CARTESIAN_POINT ( 'NONE',  ( -0.4800000000000003708, -0.08500000000000000611, 0.000000000000000000 ) ) ;
#6525 = FACE_OUTER_BOUND ( 'NONE', #2254, .T. ) ;
#6526 = VECTOR ( 'NONE', #2520, 1000.000000000000000 ) ;
#6527 = DIRECTION ( 'NONE',  ( 1.000000000000000000, 0.000000000000000000, 0.000000000000000000 ) ) ;
#6528 = FACE_OUTER_BOUND ( 'NONE', #1479, .T. ) ;
#6529 = LINE ( 'NONE', #261, #5119 ) ;
#6530 = ORIENTED_EDGE ( 'NONE', *, *, #7689, .T. ) ;
#6531 = FACE_OUTER_BOUND ( 'NONE', #3867, .T. ) ;
#6532 = DIRECTION ( 'NONE',  ( 0.000000000000000000, 0.000000000000000000, -1.000000000000000000 ) ) ;
#6533 = ORIENTED_EDGE ( 'NONE', *, *, #7574, .T. ) ;
#6534 = VECTOR ( 'NONE', #8612, 1000.000000000000000 ) ;
#6535 = ORIENTED_EDGE ( 'NONE', *, *, #8773, .F. ) ;
#6536 = ORIENTED_EDGE ( 'NONE', *, *, #5720, .F. ) ;
#6537 = ORIENTED_EDGE ( 'NONE', *, *, #359, .T. ) ;
#6538 = EDGE_LOOP ( 'NONE', ( #5938, #6502, #1967, #6103 ) ) ;
#6539 = DIRECTION ( 'NONE',  ( 0.000000000000000000, 0.000000000000000000, -1.000000000000000000 ) ) ;
#6540 = DIRECTION ( 'NONE',  ( 0.000000000000000000, 0.000000000000000000, -1.000000000000000000 ) ) ;
#6541 = CARTESIAN_POINT ( 'NONE',  ( 4.289999999999999147, -0.5549999999999993827, 2.870861070673345061 ) ) ;
#6542 = VECTOR ( 'NONE', #6072, 1000.000000000000000 ) ;
#6543 = FACE_OUTER_BOUND ( 'NONE', #10973, .T. ) ;
#6544 = EDGE_CURVE ( 'NONE', #10389, #8400, #6664, .T. ) ;
#6545 = PLANE ( 'NONE',  #6272 ) ;
#6546 = DIRECTION ( 'NONE',  ( 0.000000000000000000, -0.000000000000000000, -1.000000000000000000 ) ) ;
#6547 = ORIENTED_EDGE ( 'NONE', *, *, #370, .T. ) ;
#6548 = EDGE_LOOP ( 'NONE', ( #4398, #5853, #2733, #8084 ) ) ;
#6549 = VERTEX_POINT ( 'NONE', #10250 ) ;
#6550 = VERTEX_POINT ( 'NONE', #2060 ) ;
#6551 = EDGE_CURVE ( 'NONE', #8707, #7917, #9367, .T. ) ;
#6552 = DIRECTION ( 'NONE',  ( 0.000000000000000000, -0.000000000000000000, -1.000000000000000000 ) ) ;
#6553 = DIRECTION ( 'NONE',  ( 0.000000000000000000, 0.07997395986122909917, 0.9967969531173911379 ) ) ;
#6554 = DIRECTION ( 'NONE',  ( 0.000000000000000000, 1.867464018106093513E-15, -1.000000000000000000 ) ) ;
#6555 = ADVANCED_FACE ( 'NONE', ( #11009 ), #9426, .T. ) ;
#6556 = LINE ( 'NONE', #9383, #2708 ) ;
#6557 = DIRECTION ( 'NONE',  ( 1.000000000000000000, 0.000000000000000000, 0.000000000000000000 ) ) ;
#6558 = EDGE_CURVE ( 'NONE', #1607, #7789, #8511, .T. ) ;
#6559 = FACE_OUTER_BOUND ( 'NONE', #9572, .T. ) ;
#6560 = FILL_AREA_STYLE ('',( #3681 ) ) ;
#6561 = VERTEX_POINT ( 'NONE', #7798 ) ;
#6562 = FACE_OUTER_BOUND ( 'NONE', #5266, .T. ) ;
#6563 = ORIENTED_EDGE ( 'NONE', *, *, #5302, .F. ) ;
#6564 = CARTESIAN_POINT ( 'NONE',  ( -4.600000000000000533, -0.2011149196957552621, -2.461537905304631568 ) ) ;
#6565 = CARTESIAN_POINT ( 'NONE',  ( 3.019999999999999574, -0.2011149196957544016, -2.461537905304632012 ) ) ;
#6566 = ORIENTED_EDGE ( 'NONE', *, *, #2769, .T. ) ;
#6567 = ORIENTED_EDGE ( 'NONE', *, *, #1820, .F. ) ;
#6568 = EDGE_CURVE ( 'NONE', #336, #2650, #8703, .T. ) ;
#6569 = DIRECTION ( 'NONE',  ( 0.000000000000000000, -0.9967969531173912490, -0.07997395986122909917 ) ) ;
#6570 = CARTESIAN_POINT ( 'NONE',  ( -2.095000000000001528, -0.1970818674976960727, 2.577702366059670069 ) ) ;
#6571 = FILL_AREA_STYLE_COLOUR ( '', #11813 ) ;
#6572 = LINE ( 'NONE', #11112, #5342 ) ;
#6573 = CYLINDRICAL_SURFACE ( 'NONE', #10507, 0.1161149196957549368 ) ;
#6574 = ADVANCED_FACE ( 'NONE', ( #3369 ), #6064, .T. ) ;
#6575 = DIRECTION ( 'NONE',  ( -1.000000000000000000, 0.000000000000000000, -0.000000000000000000 ) ) ;
#6576 = LINE ( 'NONE', #10223, #2112 ) ;
#6577 = ORIENTED_EDGE ( 'NONE', *, *, #9587, .F. ) ;
#6578 = CARTESIAN_POINT ( 'NONE',  ( -2.985000000000000764, -0.1834862943212959008, 2.747157848089628374 ) ) ;
#6579 = CARTESIAN_POINT ( 'NONE',  ( 1.749999999999999778, -0.4614044268235938384, -2.769455482029957061 ) ) ;
#6580 = VERTEX_POINT ( 'NONE', #6960 ) ;
#6581 = DIRECTION ( 'NONE',  ( 0.000000000000000000, 0.000000000000000000, -1.000000000000000000 ) ) ;
#6582 = LINE ( 'NONE', #2042, #5531 ) ;
#6583 = CARTESIAN_POINT ( 'NONE',  ( -3.330000000000000071, -0.1782331765923089728, 2.746736385498786515 ) ) ;
#6584 = CARTESIAN_POINT ( 'NONE',  ( -2.060000000000000497, -0.4326855326005906166, -2.767151338054931742 ) ) ;
#6585 = EDGE_CURVE ( 'NONE', #5270, #8945, #1422, .T. ) ;
#6586 = DIRECTION ( 'NONE',  ( 0.000000000000000000, 0.000000000000000000, -1.000000000000000000 ) ) ;
#6587 = ORIENTED_EDGE ( 'NONE', *, *, #4975, .F. ) ;
#6588 = FACE_OUTER_BOUND ( 'NONE', #1382, .T. ) ;
#6589 = DIRECTION ( 'NONE',  ( 0.000000000000000000, 0.07997395986122911304, -0.9967969531173912490 ) ) ;
#6590 = VERTEX_POINT ( 'NONE', #9771 ) ;
#6591 = ORIENTED_EDGE ( 'NONE', *, *, #863, .F. ) ;
#6592 = FACE_OUTER_BOUND ( 'NONE', #1064, .T. ) ;
#6593 = ORIENTED_EDGE ( 'NONE', *, *, #10777, .F. ) ;
#6594 = ORIENTED_EDGE ( 'NONE', *, *, #7980, .F. ) ;
#6595 = ORIENTED_EDGE ( 'NONE', *, *, #5076, .T. ) ;
#6596 = DIRECTION ( 'NONE',  ( 0.000000000000000000, 0.000000000000000000, -1.000000000000000000 ) ) ;
#6597 = CARTESIAN_POINT ( 'NONE',  ( -4.950000000000000178, 0.08500000000000000611, -1.939563312323252964 ) ) ;
#6598 = DIRECTION ( 'NONE',  ( 0.000000000000000000, -0.9967969531173911379, 0.07997395986122909917 ) ) ;
#6599 = AXIS2_PLACEMENT_3D ( 'NONE', #7670, #9531, #1088 ) ;
#6600 = CARTESIAN_POINT ( 'NONE',  ( 4.254999999999999005, -0.4826582704210824470, 2.144290185689393002 ) ) ;
#6601 = LINE ( 'NONE', #11015, #11789 ) ;
#6602 = PLANE ( 'NONE',  #4950 ) ;
#6603 = VERTEX_POINT ( 'NONE', #7739 ) ;
#6604 = ORIENTED_EDGE ( 'NONE', *, *, #10735, .F. ) ;
#6605 = VECTOR ( 'NONE', #3938, 1000.000000000000000 ) ;
#6606 = VERTEX_POINT ( 'NONE', #4159 ) ;
#6607 = CARTESIAN_POINT ( 'NONE',  ( 0.7899999999999999245, 0.000000000000000000, 1.949999999999999956 ) ) ;
#6608 = EDGE_CURVE ( 'NONE', #469, #3926, #8579, .T. ) ;
#6609 = LINE ( 'NONE', #8473, #9905 ) ;
#6610 = CARTESIAN_POINT ( 'NONE',  ( 3.019999999999999130, 0.000000000000000000, -1.949999999999999956 ) ) ;
#6611 = CARTESIAN_POINT ( 'NONE',  ( -0.4550000000000005151, -0.4326855326005906166, -2.767151338054931742 ) ) ;
#6612 = DIRECTION ( 'NONE',  ( 0.000000000000000000, -1.000000000000000000, -5.037375692079792934E-15 ) ) ;
#6613 = FILL_AREA_STYLE ('',( #5733 ) ) ;
#6614 = ORIENTED_EDGE ( 'NONE', *, *, #7891, .F. ) ;
#6615 = VECTOR ( 'NONE', #11224, 1000.000000000000114 ) ;
#6616 = LINE ( 'NONE', #9074, #1290 ) ;
#6617 = ORIENTED_EDGE ( 'NONE', *, *, #10501, .F. ) ;
#6618 = ORIENTED_EDGE ( 'NONE', *, *, #5285, .T. ) ;
#6619 = EDGE_CURVE ( 'NONE', #2721, #8508, #5177, .T. ) ;
#6620 = CARTESIAN_POINT ( 'NONE',  ( -0.7900000000000003686, -0.5550000000000000488, -3.000000000000000000 ) ) ;
#6621 = CARTESIAN_POINT ( 'NONE',  ( 4.289999999999999147, -0.4532685607873790379, -2.870861070673345061 ) ) ;
#6622 = ORIENTED_EDGE ( 'NONE', *, *, #11512, .T. ) ;
#6623 = ORIENTED_EDGE ( 'NONE', *, *, #9116, .T. ) ;
#6624 = DIRECTION ( 'NONE',  ( 1.000000000000000000, 0.000000000000000000, 0.000000000000000000 ) ) ;
#6625 = EDGE_CURVE ( 'NONE', #9646, #2709, #9934, .T. ) ;
#6626 = SURFACE_STYLE_FILL_AREA ( #2981 ) ;
#6627 = SURFACE_SIDE_STYLE ('',( #8425 ) ) ;
#6628 = CARTESIAN_POINT ( 'NONE',  ( 4.289999999999999147, -0.4326855326005906166, -2.767151338054931742 ) ) ;
#6629 = LINE ( 'NONE', #7395, #4564 ) ;
#6630 = EDGE_CURVE ( 'NONE', #11484, #7761, #4227, .T. ) ;
#6631 = DIRECTION ( 'NONE',  ( 0.000000000000000000, -0.9967969531173912490, -0.07997395986122736444 ) ) ;
#6632 = LINE ( 'NONE', #7716, #3429 ) ;
#6633 = ORIENTED_EDGE ( 'NONE', *, *, #3291, .T. ) ;
#6634 = CARTESIAN_POINT ( 'NONE',  ( -2.060000000000000497, -0.7249999999999999778, -3.000000000000000000 ) ) ;
#6635 = CARTESIAN_POINT ( 'NONE',  ( 0.4799999999999999267, -0.7250000000000001998, 2.870861070673344617 ) ) ;
#6636 = EDGE_CURVE ( 'NONE', #1852, #10000, #6013, .T. ) ;
#6637 = ORIENTED_EDGE ( 'NONE', *, *, #4774, .F. ) ;
#6638 = CARTESIAN_POINT ( 'NONE',  ( 0.000000000000000000, 0.6250000000000000000, -1.873259649435684127 ) ) ;
#6639 = EDGE_CURVE ( 'NONE', #2236, #7675, #10499, .T. ) ;
#6640 = DIRECTION ( 'NONE',  ( 0.000000000000000000, -0.9967969531173912490, -0.07997395986122909917 ) ) ;
#6641 = AXIS2_PLACEMENT_3D ( 'NONE', #8221, #34, #3671 ) ;
#6642 = CARTESIAN_POINT ( 'NONE',  ( 4.289999999999999147, 0.000000000000000000, 0.000000000000000000 ) ) ;
#6643 = LINE ( 'NONE', #5762, #2126 ) ;
#6644 = VECTOR ( 'NONE', #6276, 1000.000000000000000 ) ;
#6645 = VECTOR ( 'NONE', #1482, 1000.000000000000000 ) ;
#6646 = CARTESIAN_POINT ( 'NONE',  ( -0.4800000000000003708, -0.5549999999999849498, 2.795743509104209498E-15 ) ) ;
#6647 = DIRECTION ( 'NONE',  ( 0.000000000000000000, 0.000000000000000000, -1.000000000000000000 ) ) ;
#6648 = VERTEX_POINT ( 'NONE', #8645 ) ;
#6649 = CARTESIAN_POINT ( 'NONE',  ( -2.985000000000000764, -0.1970818674977057039, 2.577702366059670958 ) ) ;
#6650 = VECTOR ( 'NONE', #8716, 1000.000000000000000 ) ;
#6651 = DIRECTION ( 'NONE',  ( 0.000000000000000000, 5.037375692079792934E-15, -1.000000000000000000 ) ) ;
#6652 = VERTEX_POINT ( 'NONE', #5116 ) ;
#6653 = VECTOR ( 'NONE', #2620, 1000.000000000000000 ) ;
#6654 = ORIENTED_EDGE ( 'NONE', *, *, #937, .F. ) ;
#6655 = DIRECTION ( 'NONE',  ( -1.000000000000000000, -0.000000000000000000, -0.000000000000000000 ) ) ;
#6656 = ORIENTED_EDGE ( 'NONE', *, *, #2555, .F. ) ;
#6657 = ORIENTED_EDGE ( 'NONE', *, *, #4895, .F. ) ;
#6658 = VERTEX_POINT ( 'NONE', #1531 ) ;
#6659 = CARTESIAN_POINT ( 'NONE',  ( -1.750000000000000666, -0.5549999999999849498, 2.795743509104209498E-15 ) ) ;
#6661 = EDGE_CURVE ( 'NONE', #3465, #11767, #4231, .T. ) ;
#6660 = VECTOR ( 'NONE', #11143, 1000.000000000000000 ) ;
#6662 = CIRCLE ( 'NONE', #6466, 0.2717314392126209954 ) ;
#6663 = DIRECTION ( 'NONE',  ( 0.000000000000000000, 0.000000000000000000, -1.000000000000000000 ) ) ;
#6664 = LINE ( 'NONE', #1289, #1919 ) ;
#6665 = VECTOR ( 'NONE', #11477, 1000.000000000000000 ) ;
#6666 = LINE ( 'NONE', #275, #7806 ) ;
#6667 = VECTOR ( 'NONE', #2179, 1000.000000000000114 ) ;
#6668 = AXIS2_PLACEMENT_3D ( 'NONE', #9392, #8483, #4785 ) ;
#6669 = EDGE_CURVE ( 'NONE', #7462, #5444, #11501, .T. ) ;
#6670 = DIRECTION ( 'NONE',  ( 0.000000000000000000, -1.000000000000000000, 0.000000000000000000 ) ) ;
#6671 = VECTOR ( 'NONE', #11490, 1000.000000000000114 ) ;
#6672 = PLANE ( 'NONE',  #10658 ) ;
#6673 = ORIENTED_EDGE ( 'NONE', *, *, #10235, .T. ) ;
#6674 = VERTEX_POINT ( 'NONE', #1684 ) ;
#6675 = VERTEX_POINT ( 'NONE', #10044 ) ;
#6676 = DIRECTION ( 'NONE',  ( 0.000000000000000000, 0.000000000000000000, -1.000000000000000000 ) ) ;
#6677 = LINE ( 'NONE', #3802, #3669 ) ;
#6678 = VECTOR ( 'NONE', #3953, 1000.000000000000000 ) ;
#6679 = DIRECTION ( 'NONE',  ( 1.000000000000000000, 0.000000000000000000, 0.000000000000000000 ) ) ;
#6680 = VECTOR ( 'NONE', #11138, 1000.000000000000000 ) ;
#6681 = VECTOR ( 'NONE', #9921, 1000.000000000000000 ) ;
#6682 = CARTESIAN_POINT ( 'NONE',  ( -4.600000000000000533, -0.1782331765923089728, -2.746736385498786515 ) ) ;
#6683 = LINE ( 'NONE', #10397, #6252 ) ;
#6684 = DIRECTION ( 'NONE',  ( 1.000000000000000000, -0.000000000000000000, 0.000000000000000000 ) ) ;
#6685 = SURFACE_SIDE_STYLE ('',( #10341 ) ) ;
#6686 = ORIENTED_EDGE ( 'NONE', *, *, #644, .F. ) ;
#6687 = EDGE_CURVE ( 'NONE', #5092, #4851, #10720, .T. ) ;
#6688 = VECTOR ( 'NONE', #4419, 999.9999999999998863 ) ;
#6689 = ORIENTED_EDGE ( 'NONE', *, *, #10599, .F. ) ;
#6690 = AXIS2_PLACEMENT_3D ( 'NONE', #2700, #72, #11059 ) ;
#6691 = VECTOR ( 'NONE', #5399, 1000.000000000000114 ) ;
#6692 = ORIENTED_EDGE ( 'NONE', *, *, #7950, .F. ) ;
#6693 = VERTEX_POINT ( 'NONE', #4389 ) ;
#6694 = CARTESIAN_POINT ( 'NONE',  ( -4.950000000000000178, 0.08500000000000000611, 1.939563312323252964 ) ) ;
#6695 = CARTESIAN_POINT ( 'NONE',  ( -4.950000000000000178, 0.08500000000000000611, 1.939563312323252964 ) ) ;
#6696 = ORIENTED_EDGE ( 'NONE', *, *, #11591, .T. ) ;
#6697 = EDGE_LOOP ( 'NONE', ( #1664, #11388, #1657, #9051, #1452, #7672, #6965, #10153 ) ) ;
#6698 = DIRECTION ( 'NONE',  ( -1.000000000000000000, 0.000000000000000000, -0.000000000000000000 ) ) ;
#6699 = CARTESIAN_POINT ( 'NONE',  ( -3.020000000000000018, -0.4750000000000020872, -2.599999999999999645 ) ) ;
#6700 = FACE_OUTER_BOUND ( 'NONE', #9931, .T. ) ;
#6701 = FACE_OUTER_BOUND ( 'NONE', #1350, .T. ) ;
#6702 = AXIS2_PLACEMENT_3D ( 'NONE', #5983, #9640, #6033 ) ;
#6703 = VECTOR ( 'NONE', #4809, 1000.000000000000114 ) ;
#6704 = EDGE_CURVE ( 'NONE', #11703, #6003, #5224, .T. ) ;
#6705 = EDGE_CURVE ( 'NONE', #5472, #2615, #731, .T. ) ;
#6706 = CARTESIAN_POINT ( 'NONE',  ( -4.290000000000000036, 0.000000000000000000, 0.000000000000000000 ) ) ;
#6707 = DIRECTION ( 'NONE',  ( 0.000000000000000000, 0.000000000000000000, -1.000000000000000000 ) ) ;
#6708 = VERTEX_POINT ( 'NONE', #849 ) ;
#6709 = DIRECTION ( 'NONE',  ( 0.000000000000000000, 1.000000000000000000, 0.000000000000000000 ) ) ;
#6710 = AXIS2_PLACEMENT_3D ( 'NONE', #2841, #4639, #9380 ) ;
#6711 = LINE ( 'NONE', #7594, #3 ) ;
#6712 = EDGE_CURVE ( 'NONE', #5294, #6606, #4550, .T. ) ;
#6713 = DIRECTION ( 'NONE',  ( 0.000000000000000000, -0.9967969531173912490, -0.07997395986122909917 ) ) ;
#6714 = DIRECTION ( 'NONE',  ( 1.000000000000000000, 0.000000000000000000, 0.000000000000000000 ) ) ;
#6715 = EDGE_CURVE ( 'NONE', #8842, #5555, #4490, .T. ) ;
#6716 = FACE_OUTER_BOUND ( 'NONE', #2005, .T. ) ;
#6717 = PLANE ( 'NONE',  #8923 ) ;
#6718 = VERTEX_POINT ( 'NONE', #7123 ) ;
#6719 = EDGE_CURVE ( 'NONE', #5242, #11165, #6122, .T. ) ;
#6720 = DIRECTION ( 'NONE',  ( 0.000000000000000000, 0.07997395986122911304, -0.9967969531173912490 ) ) ;
#6721 = CARTESIAN_POINT ( 'NONE',  ( 0.8149999999999997247, -0.1970818674976518581, -2.577702366059666961 ) ) ;
#6722 = EDGE_LOOP ( 'NONE', ( #10036, #6136, #5734, #10422, #5774, #6143, #11344, #4111 ) ) ;
#6723 = VERTEX_POINT ( 'NONE', #3529 ) ;
#6724 = CARTESIAN_POINT ( 'NONE',  ( 4.599999999999999645, -0.4462811057769998646, 2.597695856024973882 ) ) ;
#6725 = ORIENTED_EDGE ( 'NONE', *, *, #3856, .T. ) ;
#6726 = ORIENTED_EDGE ( 'NONE', *, *, #1870, .F. ) ;
#6727 = LINE ( 'NONE', #2132, #8786 ) ;
#6728 = AXIS2_PLACEMENT_3D ( 'NONE', #8066, #6388, #10097 ) ;
#6729 = CARTESIAN_POINT ( 'NONE',  ( -2.095000000000001528, -0.2334590321417788772, 2.124296695724089190 ) ) ;
#6730 = LINE ( 'NONE', #6541, #593 ) ;
#6731 = DIRECTION ( 'NONE',  ( -1.000000000000000000, 0.000000000000000000, -0.000000000000000000 ) ) ;
#6732 = AXIS2_PLACEMENT_3D ( 'NONE', #7873, #8834, #688 ) ;
#6733 = EDGE_CURVE ( 'NONE', #11239, #1747, #8078, .T. ) ;
#6734 = DIRECTION ( 'NONE',  ( 0.000000000000000000, 0.9967969531173912490, -0.07997395986122736444 ) ) ;
#6735 = CARTESIAN_POINT ( 'NONE',  ( -0.7900000000000003686, -0.08500000000000000611, 0.000000000000000000 ) ) ;
#6736 = EDGE_CURVE ( 'NONE', #3760, #6118, #6222, .T. ) ;
#6737 = ORIENTED_EDGE ( 'NONE', *, *, #546, .T. ) ;
#6738 = ORIENTED_EDGE ( 'NONE', *, *, #6338, .T. ) ;
#6739 = ORIENTED_EDGE ( 'NONE', *, *, #8654, .F. ) ;
#6740 = ORIENTED_EDGE ( 'NONE', *, *, #7201, .T. ) ;
#6741 = DIRECTION ( 'NONE',  ( 0.000000000000000000, 0.07997395986122909917, 0.9967969531173911379 ) ) ;
#6742 = CARTESIAN_POINT ( 'NONE',  ( -4.950000000000000178, 0.000000000000000000, 1.949999999999999956 ) ) ;
#6743 = LINE ( 'NONE', #5600, #10853 ) ;
#6744 = LINE ( 'NONE', #5846, #3302 ) ;
#6745 = CARTESIAN_POINT ( 'NONE',  ( -0.7900000000000003686, -0.4614044268235938384, -2.769455482029957061 ) ) ;
#6746 = EDGE_CURVE ( 'NONE', #1440, #6310, #5341, .T. ) ;
#6747 = CARTESIAN_POINT ( 'NONE',  ( 0.4799999999999999267, 0.2178238306527182089, -2.714960358193412304 ) ) ;
#6748 = LINE ( 'NONE', #10399, #1312 ) ;
#6749 = VERTEX_POINT ( 'NONE', #7174 ) ;
#6750 = VERTEX_POINT ( 'NONE', #8202 ) ;
#6751 = ORIENTED_EDGE ( 'NONE', *, *, #7920, .F. ) ;
#6752 = EDGE_LOOP ( 'NONE', ( #8724, #3389, #7142, #8225 ) ) ;
#6753 = DIRECTION ( 'NONE',  ( 1.000000000000000000, 0.000000000000000000, 0.000000000000000000 ) ) ;
#6754 = CYLINDRICAL_SURFACE ( 'NONE', #385, 0.1017314392126205669 ) ;
#6755 = ORIENTED_EDGE ( 'NONE', *, *, #6110, .F. ) ;
#6756 = ORIENTED_EDGE ( 'NONE', *, *, #9879, .F. ) ;
#6757 = DIRECTION ( 'NONE',  ( 0.000000000000000000, -1.000000000000000000, 0.000000000000000000 ) ) ;
#6758 = FACE_OUTER_BOUND ( 'NONE', #7966, .T. ) ;
#6759 = LINE ( 'NONE', #4714, #6483 ) ;
#6760 = DIRECTION ( 'NONE',  ( 0.000000000000000000, 0.9925461516413219831, 0.1218693434051477537 ) ) ;
#6761 = ORIENTED_EDGE ( 'NONE', *, *, #4410, .F. ) ;
#6762 = CARTESIAN_POINT ( 'NONE',  ( 3.329999999999999627, -0.1918287497687165000, -2.577280903468829099 ) ) ;
#6763 = FACE_OUTER_BOUND ( 'NONE', #3401, .T. ) ;
#6764 = EDGE_LOOP ( 'NONE', ( #10812, #10929, #9247, #10311 ) ) ;
#6765 = DIRECTION ( 'NONE',  ( 0.000000000000000000, 0.000000000000000000, -1.000000000000000000 ) ) ;
#6766 = CARTESIAN_POINT ( 'NONE',  ( -1.725000000000000755, -0.1970818674976518581, -2.577702366059666961 ) ) ;
#6767 = LINE ( 'NONE', #2110, #9924 ) ;
#6768 = DIRECTION ( 'NONE',  ( 1.000000000000000000, 0.000000000000000000, 0.000000000000000000 ) ) ;
#6769 = DIRECTION ( 'NONE',  ( 0.000000000000000000, 0.000000000000000000, -1.000000000000000000 ) ) ;
#6770 = ADVANCED_FACE ( 'NONE', ( #16 ), #2636, .F. ) ;
#6771 = PLANE ( 'NONE',  #6038 ) ;
#6772 = PLANE ( 'NONE',  #8918 ) ;
#6773 = ORIENTED_EDGE ( 'NONE', *, *, #6848, .T. ) ;
#6774 = LINE ( 'NONE', #3314, #721 ) ;
#6775 = CARTESIAN_POINT ( 'NONE',  ( 1.749999999999999778, 0.000000000000000000, 3.000000000000000000 ) ) ;
#6776 = ORIENTED_EDGE ( 'NONE', *, *, #9254, .F. ) ;
#6777 = VERTEX_POINT ( 'NONE', #3479 ) ;
#6778 = DIRECTION ( 'NONE',  ( 0.000000000000000000, -0.9967969531173912490, -0.07997395986122911304 ) ) ;
#6779 = ORIENTED_EDGE ( 'NONE', *, *, #9566, .T. ) ;
#6780 = EDGE_CURVE ( 'NONE', #10596, #6369, #8919, .T. ) ;
#6781 = ORIENTED_EDGE ( 'NONE', *, *, #3329, .T. ) ;
#6782 = LINE ( 'NONE', #272, #8397 ) ;
#6783 = EDGE_CURVE ( 'NONE', #9023, #5174, #8868, .T. ) ;
#6784 = FACE_OUTER_BOUND ( 'NONE', #10910, .T. ) ;
#6785 = CARTESIAN_POINT ( 'NONE',  ( 0.4799999999999999267, 0.2042282574763048253, -2.545504876163455776 ) ) ;
#6786 = EDGE_CURVE ( 'NONE', #10542, #6124, #1753, .T. ) ;
#6787 = FACE_OUTER_BOUND ( 'NONE', #4043, .T. ) ;
#6788 = EDGE_CURVE ( 'NONE', #6580, #7638, #4325, .T. ) ;
#6789 = LINE ( 'NONE', #7802, #10287 ) ;
#6790 = FACE_OUTER_BOUND ( 'NONE', #5571, .T. ) ;
#6791 = EDGE_CURVE ( 'NONE', #1095, #5444, #10944, .T. ) ;
#6792 = VERTEX_POINT ( 'NONE', #9868 ) ;
#6793 = ORIENTED_EDGE ( 'NONE', *, *, #5237, .T. ) ;
#6794 = VERTEX_POINT ( 'NONE', #8132 ) ;
#6795 = ORIENTED_EDGE ( 'NONE', *, *, #7678, .T. ) ;
#6796 = EDGE_CURVE ( 'NONE', #4680, #9824, #3591, .T. ) ;
#6797 = DIRECTION ( 'NONE',  ( -0.000000000000000000, -0.9925461516413219831, 0.1218693434051477537 ) ) ;
#6798 = EDGE_CURVE ( 'NONE', #9557, #10579, #2703, .T. ) ;
#6799 = CARTESIAN_POINT ( 'NONE',  ( 0.8149999999999997247, -0.1834862943212428044, -2.747157848089624821 ) ) ;
#6800 = CARTESIAN_POINT ( 'NONE',  ( 0.7899999999999999245, -0.7250000000000001998, -2.870861070673344617 ) ) ;
#6801 = CARTESIAN_POINT ( 'NONE',  ( 4.625000000000000000, -0.2321338255108014725, -2.140814096316195236 ) ) ;
#6802 = CARTESIAN_POINT ( 'NONE',  ( 0.000000000000000000, 0.6250000000000000000, 0.000000000000000000 ) ) ;
#6803 = CIRCLE ( 'NONE', #5453, 0.2861149196957545326 ) ;
#6804 = VERTEX_POINT ( 'NONE', #2880 ) ;
#6805 = ORIENTED_EDGE ( 'NONE', *, *, #7936, .T. ) ;
#6806 = ORIENTED_EDGE ( 'NONE', *, *, #2497, .F. ) ;
#6807 = DIRECTION ( 'NONE',  ( 0.000000000000000000, 0.000000000000000000, -1.000000000000000000 ) ) ;
#6808 = DIRECTION ( 'NONE',  ( 1.000000000000000000, 0.000000000000000000, 0.000000000000000000 ) ) ;
#6809 = ORIENTED_EDGE ( 'NONE', *, *, #11080, .F. ) ;
#6810 = ORIENTED_EDGE ( 'NONE', *, *, #1591, .T. ) ;
#6811 = CARTESIAN_POINT ( 'NONE',  ( -0.7900000000000003686, 0.000000000000000000, 0.000000000000000000 ) ) ;
#6812 = CARTESIAN_POINT ( 'NONE',  ( -0.7900000000000003686, -0.7250000000000001998, 2.870861070673344617 ) ) ;
#6813 = ADVANCED_FACE ( 'NONE', ( #5511 ), #2997, .F. ) ;
#6814 = CARTESIAN_POINT ( 'NONE',  ( -3.330000000000000071, -0.7250000000000049738, 1.217365792252620583E-15 ) ) ;
#6815 = DIRECTION ( 'NONE',  ( 0.000000000000000000, 5.037375692079792934E-15, 1.000000000000000000 ) ) ;
#6816 = DIRECTION ( 'NONE',  ( 0.000000000000000000, 0.07997395986122909917, 0.9967969531173911379 ) ) ;
#6817 = AXIS2_PLACEMENT_3D ( 'NONE', #2182, #3915, #2052 ) ;
#6818 = ORIENTED_EDGE ( 'NONE', *, *, #485, .T. ) ;
#6819 = CARTESIAN_POINT ( 'NONE',  ( 0.7899999999999999245, -0.4750000000000020872, 2.599999999999999645 ) ) ;
#6820 = FACE_OUTER_BOUND ( 'NONE', #10296, .T. ) ;
#6821 = ORIENTED_EDGE ( 'NONE', *, *, #2444, .F. ) ;
#6822 = CYLINDRICAL_SURFACE ( 'NONE', #174, 0.2717314392126214395 ) ;
#6823 = DIRECTION ( 'NONE',  ( 0.000000000000000000, 1.000000000000000000, -1.679125230693258263E-15 ) ) ;
#6824 = AXIS2_PLACEMENT_3D ( 'NONE', #10700, #9022, #8960 ) ;
#6825 = DIRECTION ( 'NONE',  ( 0.000000000000000000, 0.000000000000000000, -1.000000000000000000 ) ) ;
#6826 = CARTESIAN_POINT ( 'NONE',  ( 2.984999999999998987, -0.2334590321417435721, 2.124296695724086526 ) ) ;
#6827 = STYLED_ITEM ( 'NONE', ( #9443 ), #7308 ) ;
#6828 = SURFACE_STYLE_FILL_AREA ( #8442 ) ;
#6829 = LINE ( 'NONE', #1462, #4166 ) ;
#6830 = ORIENTED_EDGE ( 'NONE', *, *, #8611, .F. ) ;
#6831 = CARTESIAN_POINT ( 'NONE',  ( -0.4800000000000003708, -0.4750000000000020872, 2.599999999999999645 ) ) ;
#6832 = DIRECTION ( 'NONE',  ( 1.000000000000000000, -0.000000000000000000, -0.000000000000000000 ) ) ;
#6833 = ORIENTED_EDGE ( 'NONE', *, *, #719, .F. ) ;
#6834 = ORIENTED_EDGE ( 'NONE', *, *, #2991, .T. ) ;
#6835 = PLANE ( 'NONE',  #10041 ) ;
#6836 = ADVANCED_FACE ( 'NONE', ( #5631 ), #7349, .F. ) ;
#6837 = ORIENTED_EDGE ( 'NONE', *, *, #10435, .F. ) ;
#6838 =( GEOMETRIC_REPRESENTATION_CONTEXT ( 3 ) GLOBAL_UNCERTAINTY_ASSIGNED_CONTEXT ( ( #7074 ) ) GLOBAL_UNIT_ASSIGNED_CONTEXT ( ( #7982, #5134, #11517 ) ) REPRESENTATION_CONTEXT ( 'NONE', 'WORKASPACE' ) );
#6839 = ORIENTED_EDGE ( 'NONE', *, *, #6400, .F. ) ;
#6840 = DIRECTION ( 'NONE',  ( -1.000000000000000000, 0.000000000000000000, -0.000000000000000000 ) ) ;
#6841 = CARTESIAN_POINT ( 'NONE',  ( -3.020000000000000018, -0.4614044268235938384, -2.769455482029957061 ) ) ;
#6842 = CARTESIAN_POINT ( 'NONE',  ( -3.330000000000000071, 0.2042282574763048253, 2.545504876163455776 ) ) ;
#6843 = AXIS2_PLACEMENT_3D ( 'NONE', #10946, #680, #2759 ) ;
#6844 = VECTOR ( 'NONE', #2849, 1000.000000000000114 ) ;
#6845 = PLANE ( 'NONE',  #929 ) ;
#6846 = CARTESIAN_POINT ( 'NONE',  ( -1.715000000000001190, -0.1834862943212869912, 2.747157848089627930 ) ) ;
#6847 = CARTESIAN_POINT ( 'NONE',  ( 1.749999999999999778, 0.000000000000000000, 0.000000000000000000 ) ) ;
#6848 = EDGE_CURVE ( 'NONE', #6693, #222, #9156, .T. ) ;
#6849 = VECTOR ( 'NONE', #7774, 1000.000000000000114 ) ;
#6850 = VECTOR ( 'NONE', #3712, 1000.000000000000114 ) ;
#6851 = VERTEX_POINT ( 'NONE', #6584 ) ;
#6852 = ORIENTED_EDGE ( 'NONE', *, *, #3055, .T. ) ;
#6853 = VERTEX_POINT ( 'NONE', #2809 ) ;
#6854 = ORIENTED_EDGE ( 'NONE', *, *, #5477, .T. ) ;
#6855 = CARTESIAN_POINT ( 'NONE',  ( 2.994999999999999218, -0.1834862943212428044, -2.747157848089624821 ) ) ;
#6856 = VECTOR ( 'NONE', #4481, 1000.000000000000000 ) ;
#6857 = EDGE_CURVE ( 'NONE', #9103, #7644, #1030, .T. ) ;
#6858 = CARTESIAN_POINT ( 'NONE',  ( 0.4799999999999999267, -0.7249999999999999778, 3.000000000000000000 ) ) ;
#6859 = LINE ( 'NONE', #3331, #4624 ) ;
#6860 = VECTOR ( 'NONE', #8924, 1000.000000000000114 ) ;
#6861 = VECTOR ( 'NONE', #2352, 999.9999999999998863 ) ;
#6862 = EDGE_CURVE ( 'NONE', #683, #11699, #9272, .T. ) ;
#6863 = DIRECTION ( 'NONE',  ( 1.000000000000000000, 0.000000000000000000, 0.000000000000000000 ) ) ;
#6864 = DIRECTION ( 'NONE',  ( 0.000000000000000000, -0.9967969531173912490, -0.07997395986122909917 ) ) ;
#6865 = ORIENTED_EDGE ( 'NONE', *, *, #8920, .F. ) ;
#6866 = AXIS2_PLACEMENT_3D ( 'NONE', #10634, #6035, #8671 ) ;
#6867 = ADVANCED_FACE ( 'NONE', ( #4619 ), #978, .F. ) ;
#6868 = ORIENTED_EDGE ( 'NONE', *, *, #4774, .T. ) ;
#6869 = VERTEX_POINT ( 'NONE', #10115 ) ;
#6870 = ORIENTED_EDGE ( 'NONE', *, *, #6020, .F. ) ;
#6871 = CARTESIAN_POINT ( 'NONE',  ( -0.8250000000000010658, -0.1970818674976871909, 2.577702366059670069 ) ) ;
#6872 = ORIENTED_EDGE ( 'NONE', *, *, #11171, .T. ) ;
#6873 = VECTOR ( 'NONE', #6354, 1000.000000000000000 ) ;
#6874 = AXIS2_PLACEMENT_3D ( 'NONE', #6565, #9313, #3946 ) ;
#6875 = VECTOR ( 'NONE', #5162, 1000.000000000000000 ) ;
#6876 = DIRECTION ( 'NONE',  ( 0.000000000000000000, 0.000000000000000000, -1.000000000000000000 ) ) ;
#6877 = LINE ( 'NONE', #5143, #3309 ) ;
#6878 = CARTESIAN_POINT ( 'NONE',  ( -2.060000000000000497, 0.2042282574763048253, 2.545504876163455776 ) ) ;
#6879 = CARTESIAN_POINT ( 'NONE',  ( 1.749999999999999778, -0.4750000000000020872, 2.599999999999999645 ) ) ;
#6880 = CARTESIAN_POINT ( 'NONE',  ( -4.290000000000000036, -0.4326855326005907276, -2.767151338054931742 ) ) ;
#6881 = AXIS2_PLACEMENT_3D ( 'NONE', #3345, #6982, #10697 ) ;
#6882 = CIRCLE ( 'NONE', #11641, 0.1017314392126205669 ) ;
#6883 = VECTOR ( 'NONE', #1984, 1000.000000000000000 ) ;
#6884 = ORIENTED_EDGE ( 'NONE', *, *, #11229, .F. ) ;
#6885 = EDGE_CURVE ( 'NONE', #151, #7200, #8374, .T. ) ;
#6886 = CARTESIAN_POINT ( 'NONE',  ( 3.019999999999995577, 0.000000000000000000, 1.949999999999999956 ) ) ;
#6887 = DIRECTION ( 'NONE',  ( -0.000000000000000000, -0.9925461516413219831, 0.1218693434051477537 ) ) ;
#6888 = VERTEX_POINT ( 'NONE', #4673 ) ;
#6889 = ADVANCED_FACE ( 'NONE', ( #4730 ), #11250, .F. ) ;
#6890 = LINE ( 'NONE', #5095, #9346 ) ;
#6891 = ORIENTED_EDGE ( 'NONE', *, *, #3773, .T. ) ;
#6892 = LINE ( 'NONE', #10705, #1724 ) ;
#6893 = AXIS2_PLACEMENT_3D ( 'NONE', #10416, #6823, #5628 ) ;
#6894 = VECTOR ( 'NONE', #11770, 1000.000000000000000 ) ;
#6895 = DIRECTION ( 'NONE',  ( 1.000000000000000000, 0.000000000000000000, 0.000000000000000000 ) ) ;
#6896 = DIRECTION ( 'NONE',  ( 0.000000000000000000, -0.9967969531173912490, -0.07997395986122909917 ) ) ;
#6897 = SURFACE_STYLE_USAGE ( .BOTH. , #497 ) ;
#6898 = FACE_OUTER_BOUND ( 'NONE', #3036, .T. ) ;
#6899 = ORIENTED_EDGE ( 'NONE', *, *, #3208, .T. ) ;
#6900 = EDGE_CURVE ( 'NONE', #2399, #7294, #3069, .T. ) ;
#6901 = VECTOR ( 'NONE', #11167, 1000.000000000000114 ) ;
#6902 = PLANE ( 'NONE',  #9877 ) ;
#6903 = CARTESIAN_POINT ( 'NONE',  ( -3.330000000000000071, -0.1970818674977050378, 2.577702366059670958 ) ) ;
#6904 = EDGE_LOOP ( 'NONE', ( #6042, #2974, #1455, #3313 ) ) ;
#6905 = ORIENTED_EDGE ( 'NONE', *, *, #850, .F. ) ;
#6906 = CARTESIAN_POINT ( 'NONE',  ( -4.950000000000000178, 0.000000000000000000, 1.949999999999999956 ) ) ;
#6907 = ORIENTED_EDGE ( 'NONE', *, *, #7626, .T. ) ;
#6908 = FACE_OUTER_BOUND ( 'NONE', #3744, .T. ) ;
#6909 = DIRECTION ( 'NONE',  ( 0.000000000000000000, -0.9967969531173912490, -0.07997395986122736444 ) ) ;
#6910 = EDGE_CURVE ( 'NONE', #8678, #10542, #11126, .T. ) ;
#6911 = CARTESIAN_POINT ( 'NONE',  ( 4.289999999999999147, -0.4750000000000020872, -2.599999999999999645 ) ) ;
#6912 = CARTESIAN_POINT ( 'NONE',  ( -1.725000000000000755, -0.4462811057769996981, -2.597695856024973882 ) ) ;
#6913 = VERTEX_POINT ( 'NONE', #10232 ) ;
#6914 = VERTEX_POINT ( 'NONE', #8260 ) ;
#6915 = VERTEX_POINT ( 'NONE', #7412 ) ;
#6916 = CARTESIAN_POINT ( 'NONE',  ( 0.4799999999999999267, -0.5549999999999993827, 2.870861070673345061 ) ) ;
#6917 = LINE ( 'NONE', #2258, #4631 ) ;
#6918 = EDGE_CURVE ( 'NONE', #8384, #9040, #75, .T. ) ;
#6919 = DIRECTION ( 'NONE',  ( -1.000000000000000000, -0.000000000000000000, -0.000000000000000000 ) ) ;
#6920 = VECTOR ( 'NONE', #4772, 1000.000000000000114 ) ;
#6921 = EDGE_CURVE ( 'NONE', #186, #6794, #7479, .T. ) ;
#6922 = LINE ( 'NONE', #5129, #6457 ) ;
#6923 = DIRECTION ( 'NONE',  ( 0.000000000000000000, 0.9925461516413219831, 0.1218693434051477537 ) ) ;
#6924 = EDGE_LOOP ( 'NONE', ( #7879, #10485, #11735, #2775 ) ) ;
#6925 = EDGE_CURVE ( 'NONE', #6869, #11296, #5691, .T. ) ;
#6926 = ORIENTED_EDGE ( 'NONE', *, *, #5788, .F. ) ;
#6927 = ORIENTED_EDGE ( 'NONE', *, *, #10123, .T. ) ;
#6928 = CARTESIAN_POINT ( 'NONE',  ( -3.020000000000000018, -0.08500000000000003386, -1.939563312323252742 ) ) ;
#6929 = VECTOR ( 'NONE', #9745, 999.9999999999998863 ) ;
#6930 = ORIENTED_EDGE ( 'NONE', *, *, #7920, .T. ) ;
#6931 = FACE_OUTER_BOUND ( 'NONE', #5682, .T. ) ;
#6932 = LINE ( 'NONE', #6090, #4445 ) ;
#6933 = CARTESIAN_POINT ( 'NONE',  ( -3.020000000000000018, -0.7249999999999999778, 3.000000000000000000 ) ) ;
#6934 = FACE_OUTER_BOUND ( 'NONE', #8651, .T. ) ;
#6935 = DIRECTION ( 'NONE',  ( 0.000000000000000000, 0.000000000000000000, -1.000000000000000000 ) ) ;
#6936 = CARTESIAN_POINT ( 'NONE',  ( -0.4800000000000003708, 0.000000000000000000, -1.949999999999999956 ) ) ;
#6937 = ADVANCED_FACE ( 'NONE', ( #1158 ), #4807, .T. ) ;
#6938 = VECTOR ( 'NONE', #8040, 1000.000000000000114 ) ;
#6939 = VERTEX_POINT ( 'NONE', #11184 ) ;
#6940 = EDGE_CURVE ( 'NONE', #9757, #7272, #6643, .T. ) ;
#6941 = LINE ( 'NONE', #5867, #3786 ) ;
#6942 = ORIENTED_EDGE ( 'NONE', *, *, #11549, .F. ) ;
#6943 = DIRECTION ( 'NONE',  ( 1.000000000000000000, 0.000000000000000000, 0.000000000000000000 ) ) ;
#6944 = ORIENTED_EDGE ( 'NONE', *, *, #7293, .F. ) ;
#6945 = LINE ( 'NONE', #3466, #8206 ) ;
#6946 = DIRECTION ( 'NONE',  ( 0.000000000000000000, -0.9967969531173912490, -0.07997395986122736444 ) ) ;
#6947 = EDGE_CURVE ( 'NONE', #11401, #5957, #4735, .T. ) ;
#6948 = DIRECTION ( 'NONE',  ( -1.000000000000000000, 0.000000000000000000, -0.000000000000000000 ) ) ;
#6949 = CARTESIAN_POINT ( 'NONE',  ( 1.714999999999998970, -0.4462811057770173506, 2.597695856024974770 ) ) ;
#6950 = EDGE_CURVE ( 'NONE', #3041, #4964, #2045, .T. ) ;
#6951 = CARTESIAN_POINT ( 'NONE',  ( 4.254999999999999005, -0.2334590321417346903, 2.124296695724086081 ) ) ;
#6952 = EDGE_LOOP ( 'NONE', ( #2270, #10214, #872, #11402, #830, #5638, #4709, #7939, #10011 ) ) ;
#6953 = CARTESIAN_POINT ( 'NONE',  ( 4.625000000000000000, -0.2321338255108014725, -2.140814096316195236 ) ) ;
#6954 = DIRECTION ( 'NONE',  ( 0.000000000000000000, 0.000000000000000000, -1.000000000000000000 ) ) ;
#6955 = ORIENTED_EDGE ( 'NONE', *, *, #9106, .T. ) ;
#6956 = ORIENTED_EDGE ( 'NONE', *, *, #9180, .F. ) ;
#6957 = LINE ( 'NONE', #10607, #4702 ) ;
#6958 = ORIENTED_EDGE ( 'NONE', *, *, #10378, .F. ) ;
#6959 = CARTESIAN_POINT ( 'NONE',  ( 3.329999999999999627, -0.2011149196957552621, 2.461537905304631568 ) ) ;
#6960 = CARTESIAN_POINT ( 'NONE',  ( 3.364999999999998881, -0.4462811057770084133, 2.597695856024974770 ) ) ;
#6961 = EDGE_CURVE ( 'NONE', #2820, #453, #7602, .T. ) ;
#6962 = CARTESIAN_POINT ( 'NONE',  ( 4.254999999999999005, -0.4326855326005906166, 2.767151338054931742 ) ) ;
#6963 = CARTESIAN_POINT ( 'NONE',  ( 1.749999999999999778, -0.4532685607873790379, 2.870861070673345061 ) ) ;
#6964 = VERTEX_POINT ( 'NONE', #4035 ) ;
#6965 = ORIENTED_EDGE ( 'NONE', *, *, #8467, .F. ) ;
#6966 = ORIENTED_EDGE ( 'NONE', *, *, #1603, .F. ) ;
#6967 = CARTESIAN_POINT ( 'NONE',  ( -4.600000000000000533, -0.4614044268235938384, -2.769455482029957061 ) ) ;
#6968 = CARTESIAN_POINT ( 'NONE',  ( -4.290000000000000036, -0.08500000000000003386, -1.939563312323252742 ) ) ;
#6969 = DIRECTION ( 'NONE',  ( -1.000000000000000000, 0.000000000000000000, -0.000000000000000000 ) ) ;
#6970 = CARTESIAN_POINT ( 'NONE',  ( 4.289999999999999147, -0.4326855326005907276, 2.767151338054931742 ) ) ;
#6971 = CARTESIAN_POINT ( 'NONE',  ( 3.019999999999999574, -0.5549999999999993827, -2.870861070673345061 ) ) ;
#6972 = DIRECTION ( 'NONE',  ( 1.000000000000000000, 0.000000000000000000, 0.000000000000000000 ) ) ;
#6973 = ORIENTED_EDGE ( 'NONE', *, *, #860, .F. ) ;
#6974 = ORIENTED_EDGE ( 'NONE', *, *, #9042, .F. ) ;
#6975 = ORIENTED_EDGE ( 'NONE', *, *, #2541, .T. ) ;
#6976 = CARTESIAN_POINT ( 'NONE',  ( 0.7899999999999999245, -0.1782331765923089728, -2.746736385498786515 ) ) ;
#6977 = ORIENTED_EDGE ( 'NONE', *, *, #1737, .T. ) ;
#6978 = EDGE_CURVE ( 'NONE', #434, #3822, #7671, .T. ) ;
#6979 = DIRECTION ( 'NONE',  ( 1.000000000000000000, 0.000000000000000000, 0.000000000000000000 ) ) ;
#6980 = CARTESIAN_POINT ( 'NONE',  ( 4.289999999999999147, -0.2011149196957544016, -2.461537905304632012 ) ) ;
#6981 = CARTESIAN_POINT ( 'NONE',  ( -0.7900000000000003686, -0.1918287497687165000, 2.577280903468829099 ) ) ;
#6982 = DIRECTION ( 'NONE',  ( 1.000000000000000000, 0.000000000000000000, 0.000000000000000000 ) ) ;
#6983 = CARTESIAN_POINT ( 'NONE',  ( -4.950000000000000178, -0.08500000000000000611, -1.939563312323252964 ) ) ;
#6984 = VECTOR ( 'NONE', #9387, 1000.000000000000000 ) ;
#6985 = EDGE_LOOP ( 'NONE', ( #2652, #36, #1194, #136 ) ) ;
#6986 = CARTESIAN_POINT ( 'NONE',  ( -1.750000000000000666, -0.5549999999999993827, 2.870861070673345061 ) ) ;
#6987 = VERTEX_POINT ( 'NONE', #4926 ) ;
#6988 = CARTESIAN_POINT ( 'NONE',  ( -0.7900000000000003686, -0.5550000000000000488, 3.000000000000000000 ) ) ;
#6989 = ADVANCED_FACE ( 'NONE', ( #129 ), #3771, .T. ) ;
#6990 = ORIENTED_EDGE ( 'NONE', *, *, #5772, .T. ) ;
#6991 = DIRECTION ( 'NONE',  ( -1.000000000000000000, 0.000000000000000000, 0.000000000000000000 ) ) ;
#6992 = CIRCLE ( 'NONE', #1834, 0.2717314392126209954 ) ;
#6993 = EDGE_CURVE ( 'NONE', #5858, #221, #6468, .T. ) ;
#6994 = CARTESIAN_POINT ( 'NONE',  ( 3.329999999999998739, 0.000000000000000000, 1.949999999999999956 ) ) ;
#6995 = DIRECTION ( 'NONE',  ( 0.000000000000000000, 0.07997395986122911304, -0.9967969531173912490 ) ) ;
#6996 = EDGE_CURVE ( 'NONE', #10491, #5918, #10117, .T. ) ;
#6997 = EDGE_LOOP ( 'NONE', ( #10376, #11106, #10718, #7609, #4384, #9064, #2786, #1623, #9633 ) ) ;
#6998 = DIRECTION ( 'NONE',  ( 1.000000000000000000, -0.000000000000000000, 0.000000000000000000 ) ) ;
#6999 = PLANE ( 'NONE',  #9909 ) ;
#7000 = ORIENTED_EDGE ( 'NONE', *, *, #3704, .T. ) ;
#7001 = ORIENTED_EDGE ( 'NONE', *, *, #4117, .T. ) ;
#7002 = CARTESIAN_POINT ( 'NONE',  ( -3.330000000000000071, -0.4462811057770526557, 2.597695856024977878 ) ) ;
#7003 = EDGE_CURVE ( 'NONE', #4689, #9672, #1932, .T. ) ;
#7004 = VERTEX_POINT ( 'NONE', #5765 ) ;
#7005 = CARTESIAN_POINT ( 'NONE',  ( -1.750000000000000666, -0.08500000000000000611, 2.461537905304634677 ) ) ;
#7006 = SURFACE_STYLE_FILL_AREA ( #4048 ) ;
#7007 = FACE_OUTER_BOUND ( 'NONE', #8047, .T. ) ;
#7008 = AXIS2_PLACEMENT_3D ( 'NONE', #9532, #704, #3184 ) ;
#7009 = DIRECTION ( 'NONE',  ( -1.000000000000000000, 0.000000000000000000, 0.000000000000000000 ) ) ;
#7010 = ADVANCED_FACE ( 'NONE', ( #11188 ), #6717, .T. ) ;
#7011 = EDGE_LOOP ( 'NONE', ( #4451, #4948, #10359, #7807 ) ) ;
#7012 = VERTEX_POINT ( 'NONE', #11128 ) ;
#7013 = ORIENTED_EDGE ( 'NONE', *, *, #8877, .T. ) ;
#7014 = VECTOR ( 'NONE', #203, 1000.000000000000114 ) ;
#7015 = CARTESIAN_POINT ( 'NONE',  ( -4.950000000000000178, 0.08500000000000000611, 1.939563312323252964 ) ) ;
#7016 = LINE ( 'NONE', #6185, #6352 ) ;
#7017 = VECTOR ( 'NONE', #11562, 1000.000000000000000 ) ;
#7018 = CARTESIAN_POINT ( 'NONE',  ( 4.599999999999999645, -0.1782331765923089728, -2.746736385498786515 ) ) ;
#7019 = LINE ( 'NONE', #7819, #8565 ) ;
#7020 = VECTOR ( 'NONE', #7840, 1000.000000000000000 ) ;
#7021 = MECHANICAL_DESIGN_GEOMETRIC_PRESENTATION_REPRESENTATION (  '', ( #2279 ), #8930 ) ;
#7022 = LINE ( 'NONE', #5292, #575 ) ;
#7023 = CARTESIAN_POINT ( 'NONE',  ( 2.059999999999999609, -0.1834862943212604847, 2.747157848089626153 ) ) ;
#7024 = ORIENTED_EDGE ( 'NONE', *, *, #11673, .F. ) ;
#7025 = AXIS2_PLACEMENT_3D ( 'NONE', #6847, #1426, #10508 ) ;
#7026 = VERTEX_POINT ( 'NONE', #10307 ) ;
#7027 = LINE ( 'NONE', #5420, #5164 ) ;
#7028 = VECTOR ( 'NONE', #5323, 1000.000000000000114 ) ;
#7029 = ORIENTED_EDGE ( 'NONE', *, *, #3907, .T. ) ;
#7030 = VECTOR ( 'NONE', #5405, 999.9999999999998863 ) ;
#7031 = CARTESIAN_POINT ( 'NONE',  ( -3.330000000000000071, -0.1918287497687165000, 2.577280903468829099 ) ) ;
#7032 = LINE ( 'NONE', #1558, #5031 ) ;
#7033 = AXIS2_PLACEMENT_3D ( 'NONE', #3613, #8398, #5469 ) ;
#7034 = CARTESIAN_POINT ( 'NONE',  ( -2.985000000000000764, -0.4462811057770526557, 2.597695856024977878 ) ) ;
#7035 = AXIS2_PLACEMENT_3D ( 'NONE', #2896, #10326, #10192 ) ;
#7036 = FACE_OUTER_BOUND ( 'NONE', #11797, .T. ) ;
#7037 = EDGE_CURVE ( 'NONE', #9693, #2506, #4868, .T. ) ;
#7038 = EDGE_CURVE ( 'NONE', #1556, #5418, #9351, .T. ) ;
#7039 = ORIENTED_EDGE ( 'NONE', *, *, #5568, .T. ) ;
#7040 = MECHANICAL_DESIGN_GEOMETRIC_PRESENTATION_REPRESENTATION (  '', ( #10100 ), #4386 ) ;
#7041 = PLANE ( 'NONE',  #6824 ) ;
#7042 = AXIS2_PLACEMENT_3D ( 'NONE', #11580, #2400, #2290 ) ;
#7043 = VECTOR ( 'NONE', #6896, 999.9999999999998863 ) ;
#7044 = VERTEX_POINT ( 'NONE', #1034 ) ;
#7045 = DIRECTION ( 'NONE',  ( 0.000000000000000000, 0.000000000000000000, -1.000000000000000000 ) ) ;
#7046 = ORIENTED_EDGE ( 'NONE', *, *, #1820, .T. ) ;
#7047 = ORIENTED_EDGE ( 'NONE', *, *, #2623, .F. ) ;
#7048 = DIRECTION ( 'NONE',  ( -0.000000000000000000, -0.07997395986122911304, 0.9967969531173912490 ) ) ;
#7049 = CARTESIAN_POINT ( 'NONE',  ( -0.7900000000000003686, 0.2178238306527182089, -2.714960358193412304 ) ) ;
#7050 = PLANE ( 'NONE',  #3855 ) ;
#7051 = DIRECTION ( 'NONE',  ( 0.000000000000000000, 0.000000000000000000, -1.000000000000000000 ) ) ;
#7052 = VECTOR ( 'NONE', #10466, 999.9999999999998863 ) ;
#7053 = VECTOR ( 'NONE', #3502, 1000.000000000000000 ) ;
#7054 = AXIS2_PLACEMENT_3D ( 'NONE', #10161, #8247, #1848 ) ;
#7055 = EDGE_CURVE ( 'NONE', #9150, #4342, #1161, .T. ) ;
#7056 = ORIENTED_EDGE ( 'NONE', *, *, #8105, .F. ) ;
#7057 = CARTESIAN_POINT ( 'NONE',  ( -4.600000000000000533, -0.2011149196957552621, 2.461537905304631568 ) ) ;
#7058 = DIRECTION ( 'NONE',  ( -0.000000000000000000, 0.000000000000000000, -1.000000000000000000 ) ) ;
#7059 = ORIENTED_EDGE ( 'NONE', *, *, #4811, .T. ) ;
#7060 = DIRECTION ( 'NONE',  ( 0.000000000000000000, 0.000000000000000000, -1.000000000000000000 ) ) ;
#7061 = CARTESIAN_POINT ( 'NONE',  ( 0.7899999999999999245, -0.4532685607873790379, 2.870861070673345061 ) ) ;
#7062 = ADVANCED_FACE ( 'NONE', ( #8313 ), #10179, .F. ) ;
#7063 = VECTOR ( 'NONE', #5212, 1000.000000000000000 ) ;
#7064 = MECHANICAL_DESIGN_GEOMETRIC_PRESENTATION_REPRESENTATION (  '', ( #5356 ), #8405 ) ;
#7065 = ORIENTED_EDGE ( 'NONE', *, *, #6409, .T. ) ;
#7066 = CARTESIAN_POINT ( 'NONE',  ( 0.4799999999999995381, -0.08500000000000000611, -1.939563312323252964 ) ) ;
#7067 = EDGE_CURVE ( 'NONE', #7760, #6330, #7480, .T. ) ;
#7068 = EDGE_CURVE ( 'NONE', #2538, #9646, #6529, .T. ) ;
#7069 = CARTESIAN_POINT ( 'NONE',  ( 1.714999999999998970, -0.1834862943212604847, 2.747157848089626153 ) ) ;
#7070 = ADVANCED_FACE ( 'NONE', ( #7542 ), #8500, .T. ) ;
#7071 = EDGE_CURVE ( 'NONE', #5312, #1802, #2611, .T. ) ;
#7072 = VECTOR ( 'NONE', #1794, 1000.000000000000000 ) ;
#7073 = VECTOR ( 'NONE', #3432, 1000.000000000000000 ) ;
#7074 = UNCERTAINTY_MEASURE_WITH_UNIT (LENGTH_MEASURE( 1.000000000000000082E-05 ), #7982, 'distance_accuracy_value', 'NONE');
#7075 = CARTESIAN_POINT ( 'NONE',  ( 3.354999999999999538, -0.1970818674976518858, -2.577702366059666961 ) ) ;
#7076 = DIRECTION ( 'NONE',  ( -0.000000000000000000, 0.07997395986122737832, 0.9967969531173913600 ) ) ;
#7077 = ORIENTED_EDGE ( 'NONE', *, *, #6409, .F. ) ;
#7078 = ADVANCED_FACE ( 'NONE', ( #6898 ), #6202, .T. ) ;
#7079 = ORIENTED_EDGE ( 'NONE', *, *, #8154, .F. ) ;
#7080 = ORIENTED_EDGE ( 'NONE', *, *, #10251, .F. ) ;
#7081 = ORIENTED_EDGE ( 'NONE', *, *, #3299, .F. ) ;
#7082 = CARTESIAN_POINT ( 'NONE',  ( 0.4799999999999999267, -0.4532685607873793709, -2.870861070673344617 ) ) ;
#7083 = CARTESIAN_POINT ( 'NONE',  ( 1.714999999999998970, -0.1834862943212604847, 2.747157848089626153 ) ) ;
#7084 = PLANE ( 'NONE',  #2905 ) ;
#7085 = EDGE_CURVE ( 'NONE', #673, #8140, #1346, .T. ) ;
#7086 = CARTESIAN_POINT ( 'NONE',  ( 4.289999999999996483, 0.000000000000000000, -1.949999999999999956 ) ) ;
#7087 = CARTESIAN_POINT ( 'NONE',  ( 4.599999999999999645, -0.5549999999999993827, -2.870861070673345061 ) ) ;
#7088 = DIRECTION ( 'NONE',  ( -1.000000000000000000, 0.000000000000000000, 0.000000000000000000 ) ) ;
#7089 = ORIENTED_EDGE ( 'NONE', *, *, #1073, .F. ) ;
#7090 = ORIENTED_EDGE ( 'NONE', *, *, #11451, .F. ) ;
#7091 = EDGE_LOOP ( 'NONE', ( #8213, #2127, #8124, #2487 ) ) ;
#7092 = DIRECTION ( 'NONE',  ( 1.000000000000000000, 0.000000000000000000, 0.000000000000000000 ) ) ;
#7093 = EDGE_LOOP ( 'NONE', ( #8447, #651, #11734, #1869 ) ) ;
#7094 = CARTESIAN_POINT ( 'NONE',  ( -0.7900000000000003686, 0.08500000000000000611, -2.461537905304632012 ) ) ;
#7095 = AXIS2_PLACEMENT_3D ( 'NONE', #10175, #1929, #125 ) ;
#7096 = CARTESIAN_POINT ( 'NONE',  ( 0.4799999999999999267, 0.08500000000000000611, -2.461537905304632012 ) ) ;
#7097 = DIRECTION ( 'NONE',  ( 0.000000000000000000, -0.07997395986122909917, -0.9967969531173911379 ) ) ;
#7098 = EDGE_CURVE ( 'NONE', #489, #4965, #6829, .T. ) ;
#7099 = DIRECTION ( 'NONE',  ( 1.000000000000000000, 0.000000000000000000, 0.000000000000000000 ) ) ;
#7100 = ORIENTED_EDGE ( 'NONE', *, *, #6719, .T. ) ;
#7101 = AXIS2_PLACEMENT_3D ( 'NONE', #9173, #1879, #5529 ) ;
#7102 = LINE ( 'NONE', #3566, #10823 ) ;
#7103 = EDGE_LOOP ( 'NONE', ( #8722, #11035, #2416, #6209 ) ) ;
#7104 = VERTEX_POINT ( 'NONE', #4998 ) ;
#7105 = LINE ( 'NONE', #10758, #5716 ) ;
#7106 = ORIENTED_EDGE ( 'NONE', *, *, #9993, .T. ) ;
#7107 = ORIENTED_EDGE ( 'NONE', *, *, #6387, .T. ) ;
#7108 = EDGE_CURVE ( 'NONE', #6794, #10885, #7152, .T. ) ;
#7109 = CARTESIAN_POINT ( 'NONE',  ( -0.8250000000000010658, -0.1970818674976879958, 2.577702366059670069 ) ) ;
#7110 = LINE ( 'NONE', #11329, #165 ) ;
#7111 = DIRECTION ( 'NONE',  ( 1.000000000000000000, 0.000000000000000000, 0.000000000000000000 ) ) ;
#7112 = CARTESIAN_POINT ( 'NONE',  ( 1.749999999999999778, -0.2011149196957552621, -2.461537905304631568 ) ) ;
#7113 = AXIS2_PLACEMENT_3D ( 'NONE', #6495, #3874, #2961 ) ;
#7114 = DIRECTION ( 'NONE',  ( 0.000000000000000000, 0.000000000000000000, -1.000000000000000000 ) ) ;
#7115 = PLANE ( 'NONE',  #11420 ) ;
#7116 = PLANE ( 'NONE',  #751 ) ;
#7117 = ORIENTED_EDGE ( 'NONE', *, *, #7984, .F. ) ;
#7118 = LINE ( 'NONE', #2698, #1692 ) ;
#7119 = EDGE_CURVE ( 'NONE', #4877, #3760, #4355, .T. ) ;
#7120 = VERTEX_POINT ( 'NONE', #1727 ) ;
#7121 = CARTESIAN_POINT ( 'NONE',  ( 0.4799999999999999267, -0.08500000000000000611, -2.461537905304634677 ) ) ;
#7122 = EDGE_CURVE ( 'NONE', #8804, #9073, #773, .T. ) ;
#7123 = CARTESIAN_POINT ( 'NONE',  ( -3.365000000000000657, -0.4462811057770526557, 2.597695856024977878 ) ) ;
#7124 = EDGE_CURVE ( 'NONE', #5743, #2862, #5309, .T. ) ;
#7125 = DIRECTION ( 'NONE',  ( 1.000000000000000000, 0.000000000000000000, 0.000000000000000000 ) ) ;
#7126 = CARTESIAN_POINT ( 'NONE',  ( -0.4550000000000005151, -0.2321338255108014725, -2.140814096316195236 ) ) ;
#7127 = ORIENTED_EDGE ( 'NONE', *, *, #1771, .T. ) ;
#7128 = VERTEX_POINT ( 'NONE', #498 ) ;
#7129 = ORIENTED_EDGE ( 'NONE', *, *, #7658, .F. ) ;
#7130 = VERTEX_POINT ( 'NONE', #4092 ) ;
#7131 = EDGE_CURVE ( 'NONE', #4478, #2464, #829, .T. ) ;
#7132 = CARTESIAN_POINT ( 'NONE',  ( -2.060000000000000497, -0.08500000000000000611, 1.939563312323252964 ) ) ;
#7133 = LINE ( 'NONE', #2490, #1216 ) ;
#7134 = LINE ( 'NONE', #10905, #9960 ) ;
#7135 = ADVANCED_FACE ( 'NONE', ( #4472 ), #6772, .T. ) ;
#7136 = DIRECTION ( 'NONE',  ( 0.000000000000000000, 0.9925461516413219831, 0.1218693434051477537 ) ) ;
#7137 = DIRECTION ( 'NONE',  ( -1.000000000000000000, -0.000000000000000000, -0.000000000000000000 ) ) ;
#7138 = PRESENTATION_STYLE_ASSIGNMENT (( #7821 ) ) ;
#7139 = ORIENTED_EDGE ( 'NONE', *, *, #4006, .T. ) ;
#7140 = ADVANCED_FACE ( 'NONE', ( #3130 ), #9604, .F. ) ;
#7141 = ORIENTED_EDGE ( 'NONE', *, *, #146, .F. ) ;
#7142 = ORIENTED_EDGE ( 'NONE', *, *, #9840, .T. ) ;
#7143 = FACE_OUTER_BOUND ( 'NONE', #2346, .T. ) ;
#7144 = ORIENTED_EDGE ( 'NONE', *, *, #9504, .F. ) ;
#7145 = ADVANCED_FACE ( 'NONE', ( #5103 ), #5877, .T. ) ;
#7146 = CARTESIAN_POINT ( 'NONE',  ( -4.950000000000000178, 0.000000000000000000, -1.949999999999999956 ) ) ;
#7147 = CARTESIAN_POINT ( 'NONE',  ( 0.7899999999999999245, -0.6505093632533353043, 0.05219097986152167884 ) ) ;
#7148 = DIRECTION ( 'NONE',  ( 0.000000000000000000, 0.07997395986122911304, -0.9967969531173912490 ) ) ;
#7149 = DIRECTION ( 'NONE',  ( 0.000000000000000000, 0.000000000000000000, -1.000000000000000000 ) ) ;
#7150 = ADVANCED_FACE ( 'NONE', ( #5054 ), #11365, .F. ) ;
#7151 = PLANE ( 'NONE',  #10619 ) ;
#7152 = LINE ( 'NONE', #3510, #342 ) ;
#7153 = ORIENTED_EDGE ( 'NONE', *, *, #848, .T. ) ;
#7154 = DIRECTION ( 'NONE',  ( 0.000000000000000000, 0.000000000000000000, -1.000000000000000000 ) ) ;
#7155 = ORIENTED_EDGE ( 'NONE', *, *, #1808, .F. ) ;
#7156 = VERTEX_POINT ( 'NONE', #8957 ) ;
#7157 = CARTESIAN_POINT ( 'NONE',  ( 1.749999999999999778, -0.7250000000000001998, -2.870861070673344617 ) ) ;
#7158 = ORIENTED_EDGE ( 'NONE', *, *, #2814, .F. ) ;
#7159 = VERTEX_POINT ( 'NONE', #10484 ) ;
#7160 = EDGE_CURVE ( 'NONE', #11725, #7983, #2301, .T. ) ;
#7161 = CARTESIAN_POINT ( 'NONE',  ( -0.4800000000000003708, 0.000000000000000000, 0.000000000000000000 ) ) ;
#7162 = CARTESIAN_POINT ( 'NONE',  ( 0.4799999999999995381, 0.000000000000000000, -1.949999999999999956 ) ) ;
#7163 = CARTESIAN_POINT ( 'NONE',  ( 0.4799999999999999267, -0.08500000000000000611, 0.000000000000000000 ) ) ;
#7164 = VECTOR ( 'NONE', #447, 999.9999999999998863 ) ;
#7165 = FACE_OUTER_BOUND ( 'NONE', #8288, .T. ) ;
#7166 = LINE ( 'NONE', #10817, #5926 ) ;
#7167 = FACE_OUTER_BOUND ( 'NONE', #10791, .T. ) ;
#7168 = LINE ( 'NONE', #1921, #8795 ) ;
#7169 = ORIENTED_EDGE ( 'NONE', *, *, #515, .F. ) ;
#7170 = VECTOR ( 'NONE', #690, 999.9999999999998863 ) ;
#7171 = DIRECTION ( 'NONE',  ( 1.000000000000000000, -0.000000000000000000, 0.000000000000000000 ) ) ;
#7172 = EDGE_LOOP ( 'NONE', ( #220, #996, #4527, #7463 ) ) ;
#7173 = DIRECTION ( 'NONE',  ( 1.000000000000000000, 0.000000000000000000, 0.000000000000000000 ) ) ;
#7174 = CARTESIAN_POINT ( 'NONE',  ( -0.4800000000000003708, -0.08500000000000000611, 2.461537905304634677 ) ) ;
#7175 = UNCERTAINTY_MEASURE_WITH_UNIT (LENGTH_MEASURE( 1.000000000000000082E-05 ), #5468, 'distance_accuracy_value', 'NONE');
#7176 = CARTESIAN_POINT ( 'NONE',  ( 4.289999999999999147, -0.4614044268235938384, -2.769455482029957061 ) ) ;
#7177 = DIRECTION ( 'NONE',  ( 0.000000000000000000, 0.9967969531173912490, 0.07997395986122911304 ) ) ;
#7178 = VECTOR ( 'NONE', #7548, 1000.000000000000000 ) ;
#7179 = ADVANCED_FACE ( 'NONE', ( #9658 ), #11643, .T. ) ;
#7180 = CARTESIAN_POINT ( 'NONE',  ( -3.020000000000000018, -0.5550000000000000488, 3.000000000000000000 ) ) ;
#7181 = CARTESIAN_POINT ( 'NONE',  ( -4.600000000000000533, -0.7250000000000001998, 2.870861070673344617 ) ) ;
#7182 = ORIENTED_EDGE ( 'NONE', *, *, #644, .T. ) ;
#7183 = ORIENTED_EDGE ( 'NONE', *, *, #10276, .F. ) ;
#7184 = EDGE_LOOP ( 'NONE', ( #318, #2488, #1698, #778, #8696, #11467, #3364, #6432, #4637, #8098, #3464, #4615 ) ) ;
#7185 = VERTEX_POINT ( 'NONE', #2912 ) ;
#7186 = DIRECTION ( 'NONE',  ( 1.000000000000000000, -0.000000000000000000, 0.000000000000000000 ) ) ;
#7187 = DIRECTION ( 'NONE',  ( 0.000000000000000000, 0.07997395986122909917, 0.9967969531173911379 ) ) ;
#7188 = AXIS2_PLACEMENT_3D ( 'NONE', #1609, #7216, #7154 ) ;
#7189 = LINE ( 'NONE', #8876, #5972 ) ;
#7190 = CARTESIAN_POINT ( 'NONE',  ( -4.290000000000000036, 0.000000000000000000, 0.000000000000000000 ) ) ;
#7191 = VECTOR ( 'NONE', #1656, 1000.000000000000000 ) ;
#7192 = SURFACE_STYLE_USAGE ( .BOTH. , #11787 ) ;
#7193 = EDGE_CURVE ( 'NONE', #6039, #6674, #3632, .T. ) ;
#7194 = CARTESIAN_POINT ( 'NONE',  ( -4.290000000000000036, -0.2011149196957552621, -2.461537905304631568 ) ) ;
#7195 = DIRECTION ( 'NONE',  ( 0.000000000000000000, -0.9967969531173912490, 0.07997395986122736444 ) ) ;
#7196 = ORIENTED_EDGE ( 'NONE', *, *, #2359, .T. ) ;
#7197 = ORIENTED_EDGE ( 'NONE', *, *, #11512, .F. ) ;
#7198 = ORIENTED_EDGE ( 'NONE', *, *, #9328, .T. ) ;
#7199 = DIRECTION ( 'NONE',  ( 0.000000000000000000, -0.9967969531173912490, -0.07997395986122909917 ) ) ;
#7200 = VERTEX_POINT ( 'NONE', #5429 ) ;
#7201 = EDGE_CURVE ( 'NONE', #5205, #740, #11031, .T. ) ;
#7202 = CIRCLE ( 'NONE', #11220, 0.2717314392126209954 ) ;
#7203 = CARTESIAN_POINT ( 'NONE',  ( -4.950000000000000178, 0.000000000000000000, 1.949999999999999956 ) ) ;
#7204 = PLANE ( 'NONE',  #5790 ) ;
#7205 = CARTESIAN_POINT ( 'NONE',  ( -4.950000000000000178, 0.08500000000000000611, -1.939563312323252964 ) ) ;
#7206 = DIRECTION ( 'NONE',  ( 0.000000000000000000, -0.9967969531173912490, 0.07997395986122736444 ) ) ;
#7207 = VECTOR ( 'NONE', #897, 1000.000000000000000 ) ;
#7208 = VECTOR ( 'NONE', #3788, 1000.000000000000000 ) ;
#7209 = CARTESIAN_POINT ( 'NONE',  ( 0.4799999999999999267, -0.7250000000000001998, 2.870861070673344617 ) ) ;
#7210 = EDGE_CURVE ( 'NONE', #6603, #673, #8110, .T. ) ;
#7211 = VECTOR ( 'NONE', #9631, 1000.000000000000000 ) ;
#7212 = CARTESIAN_POINT ( 'NONE',  ( -3.330000000000000071, 0.08500000000000000611, 0.000000000000000000 ) ) ;
#7213 =( NAMED_UNIT ( * ) PLANE_ANGLE_UNIT ( ) SI_UNIT ( $, .RADIAN. ) );
#7214 = ORIENTED_EDGE ( 'NONE', *, *, #10141, .T. ) ;
#7215 = VECTOR ( 'NONE', #61, 1000.000000000000114 ) ;
#7216 = DIRECTION ( 'NONE',  ( 1.000000000000000000, -0.000000000000000000, 0.000000000000000000 ) ) ;
#7217 = ORIENTED_EDGE ( 'NONE', *, *, #2889, .F. ) ;
#7218 = VERTEX_POINT ( 'NONE', #5660 ) ;
#7219 = FACE_OUTER_BOUND ( 'NONE', #8275, .T. ) ;
#7220 = ORIENTED_EDGE ( 'NONE', *, *, #10315, .T. ) ;
#7221 = ORIENTED_EDGE ( 'NONE', *, *, #2139, .T. ) ;
#7222 = CIRCLE ( 'NONE', #3412, 0.1017314392126205669 ) ;
#7223 = DIRECTION ( 'NONE',  ( 0.000000000000000000, 5.037375692079792934E-15, 1.000000000000000000 ) ) ;
#7224 = CARTESIAN_POINT ( 'NONE',  ( -4.290000000000000036, -0.7250000000000049738, 1.217365792252620583E-15 ) ) ;
#7225 = LINE ( 'NONE', #3521, #9399 ) ;
#7226 = CARTESIAN_POINT ( 'NONE',  ( 1.749999999999999778, -0.08500000000000000611, 0.000000000000000000 ) ) ;
#7227 = VECTOR ( 'NONE', #1391, 1000.000000000000114 ) ;
#7229 = EDGE_CURVE ( 'NONE', #11403, #8005, #5482, .T. ) ;
#7228 = VECTOR ( 'NONE', #6237, 1000.000000000000000 ) ;
#7230 = VECTOR ( 'NONE', #6328, 1000.000000000000000 ) ;
#7231 = AXIS2_PLACEMENT_3D ( 'NONE', #7584, #1393, #3116 ) ;
#7232 = VERTEX_POINT ( 'NONE', #7380 ) ;
#7233 = ADVANCED_FACE ( 'NONE', ( #881 ), #11748, .T. ) ;
#7234 = CARTESIAN_POINT ( 'NONE',  ( -3.020000000000000018, 0.08500000000000001998, -1.939563312323252964 ) ) ;
#7235 = PLANE ( 'NONE',  #7632 ) ;
#7236 = ORIENTED_EDGE ( 'NONE', *, *, #7931, .F. ) ;
#7237 = FACE_OUTER_BOUND ( 'NONE', #6043, .T. ) ;
#7238 = ORIENTED_EDGE ( 'NONE', *, *, #5076, .F. ) ;
#7239 = CARTESIAN_POINT ( 'NONE',  ( -0.4550000000000005151, -0.4326855326005906166, -2.767151338054931742 ) ) ;
#7240 = VECTOR ( 'NONE', #10900, 999.9999999999998863 ) ;
#7241 = VECTOR ( 'NONE', #7681, 1000.000000000000114 ) ;
#7242 = VECTOR ( 'NONE', #10980, 1000.000000000000114 ) ;
#7243 = CARTESIAN_POINT ( 'NONE',  ( -0.4550000000000005151, -0.1834862943212428044, -2.747157848089624821 ) ) ;
#7244 = ADVANCED_FACE ( 'NONE', ( #3563 ), #2015, .T. ) ;
#7245 = DIRECTION ( 'NONE',  ( 0.000000000000000000, 0.000000000000000000, -1.000000000000000000 ) ) ;
#7246 = AXIS2_PLACEMENT_3D ( 'NONE', #7589, #6707, #374 ) ;
#7247 = VECTOR ( 'NONE', #10893, 1000.000000000000000 ) ;
#7248 = CARTESIAN_POINT ( 'NONE',  ( 4.599999999999999645, 0.2178238306527182089, 2.714960358193412304 ) ) ;
#7249 = DIRECTION ( 'NONE',  ( 0.000000000000000000, 0.000000000000000000, -1.000000000000000000 ) ) ;
#7250 = AXIS2_PLACEMENT_3D ( 'NONE', #10190, #6598, #1999 ) ;
#7251 = VERTEX_POINT ( 'NONE', #2728 ) ;
#7252 = ORIENTED_EDGE ( 'NONE', *, *, #6461, .F. ) ;
#7253 = ORIENTED_EDGE ( 'NONE', *, *, #6110, .T. ) ;
#7254 = VERTEX_POINT ( 'NONE', #11098 ) ;
#7255 = DIRECTION ( 'NONE',  ( 0.000000000000000000, 0.000000000000000000, -1.000000000000000000 ) ) ;
#7256 = AXIS2_PLACEMENT_3D ( 'NONE', #2117, #3906, #7539 ) ;
#7257 = CARTESIAN_POINT ( 'NONE',  ( 2.994999999999999218, -0.2321338255108014725, -2.140814096316195236 ) ) ;
#7258 = FACE_OUTER_BOUND ( 'NONE', #11431, .T. ) ;
#7259 = LINE ( 'NONE', #1825, #4353 ) ;
#7260 = CIRCLE ( 'NONE', #6308, 0.1017314392126205669 ) ;
#7261 = VERTEX_POINT ( 'NONE', #6376 ) ;
#7262 = ORIENTED_EDGE ( 'NONE', *, *, #3752, .T. ) ;
#7263 = EDGE_CURVE ( 'NONE', #3517, #7717, #1959, .T. ) ;
#7264 = VERTEX_POINT ( 'NONE', #1899 ) ;
#7265 = CARTESIAN_POINT ( 'NONE',  ( -1.750000000000000666, 0.000000000000000000, -1.949999999999999956 ) ) ;
#7266 = ADVANCED_FACE ( 'NONE', ( #4700 ), #5551, .T. ) ;
#7267 = DIRECTION ( 'NONE',  ( 0.000000000000000000, 0.000000000000000000, -1.000000000000000000 ) ) ;
#7268 = DIRECTION ( 'NONE',  ( 0.000000000000000000, -0.9967969531173912490, -0.07997395986122922407 ) ) ;
#7269 = CARTESIAN_POINT ( 'NONE',  ( 1.724999999999999645, -0.1834862943212428044, -2.747157848089624821 ) ) ;
#7270 = DIRECTION ( 'NONE',  ( 0.000000000000000000, 0.000000000000000000, -1.000000000000000000 ) ) ;
#7271 = PLANE ( 'NONE',  #8121 ) ;
#7272 = VERTEX_POINT ( 'NONE', #6501 ) ;
#7273 = LINE ( 'NONE', #1059, #7371 ) ;
#7274 = EDGE_LOOP ( 'NONE', ( #7198, #8402, #9847, #4747 ) ) ;
#7275 = ORIENTED_EDGE ( 'NONE', *, *, #7119, .F. ) ;
#7276 = EDGE_CURVE ( 'NONE', #10000, #7730, #10826, .T. ) ;
#7277 = DIRECTION ( 'NONE',  ( -1.000000000000000000, 0.000000000000000000, 0.000000000000000000 ) ) ;
#7278 = DIRECTION ( 'NONE',  ( 0.1209742911513548291, 0.9852565360152931717, -0.1209742911513548430 ) ) ;
#7279 = VECTOR ( 'NONE', #10231, 1000.000000000000114 ) ;
#7280 = ORIENTED_EDGE ( 'NONE', *, *, #4006, .F. ) ;
#7281 = ORIENTED_EDGE ( 'NONE', *, *, #10652, .T. ) ;
#7282 = CARTESIAN_POINT ( 'NONE',  ( 1.749999999999999778, -0.5549999999999849498, 2.795743509104209498E-15 ) ) ;
#7283 = EDGE_CURVE ( 'NONE', #5104, #9231, #1056, .T. ) ;
#7284 = CARTESIAN_POINT ( 'NONE',  ( 3.354999999999999538, -0.4326855326005906166, -2.767151338054931742 ) ) ;
#7285 = CARTESIAN_POINT ( 'NONE',  ( -4.265000000000000568, -0.2321338255108014725, -2.140814096316195236 ) ) ;
#7286 = DIRECTION ( 'NONE',  ( 0.000000000000000000, 0.000000000000000000, -1.000000000000000000 ) ) ;
#7287 = VECTOR ( 'NONE', #9440, 1000.000000000000000 ) ;
#7288 = EDGE_CURVE ( 'NONE', #10854, #4319, #1379, .T. ) ;
#7289 = CARTESIAN_POINT ( 'NONE',  ( -3.365000000000000657, -0.4826582704211354602, 2.144290185689396999 ) ) ;
#7290 = DIRECTION ( 'NONE',  ( 0.000000000000000000, 0.000000000000000000, -1.000000000000000000 ) ) ;
#7291 = VERTEX_POINT ( 'NONE', #3218 ) ;
#7292 = CARTESIAN_POINT ( 'NONE',  ( -1.750000000000000666, 0.000000000000000000, 0.000000000000000000 ) ) ;
#7293 = EDGE_CURVE ( 'NONE', #5472, #7998, #10267, .T. ) ;
#7294 = VERTEX_POINT ( 'NONE', #9569 ) ;
#7295 = PLANE ( 'NONE',  #4581 ) ;
#7296 = VECTOR ( 'NONE', #11692, 1000.000000000000000 ) ;
#7297 = ADVANCED_FACE ( 'NONE', ( #8530 ), #4776, .T. ) ;
#7298 = LINE ( 'NONE', #11182, #2311 ) ;
#7299 = DIRECTION ( 'NONE',  ( 1.000000000000000000, 0.000000000000000000, 0.000000000000000000 ) ) ;
#7300 = CARTESIAN_POINT ( 'NONE',  ( 0.8149999999999997247, -0.4813330637901492848, -2.160807586281502157 ) ) ;
#7301 = CARTESIAN_POINT ( 'NONE',  ( 0.4799999999999999267, 0.2042282574763048253, -2.545504876163455776 ) ) ;
#7302 = PLANE ( 'NONE',  #2460 ) ;
#7303 = LINE ( 'NONE', #10947, #4970 ) ;
#7304 = ORIENTED_EDGE ( 'NONE', *, *, #5359, .F. ) ;
#7305 = ORIENTED_EDGE ( 'NONE', *, *, #7893, .F. ) ;
#7306 = ORIENTED_EDGE ( 'NONE', *, *, #2177, .F. ) ;
#7307 = ORIENTED_EDGE ( 'NONE', *, *, #1889, .T. ) ;
#7308 = ADVANCED_FACE ( 'NONE', ( #9632, #5797 ), #9501, .F. ) ;
#7309 = CARTESIAN_POINT ( 'NONE',  ( 0.4799999999999999267, 0.000000000000000000, 3.000000000000000000 ) ) ;
#7310 = CARTESIAN_POINT ( 'NONE',  ( 0.7899999999999999245, -0.7250000000000001998, 2.870861070673344617 ) ) ;
#7311 = EDGE_CURVE ( 'NONE', #856, #6851, #10452, .T. ) ;
#7312 = LINE ( 'NONE', #10958, #8181 ) ;
#7313 = CARTESIAN_POINT ( 'NONE',  ( -1.750000000000000666, 0.000000000000000000, 3.000000000000000000 ) ) ;
#7314 = ORIENTED_EDGE ( 'NONE', *, *, #11172, .T. ) ;
#7315 = ORIENTED_EDGE ( 'NONE', *, *, #8028, .T. ) ;
#7316 = EDGE_LOOP ( 'NONE', ( #9189, #2265, #8636, #3226 ) ) ;
#7317 = LINE ( 'NONE', #11637, #3087 ) ;
#7318 = LINE ( 'NONE', #7147, #5989 ) ;
#7319 = DIRECTION ( 'NONE',  ( 1.000000000000000000, 0.000000000000000000, 0.000000000000000000 ) ) ;
#7320 = DIRECTION ( 'NONE',  ( 1.000000000000000000, 0.000000000000000000, 0.000000000000000000 ) ) ;
#7321 = DIRECTION ( 'NONE',  ( 0.000000000000000000, -1.000000000000000000, -5.037375692079792934E-15 ) ) ;
#7322 = CARTESIAN_POINT ( 'NONE',  ( -3.020000000000000018, -0.1834862943212428321, -2.747157848089624821 ) ) ;
#7323 = PRESENTATION_STYLE_ASSIGNMENT (( #8284 ) ) ;
#7324 = ORIENTED_EDGE ( 'NONE', *, *, #4326, .T. ) ;
#7325 = ADVANCED_FACE ( 'NONE', ( #3939 ), #11397, .T. ) ;
#7326 = CARTESIAN_POINT ( 'NONE',  ( -1.750000000000000666, -0.4750000000000020872, 2.599999999999999645 ) ) ;
#7327 = ORIENTED_EDGE ( 'NONE', *, *, #6947, .T. ) ;
#7328 = ORIENTED_EDGE ( 'NONE', *, *, #8540, .T. ) ;
#7329 = DIRECTION ( 'NONE',  ( 1.000000000000000000, 0.000000000000000000, 0.000000000000000000 ) ) ;
#7330 = DIRECTION ( 'NONE',  ( -0.000000000000000000, 0.9967969531173912490, -0.07997395986122922407 ) ) ;
#7331 = ORIENTED_EDGE ( 'NONE', *, *, #4602, .T. ) ;
#7332 = ORIENTED_EDGE ( 'NONE', *, *, #10541, .F. ) ;
#7333 = CARTESIAN_POINT ( 'NONE',  ( -3.330000000000000071, -0.4750000000000020872, 2.599999999999999645 ) ) ;
#7334 = LINE ( 'NONE', #8065, #9324 ) ;
#7335 = CARTESIAN_POINT ( 'NONE',  ( 0.4799999999999999267, 0.2042282574763048253, -2.545504876163455776 ) ) ;
#7336 = FACE_OUTER_BOUND ( 'NONE', #1490, .T. ) ;
#7337 = CARTESIAN_POINT ( 'NONE',  ( -4.600000000000000533, 0.08500000000000000611, 2.461537905304632012 ) ) ;
#7338 = EDGE_CURVE ( 'NONE', #5653, #6003, #7637, .T. ) ;
#7339 = VERTEX_POINT ( 'NONE', #3102 ) ;
#7340 = EDGE_CURVE ( 'NONE', #5586, #7918, #6748, .T. ) ;
#7341 = DIRECTION ( 'NONE',  ( 1.000000000000000000, -0.000000000000000000, 0.000000000000000000 ) ) ;
#7342 = EDGE_LOOP ( 'NONE', ( #3956, #832, #758, #5507 ) ) ;
#7343 = DIRECTION ( 'NONE',  ( 0.000000000000000000, 0.000000000000000000, -1.000000000000000000 ) ) ;
#7344 = EDGE_CURVE ( 'NONE', #724, #293, #7974, .T. ) ;
#7345 = ORIENTED_EDGE ( 'NONE', *, *, #7771, .F. ) ;
#7346 = CARTESIAN_POINT ( 'NONE',  ( -4.600000000000000533, -0.5549999999999993827, 2.870861070673345061 ) ) ;
#7347 = EDGE_CURVE ( 'NONE', #9105, #7675, #1309, .T. ) ;
#7348 = LINE ( 'NONE', #7477, #2101 ) ;
#7349 = CYLINDRICAL_SURFACE ( 'NONE', #4405, 0.1161149196957549368 ) ;
#7350 = ADVANCED_FACE ( 'NONE', ( #8600 ), #3879, .T. ) ;
#7351 = EDGE_CURVE ( 'NONE', #8674, #8153, #3578, .T. ) ;
#7352 = PRESENTATION_LAYER_ASSIGNMENT (  '', '', ( #109 ) ) ;
#7353 = LINE ( 'NONE', #6467, #4132 ) ;
#7354 = ADVANCED_FACE ( 'NONE', ( #1438 ), #5194, .T. ) ;
#7355 = FACE_OUTER_BOUND ( 'NONE', #3005, .T. ) ;
#7356 = VERTEX_POINT ( 'NONE', #7023 ) ;
#7357 = ORIENTED_EDGE ( 'NONE', *, *, #9057, .T. ) ;
#7358 = ORIENTED_EDGE ( 'NONE', *, *, #7068, .T. ) ;
#7359 = VERTEX_POINT ( 'NONE', #10625 ) ;
#7360 = CARTESIAN_POINT ( 'NONE',  ( -4.873259649435684793, 0.6250000000000000000, -1.873259649435684349 ) ) ;
#7361 = DIRECTION ( 'NONE',  ( 0.000000000000000000, -0.9967969531173912490, 0.07997395986122909917 ) ) ;
#7362 = DIRECTION ( 'NONE',  ( 1.000000000000000000, 0.000000000000000000, 0.000000000000000000 ) ) ;
#7363 = VECTOR ( 'NONE', #7677, 1000.000000000000114 ) ;
#7364 = EDGE_CURVE ( 'NONE', #8845, #469, #2384, .T. ) ;
#7365 = DIRECTION ( 'NONE',  ( 1.000000000000000000, 0.000000000000000000, 0.000000000000000000 ) ) ;
#7366 = EDGE_CURVE ( 'NONE', #10370, #11005, #6027, .T. ) ;
#7367 = LINE ( 'NONE', #3148, #11413 ) ;
#7368 = EDGE_CURVE ( 'NONE', #9778, #5245, #11684, .T. ) ;
#7369 = EDGE_LOOP ( 'NONE', ( #10593, #8420, #11366, #6240, #11454 ) ) ;
#7370 = ORIENTED_EDGE ( 'NONE', *, *, #123, .F. ) ;
#7372 = VERTEX_POINT ( 'NONE', #5293 ) ;
#7371 = VECTOR ( 'NONE', #10269, 1000.000000000000000 ) ;
#7373 = CARTESIAN_POINT ( 'NONE',  ( -4.600000000000000533, -0.5549999999999993827, -2.870861070673345061 ) ) ;
#7374 = CARTESIAN_POINT ( 'NONE',  ( 0.4799999999999999267, -0.4614044268235938384, 2.769455482029957061 ) ) ;
#7375 = CARTESIAN_POINT ( 'NONE',  ( 1.749999999999999778, -0.7250000000000049738, -1.217365792252620583E-15 ) ) ;
#7376 = CARTESIAN_POINT ( 'NONE',  ( -0.7900000000000003686, -0.08500000000000000611, 2.461537905304634677 ) ) ;
#7377 = LINE ( 'NONE', #3032, #8358 ) ;
#7378 = EDGE_CURVE ( 'NONE', #8604, #7026, #9678, .T. ) ;
#7379 = LINE ( 'NONE', #4841, #9090 ) ;
#7380 = CARTESIAN_POINT ( 'NONE',  ( -0.4800000000000003708, 0.000000000000000000, 1.949999999999999956 ) ) ;
#7381 = ORIENTED_EDGE ( 'NONE', *, *, #2289, .F. ) ;
#7382 = CARTESIAN_POINT ( 'NONE',  ( 4.289999999999999147, -0.5549999999999993827, 2.870861070673345061 ) ) ;
#7383 = AXIS2_PLACEMENT_3D ( 'NONE', #6802, #4119, #1193 ) ;
#7384 = ORIENTED_EDGE ( 'NONE', *, *, #7585, .T. ) ;
#7385 = ORIENTED_EDGE ( 'NONE', *, *, #7540, .T. ) ;
#7386 = LINE ( 'NONE', #5611, #3380 ) ;
#7387 = DIRECTION ( 'NONE',  ( 0.000000000000000000, 5.037375692079792934E-15, 1.000000000000000000 ) ) ;
#7388 = EDGE_LOOP ( 'NONE', ( #5471, #2388, #7427, #8285, #10972, #8022, #6450, #7701, #9224, #8073, #10631, #7430 ) ) ;
#7389 = ORIENTED_EDGE ( 'NONE', *, *, #2058, .F. ) ;
#7390 = CARTESIAN_POINT ( 'NONE',  ( 3.354999999999999538, -0.4462811057769996981, -2.597695856024973882 ) ) ;
#7391 = LINE ( 'NONE', #4535, #6856 ) ;
#7392 = DIRECTION ( 'NONE',  ( 0.000000000000000000, -0.9967969531173912490, -0.07997395986122909917 ) ) ;
#7393 = AXIS2_PLACEMENT_3D ( 'NONE', #4446, #11719, #9047 ) ;
#7394 = CARTESIAN_POINT ( 'NONE',  ( 1.749999999999999778, -0.2011149196957552621, 2.461537905304631568 ) ) ;
#7395 = CARTESIAN_POINT ( 'NONE',  ( -4.600000000000000533, -0.5549999999999849498, -2.795743509104209498E-15 ) ) ;
#7396 = VECTOR ( 'NONE', #11217, 1000.000000000000000 ) ;
#7397 = ORIENTED_EDGE ( 'NONE', *, *, #7067, .F. ) ;
#7398 = VECTOR ( 'NONE', #4719, 1000.000000000000000 ) ;
#7399 = DIRECTION ( 'NONE',  ( 0.000000000000000000, 0.000000000000000000, -1.000000000000000000 ) ) ;
#7400 = VECTOR ( 'NONE', #1635, 1000.000000000000000 ) ;
#7401 = CARTESIAN_POINT ( 'NONE',  ( -2.060000000000000497, -0.2011149196957552621, 2.461537905304631568 ) ) ;
#7402 = ORIENTED_EDGE ( 'NONE', *, *, #5861, .F. ) ;
#7403 = DIRECTION ( 'NONE',  ( 0.000000000000000000, -0.9967969531173911379, 0.07997395986122909917 ) ) ;
#7404 = DIRECTION ( 'NONE',  ( -1.000000000000000000, 0.000000000000000000, 0.000000000000000000 ) ) ;
#7405 = VECTOR ( 'NONE', #6557, 1000.000000000000000 ) ;
#7406 = ORIENTED_EDGE ( 'NONE', *, *, #2172, .T. ) ;
#7407 = PLANE ( 'NONE',  #6121 ) ;
#7408 = EDGE_CURVE ( 'NONE', #1910, #1331, #7924, .T. ) ;
#7409 = DIRECTION ( 'NONE',  ( 0.000000000000000000, -0.9967969531173912490, -0.07997395986122909917 ) ) ;
#7410 = EDGE_CURVE ( 'NONE', #8365, #1711, #3498, .T. ) ;
#7411 = LINE ( 'NONE', #11065, #5776 ) ;
#7412 = CARTESIAN_POINT ( 'NONE',  ( 3.329999999999999627, -0.1970818674976607399, 2.577702366059667849 ) ) ;
#7413 = EDGE_CURVE ( 'NONE', #9150, #1355, #3775, .T. ) ;
#7414 = VECTOR ( 'NONE', #6734, 1000.000000000000114 ) ;
#7415 = AXIS2_PLACEMENT_3D ( 'NONE', #9046, #2705, #8204 ) ;
#7416 = DIRECTION ( 'NONE',  ( -1.000000000000000000, 0.000000000000000000, 0.000000000000000000 ) ) ;
#7417 = DIRECTION ( 'NONE',  ( 1.000000000000000000, 0.000000000000000000, 0.000000000000000000 ) ) ;
#7418 = EDGE_LOOP ( 'NONE', ( #10209, #10821, #7612, #3104, #9634, #5069, #458, #5721, #2686 ) ) ;
#7419 = AXIS2_PLACEMENT_3D ( 'NONE', #7450, #6679, #2962 ) ;
#7420 = EDGE_CURVE ( 'NONE', #1556, #3959, #3284, .T. ) ;
#7421 = CARTESIAN_POINT ( 'NONE',  ( 4.903726985286972706, 0.3768634620896661458, 1.903726985286971596 ) ) ;
#7422 = PLANE ( 'NONE',  #3044 ) ;
#7423 = ORIENTED_EDGE ( 'NONE', *, *, #4062, .T. ) ;
#7424 = VERTEX_POINT ( 'NONE', #2433 ) ;
#7425 = VECTOR ( 'NONE', #3912, 999.9999999999998863 ) ;
#7426 = VECTOR ( 'NONE', #11817, 1000.000000000000114 ) ;
#7427 = ORIENTED_EDGE ( 'NONE', *, *, #8190, .T. ) ;
#7428 = ORIENTED_EDGE ( 'NONE', *, *, #709, .F. ) ;
#7429 = AXIS2_PLACEMENT_3D ( 'NONE', #3234, #7712, #8544 ) ;
#7430 = ORIENTED_EDGE ( 'NONE', *, *, #7378, .T. ) ;
#7431 = CARTESIAN_POINT ( 'NONE',  ( 3.364999999999998881, -0.1834862943212517139, 2.747157848089625265 ) ) ;
#7432 = CARTESIAN_POINT ( 'NONE',  ( 0.4799999999999999267, 0.2178238306527182089, 2.714960358193412304 ) ) ;
#7433 = DIRECTION ( 'NONE',  ( 0.000000000000000000, -0.07997395986122737832, 0.9967969531173913600 ) ) ;
#7434 = ADVANCED_FACE ( 'NONE', ( #9736 ), #9787, .T. ) ;
#7435 = VECTOR ( 'NONE', #7835, 1000.000000000000114 ) ;
#7436 = VECTOR ( 'NONE', #8509, 999.9999999999998863 ) ;
#7437 = VECTOR ( 'NONE', #10635, 1000.000000000000000 ) ;
#7438 = EDGE_CURVE ( 'NONE', #6851, #7951, #11627, .T. ) ;
#7439 = DIRECTION ( 'NONE',  ( 0.000000000000000000, 0.07997395986122911304, -0.9967969531173912490 ) ) ;
#7440 = CARTESIAN_POINT ( 'NONE',  ( -4.600000000000000533, -0.08500000000000000611, 0.000000000000000000 ) ) ;
#7441 = AXIS2_PLACEMENT_3D ( 'NONE', #2168, #5684, #9264 ) ;
#7442 = ORIENTED_EDGE ( 'NONE', *, *, #9453, .T. ) ;
#7443 = ORIENTED_EDGE ( 'NONE', *, *, #6509, .T. ) ;
#7444 = ORIENTED_EDGE ( 'NONE', *, *, #8318, .F. ) ;
#7445 = EDGE_CURVE ( 'NONE', #2512, #2206, #10740, .T. ) ;
#7446 = AXIS2_PLACEMENT_3D ( 'NONE', #8441, #1086, #4866 ) ;
#7447 = CARTESIAN_POINT ( 'NONE',  ( 4.805115686716228574, 1.179988039362224628, -1.805115686716229684 ) ) ;
#7448 = CARTESIAN_POINT ( 'NONE',  ( 4.254999999999999005, -0.2334590321417346903, 2.124296695724086081 ) ) ;
#7449 = EDGE_CURVE ( 'NONE', #2820, #5016, #3981, .T. ) ;
#7450 = CARTESIAN_POINT ( 'NONE',  ( -0.7900000000000003686, -0.4532685607873790379, -2.870861070673345061 ) ) ;
#7451 = LINE ( 'NONE', #11153, #3109 ) ;
#7452 = FACE_OUTER_BOUND ( 'NONE', #5828, .T. ) ;
#7453 = COLOUR_RGB ( '',0.2509803921568627416, 0.2509803921568627416, 0.2509803921568627416 ) ;
#7454 = PLANE ( 'NONE',  #5098 ) ;
#7455 = DIRECTION ( 'NONE',  ( 0.000000000000000000, 0.000000000000000000, -1.000000000000000000 ) ) ;
#7456 = ORIENTED_EDGE ( 'NONE', *, *, #1291, .T. ) ;
#7457 = CARTESIAN_POINT ( 'NONE',  ( -3.330000000000000071, 0.08500000000000000611, -2.461537905304632012 ) ) ;
#7458 = ORIENTED_EDGE ( 'NONE', *, *, #2479, .T. ) ;
#7459 = ORIENTED_EDGE ( 'NONE', *, *, #440, .T. ) ;
#7460 = LINE ( 'NONE', #296, #3373 ) ;
#7461 = DIRECTION ( 'NONE',  ( 0.000000000000000000, -1.000000000000000000, 0.000000000000000000 ) ) ;
#7462 = VERTEX_POINT ( 'NONE', #10009 ) ;
#7463 = ORIENTED_EDGE ( 'NONE', *, *, #655, .F. ) ;
#7464 = DIRECTION ( 'NONE',  ( -1.000000000000000000, 0.000000000000000000, 0.000000000000000000 ) ) ;
#7465 = EDGE_CURVE ( 'NONE', #9858, #6777, #6419, .T. ) ;
#7466 = CARTESIAN_POINT ( 'NONE',  ( 4.599999999999999645, -0.6505093632533088810, -0.05219097986151956942 ) ) ;
#7467 = CARTESIAN_POINT ( 'NONE',  ( -2.060000000000000497, -0.5549999999999993827, -2.870861070673345061 ) ) ;
#7468 = DIRECTION ( 'NONE',  ( 0.000000000000000000, 0.9967969531173912490, -0.07997395986122736444 ) ) ;
#7469 = VECTOR ( 'NONE', #10365, 1000.000000000000000 ) ;
#7470 = DIRECTION ( 'NONE',  ( 0.000000000000000000, -0.9967969531173912490, 0.07997395986122909917 ) ) ;
#7471 = DIRECTION ( 'NONE',  ( 0.000000000000000000, 1.000000000000000000, 0.000000000000000000 ) ) ;
#7472 = ORIENTED_EDGE ( 'NONE', *, *, #9820, .T. ) ;
#7473 = CARTESIAN_POINT ( 'NONE',  ( -3.020000000000000018, 0.000000000000000000, 0.000000000000000000 ) ) ;
#7474 = CARTESIAN_POINT ( 'NONE',  ( -4.195702540368398736, 0.6250000000000000000, 0.7500000000000000000 ) ) ;
#7475 = EDGE_LOOP ( 'NONE', ( #5813, #2884, #11160, #105, #8964, #11336, #757, #7280 ) ) ;
#7476 = CARTESIAN_POINT ( 'NONE',  ( -2.060000000000000497, -0.08500000000000000611, -2.461537905304634677 ) ) ;
#7477 = CARTESIAN_POINT ( 'NONE',  ( -2.060000000000000497, -0.4013101249739610688, -0.03219748989621229462 ) ) ;
#7478 = AXIS2_PLACEMENT_3D ( 'NONE', #4089, #6768, #1219 ) ;
#7479 = LINE ( 'NONE', #9216, #600 ) ;
#7480 = LINE ( 'NONE', #11068, #904 ) ;
#7481 = VERTEX_POINT ( 'NONE', #8095 ) ;
#7482 = CARTESIAN_POINT ( 'NONE',  ( -2.060000000000000497, 0.000000000000000000, 1.949999999999999956 ) ) ;
#7483 = EDGE_CURVE ( 'NONE', #10873, #9102, #7202, .T. ) ;
#7484 = LINE ( 'NONE', #6292, #7240 ) ;
#7485 = ORIENTED_EDGE ( 'NONE', *, *, #7131, .F. ) ;
#7486 = VECTOR ( 'NONE', #4115, 999.9999999999998863 ) ;
#7487 = VERTEX_POINT ( 'NONE', #1708 ) ;
#7488 = CARTESIAN_POINT ( 'NONE',  ( -2.060000000000000497, -0.1782331765923089728, 2.746736385498786515 ) ) ;
#7489 = EDGE_CURVE ( 'NONE', #6606, #7372, #7259, .T. ) ;
#7490 = EDGE_LOOP ( 'NONE', ( #421, #6926, #9311, #8211 ) ) ;
#7491 = ORIENTED_EDGE ( 'NONE', *, *, #571, .T. ) ;
#7492 = ORIENTED_EDGE ( 'NONE', *, *, #8310, .F. ) ;
#7493 = CARTESIAN_POINT ( 'NONE',  ( 3.019999999999999574, -0.6505093632533175407, 0.05219097986152025637 ) ) ;
#7494 = CARTESIAN_POINT ( 'NONE',  ( 0.4799999999999999267, 0.08500000000000000611, 0.000000000000000000 ) ) ;
#7495 = DIRECTION ( 'NONE',  ( 1.000000000000000000, -0.000000000000000000, 0.000000000000000000 ) ) ;
#7496 = EDGE_CURVE ( 'NONE', #3868, #1128, #9890, .T. ) ;
#7497 = AXIS2_PLACEMENT_3D ( 'NONE', #10965, #1719, #10748 ) ;
#7498 = ADVANCED_FACE ( 'NONE', ( #11733 ), #8152, .T. ) ;
#7499 = FACE_OUTER_BOUND ( 'NONE', #8130, .T. ) ;
#7500 = FACE_OUTER_BOUND ( 'NONE', #5810, .T. ) ;
#7501 = DIRECTION ( 'NONE',  ( 1.000000000000000000, -0.000000000000000000, 0.000000000000000000 ) ) ;
#7502 = EDGE_CURVE ( 'NONE', #8883, #3517, #910, .T. ) ;
#7503 = VERTEX_POINT ( 'NONE', #9005 ) ;
#7504 = EDGE_LOOP ( 'NONE', ( #79, #6332, #5122, #1208 ) ) ;
#7505 = ORIENTED_EDGE ( 'NONE', *, *, #7984, .T. ) ;
#7506 = ADVANCED_FACE ( 'NONE', ( #8328 ), #11087, .F. ) ;
#7507 = DIRECTION ( 'NONE',  ( 1.000000000000000000, -0.000000000000000000, 0.000000000000000000 ) ) ;
#7508 = EDGE_CURVE ( 'NONE', #9103, #5006, #9112, .T. ) ;
#7509 = DIRECTION ( 'NONE',  ( 0.000000000000000000, 0.9967969531173912490, 0.07997395986122911304 ) ) ;
#7510 = DIRECTION ( 'NONE',  ( 0.000000000000000000, 1.000000000000000000, 0.000000000000000000 ) ) ;
#7511 = FACE_OUTER_BOUND ( 'NONE', #7184, .T. ) ;
#7512 = CARTESIAN_POINT ( 'NONE',  ( 1.749999999999999778, -0.1782331765923089728, -2.746736385498786515 ) ) ;
#7513 = CARTESIAN_POINT ( 'NONE',  ( 3.019999999999999574, -0.2011149196957552621, -2.461537905304631568 ) ) ;
#7514 = CARTESIAN_POINT ( 'NONE',  ( -2.995000000000000107, -0.1970818674976518581, -2.577702366059666961 ) ) ;
#7515 = EDGE_LOOP ( 'NONE', ( #6410, #375, #9799, #3672, #10345, #3898, #2817, #7304, #2024 ) ) ;
#7516 = EDGE_CURVE ( 'NONE', #1770, #8913, #10134, .T. ) ;
#7517 = DIRECTION ( 'NONE',  ( -0.000000000000000000, 0.000000000000000000, -1.000000000000000000 ) ) ;
#7518 = ORIENTED_EDGE ( 'NONE', *, *, #1808, .T. ) ;
#7519 = ORIENTED_EDGE ( 'NONE', *, *, #5339, .T. ) ;
#7520 = CARTESIAN_POINT ( 'NONE',  ( 0.8149999999999997247, -0.1834862943212428044, -2.747157848089624821 ) ) ;
#7521 = CARTESIAN_POINT ( 'NONE',  ( -4.600000000000000533, -0.2011149196957544016, -2.461537905304632012 ) ) ;
#7522 = ORIENTED_EDGE ( 'NONE', *, *, #11080, .T. ) ;
#7523 = ORIENTED_EDGE ( 'NONE', *, *, #797, .T. ) ;
#7524 = PLANE ( 'NONE',  #1370 ) ;
#7525 = CARTESIAN_POINT ( 'NONE',  ( -2.060000000000000497, 0.08500000000000000611, 1.939563312323252964 ) ) ;
#7526 = FACE_OUTER_BOUND ( 'NONE', #7418, .T. ) ;
#7527 = DIRECTION ( 'NONE',  ( 0.000000000000000000, 0.000000000000000000, -1.000000000000000000 ) ) ;
#7528 = ORIENTED_EDGE ( 'NONE', *, *, #2251, .F. ) ;
#7529 = EDGE_CURVE ( 'NONE', #2512, #3009, #3548, .T. ) ;
#7530 = CARTESIAN_POINT ( 'NONE',  ( -2.995000000000000107, -0.1970818674976518581, -2.577702366059666961 ) ) ;
#7531 = DIRECTION ( 'NONE',  ( 0.000000000000000000, 0.000000000000000000, 1.000000000000000000 ) ) ;
#7532 = EDGE_LOOP ( 'NONE', ( #7402, #476, #7822, #11612, #9972, #3192, #4682, #613, #6455 ) ) ;
#7533 = CARTESIAN_POINT ( 'NONE',  ( -4.290000000000000036, -0.7249999999999999778, 3.000000000000000000 ) ) ;
#7534 = SURFACE_SIDE_STYLE ('',( #2108 ) ) ;
#7535 = ORIENTED_EDGE ( 'NONE', *, *, #5264, .F. ) ;
#7536 = DIRECTION ( 'NONE',  ( 1.000000000000000000, 0.000000000000000000, 0.000000000000000000 ) ) ;
#7537 = LINE ( 'NONE', #6524, #6883 ) ;
#7538 = PLANE ( 'NONE',  #5023 ) ;
#7539 = DIRECTION ( 'NONE',  ( 0.000000000000000000, -0.000000000000000000, -1.000000000000000000 ) ) ;
#7540 = EDGE_CURVE ( 'NONE', #8314, #8589, #147, .T. ) ;
#7541 = CARTESIAN_POINT ( 'NONE',  ( -4.290000000000000036, -0.4532685607873790379, -2.870861070673345061 ) ) ;
#7542 = FACE_OUTER_BOUND ( 'NONE', #5954, .T. ) ;
#7543 = ORIENTED_EDGE ( 'NONE', *, *, #3759, .T. ) ;
#7544 = LINE ( 'NONE', #9414, #2452 ) ;
#7545 = LINE ( 'NONE', #9537, #3803 ) ;
#7546 = ORIENTED_EDGE ( 'NONE', *, *, #11588, .T. ) ;
#7547 = ORIENTED_EDGE ( 'NONE', *, *, #7037, .T. ) ;
#7548 = DIRECTION ( 'NONE',  ( -0.000000000000000000, -0.000000000000000000, 1.000000000000000000 ) ) ;
#7549 = EDGE_LOOP ( 'NONE', ( #3135, #7856, #10687, #4783, #5298, #2486, #3536, #6656, #3304 ) ) ;
#7550 = EDGE_LOOP ( 'NONE', ( #8256, #11006, #11405, #82, #9377, #11279, #6032, #5350, #9169 ) ) ;
#7551 = ORIENTED_EDGE ( 'NONE', *, *, #3368, .T. ) ;
#7552 = DIRECTION ( 'NONE',  ( 0.000000000000000000, 0.9925461516413219831, 0.1218693434051477537 ) ) ;
#7553 = LINE ( 'NONE', #6597, #3225 ) ;
#7554 = CARTESIAN_POINT ( 'NONE',  ( -4.600000000000000533, -0.4750000000000020872, -2.599999999999999645 ) ) ;
#7555 = EDGE_CURVE ( 'NONE', #1696, #5336, #3723, .T. ) ;
#7556 = EDGE_CURVE ( 'NONE', #9845, #3868, #5535, .T. ) ;
#7557 = CARTESIAN_POINT ( 'NONE',  ( 2.059999999999999609, -0.1782331765923089728, -2.746736385498786515 ) ) ;
#7558 = DIRECTION ( 'NONE',  ( 0.000000000000000000, 1.000000000000000000, -1.679125230693258263E-15 ) ) ;
#7559 = CARTESIAN_POINT ( 'NONE',  ( 1.749999999999999778, 0.000000000000000000, 1.949999999999999956 ) ) ;
#7560 = ORIENTED_EDGE ( 'NONE', *, *, #7754, .F. ) ;
#7561 = ORIENTED_EDGE ( 'NONE', *, *, #9259, .T. ) ;
#7562 = CIRCLE ( 'NONE', #5652, 0.2717314392126209954 ) ;
#7563 = ORIENTED_EDGE ( 'NONE', *, *, #1950, .T. ) ;
#7564 = DIRECTION ( 'NONE',  ( 0.1209742911513548291, -0.9852565360152931717, -0.1209742911513548430 ) ) ;
#7565 = CARTESIAN_POINT ( 'NONE',  ( -1.750000000000000666, -0.4614044268235938384, -2.769455482029957061 ) ) ;
#7566 = DIRECTION ( 'NONE',  ( 0.000000000000000000, 0.000000000000000000, -1.000000000000000000 ) ) ;
#7567 = CARTESIAN_POINT ( 'NONE',  ( -4.873259649435684793, -0.6250000000000000000, 1.873259649435684349 ) ) ;
#7568 = ADVANCED_FACE ( 'NONE', ( #2661 ), #866, .T. ) ;
#7569 = LINE ( 'NONE', #2013, #2632 ) ;
#7570 = DIRECTION ( 'NONE',  ( 0.000000000000000000, 0.000000000000000000, -1.000000000000000000 ) ) ;
#7571 = CARTESIAN_POINT ( 'NONE',  ( -4.265000000000000568, -0.4326855326005906166, -2.767151338054931742 ) ) ;
#7572 = EDGE_LOOP ( 'NONE', ( #10210, #8652, #3781, #5754 ) ) ;
#7573 = VECTOR ( 'NONE', #5955, 1000.000000000000000 ) ;
#7574 = EDGE_CURVE ( 'NONE', #4184, #2529, #3614, .T. ) ;
#7575 = ORIENTED_EDGE ( 'NONE', *, *, #5047, .F. ) ;
#7576 = ORIENTED_EDGE ( 'NONE', *, *, #5302, .T. ) ;
#7577 = LINE ( 'NONE', #1198, #6615 ) ;
#7578 = LINE ( 'NONE', #5197, #1695 ) ;
#7579 = ORIENTED_EDGE ( 'NONE', *, *, #7445, .T. ) ;
#7580 = ORIENTED_EDGE ( 'NONE', *, *, #789, .T. ) ;
#7581 = CARTESIAN_POINT ( 'NONE',  ( -4.600000000000000533, -0.2011149196957544016, -2.461537905304632012 ) ) ;
#7582 = PRESENTATION_STYLE_ASSIGNMENT (( #9396 ) ) ;
#7583 = DIRECTION ( 'NONE',  ( 0.000000000000000000, 0.000000000000000000, -1.000000000000000000 ) ) ;
#7584 = CARTESIAN_POINT ( 'NONE',  ( -4.600000000000000533, 0.08500000000000000611, 0.000000000000000000 ) ) ;
#7585 = EDGE_CURVE ( 'NONE', #10579, #6058, #9871, .T. ) ;
#7586 = VECTOR ( 'NONE', #8443, 1000.000000000000000 ) ;
#7587 = ORIENTED_EDGE ( 'NONE', *, *, #60, .T. ) ;
#7588 = CARTESIAN_POINT ( 'NONE',  ( -0.7900000000000003686, -0.4750000000000020872, 2.599999999999999645 ) ) ;
#7589 = CARTESIAN_POINT ( 'NONE',  ( 4.289999999999999147, 0.000000000000000000, 3.000000000000000000 ) ) ;
#7590 = ORIENTED_EDGE ( 'NONE', *, *, #3456, .F. ) ;
#7591 = DIRECTION ( 'NONE',  ( 0.000000000000000000, 1.000000000000000000, 0.000000000000000000 ) ) ;
#7592 = LINE ( 'NONE', #3758, #767 ) ;
#7593 = ORIENTED_EDGE ( 'NONE', *, *, #969, .F. ) ;
#7594 = CARTESIAN_POINT ( 'NONE',  ( -4.265000000000000568, -0.1970818674976518581, -2.577702366059666961 ) ) ;
#7595 = VECTOR ( 'NONE', #1046, 999.9999999999998863 ) ;
#7596 = CARTESIAN_POINT ( 'NONE',  ( 4.599999999999999645, -0.000000000000000000, 3.000000000000000000 ) ) ;
#7597 = CARTESIAN_POINT ( 'NONE',  ( -4.600000000000000533, 0.000000000000000000, 1.949999999999999956 ) ) ;
#7598 = EDGE_CURVE ( 'NONE', #2554, #9935, #7367, .T. ) ;
#7599 = VECTOR ( 'NONE', #9471, 1000.000000000000114 ) ;
#7600 = AXIS2_PLACEMENT_3D ( 'NONE', #5231, #8999, #2489 ) ;
#7601 = LINE ( 'NONE', #3071, #7164 ) ;
#7602 = LINE ( 'NONE', #9412, #3630 ) ;
#7603 = EDGE_LOOP ( 'NONE', ( #7079, #9113, #5348, #11189, #1762, #10616, #8665, #10530, #3849, #6173, #5559, #2763 ) ) ;
#7604 = CARTESIAN_POINT ( 'NONE',  ( -3.330000000000000071, -0.2011149196957552621, -2.461537905304631568 ) ) ;
#7605 = AXIS2_PLACEMENT_3D ( 'NONE', #944, #2674, #8166 ) ;
#7606 = DIRECTION ( 'NONE',  ( 0.000000000000000000, -0.9967969531173912490, -0.07997395986122911304 ) ) ;
#7607 = ORIENTED_EDGE ( 'NONE', *, *, #1098, .T. ) ;
#7608 = AXIS2_PLACEMENT_3D ( 'NONE', #2027, #5673, #8352 ) ;
#7609 = ORIENTED_EDGE ( 'NONE', *, *, #3143, .T. ) ;
#7610 = CARTESIAN_POINT ( 'NONE',  ( 4.289999999999999147, -0.7250000000000001998, -2.870861070673344617 ) ) ;
#7611 = ORIENTED_EDGE ( 'NONE', *, *, #4819, .T. ) ;
#7612 = ORIENTED_EDGE ( 'NONE', *, *, #8540, .F. ) ;
#7613 = CARTESIAN_POINT ( 'NONE',  ( -1.750000000000000666, -0.5549999999999993827, -2.870861070673345061 ) ) ;
#7614 = AXIS2_PLACEMENT_3D ( 'NONE', #5360, #9004, #9058 ) ;
#7615 = VECTOR ( 'NONE', #7663, 1000.000000000000000 ) ;
#7616 = FACE_OUTER_BOUND ( 'NONE', #10196, .T. ) ;
#7617 = CARTESIAN_POINT ( 'NONE',  ( -3.330000000000000071, -0.5550000000000000488, 3.000000000000000000 ) ) ;
#7618 = EDGE_CURVE ( 'NONE', #11041, #7218, #4884, .T. ) ;
#7619 = VECTOR ( 'NONE', #4350, 1000.000000000000000 ) ;
#7620 = DIRECTION ( 'NONE',  ( 0.000000000000000000, -0.000000000000000000, -1.000000000000000000 ) ) ;
#7621 = CIRCLE ( 'NONE', #2656, 0.1017314392126205669 ) ;
#7622 = AXIS2_PLACEMENT_3D ( 'NONE', #10088, #5257, #2616 ) ;
#7623 = CARTESIAN_POINT ( 'NONE',  ( -0.4800000000000003708, 0.000000000000000000, 1.949999999999999956 ) ) ;
#7624 = VECTOR ( 'NONE', #10932, 1000.000000000000114 ) ;
#7625 = CARTESIAN_POINT ( 'NONE',  ( 0.4799999999999999267, -0.7250000000000049738, 1.217365792252620583E-15 ) ) ;
#7626 = EDGE_CURVE ( 'NONE', #6369, #1905, #2065, .T. ) ;
#7627 = ORIENTED_EDGE ( 'NONE', *, *, #197, .T. ) ;
#7628 = ORIENTED_EDGE ( 'NONE', *, *, #4346, .T. ) ;
#7629 = ORIENTED_EDGE ( 'NONE', *, *, #6235, .T. ) ;
#7630 = LINE ( 'NONE', #1186, #9320 ) ;
#7631 = DIRECTION ( 'NONE',  ( 0.000000000000000000, -0.07997395986122911304, 0.9967969531173912490 ) ) ;
#7632 = AXIS2_PLACEMENT_3D ( 'NONE', #1746, #5503, #10887 ) ;
#7633 = DIRECTION ( 'NONE',  ( 0.000000000000000000, 5.037375692079792934E-15, 1.000000000000000000 ) ) ;
#7634 = VECTOR ( 'NONE', #7409, 999.9999999999998863 ) ;
#7635 = LINE ( 'NONE', #1188, #813 ) ;
#7636 = FACE_OUTER_BOUND ( 'NONE', #8390, .T. ) ;
#7637 = LINE ( 'NONE', #7571, #7396 ) ;
#7638 = VERTEX_POINT ( 'NONE', #7744 ) ;
#7639 = VECTOR ( 'NONE', #9903, 999.9999999999998863 ) ;
#7640 = ORIENTED_EDGE ( 'NONE', *, *, #4737, .F. ) ;
#7641 = AXIS2_PLACEMENT_3D ( 'NONE', #8553, #2169, #9464 ) ;
#7642 = EDGE_CURVE ( 'NONE', #5410, #8485, #2956, .T. ) ;
#7643 = VECTOR ( 'NONE', #9667, 1000.000000000000114 ) ;
#7644 = VERTEX_POINT ( 'NONE', #9486 ) ;
#7645 = ORIENTED_EDGE ( 'NONE', *, *, #6921, .F. ) ;
#7646 = DIRECTION ( 'NONE',  ( -1.000000000000000000, -0.000000000000000000, 0.000000000000000000 ) ) ;
#7647 = CARTESIAN_POINT ( 'NONE',  ( 4.625000000000000000, -0.4813330637901492848, -2.160807586281502157 ) ) ;
#7648 = ORIENTED_EDGE ( 'NONE', *, *, #3704, .F. ) ;
#7649 = ADVANCED_FACE ( 'NONE', ( #9554 ), #4830, .T. ) ;
#7650 = ORIENTED_EDGE ( 'NONE', *, *, #5705, .F. ) ;
#7651 = DIRECTION ( 'NONE',  ( 1.000000000000000000, 0.000000000000000000, 0.000000000000000000 ) ) ;
#7652 = DIRECTION ( 'NONE',  ( 0.000000000000000000, -0.9967969531173912490, -0.07997395986122922407 ) ) ;
#7653 = CARTESIAN_POINT ( 'NONE',  ( -4.600000000000000533, 0.000000000000000000, -3.000000000000000000 ) ) ;
#7654 = LINE ( 'NONE', #6936, #8777 ) ;
#7655 = VECTOR ( 'NONE', #358, 1000.000000000000000 ) ;
#7656 = STYLED_ITEM ( 'NONE', ( #2990 ), #282 ) ;
#7657 = ADVANCED_FACE ( 'NONE', ( #6790 ), #6672, .F. ) ;
#7658 = EDGE_CURVE ( 'NONE', #6550, #11179, #5499, .T. ) ;
#7659 = ORIENTED_EDGE ( 'NONE', *, *, #5456, .T. ) ;
#7660 = PLANE ( 'NONE',  #1875 ) ;
#7661 = DIRECTION ( 'NONE',  ( 0.000000000000000000, 0.000000000000000000, 1.000000000000000000 ) ) ;
#7662 = ORIENTED_EDGE ( 'NONE', *, *, #1737, .F. ) ;
#7663 = DIRECTION ( 'NONE',  ( 0.000000000000000000, 1.679125230693258263E-15, -1.000000000000000000 ) ) ;
#7664 = ADVANCED_FACE ( 'NONE', ( #10328 ), #10194, .T. ) ;
#7665 = DIRECTION ( 'NONE',  ( 1.000000000000000000, 0.000000000000000000, 0.000000000000000000 ) ) ;
#7666 = EDGE_CURVE ( 'NONE', #9244, #7481, #1295, .T. ) ;
#7667 = FACE_OUTER_BOUND ( 'NONE', #5044, .T. ) ;
#7668 = CARTESIAN_POINT ( 'NONE',  ( 0.4799999999999999267, -0.2011149196957552621, -2.461537905304631568 ) ) ;
#7669 = EDGE_CURVE ( 'NONE', #7761, #3689, #2003, .T. ) ;
#7670 = CARTESIAN_POINT ( 'NONE',  ( -2.060000000000000497, 0.08500000000000000611, 0.000000000000000000 ) ) ;
#7671 = LINE ( 'NONE', #11255, #8337 ) ;
#7672 = ORIENTED_EDGE ( 'NONE', *, *, #11530, .F. ) ;
#7673 = CARTESIAN_POINT ( 'NONE',  ( -2.085000000000000853, -0.2321338255108014725, -2.140814096316195236 ) ) ;
#7674 = LINE ( 'NONE', #3134, #6282 ) ;
#7675 = VERTEX_POINT ( 'NONE', #4051 ) ;
#7676 = ORIENTED_EDGE ( 'NONE', *, *, #2479, .F. ) ;
#7677 = DIRECTION ( 'NONE',  ( 0.000000000000000000, 0.07997395986122909917, 0.9967969531173911379 ) ) ;
#7678 = EDGE_CURVE ( 'NONE', #2464, #3035, #8752, .T. ) ;
#7679 = ORIENTED_EDGE ( 'NONE', *, *, #1833, .F. ) ;
#7680 = ORIENTED_EDGE ( 'NONE', *, *, #7829, .T. ) ;
#7681 = DIRECTION ( 'NONE',  ( 0.000000000000000000, -0.07997395986122909917, -0.9967969531173911379 ) ) ;
#7682 = VECTOR ( 'NONE', #10931, 999.9999999999998863 ) ;
#7683 = LINE ( 'NONE', #8578, #2830 ) ;
#7684 = DIRECTION ( 'NONE',  ( 0.000000000000000000, 0.000000000000000000, -1.000000000000000000 ) ) ;
#7685 = DIRECTION ( 'NONE',  ( 1.000000000000000000, -0.000000000000000000, 0.000000000000000000 ) ) ;
#7686 = AXIS2_PLACEMENT_3D ( 'NONE', #7190, #10842, #9950 ) ;
#7687 = DIRECTION ( 'NONE',  ( 0.000000000000000000, 0.000000000000000000, -1.000000000000000000 ) ) ;
#7688 = LINE ( 'NONE', #5719, #2071 ) ;
#7689 = EDGE_CURVE ( 'NONE', #618, #11374, #7688, .T. ) ;
#7690 = ORIENTED_EDGE ( 'NONE', *, *, #7876, .T. ) ;
#7691 = VERTEX_POINT ( 'NONE', #464 ) ;
#7692 = VERTEX_POINT ( 'NONE', #8399 ) ;
#7693 = ORIENTED_EDGE ( 'NONE', *, *, #212, .F. ) ;
#7694 = PLANE ( 'NONE',  #6250 ) ;
#7695 = VECTOR ( 'NONE', #3391, 1000.000000000000114 ) ;
#7696 = DIRECTION ( 'NONE',  ( -1.000000000000000000, 0.000000000000000000, -0.000000000000000000 ) ) ;
#7697 = CARTESIAN_POINT ( 'NONE',  ( -4.290000000000000036, 0.000000000000000000, 1.949999999999999956 ) ) ;
#7698 = CARTESIAN_POINT ( 'NONE',  ( -2.085000000000000853, -0.4326855326005906166, -2.767151338054931742 ) ) ;
#7699 = CARTESIAN_POINT ( 'NONE',  ( 4.289999999999999147, 0.000000000000000000, 1.949999999999999956 ) ) ;
#7700 =( NAMED_UNIT ( * ) SI_UNIT ( $, .STERADIAN. ) SOLID_ANGLE_UNIT ( ) );
#7701 = ORIENTED_EDGE ( 'NONE', *, *, #10431, .T. ) ;
#7702 = ORIENTED_EDGE ( 'NONE', *, *, #161, .F. ) ;
#7703 = ORIENTED_EDGE ( 'NONE', *, *, #1798, .T. ) ;
#7704 = CARTESIAN_POINT ( 'NONE',  ( 0.7899999999999999245, -0.08500000000000003386, -1.939563312323252742 ) ) ;
#7705 = CARTESIAN_POINT ( 'NONE',  ( -4.600000000000000533, -0.4750000000000020872, -2.599999999999999645 ) ) ;
#7706 = ORIENTED_EDGE ( 'NONE', *, *, #243, .T. ) ;
#7707 = ORIENTED_EDGE ( 'NONE', *, *, #3051, .F. ) ;
#7708 = DIRECTION ( 'NONE',  ( -1.000000000000000000, -0.000000000000000000, -0.000000000000000000 ) ) ;
#7709 = CARTESIAN_POINT ( 'NONE',  ( -0.8150000000000006128, -0.1970818674976526075, -2.577702366059666961 ) ) ;
#7710 = CARTESIAN_POINT ( 'NONE',  ( -2.060000000000000497, -0.4532685607873790379, 2.870861070673345061 ) ) ;
#7711 = DIRECTION ( 'NONE',  ( 0.000000000000000000, 0.000000000000000000, 1.000000000000000000 ) ) ;
#7712 = DIRECTION ( 'NONE',  ( 1.000000000000000000, -0.000000000000000000, 0.000000000000000000 ) ) ;
#7713 = EDGE_CURVE ( 'NONE', #9635, #8815, #8516, .T. ) ;
#7714 = EDGE_LOOP ( 'NONE', ( #2106, #10779, #1281, #10581, #6379, #271, #8048, #11264, #10952, #5785, #254, #11195 ) ) ;
#7715 = DIRECTION ( 'NONE',  ( 0.000000000000000000, 5.037375692079792934E-15, 1.000000000000000000 ) ) ;
#7716 = CARTESIAN_POINT ( 'NONE',  ( -0.4550000000000005151, -0.1834862943212428044, -2.747157848089624821 ) ) ;
#7717 = VERTEX_POINT ( 'NONE', #3864 ) ;
#7718 = LINE ( 'NONE', #491, #9732 ) ;
#7719 = DIRECTION ( 'NONE',  ( 0.000000000000000000, 1.867464018106093513E-15, -1.000000000000000000 ) ) ;
#7720 = CARTESIAN_POINT ( 'NONE',  ( 3.019999999999999574, 0.08500000000000000611, 0.000000000000000000 ) ) ;
#7721 = DIRECTION ( 'NONE',  ( 1.000000000000000000, -0.000000000000000000, 0.000000000000000000 ) ) ;
#7722 = FACE_OUTER_BOUND ( 'NONE', #9222, .T. ) ;
#7723 = ADVANCED_FACE ( 'NONE', ( #11276 ), #6602, .F. ) ;
#7724 = EDGE_CURVE ( 'NONE', #5744, #1061, #277, .T. ) ;
#7725 = EDGE_CURVE ( 'NONE', #6296, #10674, #3925, .T. ) ;
#7726 = CARTESIAN_POINT ( 'NONE',  ( 1.749999999999999778, -0.2011149196957552621, 2.461537905304631568 ) ) ;
#7727 = ORIENTED_EDGE ( 'NONE', *, *, #6639, .T. ) ;
#7728 = CARTESIAN_POINT ( 'NONE',  ( -4.600000000000000533, -0.08500000000000000611, 2.461537905304634677 ) ) ;
#7729 = LINE ( 'NONE', #1520, #1528 ) ;
#7730 = VERTEX_POINT ( 'NONE', #3984 ) ;
#7731 = ORIENTED_EDGE ( 'NONE', *, *, #4018, .F. ) ;
#7732 = DIRECTION ( 'NONE',  ( 0.000000000000000000, -0.9967969531173912490, 0.07997395986122736444 ) ) ;
#7733 = ADVANCED_FACE ( 'NONE', ( #10387 ), #5963, .F. ) ;
#7734 = ORIENTED_EDGE ( 'NONE', *, *, #4140, .F. ) ;
#7735 = VERTEX_POINT ( 'NONE', #7804 ) ;
#7736 = LINE ( 'NONE', #7493, #7241 ) ;
#7737 = CYLINDRICAL_SURFACE ( 'NONE', #3409, 0.2717314392126209954 ) ;
#7738 = EDGE_CURVE ( 'NONE', #792, #8666, #2319, .T. ) ;
#7739 = CARTESIAN_POINT ( 'NONE',  ( -0.7900000000000003686, -0.08500000000000000611, 2.461537905304634677 ) ) ;
#7740 = ADVANCED_FACE ( 'NONE', ( #8706 ), #9621, .T. ) ;
#7741 = ADVANCED_FACE ( 'NONE', ( #7452 ), #6251, .T. ) ;
#7742 = CARTESIAN_POINT ( 'NONE',  ( 4.289999999999999147, -0.7250000000000049738, -1.217365792252620583E-15 ) ) ;
#7743 = LINE ( 'NONE', #6846, #4375 ) ;
#7744 = CARTESIAN_POINT ( 'NONE',  ( 3.364999999999998881, -0.4326855326005993874, 2.767151338054932186 ) ) ;
#7745 = ORIENTED_EDGE ( 'NONE', *, *, #3370, .F. ) ;
#7746 = ORIENTED_EDGE ( 'NONE', *, *, #8836, .T. ) ;
#7747 = VERTEX_POINT ( 'NONE', #10918 ) ;
#7748 = EDGE_LOOP ( 'NONE', ( #5854, #4903, #2761, #2377 ) ) ;
#7749 = DIRECTION ( 'NONE',  ( -1.000000000000000000, 0.000000000000000000, 0.000000000000000000 ) ) ;
#7750 = CARTESIAN_POINT ( 'NONE',  ( 1.714999999999998970, -0.4326855326006082691, 2.767151338054933074 ) ) ;
#7751 = CARTESIAN_POINT ( 'NONE',  ( -4.255000000000000782, -0.2334590321417965297, 2.124296695724090522 ) ) ;
#7752 = CARTESIAN_POINT ( 'NONE',  ( 0.4799999999999999267, -0.7249999999999999778, -3.000000000000000000 ) ) ;
#7753 = ADVANCED_FACE ( 'NONE', ( #2726 ), #6374, .F. ) ;
#7754 = EDGE_CURVE ( 'NONE', #11179, #3461, #6429, .T. ) ;
#7755 = CARTESIAN_POINT ( 'NONE',  ( 0.7899999999999999245, 0.2178238306527182089, -2.714960358193412304 ) ) ;
#7756 = ADVANCED_FACE ( 'NONE', ( #1956 ), #1054, .F. ) ;
#7757 = LINE ( 'NONE', #347, #8519 ) ;
#7758 = DIRECTION ( 'NONE',  ( -1.000000000000000000, 0.000000000000000000, -0.000000000000000000 ) ) ;
#7759 = MECHANICAL_DESIGN_GEOMETRIC_PRESENTATION_REPRESENTATION (  '', ( #109 ), #4692 ) ;
#7760 = VERTEX_POINT ( 'NONE', #9904 ) ;
#7761 = VERTEX_POINT ( 'NONE', #7209 ) ;
#7762 = ORIENTED_EDGE ( 'NONE', *, *, #6885, .F. ) ;
#7763 = ORIENTED_EDGE ( 'NONE', *, *, #3356, .F. ) ;
#7764 = LINE ( 'NONE', #9682, #9154 ) ;
#7765 = ORIENTED_EDGE ( 'NONE', *, *, #2757, .F. ) ;
#7766 = CARTESIAN_POINT ( 'NONE',  ( 0.4799999999999999267, 0.2178238306527182089, 2.714960358193412304 ) ) ;
#7767 = DIRECTION ( 'NONE',  ( -0.000000000000000000, -0.9925461516413219831, 0.1218693434051477537 ) ) ;
#7768 = LINE ( 'NONE', #6092, #1887 ) ;
#7769 = CARTESIAN_POINT ( 'NONE',  ( -4.600000000000000533, -0.4326855326005906166, -2.767151338054931742 ) ) ;
#7770 = DIRECTION ( 'NONE',  ( 0.000000000000000000, -0.9967969531173912490, 0.07997395986122736444 ) ) ;
#7771 = EDGE_CURVE ( 'NONE', #7717, #11326, #4698, .T. ) ;
#7772 = VECTOR ( 'NONE', #5741, 1000.000000000000000 ) ;
#7773 = VERTEX_POINT ( 'NONE', #8339 ) ;
#7774 = DIRECTION ( 'NONE',  ( 0.000000000000000000, 0.07997395986122909917, 0.9967969531173911379 ) ) ;
#7775 = LINE ( 'NONE', #11416, #9288 ) ;
#7776 = ORIENTED_EDGE ( 'NONE', *, *, #4571, .T. ) ;
#7777 = CARTESIAN_POINT ( 'NONE',  ( -0.8250000000000010658, -0.4462811057770350032, 2.597695856024976546 ) ) ;
#7778 = ORIENTED_EDGE ( 'NONE', *, *, #1002, .T. ) ;
#7779 = FACE_OUTER_BOUND ( 'NONE', #5799, .T. ) ;
#7780 = LINE ( 'NONE', #1570, #1396 ) ;
#7781 = CARTESIAN_POINT ( 'NONE',  ( 0.8149999999999997247, -0.1970818674976518858, -2.577702366059666961 ) ) ;
#7782 = AXIS2_PLACEMENT_3D ( 'NONE', #8562, #10369, #9219 ) ;
#7783 = CARTESIAN_POINT ( 'NONE',  ( -0.7900000000000003686, -0.4462811057770350032, 2.597695856024976546 ) ) ;
#7784 = DIRECTION ( 'NONE',  ( 0.000000000000000000, -0.9967969531173912490, -0.07997395986122909917 ) ) ;
#7785 = ORIENTED_EDGE ( 'NONE', *, *, #4620, .T. ) ;
#7786 = DIRECTION ( 'NONE',  ( 0.000000000000000000, 0.07997395986122911304, -0.9967969531173912490 ) ) ;
#7787 = FACE_OUTER_BOUND ( 'NONE', #7316, .T. ) ;
#7788 = ORIENTED_EDGE ( 'NONE', *, *, #4822, .T. ) ;
#7789 = VERTEX_POINT ( 'NONE', #10015 ) ;
#7790 = LINE ( 'NONE', #11438, #5278 ) ;
#7791 = EDGE_CURVE ( 'NONE', #7130, #9833, #5480, .T. ) ;
#7792 = VERTEX_POINT ( 'NONE', #8232 ) ;
#7793 = VECTOR ( 'NONE', #5783, 1000.000000000000000 ) ;
#7794 = ORIENTED_EDGE ( 'NONE', *, *, #3537, .F. ) ;
#7795 = DIRECTION ( 'NONE',  ( 0.000000000000000000, -0.9967969531173911379, -0.07997395986122908529 ) ) ;
#7796 = ADVANCED_FACE ( 'NONE', ( #5372 ), #4470, .F. ) ;
#7797 = DIRECTION ( 'NONE',  ( 1.000000000000000000, 0.000000000000000000, 0.000000000000000000 ) ) ;
#7798 = CARTESIAN_POINT ( 'NONE',  ( 3.329999999999999627, -0.1918287497687165000, 2.577280903468829099 ) ) ;
#7799 = VECTOR ( 'NONE', #9123, 999.9999999999998863 ) ;
#7800 = DIRECTION ( 'NONE',  ( 1.000000000000000000, 0.000000000000000000, 0.000000000000000000 ) ) ;
#7801 = VECTOR ( 'NONE', #11705, 1000.000000000000000 ) ;
#7802 = CARTESIAN_POINT ( 'NONE',  ( 3.019999999999999574, -0.5549999999999849498, -2.795743509104209498E-15 ) ) ;
#7803 = EDGE_CURVE ( 'NONE', #1747, #618, #10145, .T. ) ;
#7804 = CARTESIAN_POINT ( 'NONE',  ( -3.020000000000000018, -0.1970818674976518581, -2.577702366059666961 ) ) ;
#7805 = VECTOR ( 'NONE', #249, 1000.000000000000000 ) ;
#7806 = VECTOR ( 'NONE', #11274, 1000.000000000000114 ) ;
#7807 = ORIENTED_EDGE ( 'NONE', *, *, #6179, .T. ) ;
#7808 = ORIENTED_EDGE ( 'NONE', *, *, #6509, .F. ) ;
#7809 = VERTEX_POINT ( 'NONE', #44 ) ;
#7810 = ADVANCED_FACE ( 'NONE', ( #9017 ), #3734, .T. ) ;
#7811 = STYLED_ITEM ( 'NONE', ( #2768 ), #8133 ) ;
#7812 = CARTESIAN_POINT ( 'NONE',  ( -0.4450000000000009504, -0.1834862943212781650, 2.747157848089627041 ) ) ;
#7813 = VECTOR ( 'NONE', #3028, 1000.000000000000000 ) ;
#7814 = CARTESIAN_POINT ( 'NONE',  ( 0.4799999999999999267, -0.4614044268235938384, 2.769455482029957061 ) ) ;
#7815 = CARTESIAN_POINT ( 'NONE',  ( 4.599999999999999645, -0.1834862943212428044, 2.747157848089624821 ) ) ;
#7816 = ADVANCED_FACE ( 'NONE', ( #10863 ), #879, .F. ) ;
#7817 = AXIS2_PLACEMENT_3D ( 'NONE', #8327, #7558, #10566 ) ;
#7818 = CIRCLE ( 'NONE', #3425, 0.2861149196957549767 ) ;
#7819 = CARTESIAN_POINT ( 'NONE',  ( -1.750000000000000666, -0.6505093632533530679, 0.05219097986152310131 ) ) ;
#7820 = DIRECTION ( 'NONE',  ( 0.000000000000000000, 0.07997395986122909917, 0.9967969531173911379 ) ) ;
#7821 = SURFACE_STYLE_USAGE ( .BOTH. , #649 ) ;
#7822 = ORIENTED_EDGE ( 'NONE', *, *, #4103, .F. ) ;
#7823 = EDGE_CURVE ( 'NONE', #6708, #507, #9964, .T. ) ;
#7824 = ORIENTED_EDGE ( 'NONE', *, *, #5199, .F. ) ;
#7825 = ORIENTED_EDGE ( 'NONE', *, *, #7098, .T. ) ;
#7826 = DIRECTION ( 'NONE',  ( 0.000000000000000000, -0.07997395986122737832, 0.9967969531173913600 ) ) ;
#7827 = EDGE_LOOP ( 'NONE', ( #8698, #352, #7491, #10055 ) ) ;
#7829 = EDGE_CURVE ( 'NONE', #10951, #4497, #9185, .T. ) ;
#7828 = AXIS2_PLACEMENT_3D ( 'NONE', #8814, #8748, #7058 ) ;
#7830 = VECTOR ( 'NONE', #4070, 1000.000000000000114 ) ;
#7831 = VECTOR ( 'NONE', #977, 1000.000000000000000 ) ;
#7832 = LINE ( 'NONE', #5200, #974 ) ;
#7833 = CARTESIAN_POINT ( 'NONE',  ( 3.019999999999999574, -0.7250000000000049738, 1.217365792252620583E-15 ) ) ;
#7834 = CARTESIAN_POINT ( 'NONE',  ( -4.265000000000000568, -0.4813330637901492848, -2.160807586281502157 ) ) ;
#7835 = DIRECTION ( 'NONE',  ( 0.000000000000000000, 0.07997395986122909917, 0.9967969531173911379 ) ) ;
#7836 = LINE ( 'NONE', #4199, #4388 ) ;
#7837 = VECTOR ( 'NONE', #10719, 1000.000000000000000 ) ;
#7838 =( GEOMETRIC_REPRESENTATION_CONTEXT ( 3 ) GLOBAL_UNCERTAINTY_ASSIGNED_CONTEXT ( ( #6014 ) ) GLOBAL_UNIT_ASSIGNED_CONTEXT ( ( #3114, #1447, #4129 ) ) REPRESENTATION_CONTEXT ( 'NONE', 'WORKASPACE' ) );
#7839 = ORIENTED_EDGE ( 'NONE', *, *, #3348, .F. ) ;
#7840 = DIRECTION ( 'NONE',  ( 1.000000000000000000, 0.000000000000000000, 0.000000000000000000 ) ) ;
#7841 = ORIENTED_EDGE ( 'NONE', *, *, #7999, .T. ) ;
#7842 = AXIS2_PLACEMENT_3D ( 'NONE', #7474, #6709, #10170 ) ;
#7843 = DIRECTION ( 'NONE',  ( 1.000000000000000000, 0.000000000000000000, 0.000000000000000000 ) ) ;
#7844 = EDGE_LOOP ( 'NONE', ( #11349, #5491, #3385, #9671 ) ) ;
#7845 = EDGE_CURVE ( 'NONE', #1148, #7880, #4521, .T. ) ;
#7846 = CARTESIAN_POINT ( 'NONE',  ( 0.4799999999999999267, -0.4013101249739610688, -0.03219748989621229462 ) ) ;
#7847 = CIRCLE ( 'NONE', #8806, 0.1017314392126205669 ) ;
#7848 = AXIS2_PLACEMENT_3D ( 'NONE', #1986, #10176, #8498 ) ;
#7849 = CARTESIAN_POINT ( 'NONE',  ( -0.8250000000000010658, -0.4326855326006259772, 2.767151338054934406 ) ) ;
#7850 = DIRECTION ( 'NONE',  ( -1.000000000000000000, 0.000000000000000000, -0.000000000000000000 ) ) ;
#7851 = CARTESIAN_POINT ( 'NONE',  ( -0.7900000000000003686, -0.7249999999999999778, -3.000000000000000000 ) ) ;
#7852 = ORIENTED_EDGE ( 'NONE', *, *, #6331, .T. ) ;
#7853 = AXIS2_PLACEMENT_3D ( 'NONE', #823, #6370, #936 ) ;
#7854 = DIRECTION ( 'NONE',  ( -1.000000000000000000, 0.000000000000000000, -0.000000000000000000 ) ) ;
#7855 = DIRECTION ( 'NONE',  ( 1.000000000000000000, -0.000000000000000000, 0.000000000000000000 ) ) ;
#7856 = ORIENTED_EDGE ( 'NONE', *, *, #4913, .T. ) ;
#7857 = VERTEX_POINT ( 'NONE', #4644 ) ;
#7858 = DIRECTION ( 'NONE',  ( 1.000000000000000000, -0.000000000000000000, 0.000000000000000000 ) ) ;
#7859 = ORIENTED_EDGE ( 'NONE', *, *, #8231, .T. ) ;
#7860 = DIRECTION ( 'NONE',  ( 1.000000000000000000, 0.000000000000000000, 0.000000000000000000 ) ) ;
#7861 = CARTESIAN_POINT ( 'NONE',  ( 3.019999999999999574, 0.2178238306527182089, 2.714960358193412304 ) ) ;
#7862 = EDGE_CURVE ( 'NONE', #2617, #1010, #2456, .T. ) ;
#7863 = DIRECTION ( 'NONE',  ( 0.000000000000000000, -0.000000000000000000, -1.000000000000000000 ) ) ;
#7864 = EDGE_CURVE ( 'NONE', #5365, #6964, #7377, .T. ) ;
#7865 = DIRECTION ( 'NONE',  ( 0.000000000000000000, 0.000000000000000000, -1.000000000000000000 ) ) ;
#7866 = VECTOR ( 'NONE', #11586, 1000.000000000000114 ) ;
#7867 = ORIENTED_EDGE ( 'NONE', *, *, #5211, .F. ) ;
#7868 = ORIENTED_EDGE ( 'NONE', *, *, #2485, .T. ) ;
#7869 = VERTEX_POINT ( 'NONE', #2910 ) ;
#7870 = CARTESIAN_POINT ( 'NONE',  ( 0.4799999999999999267, -0.4750000000000020872, -2.599999999999999645 ) ) ;
#7871 = CYLINDRICAL_SURFACE ( 'NONE', #11322, 0.2500000000000004441 ) ;
#7872 = EDGE_CURVE ( 'NONE', #210, #5460, #4116, .T. ) ;
#7873 = CARTESIAN_POINT ( 'NONE',  ( -3.330000000000000071, 0.08500000000000000611, 0.000000000000000000 ) ) ;
#7874 = VECTOR ( 'NONE', #1434, 1000.000000000000000 ) ;
#7875 = CARTESIAN_POINT ( 'NONE',  ( -4.600000000000000533, 0.2042282574763048253, -2.545504876163455776 ) ) ;
#7876 = EDGE_CURVE ( 'NONE', #6777, #11582, #8660, .T. ) ;
#7877 = CARTESIAN_POINT ( 'NONE',  ( -1.750000000000000666, 0.2178238306527182089, -2.714960358193412304 ) ) ;
#7878 = ORIENTED_EDGE ( 'NONE', *, *, #11235, .T. ) ;
#7879 = ORIENTED_EDGE ( 'NONE', *, *, #9665, .T. ) ;
#7880 = VERTEX_POINT ( 'NONE', #2261 ) ;
#7881 = DIRECTION ( 'NONE',  ( 0.000000000000000000, -0.07997395986122909917, -0.9967969531173911379 ) ) ;
#7882 = VECTOR ( 'NONE', #9182, 1000.000000000000114 ) ;
#7883 = ORIENTED_EDGE ( 'NONE', *, *, #7413, .F. ) ;
#7884 = EDGE_CURVE ( 'NONE', #2219, #11725, #7569, .T. ) ;
#7885 = CARTESIAN_POINT ( 'NONE',  ( -3.330000000000000071, -0.4614044268235938384, -2.769455482029957061 ) ) ;
#7886 = DIRECTION ( 'NONE',  ( 0.000000000000000000, 5.037375692079792934E-15, -1.000000000000000000 ) ) ;
#7887 = CARTESIAN_POINT ( 'NONE',  ( 0.4799999999999999267, -0.4750000000000020872, 2.599999999999999645 ) ) ;
#7888 = EDGE_CURVE ( 'NONE', #6964, #4343, #9303, .T. ) ;
#7889 = CARTESIAN_POINT ( 'NONE',  ( -0.4800000000000003708, 0.000000000000000000, 3.000000000000000000 ) ) ;
#7890 = DIRECTION ( 'NONE',  ( 0.000000000000000000, 0.07997395986122909917, 0.9967969531173911379 ) ) ;
#7891 = EDGE_CURVE ( 'NONE', #4600, #7359, #3157, .T. ) ;
#7892 = VECTOR ( 'NONE', #10839, 999.9999999999998863 ) ;
#7893 = EDGE_CURVE ( 'NONE', #334, #7356, #11096, .T. ) ;
#7894 = ORIENTED_EDGE ( 'NONE', *, *, #224, .T. ) ;
#7895 = CARTESIAN_POINT ( 'NONE',  ( 4.264999999999999680, -0.2321338255108014725, -2.140814096316195236 ) ) ;
#7896 = ORIENTED_EDGE ( 'NONE', *, *, #5414, .F. ) ;
#7897 = LINE ( 'NONE', #4208, #8002 ) ;
#7898 = ORIENTED_EDGE ( 'NONE', *, *, #5466, .T. ) ;
#7899 = DIRECTION ( 'NONE',  ( 0.000000000000000000, -0.07997395986122909917, -0.9967969531173911379 ) ) ;
#7900 = EDGE_CURVE ( 'NONE', #11385, #7692, #3221, .T. ) ;
#7901 = CARTESIAN_POINT ( 'NONE',  ( -4.950000000000000178, 0.000000000000000000, 1.949999999999999956 ) ) ;
#7902 = DIRECTION ( 'NONE',  ( -0.000000000000000000, 0.07997395986122908529, 0.9967969531173911379 ) ) ;
#7903 = PLANE ( 'NONE',  #11105 ) ;
#7904 = EDGE_CURVE ( 'NONE', #7004, #1504, #1377, .T. ) ;
#7905 = DIRECTION ( 'NONE',  ( 0.000000000000000000, 0.9967969531173911379, -0.07997395986122909917 ) ) ;
#7906 = ORIENTED_EDGE ( 'NONE', *, *, #2675, .F. ) ;
#7907 = CARTESIAN_POINT ( 'NONE',  ( 0.4799999999999999267, 0.000000000000000000, 0.000000000000000000 ) ) ;
#7908 = DIRECTION ( 'NONE',  ( 1.000000000000000000, 0.000000000000000000, 0.000000000000000000 ) ) ;
#7909 = ORIENTED_EDGE ( 'NONE', *, *, #11309, .T. ) ;
#7910 = ORIENTED_EDGE ( 'NONE', *, *, #3724, .F. ) ;
#7911 = LINE ( 'NONE', #9610, #9855 ) ;
#7912 = VERTEX_POINT ( 'NONE', #6745 ) ;
#7913 = CARTESIAN_POINT ( 'NONE',  ( -2.060000000000000497, 0.2178238306527182089, -2.714960358193412304 ) ) ;
#7914 = DIRECTION ( 'NONE',  ( 0.000000000000000000, 0.07997395986122911304, -0.9967969531173912490 ) ) ;
#7915 = LINE ( 'NONE', #4447, #9136 ) ;
#7916 = ORIENTED_EDGE ( 'NONE', *, *, #699, .T. ) ;
#7917 = VERTEX_POINT ( 'NONE', #8411 ) ;
#7918 = VERTEX_POINT ( 'NONE', #11340 ) ;
#7919 = DIRECTION ( 'NONE',  ( 1.000000000000000000, -0.000000000000000000, 0.000000000000000000 ) ) ;
#7920 = EDGE_CURVE ( 'NONE', #6749, #8766, #9567, .T. ) ;
#7921 = DIRECTION ( 'NONE',  ( 0.000000000000000000, -0.07997395986122909917, -0.9967969531173911379 ) ) ;
#7922 = CARTESIAN_POINT ( 'NONE',  ( -0.7900000000000003686, -0.4614044268235938384, 2.769455482029957061 ) ) ;
#7923 = DIRECTION ( 'NONE',  ( 0.000000000000000000, 0.9967969531173912490, 0.07997395986122736444 ) ) ;
#7924 = LINE ( 'NONE', #756, #7017 ) ;
#7925 = ORIENTED_EDGE ( 'NONE', *, *, #2189, .F. ) ;
#7926 = ORIENTED_EDGE ( 'NONE', *, *, #8304, .T. ) ;
#7927 = ORIENTED_EDGE ( 'NONE', *, *, #5011, .T. ) ;
#7928 = CARTESIAN_POINT ( 'NONE',  ( 0.7899999999999999245, 0.2042282574763048253, 2.545504876163455776 ) ) ;
#7929 = VERTEX_POINT ( 'NONE', #8475 ) ;
#7930 = CARTESIAN_POINT ( 'NONE',  ( -0.7900000000000003686, -0.4532685607873793709, -2.870861070673344617 ) ) ;
#7931 = EDGE_CURVE ( 'NONE', #7104, #8196, #10450, .T. ) ;
#7932 = FACE_OUTER_BOUND ( 'NONE', #1709, .T. ) ;
#7933 = DIRECTION ( 'NONE',  ( 0.000000000000000000, -0.07997395986122908529, 0.9967969531173911379 ) ) ;
#7934 = CARTESIAN_POINT ( 'NONE',  ( 0.4799999999999999267, 0.2178238306527182089, -2.714960358193412304 ) ) ;
#7935 = AXIS2_PLACEMENT_3D ( 'NONE', #8135, #907, #8203 ) ;
#7936 = EDGE_CURVE ( 'NONE', #1132, #4295, #10265, .T. ) ;
#7937 = VERTEX_POINT ( 'NONE', #6800 ) ;
#7938 = DIRECTION ( 'NONE',  ( 0.000000000000000000, -1.000000000000000000, 0.000000000000000000 ) ) ;
#7939 = ORIENTED_EDGE ( 'NONE', *, *, #5590, .F. ) ;
#7940 = EDGE_CURVE ( 'NONE', #3205, #4380, #6683, .T. ) ;
#7941 = FACE_OUTER_BOUND ( 'NONE', #9873, .T. ) ;
#7942 = ORIENTED_EDGE ( 'NONE', *, *, #1159, .T. ) ;
#7943 = DIRECTION ( 'NONE',  ( -1.000000000000000000, 0.000000000000000000, -0.000000000000000000 ) ) ;
#7944 = VECTOR ( 'NONE', #7820, 1000.000000000000114 ) ;
#7945 = EDGE_CURVE ( 'NONE', #8913, #2575, #9499, .T. ) ;
#7946 = DIRECTION ( 'NONE',  ( 0.000000000000000000, 0.07997395986122909917, 0.9967969531173911379 ) ) ;
#7947 = CYLINDRICAL_SURFACE ( 'NONE', #10552, 0.1017314392126205669 ) ;
#7948 = DIRECTION ( 'NONE',  ( 1.000000000000000000, -0.000000000000000000, 0.000000000000000000 ) ) ;
#7949 = AXIS2_PLACEMENT_3D ( 'NONE', #6381, #5557, #11038 ) ;
#7950 = EDGE_CURVE ( 'NONE', #846, #5205, #11154, .T. ) ;
#7951 = VERTEX_POINT ( 'NONE', #7698 ) ;
#7952 = LINE ( 'NONE', #7530, #9329 ) ;
#7953 = CARTESIAN_POINT ( 'NONE',  ( -2.060000000000000497, 0.000000000000000000, 3.000000000000000000 ) ) ;
#7954 = ORIENTED_EDGE ( 'NONE', *, *, #555, .T. ) ;
#7955 = CARTESIAN_POINT ( 'NONE',  ( 1.749999999999999778, -0.7249999999999999778, -3.000000000000000000 ) ) ;
#7956 = DIRECTION ( 'NONE',  ( -0.000000000000000000, -0.07997395986122911304, 0.9967969531173912490 ) ) ;
#7957 = VECTOR ( 'NONE', #1962, 1000.000000000000114 ) ;
#7958 = VERTEX_POINT ( 'NONE', #5731 ) ;
#7959 = CARTESIAN_POINT ( 'NONE',  ( 0.4799999999999999267, 0.08500000000000000611, 2.461537905304632012 ) ) ;
#7960 = EDGE_CURVE ( 'NONE', #5567, #236, #4185, .T. ) ;
#7961 = DIRECTION ( 'NONE',  ( -0.000000000000000000, -0.9925461516413219831, 0.1218693434051477537 ) ) ;
#7962 = DIRECTION ( 'NONE',  ( 0.000000000000000000, -1.000000000000000000, -1.679125230693258263E-15 ) ) ;
#7963 = DIRECTION ( 'NONE',  ( 0.000000000000000000, 0.000000000000000000, -1.000000000000000000 ) ) ;
#7964 = AXIS2_PLACEMENT_3D ( 'NONE', #2151, #2081, #418 ) ;
#7965 = LINE ( 'NONE', #11670, #8375 ) ;
#7966 = EDGE_LOOP ( 'NONE', ( #6927, #3944, #1100, #2819, #3417, #4190, #2413, #9638, #3111 ) ) ;
#7967 = ORIENTED_EDGE ( 'NONE', *, *, #10807, .T. ) ;
#7968 = ORIENTED_EDGE ( 'NONE', *, *, #6248, .F. ) ;
#7969 = VERTEX_POINT ( 'NONE', #3936 ) ;
#7970 = EDGE_CURVE ( 'NONE', #5461, #6648, #1249, .T. ) ;
#7971 = VECTOR ( 'NONE', #2124, 1000.000000000000000 ) ;
#7972 = SURFACE_STYLE_FILL_AREA ( #4453 ) ;
#7973 = FACE_OUTER_BOUND ( 'NONE', #3011, .T. ) ;
#7974 = CIRCLE ( 'NONE', #10270, 0.2717314392126214395 ) ;
#7975 = FACE_OUTER_BOUND ( 'NONE', #5800, .T. ) ;
#7976 = VECTOR ( 'NONE', #10889, 1000.000000000000000 ) ;
#7977 = CARTESIAN_POINT ( 'NONE',  ( 0.4799999999999999267, -0.08500000000000000611, -2.461537905304634677 ) ) ;
#7978 = CIRCLE ( 'NONE', #4749, 0.1161149196957549368 ) ;
#7979 = AXIS2_PLACEMENT_3D ( 'NONE', #6480, #8323, #9366 ) ;
#7980 = EDGE_CURVE ( 'NONE', #1416, #9778, #10841, .T. ) ;
#7981 = CARTESIAN_POINT ( 'NONE',  ( -3.365000000000000657, -0.1834862943212959008, 2.747157848089628374 ) ) ;
#7982 =( LENGTH_UNIT ( ) NAMED_UNIT ( * ) SI_UNIT ( .MILLI., .METRE. ) );
#7983 = VERTEX_POINT ( 'NONE', #646 ) ;
#7984 = EDGE_CURVE ( 'NONE', #3366, #8996, #10738, .T. ) ;
#7985 = CIRCLE ( 'NONE', #9536, 0.1017314392126205669 ) ;
#7986 = ORIENTED_EDGE ( 'NONE', *, *, #5267, .T. ) ;
#7987 = VERTEX_POINT ( 'NONE', #3214 ) ;
#7988 = CARTESIAN_POINT ( 'NONE',  ( 0.7899999999999999245, -0.4326855326005907276, -2.767151338054931742 ) ) ;
#7989 = COLOUR_RGB ( '',0.2509803921568627416, 0.2509803921568627416, 0.2509803921568627416 ) ;
#7990 = ORIENTED_EDGE ( 'NONE', *, *, #5794, .T. ) ;
#7991 = CARTESIAN_POINT ( 'NONE',  ( -2.995000000000000107, -0.4326855326005906166, -2.767151338054931742 ) ) ;
#7992 = CIRCLE ( 'NONE', #6465, 0.2500000000000004441 ) ;
#7993 = DIRECTION ( 'NONE',  ( 0.000000000000000000, 0.000000000000000000, -1.000000000000000000 ) ) ;
#7994 = VECTOR ( 'NONE', #3861, 1000.000000000000000 ) ;
#7995 = LINE ( 'NONE', #5251, #1153 ) ;
#7996 = AXIS2_PLACEMENT_3D ( 'NONE', #4302, #7933, #8729 ) ;
#7997 = DIRECTION ( 'NONE',  ( 0.000000000000000000, 0.000000000000000000, -1.000000000000000000 ) ) ;
#7998 = VERTEX_POINT ( 'NONE', #3444 ) ;
#7999 = EDGE_CURVE ( 'NONE', #1521, #2617, #8936, .T. ) ;
#8000 = CIRCLE ( 'NONE', #2297, 0.1017314392126205669 ) ;
#8001 = DIRECTION ( 'NONE',  ( 0.000000000000000000, 0.000000000000000000, -1.000000000000000000 ) ) ;
#8002 = VECTOR ( 'NONE', #7843, 1000.000000000000000 ) ;
#8003 = AXIS2_PLACEMENT_3D ( 'NONE', #9322, #4792, #10983 ) ;
#8004 = ORIENTED_EDGE ( 'NONE', *, *, #7003, .F. ) ;
#8005 = VERTEX_POINT ( 'NONE', #9734 ) ;
#8006 = PLANE ( 'NONE',  #4387 ) ;
#8007 = ORIENTED_EDGE ( 'NONE', *, *, #9328, .F. ) ;
#8008 = ORIENTED_EDGE ( 'NONE', *, *, #5115, .F. ) ;
#8009 = PLANE ( 'NONE',  #4030 ) ;
#8010 = FACE_OUTER_BOUND ( 'NONE', #4886, .T. ) ;
#8011 = LINE ( 'NONE', #8685, #5201 ) ;
#8012 = CARTESIAN_POINT ( 'NONE',  ( 3.329999999999999627, -0.1970818674976518581, -2.577702366059666961 ) ) ;
#8013 = VECTOR ( 'NONE', #7471, 1000.000000000000000 ) ;
#8014 = AXIS2_PLACEMENT_3D ( 'NONE', #4385, #6010, #677 ) ;
#8015 = AXIS2_PLACEMENT_3D ( 'NONE', #108, #8184, #4713 ) ;
#8016 = EDGE_CURVE ( 'NONE', #5004, #7638, #11515, .T. ) ;
#8017 = EDGE_CURVE ( 'NONE', #9135, #4209, #1594, .T. ) ;
#8018 = VERTEX_POINT ( 'NONE', #4338 ) ;
#8019 = EDGE_CURVE ( 'NONE', #5596, #3438, #3281, .T. ) ;
#8020 = DIRECTION ( 'NONE',  ( 1.000000000000000000, 0.000000000000000000, 0.000000000000000000 ) ) ;
#8021 = SURFACE_STYLE_USAGE ( .BOTH. , #723 ) ;
#8022 = ORIENTED_EDGE ( 'NONE', *, *, #7366, .F. ) ;
#8023 = DIRECTION ( 'NONE',  ( -0.000000000000000000, -0.9925461516413219831, 0.1218693434051477537 ) ) ;
#8024 = VECTOR ( 'NONE', #1082, 1000.000000000000114 ) ;
#8025 = VECTOR ( 'NONE', #10301, 1000.000000000000000 ) ;
#8026 = ORIENTED_EDGE ( 'NONE', *, *, #496, .F. ) ;
#8027 = CARTESIAN_POINT ( 'NONE',  ( -0.4800000000000003708, 0.2042282574763048253, 2.545504876163455776 ) ) ;
#8028 = EDGE_CURVE ( 'NONE', #11326, #8995, #8837, .T. ) ;
#8029 = DIRECTION ( 'NONE',  ( 1.000000000000000000, 0.000000000000000000, 0.000000000000000000 ) ) ;
#8030 = EDGE_CURVE ( 'NONE', #9461, #5825, #4178, .T. ) ;
#8031 = AXIS2_PLACEMENT_3D ( 'NONE', #1649, #6197, #4348 ) ;
#8032 = EDGE_CURVE ( 'NONE', #7359, #8804, #2547, .T. ) ;
#8033 = CARTESIAN_POINT ( 'NONE',  ( -3.020000000000000018, -0.1782331765923089728, 2.746736385498786515 ) ) ;
#8034 = DIRECTION ( 'NONE',  ( 0.000000000000000000, -0.000000000000000000, -1.000000000000000000 ) ) ;
#8035 = ORIENTED_EDGE ( 'NONE', *, *, #8546, .F. ) ;
#8036 = VERTEX_POINT ( 'NONE', #7086 ) ;
#8037 = ORIENTED_EDGE ( 'NONE', *, *, #11380, .T. ) ;
#8038 = ORIENTED_EDGE ( 'NONE', *, *, #3609, .T. ) ;
#8039 = LINE ( 'NONE', #11677, #149 ) ;
#8040 = DIRECTION ( 'NONE',  ( 0.000000000000000000, -0.9967969531173912490, -0.07997395986122736444 ) ) ;
#8041 = DIRECTION ( 'NONE',  ( 0.000000000000000000, -0.07997395986122908529, 0.9967969531173911379 ) ) ;
#8042 = LINE ( 'NONE', #990, #5904 ) ;
#8043 = EDGE_CURVE ( 'NONE', #507, #11752, #754, .T. ) ;
#8044 = LINE ( 'NONE', #9831, #3592 ) ;
#8045 = CARTESIAN_POINT ( 'NONE',  ( 1.749999999999999778, -0.7250000000000001998, -2.870861070673344617 ) ) ;
#8046 = VERTEX_POINT ( 'NONE', #3332 ) ;
#8047 = EDGE_LOOP ( 'NONE', ( #2181, #2472, #6566, #10277 ) ) ;
#8048 = ORIENTED_EDGE ( 'NONE', *, *, #7791, .T. ) ;
#8049 = LINE ( 'NONE', #11688, #7053 ) ;
#8050 = VERTEX_POINT ( 'NONE', #6970 ) ;
#8051 = CARTESIAN_POINT ( 'NONE',  ( 0.4449999999999992295, -0.2334590321417611969, 2.124296695724087858 ) ) ;
#8052 = VECTOR ( 'NONE', #785, 1000.000000000000000 ) ;
#8053 = CARTESIAN_POINT ( 'NONE',  ( -2.060000000000000497, -0.5550000000000000488, 3.000000000000000000 ) ) ;
#8054 = LINE ( 'NONE', #1000, #6097 ) ;
#8055 = CARTESIAN_POINT ( 'NONE',  ( 0.4799999999999999267, -0.4462811057770261214, 2.597695856024975658 ) ) ;
#8056 = DIRECTION ( 'NONE',  ( 0.000000000000000000, -0.07997395986122737832, 0.9967969531173913600 ) ) ;
#8057 = ORIENTED_EDGE ( 'NONE', *, *, #5285, .F. ) ;
#8058 = VECTOR ( 'NONE', #11024, 1000.000000000000000 ) ;
#8059 = CARTESIAN_POINT ( 'NONE',  ( -0.4450000000000009504, -0.4462811057770350032, 2.597695856024976546 ) ) ;
#8060 = ORIENTED_EDGE ( 'NONE', *, *, #10895, .F. ) ;
#8061 = DIRECTION ( 'NONE',  ( 0.000000000000000000, 1.000000000000000000, -5.037375692079792934E-15 ) ) ;
#8062 = ORIENTED_EDGE ( 'NONE', *, *, #10533, .F. ) ;
#8063 = ORIENTED_EDGE ( 'NONE', *, *, #6796, .F. ) ;
#8064 = CARTESIAN_POINT ( 'NONE',  ( 3.329999999999999627, 0.2042282574763048253, 2.545504876163455776 ) ) ;
#8065 = CARTESIAN_POINT ( 'NONE',  ( 3.329999999999999627, -0.4013101249739610688, -0.03219748989621229462 ) ) ;
#8066 = CARTESIAN_POINT ( 'NONE',  ( -2.995000000000000107, -0.2321338255108014725, -2.140814096316195236 ) ) ;
#8067 = VECTOR ( 'NONE', #2276, 1000.000000000000000 ) ;
#8068 = DIRECTION ( 'NONE',  ( 0.000000000000000000, 0.07997395986122909917, 0.9967969531173911379 ) ) ;
#8069 = ADVANCED_FACE ( 'NONE', ( #5973 ), #3383, .T. ) ;
#8070 = EDGE_LOOP ( 'NONE', ( #6182, #11532, #5920, #1938 ) ) ;
#8071 = DIRECTION ( 'NONE',  ( 0.000000000000000000, 0.000000000000000000, -1.000000000000000000 ) ) ;
#8072 = CARTESIAN_POINT ( 'NONE',  ( -4.290000000000000036, -0.7249999999999999778, -3.000000000000000000 ) ) ;
#8073 = ORIENTED_EDGE ( 'NONE', *, *, #7410, .T. ) ;
#8074 = LINE ( 'NONE', #2749, #6449 ) ;
#8075 = ORIENTED_EDGE ( 'NONE', *, *, #10867, .T. ) ;
#8076 = CARTESIAN_POINT ( 'NONE',  ( 0.4799999999999977618, 0.000000000000000000, -1.949999999999999956 ) ) ;
#8077 = EDGE_CURVE ( 'NONE', #2424, #11165, #8778, .T. ) ;
#8078 = LINE ( 'NONE', #799, #2493 ) ;
#8079 = EDGE_CURVE ( 'NONE', #3666, #5901, #7019, .T. ) ;
#8080 = DIRECTION ( 'NONE',  ( -1.000000000000000000, 0.000000000000000000, -0.000000000000000000 ) ) ;
#8081 = EDGE_CURVE ( 'NONE', #859, #3043, #9676, .T. ) ;
#8082 = FACE_OUTER_BOUND ( 'NONE', #3664, .T. ) ;
#8083 = CARTESIAN_POINT ( 'NONE',  ( 2.059999999999999609, -0.4532685607873790379, 2.870861070673345061 ) ) ;
#8084 = ORIENTED_EDGE ( 'NONE', *, *, #7229, .F. ) ;
#8085 = ORIENTED_EDGE ( 'NONE', *, *, #6705, .F. ) ;
#8086 = VERTEX_POINT ( 'NONE', #11464 ) ;
#8087 = ORIENTED_EDGE ( 'NONE', *, *, #7071, .F. ) ;
#8088 = EDGE_CURVE ( 'NONE', #5004, #9092, #11625, .T. ) ;
#8089 = SURFACE_STYLE_USAGE ( .BOTH. , #10004 ) ;
#8090 = FACE_OUTER_BOUND ( 'NONE', #1844, .T. ) ;
#8091 = EDGE_CURVE ( 'NONE', #2142, #8046, #6922, .T. ) ;
#8092 = FACE_OUTER_BOUND ( 'NONE', #10239, .T. ) ;
#8093 = PLANE ( 'NONE',  #5330 ) ;
#8094 = CARTESIAN_POINT ( 'NONE',  ( 0.4449999999999992295, -0.4326855326006170954, 2.767151338054933518 ) ) ;
#8095 = CARTESIAN_POINT ( 'NONE',  ( -4.600000000000000533, 0.08500000000000000611, -1.939563312323252964 ) ) ;
#8096 = ORIENTED_EDGE ( 'NONE', *, *, #8231, .F. ) ;
#8097 = ORIENTED_EDGE ( 'NONE', *, *, #4154, .F. ) ;
#8098 = ORIENTED_EDGE ( 'NONE', *, *, #2881, .T. ) ;
#8099 = DIRECTION ( 'NONE',  ( 0.000000000000000000, 5.037375692079792934E-15, -1.000000000000000000 ) ) ;
#8100 = ORIENTED_EDGE ( 'NONE', *, *, #1924, .T. ) ;
#8101 = LINE ( 'NONE', #7265, #9762 ) ;
#8102 = DIRECTION ( 'NONE',  ( 1.000000000000000000, 0.000000000000000000, 0.000000000000000000 ) ) ;
#8103 = EDGE_CURVE ( 'NONE', #8995, #8392, #1487, .T. ) ;
#8104 = DIRECTION ( 'NONE',  ( 1.000000000000000000, -0.000000000000000000, -0.000000000000000000 ) ) ;
#8105 = EDGE_CURVE ( 'NONE', #2612, #6159, #7985, .T. ) ;
#8106 = CARTESIAN_POINT ( 'NONE',  ( 0.8149999999999997247, -0.1834862943212428044, -2.747157848089624821 ) ) ;
#8107 = EDGE_CURVE ( 'NONE', #3739, #5923, #8042, .T. ) ;
#8108 = CARTESIAN_POINT ( 'NONE',  ( -3.330000000000000071, 0.2042282574763048253, 2.545504876163455776 ) ) ;
#8109 = PRESENTATION_STYLE_ASSIGNMENT (( #6897 ) ) ;
#8110 = LINE ( 'NONE', #2783, #138 ) ;
#8111 = ORIENTED_EDGE ( 'NONE', *, *, #10895, .T. ) ;
#8112 = CARTESIAN_POINT ( 'NONE',  ( 1.714999999999998970, -0.2334590321417523429, 2.124296695724087414 ) ) ;
#8113 = ORIENTED_EDGE ( 'NONE', *, *, #6366, .F. ) ;
#8114 = VERTEX_POINT ( 'NONE', #11014 ) ;
#8115 = CARTESIAN_POINT ( 'NONE',  ( 4.599999999999998757, 0.000000000000000000, -1.949999999999999956 ) ) ;
#8116 = ORIENTED_EDGE ( 'NONE', *, *, #9055, .F. ) ;
#8117 = ORIENTED_EDGE ( 'NONE', *, *, #6788, .F. ) ;
#8118 = LINE ( 'NONE', #8294, #11480 ) ;
#8119 = EDGE_CURVE ( 'NONE', #2194, #585, #4753, .T. ) ;
#8120 = DIRECTION ( 'NONE',  ( 1.000000000000000000, -0.000000000000000000, 0.000000000000000000 ) ) ;
#8121 = AXIS2_PLACEMENT_3D ( 'NONE', #2678, #10919, #9603 ) ;
#8122 = DIRECTION ( 'NONE',  ( -1.000000000000000000, 0.000000000000000000, 0.000000000000000000 ) ) ;
#8123 = DIRECTION ( 'NONE',  ( 1.000000000000000000, -0.000000000000000000, 0.000000000000000000 ) ) ;
#8124 = ORIENTED_EDGE ( 'NONE', *, *, #8299, .F. ) ;
#8125 = DIRECTION ( 'NONE',  ( 0.000000000000000000, 0.000000000000000000, -1.000000000000000000 ) ) ;
#8126 = PLANE ( 'NONE',  #591 ) ;
#8127 = VERTEX_POINT ( 'NONE', #6236 ) ;
#8128 = VECTOR ( 'NONE', #6864, 999.9999999999998863 ) ;
#8129 = CYLINDRICAL_SURFACE ( 'NONE', #8935, 0.2861149196957545326 ) ;
#8130 = EDGE_LOOP ( 'NONE', ( #1286, #7518, #2252, #536 ) ) ;
#8131 = CARTESIAN_POINT ( 'NONE',  ( -0.4550000000000005151, -0.1970818674976518581, -2.577702366059666961 ) ) ;
#8132 = CARTESIAN_POINT ( 'NONE',  ( 3.329999999999999627, -0.7249999999999999778, -3.000000000000000000 ) ) ;
#8133 = MANIFOLD_SOLID_BREP ( 'Boss-Extrude4', #2275 ) ;
#8134 = UNCERTAINTY_MEASURE_WITH_UNIT (LENGTH_MEASURE( 1.000000000000000082E-05 ), #9852, 'distance_accuracy_value', 'NONE');
#8135 = CARTESIAN_POINT ( 'NONE',  ( -0.7900000000000003686, 0.2042282574763048253, -2.545504876163455776 ) ) ;
#8136 = CIRCLE ( 'NONE', #11201, 0.1161149196957549368 ) ;
#8137 = PLANE ( 'NONE',  #6843 ) ;
#8138 = EDGE_CURVE ( 'NONE', #262, #4295, #8219, .T. ) ;
#8139 = DIRECTION ( 'NONE',  ( 0.000000000000000000, 0.07997395986122909917, 0.9967969531173911379 ) ) ;
#8140 = VERTEX_POINT ( 'NONE', #4457 ) ;
#8141 = EDGE_CURVE ( 'NONE', #3848, #5270, #10132, .T. ) ;
#8142 = EDGE_LOOP ( 'NONE', ( #836, #10561, #2409, #2729 ) ) ;
#8143 = ORIENTED_EDGE ( 'NONE', *, *, #11166, .F. ) ;
#8144 = ORIENTED_EDGE ( 'NONE', *, *, #1270, .T. ) ;
#8145 = CARTESIAN_POINT ( 'NONE',  ( -4.600000000000000533, -0.5550000000000000488, 3.000000000000000000 ) ) ;
#8146 = LINE ( 'NONE', #8792, #4216 ) ;
#8147 = EDGE_CURVE ( 'NONE', #4743, #8156, #9886, .T. ) ;
#8148 = LINE ( 'NONE', #7257, #10164 ) ;
#8149 = VECTOR ( 'NONE', #6431, 1000.000000000000000 ) ;
#8150 = ADVANCED_FACE ( 'NONE', ( #9174 ), #8093, .T. ) ;
#8151 = CARTESIAN_POINT ( 'NONE',  ( -2.060000000000000497, -0.2011149196957552621, 2.461537905304631568 ) ) ;
#8152 = CYLINDRICAL_SURFACE ( 'NONE', #1106, 0.2717314392126214395 ) ;
#8153 = VERTEX_POINT ( 'NONE', #8581 ) ;
#8154 = EDGE_CURVE ( 'NONE', #2212, #10924, #6666, .T. ) ;
#8155 = ORIENTED_EDGE ( 'NONE', *, *, #9057, .F. ) ;
#8156 = VERTEX_POINT ( 'NONE', #5647 ) ;
#8157 = ORIENTED_EDGE ( 'NONE', *, *, #1598, .F. ) ;
#8158 = AXIS2_PLACEMENT_3D ( 'NONE', #2771, #5594, #10959 ) ;
#8159 = LINE ( 'NONE', #7146, #1563 ) ;
#8160 = ADVANCED_FACE ( 'NONE', ( #4049 ), #5714, .T. ) ;
#8161 = FACE_OUTER_BOUND ( 'NONE', #9605, .T. ) ;
#8162 = CARTESIAN_POINT ( 'NONE',  ( -4.290000000000000036, -0.08500000000000000611, -2.461537905304634677 ) ) ;
#8163 = DIRECTION ( 'NONE',  ( 1.000000000000000000, 0.000000000000000000, 0.000000000000000000 ) ) ;
#8164 = AXIS2_PLACEMENT_3D ( 'NONE', #4541, #5217, #8125 ) ;
#8165 = VECTOR ( 'NONE', #6021, 1000.000000000000114 ) ;
#8166 = DIRECTION ( 'NONE',  ( 0.000000000000000000, -0.07997395986122909917, -0.9967969531173911379 ) ) ;
#8167 = ADVANCED_FACE ( 'NONE', ( #4826 ), #10436, .T. ) ;
#8168 = AXIS2_PLACEMENT_3D ( 'NONE', #1897, #6319, #7270 ) ;
#8169 = CARTESIAN_POINT ( 'NONE',  ( -4.600000000000000533, 0.2178238306527182089, 2.714960358193412304 ) ) ;
#8170 = SURFACE_STYLE_FILL_AREA ( #6560 ) ;
#8171 = ORIENTED_EDGE ( 'NONE', *, *, #6391, .F. ) ;
#8172 = VECTOR ( 'NONE', #9286, 1000.000000000000000 ) ;
#8173 = ADVANCED_FACE ( 'NONE', ( #6543 ), #1044, .T. ) ;
#8174 = DIRECTION ( 'NONE',  ( 1.000000000000000000, 0.000000000000000000, 0.000000000000000000 ) ) ;
#8175 = ORIENTED_EDGE ( 'NONE', *, *, #10684, .F. ) ;
#8176 = ORIENTED_EDGE ( 'NONE', *, *, #8032, .F. ) ;
#8177 = DIRECTION ( 'NONE',  ( 1.000000000000000000, 0.000000000000000000, 0.000000000000000000 ) ) ;
#8178 = LINE ( 'NONE', #10811, #4561 ) ;
#8179 = ORIENTED_EDGE ( 'NONE', *, *, #1950, .F. ) ;
#8180 = VERTEX_POINT ( 'NONE', #2001 ) ;
#8181 = VECTOR ( 'NONE', #10063, 1000.000000000000000 ) ;
#8182 = AXIS2_PLACEMENT_3D ( 'NONE', #4554, #1688, #2642 ) ;
#8183 = FACE_OUTER_BOUND ( 'NONE', #9663, .T. ) ;
#8184 = DIRECTION ( 'NONE',  ( 0.000000000000000000, -0.9967969531173912490, -0.07997395986122911304 ) ) ;
#8185 = CYLINDRICAL_SURFACE ( 'NONE', #991, 0.1161149196957549368 ) ;
#8186 = DIRECTION ( 'NONE',  ( -1.000000000000000000, -0.000000000000000000, -0.000000000000000000 ) ) ;
#8187 = AXIS2_PLACEMENT_3D ( 'NONE', #8901, #6438, #1732 ) ;
#8188 = VECTOR ( 'NONE', #7114, 1000.000000000000000 ) ;
#8189 = ORIENTED_EDGE ( 'NONE', *, *, #1464, .F. ) ;
#8190 = EDGE_CURVE ( 'NONE', #7294, #233, #1107, .T. ) ;
#8191 = FACE_OUTER_BOUND ( 'NONE', #2423, .T. ) ;
#8192 = DIRECTION ( 'NONE',  ( 0.000000000000000000, 1.000000000000000000, -5.037375692079792934E-15 ) ) ;
#8193 = ORIENTED_EDGE ( 'NONE', *, *, #6661, .T. ) ;
#8194 =( GEOMETRIC_REPRESENTATION_CONTEXT ( 3 ) GLOBAL_UNCERTAINTY_ASSIGNED_CONTEXT ( ( #2173 ) ) GLOBAL_UNIT_ASSIGNED_CONTEXT ( ( #8714, #8833, #2380 ) ) REPRESENTATION_CONTEXT ( 'NONE', 'WORKASPACE' ) );
#8195 = CARTESIAN_POINT ( 'NONE',  ( 1.749999999999999778, -0.4532685607873790379, -2.870861070673345061 ) ) ;
#8196 = VERTEX_POINT ( 'NONE', #7557 ) ;
#8197 = PLANE ( 'NONE',  #2315 ) ;
#8198 = VECTOR ( 'NONE', #8364, 1000.000000000000000 ) ;
#8199 = DIRECTION ( 'NONE',  ( -1.000000000000000000, 0.000000000000000000, 0.000000000000000000 ) ) ;
#8200 = VECTOR ( 'NONE', #5709, 1000.000000000000114 ) ;
#8201 = VECTOR ( 'NONE', #6946, 1000.000000000000114 ) ;
#8202 = CARTESIAN_POINT ( 'NONE',  ( -3.020000000000000018, -0.08500000000000000611, -2.461537905304634677 ) ) ;
#8203 = DIRECTION ( 'NONE',  ( 0.000000000000000000, -0.9967969531173912490, -0.07997395986122736444 ) ) ;
#8204 = DIRECTION ( 'NONE',  ( -1.000000000000000000, 0.000000000000000000, -0.000000000000000000 ) ) ;
#8205 = AXIS2_PLACEMENT_3D ( 'NONE', #11694, #9841, #7149 ) ;
#8206 = VECTOR ( 'NONE', #665, 1000.000000000000114 ) ;
#8207 = DIRECTION ( 'NONE',  ( 1.000000000000000000, 0.000000000000000000, -0.000000000000000000 ) ) ;
#8208 = CYLINDRICAL_SURFACE ( 'NONE', #10868, 0.1017314392126205669 ) ;
#8209 = VECTOR ( 'NONE', #578, 1000.000000000000114 ) ;
#8210 = ORIENTED_EDGE ( 'NONE', *, *, #10840, .T. ) ;
#8211 = ORIENTED_EDGE ( 'NONE', *, *, #8826, .T. ) ;
#8212 = ORIENTED_EDGE ( 'NONE', *, *, #7364, .F. ) ;
#8213 = ORIENTED_EDGE ( 'NONE', *, *, #555, .F. ) ;
#8214 = CARTESIAN_POINT ( 'NONE',  ( 0.4799999999999999267, -0.4750000000000020872, -2.599999999999999645 ) ) ;
#8215 = DIRECTION ( 'NONE',  ( 0.000000000000000000, 0.9967969531173911379, -0.07997395986122909917 ) ) ;
#8216 = VECTOR ( 'NONE', #9684, 999.9999999999998863 ) ;
#8217 = CARTESIAN_POINT ( 'NONE',  ( 0.4799999999999999267, -0.1834862943212693387, 2.747157848089626597 ) ) ;
#8218 = EDGE_CURVE ( 'NONE', #9521, #6355, #216, .T. ) ;
#8219 = LINE ( 'NONE', #3496, #1687 ) ;
#8220 = DIRECTION ( 'NONE',  ( 0.000000000000000000, 5.037375692079792934E-15, -1.000000000000000000 ) ) ;
#8221 = CARTESIAN_POINT ( 'NONE',  ( 3.019999999999999574, -0.4532685607873790379, 2.870861070673345061 ) ) ;
#8222 = VECTOR ( 'NONE', #6245, 1000.000000000000114 ) ;
#8223 = ORIENTED_EDGE ( 'NONE', *, *, #6925, .F. ) ;
#8224 = VERTEX_POINT ( 'NONE', #2954 ) ;
#8225 = ORIENTED_EDGE ( 'NONE', *, *, #1464, .T. ) ;
#8226 = ADVANCED_FACE ( 'NONE', ( #7499 ), #11141, .T. ) ;
#8227 = CARTESIAN_POINT ( 'NONE',  ( 2.059999999999999609, -0.5549999999999993827, 2.870861070673345061 ) ) ;
#8228 = DIRECTION ( 'NONE',  ( 0.000000000000000000, 0.000000000000000000, -1.000000000000000000 ) ) ;
#8229 = CARTESIAN_POINT ( 'NONE',  ( 0.4799999999999999267, -0.5549999999999849498, -2.795743509104209498E-15 ) ) ;
#8230 = CARTESIAN_POINT ( 'NONE',  ( -4.290000000000000036, 0.2178238306527182089, 2.714960358193412304 ) ) ;
#8231 = EDGE_CURVE ( 'NONE', #1058, #1299, #2248, .T. ) ;
#8232 = CARTESIAN_POINT ( 'NONE',  ( 0.8249999999999992895, -0.1834862943212693387, 2.747157848089626597 ) ) ;
#8233 = CARTESIAN_POINT ( 'NONE',  ( -1.725000000000000755, -0.1834862943212428044, -2.747157848089624821 ) ) ;
#8234 = DIRECTION ( 'NONE',  ( 1.000000000000000000, 0.000000000000000000, 0.000000000000000000 ) ) ;
#8235 = ORIENTED_EDGE ( 'NONE', *, *, #1002, .F. ) ;
#8236 = EDGE_CURVE ( 'NONE', #5016, #5486, #3982, .T. ) ;
#8237 = LINE ( 'NONE', #50, #7957 ) ;
#8238 = ORIENTED_EDGE ( 'NONE', *, *, #1477, .F. ) ;
#8239 = ORIENTED_EDGE ( 'NONE', *, *, #11514, .F. ) ;
#8240 = DIRECTION ( 'NONE',  ( -0.000000000000000000, 0.9967969531173912490, 0.07997395986122922407 ) ) ;
#8241 = CARTESIAN_POINT ( 'NONE',  ( 0.7899999999999999245, 0.2042282574763048253, 2.545504876163455776 ) ) ;
#8242 = VECTOR ( 'NONE', #8122, 1000.000000000000000 ) ;
#8243 = VERTEX_POINT ( 'NONE', #3146 ) ;
#8244 = VERTEX_POINT ( 'NONE', #1237 ) ;
#8245 = FILL_AREA_STYLE ('',( #11757 ) ) ;
#8246 = DIRECTION ( 'NONE',  ( 0.000000000000000000, 0.000000000000000000, -1.000000000000000000 ) ) ;
#8247 = DIRECTION ( 'NONE',  ( 1.000000000000000000, 0.000000000000000000, 0.000000000000000000 ) ) ;
#8248 = LINE ( 'NONE', #110, #2522 ) ;
#8249 = DIRECTION ( 'NONE',  ( 0.1209742911513548291, 0.9852565360152931717, 0.1209742911513548430 ) ) ;
#8250 = EDGE_CURVE ( 'NONE', #6792, #1125, #3593, .T. ) ;
#8251 = VECTOR ( 'NONE', #3098, 999.9999999999998863 ) ;
#8252 = CARTESIAN_POINT ( 'NONE',  ( -4.635000000000000675, -0.1834862943213046715, 2.747157848089629262 ) ) ;
#8253 = CARTESIAN_POINT ( 'NONE',  ( -4.950000000000000178, 0.000000000000000000, 1.949999999999999956 ) ) ;
#8254 = ORIENTED_EDGE ( 'NONE', *, *, #6479, .F. ) ;
#8255 = CARTESIAN_POINT ( 'NONE',  ( 0.7899999999999999245, -0.5550000000000000488, -3.000000000000000000 ) ) ;
#8256 = ORIENTED_EDGE ( 'NONE', *, *, #8236, .T. ) ;
#8257 = DIRECTION ( 'NONE',  ( 0.000000000000000000, 1.000000000000000000, -1.679125230693258263E-15 ) ) ;
#8258 = AXIS2_PLACEMENT_3D ( 'NONE', #607, #8847, #7886 ) ;
#8259 = LINE ( 'NONE', #3904, #5729 ) ;
#8260 = CARTESIAN_POINT ( 'NONE',  ( -4.290000000000000036, -0.1918287497687165000, -2.577280903468829099 ) ) ;
#8261 = EDGE_CURVE ( 'NONE', #692, #2837, #8954, .T. ) ;
#8262 = CARTESIAN_POINT ( 'NONE',  ( -4.950000000000000178, 0.08500000000000000611, -1.939563312323252964 ) ) ;
#8263 = DIRECTION ( 'NONE',  ( 0.000000000000000000, 0.07997395986122911304, -0.9967969531173912490 ) ) ;
#8264 = FACE_OUTER_BOUND ( 'NONE', #3376, .T. ) ;
#8265 = ORIENTED_EDGE ( 'NONE', *, *, #4469, .T. ) ;
#8266 = VERTEX_POINT ( 'NONE', #2190 ) ;
#8267 = ORIENTED_EDGE ( 'NONE', *, *, #10799, .T. ) ;
#8268 = EDGE_LOOP ( 'NONE', ( #1772, #9897, #11676, #2087, #438, #1282, #6623, #4041, #8866, #7456, #11566, #5084 ) ) ;
#8269 = PLANE ( 'NONE',  #7979 ) ;
#8270 = CARTESIAN_POINT ( 'NONE',  ( -0.7900000000000008127, -0.08500000000000000611, -1.939563312323252964 ) ) ;
#8271 = CARTESIAN_POINT ( 'NONE',  ( 2.059999999999999609, -0.4462811057769997536, -2.597695856024973882 ) ) ;
#8272 = SURFACE_STYLE_FILL_AREA ( #1823 ) ;
#8273 = CARTESIAN_POINT ( 'NONE',  ( -2.060000000000000497, -0.7250000000000001998, -2.870861070673344617 ) ) ;
#8274 = DIRECTION ( 'NONE',  ( 1.000000000000000000, -0.000000000000000000, 0.000000000000000000 ) ) ;
#8275 = EDGE_LOOP ( 'NONE', ( #3549, #7645, #3948, #4999 ) ) ;
#8276 = ORIENTED_EDGE ( 'NONE', *, *, #4881, .F. ) ;
#8277 = ORIENTED_EDGE ( 'NONE', *, *, #11715, .F. ) ;
#8278 = EDGE_CURVE ( 'NONE', #2236, #5957, #5835, .T. ) ;
#8279 = DIRECTION ( 'NONE',  ( -0.000000000000000000, -0.9925461516413219831, 0.1218693434051477537 ) ) ;
#8280 = DIRECTION ( 'NONE',  ( -1.000000000000000000, -0.000000000000000000, -0.000000000000000000 ) ) ;
#8281 = CARTESIAN_POINT ( 'NONE',  ( 3.329999999999999627, 0.08500000000000000611, 0.000000000000000000 ) ) ;
#8282 = DIRECTION ( 'NONE',  ( -1.000000000000000000, 0.000000000000000000, -0.000000000000000000 ) ) ;
#8283 = DIRECTION ( 'NONE',  ( 0.000000000000000000, 0.000000000000000000, -1.000000000000000000 ) ) ;
#8284 = SURFACE_STYLE_USAGE ( .BOTH. , #6321 ) ;
#8285 = ORIENTED_EDGE ( 'NONE', *, *, #1987, .T. ) ;
#8286 = CARTESIAN_POINT ( 'NONE',  ( -4.290000000000000036, -0.1782331765923089728, -2.746736385498786515 ) ) ;
#8287 = ORIENTED_EDGE ( 'NONE', *, *, #1760, .F. ) ;
#8288 = EDGE_LOOP ( 'NONE', ( #2803, #11660, #7883, #523 ) ) ;
#8289 = DIRECTION ( 'NONE',  ( 1.000000000000000000, 0.000000000000000000, 0.000000000000000000 ) ) ;
#8290 = DIRECTION ( 'NONE',  ( 1.000000000000000000, 0.000000000000000000, 0.000000000000000000 ) ) ;
#8291 = ORIENTED_EDGE ( 'NONE', *, *, #2953, .T. ) ;
#8292 = EDGE_CURVE ( 'NONE', #947, #8319, #4956, .T. ) ;
#8293 = ORIENTED_EDGE ( 'NONE', *, *, #8318, .T. ) ;
#8294 = CARTESIAN_POINT ( 'NONE',  ( -4.290000000000000036, -0.08500000000000000611, 0.000000000000000000 ) ) ;
#8295 = FACE_OUTER_BOUND ( 'NONE', #10343, .T. ) ;
#8296 = FACE_OUTER_BOUND ( 'NONE', #5041, .T. ) ;
#8297 = DIRECTION ( 'NONE',  ( 0.000000000000000000, 0.07997395986122909917, 0.9967969531173911379 ) ) ;
#8298 = ADVANCED_FACE ( 'NONE', ( #6787 ), #6845, .T. ) ;
#8299 = EDGE_CURVE ( 'NONE', #7644, #8569, #6130, .T. ) ;
#8300 = ORIENTED_EDGE ( 'NONE', *, *, #7940, .F. ) ;
#8301 = DIRECTION ( 'NONE',  ( 0.000000000000000000, 5.037375692079792934E-15, 1.000000000000000000 ) ) ;
#8302 = ORIENTED_EDGE ( 'NONE', *, *, #3929, .T. ) ;
#8303 = CARTESIAN_POINT ( 'NONE',  ( 3.329999999999998739, 0.000000000000000000, 1.949999999999999956 ) ) ;
#8304 = EDGE_CURVE ( 'NONE', #9789, #7156, #8823, .T. ) ;
#8305 = ORIENTED_EDGE ( 'NONE', *, *, #9453, .F. ) ;
#8306 = CARTESIAN_POINT ( 'NONE',  ( -0.7900000000000003686, -0.4013101249739610688, -0.03219748989621229462 ) ) ;
#8307 = CARTESIAN_POINT ( 'NONE',  ( -4.290000000000000036, 0.2178238306527182089, -2.714960358193412304 ) ) ;
#8308 = PLANE ( 'NONE',  #7095 ) ;
#8309 = CARTESIAN_POINT ( 'NONE',  ( 0.7899999999999999245, -0.08500000000000000611, 0.000000000000000000 ) ) ;
#8310 = EDGE_CURVE ( 'NONE', #6380, #11749, #1583, .T. ) ;
#8311 = VECTOR ( 'NONE', #3000, 1000.000000000000000 ) ;
#8312 = CARTESIAN_POINT ( 'NONE',  ( 0.4799999999999999267, -0.1782331765923089728, 2.746736385498786515 ) ) ;
#8313 = FACE_OUTER_BOUND ( 'NONE', #8507, .T. ) ;
#8314 = VERTEX_POINT ( 'NONE', #5225 ) ;
#8315 = DIRECTION ( 'NONE',  ( 0.000000000000000000, 0.07997395986122911304, -0.9967969531173912490 ) ) ;
#8316 = DIRECTION ( 'NONE',  ( 0.000000000000000000, 0.07997395986122911304, -0.9967969531173912490 ) ) ;
#8317 = ORIENTED_EDGE ( 'NONE', *, *, #6012, .T. ) ;
#8318 = EDGE_CURVE ( 'NONE', #8244, #3359, #11381, .T. ) ;
#8319 = VERTEX_POINT ( 'NONE', #679 ) ;
#8320 = ORIENTED_EDGE ( 'NONE', *, *, #1639, .T. ) ;
#8321 = ORIENTED_EDGE ( 'NONE', *, *, #9116, .F. ) ;
#8322 = CARTESIAN_POINT ( 'NONE',  ( 4.289999999999999147, -0.7249999999999999778, -3.000000000000000000 ) ) ;
#8323 = DIRECTION ( 'NONE',  ( 0.000000000000000000, -1.000000000000000000, -1.679125230693258263E-15 ) ) ;
#8324 = CARTESIAN_POINT ( 'NONE',  ( 4.289999999999999147, 0.2178238306527182089, 2.714960358193412304 ) ) ;
#8325 = VECTOR ( 'NONE', #3319, 1000.000000000000000 ) ;
#8326 = CARTESIAN_POINT ( 'NONE',  ( -2.995000000000000107, -0.1834862943212428044, -2.747157848089624821 ) ) ;
#8327 = CARTESIAN_POINT ( 'NONE',  ( 4.289999999999999147, -0.7250000000000049738, 1.217365792252620583E-15 ) ) ;
#8328 = FACE_OUTER_BOUND ( 'NONE', #3437, .T. ) ;
#8329 = ADVANCED_FACE ( 'NONE', ( #10502 ), #5118, .F. ) ;
#8330 = VERTEX_POINT ( 'NONE', #3372 ) ;
#8331 = VERTEX_POINT ( 'NONE', #9773 ) ;
#8333 = ORIENTED_EDGE ( 'NONE', *, *, #8190, .F. ) ;
#8332 = VECTOR ( 'NONE', #10755, 1000.000000000000000 ) ;
#8334 = DIRECTION ( 'NONE',  ( 0.000000000000000000, 1.000000000000000000, 0.000000000000000000 ) ) ;
#8335 = LINE ( 'NONE', #11151, #3873 ) ;
#8336 = CARTESIAN_POINT ( 'NONE',  ( 1.749999999999999778, 0.2042282574763048253, -2.545504876163455776 ) ) ;
#8337 = VECTOR ( 'NONE', #1277, 999.9999999999998863 ) ;
#8338 = CARTESIAN_POINT ( 'NONE',  ( 0.7899999999999999245, -0.1834862943212428321, -2.747157848089624821 ) ) ;
#8339 = CARTESIAN_POINT ( 'NONE',  ( 4.289999999999999147, -0.1834862943212428044, -2.747157848089624821 ) ) ;
#8340 = CARTESIAN_POINT ( 'NONE',  ( 0.4799999999999999267, -0.7250000000000049738, -1.217365792252620583E-15 ) ) ;
#8341 = CARTESIAN_POINT ( 'NONE',  ( 0.8149999999999997247, -0.4326855326005906166, -2.767151338054931742 ) ) ;
#8342 = ORIENTED_EDGE ( 'NONE', *, *, #3823, .F. ) ;
#8343 = CARTESIAN_POINT ( 'NONE',  ( 0.4799999999999977618, 0.000000000000000000, 1.949999999999999956 ) ) ;
#8344 = VECTOR ( 'NONE', #4459, 1000.000000000000000 ) ;
#8345 = ORIENTED_EDGE ( 'NONE', *, *, #634, .F. ) ;
#8346 = ORIENTED_EDGE ( 'NONE', *, *, #8278, .F. ) ;
#8347 = LINE ( 'NONE', #169, #2239 ) ;
#8348 = CARTESIAN_POINT ( 'NONE',  ( 0.4799999999999999267, -0.6505093632533088810, -0.05219097986151956942 ) ) ;
#8349 = VERTEX_POINT ( 'NONE', #3200 ) ;
#8350 = ORIENTED_EDGE ( 'NONE', *, *, #4456, .T. ) ;
#8351 = CARTESIAN_POINT ( 'NONE',  ( 2.084999999999999520, -0.4462811057769996981, -2.597695856024973882 ) ) ;
#8352 = DIRECTION ( 'NONE',  ( 0.000000000000000000, 0.000000000000000000, 1.000000000000000000 ) ) ;
#8353 = CARTESIAN_POINT ( 'NONE',  ( -2.060000000000000497, 0.08500000000000000611, -2.461537905304632012 ) ) ;
#8354 = VECTOR ( 'NONE', #9860, 1000.000000000000000 ) ;
#8355 = AXIS2_PLACEMENT_3D ( 'NONE', #225, #7507, #6676 ) ;
#8356 = DIRECTION ( 'NONE',  ( 0.000000000000000000, 0.07997395986122909917, 0.9967969531173911379 ) ) ;
#8357 = CARTESIAN_POINT ( 'NONE',  ( -4.950000000000000178, 0.000000000000000000, -1.949999999999999956 ) ) ;
#8358 = VECTOR ( 'NONE', #231, 1000.000000000000114 ) ;
#8359 = ADVANCED_FACE ( 'NONE', ( #3428 ), #9618, .F. ) ;
#8360 = ORIENTED_EDGE ( 'NONE', *, *, #284, .T. ) ;
#8361 = AXIS2_PLACEMENT_3D ( 'NONE', #2746, #6394, #1853 ) ;
#8362 = CARTESIAN_POINT ( 'NONE',  ( -0.4450000000000009504, -0.4826582704211178076, 2.144290185689395667 ) ) ;
#8363 = VECTOR ( 'NONE', #9428, 1000.000000000000114 ) ;
#8364 = DIRECTION ( 'NONE',  ( 1.000000000000000000, -0.000000000000000000, -0.000000000000000000 ) ) ;
#8365 = VERTEX_POINT ( 'NONE', #4327 ) ;
#8366 = CARTESIAN_POINT ( 'NONE',  ( 4.254999999999999005, -0.4826582704210824470, 2.144290185689393002 ) ) ;
#8367 = DIRECTION ( 'NONE',  ( -0.000000000000000000, -0.9925461516413219831, 0.1218693434051477537 ) ) ;
#8368 = ORIENTED_EDGE ( 'NONE', *, *, #9654, .F. ) ;
#8369 = CARTESIAN_POINT ( 'NONE',  ( -4.290000000000000036, 0.08500000000000001998, -1.939563312323252964 ) ) ;
#8370 = VECTOR ( 'NONE', #3979, 1000.000000000000000 ) ;
#8371 = CARTESIAN_POINT ( 'NONE',  ( -4.950000000000000178, 0.08500000000000000611, -1.939563312323252964 ) ) ;
#8372 = ADVANCED_FACE ( 'NONE', ( #7007 ), #4105, .T. ) ;
#8373 = CARTESIAN_POINT ( 'NONE',  ( 2.094999999999999307, -0.2334590321417523429, 2.124296695724087414 ) ) ;
#8374 = LINE ( 'NONE', #7597, #2316 ) ;
#8375 = VECTOR ( 'NONE', #7865, 1000.000000000000000 ) ;
#8376 = CIRCLE ( 'NONE', #9902, 0.2717314392126214395 ) ;
#8377 = ADVANCED_FACE ( 'NONE', ( #2480 ), #10612, .F. ) ;
#8378 = DIRECTION ( 'NONE',  ( 0.000000000000000000, 0.000000000000000000, -1.000000000000000000 ) ) ;
#8379 = DIRECTION ( 'NONE',  ( -1.000000000000000000, -0.000000000000000000, 0.000000000000000000 ) ) ;
#8380 = ORIENTED_EDGE ( 'NONE', *, *, #2251, .T. ) ;
#8381 = PLANE ( 'NONE',  #11231 ) ;
#8382 = LINE ( 'NONE', #3599, #1703 ) ;
#8383 = ORIENTED_EDGE ( 'NONE', *, *, #5188, .F. ) ;
#8384 = VERTEX_POINT ( 'NONE', #6911 ) ;
#8385 = CARTESIAN_POINT ( 'NONE',  ( -4.290000000000000036, -0.1970818674977136975, 2.577702366059671846 ) ) ;
#8386 = EDGE_CURVE ( 'NONE', #3604, #8539, #2373, .T. ) ;
#8387 = VECTOR ( 'NONE', #6832, 1000.000000000000000 ) ;
#8388 = AXIS2_PLACEMENT_3D ( 'NONE', #8725, #423, #1316 ) ;
#8389 = VERTEX_POINT ( 'NONE', #2420 ) ;
#8390 = EDGE_LOOP ( 'NONE', ( #5661, #1387, #7305, #5707 ) ) ;
#8391 = VECTOR ( 'NONE', #8427, 1000.000000000000114 ) ;
#8392 = VERTEX_POINT ( 'NONE', #579 ) ;
#8393 = CARTESIAN_POINT ( 'NONE',  ( -1.750000000000000666, 0.000000000000000000, 0.000000000000000000 ) ) ;
#8394 = PLANE ( 'NONE',  #5906 ) ;
#8395 = CARTESIAN_POINT ( 'NONE',  ( 1.749999999999999778, 0.2042282574763048253, 2.545504876163455776 ) ) ;
#8396 = EDGE_CURVE ( 'NONE', #90, #7339, #4233, .T. ) ;
#8397 = VECTOR ( 'NONE', #1175, 1000.000000000000000 ) ;
#8398 = DIRECTION ( 'NONE',  ( 1.000000000000000000, -0.000000000000000000, 0.000000000000000000 ) ) ;
#8399 = CARTESIAN_POINT ( 'NONE',  ( 3.329999999999999627, -0.1782331765923089728, 2.746736385498786515 ) ) ;
#8400 = VERTEX_POINT ( 'NONE', #635 ) ;
#8401 = ORIENTED_EDGE ( 'NONE', *, *, #11400, .F. ) ;
#8402 = ORIENTED_EDGE ( 'NONE', *, *, #9857, .T. ) ;
#8403 = VERTEX_POINT ( 'NONE', #852 ) ;
#8404 = AXIS2_PLACEMENT_3D ( 'NONE', #6398, #10172, #3706 ) ;
#8405 =( GEOMETRIC_REPRESENTATION_CONTEXT ( 3 ) GLOBAL_UNCERTAINTY_ASSIGNED_CONTEXT ( ( #11608 ) ) GLOBAL_UNIT_ASSIGNED_CONTEXT ( ( #1474, #9548, #10662 ) ) REPRESENTATION_CONTEXT ( 'NONE', 'WORKASPACE' ) );
#8406 = CARTESIAN_POINT ( 'NONE',  ( -4.265000000000000568, -0.2321338255108014725, -2.140814096316195236 ) ) ;
#8407 = CARTESIAN_POINT ( 'NONE',  ( -0.4800000000000003708, 0.2042282574763048253, 2.545504876163455776 ) ) ;
#8408 = CARTESIAN_POINT ( 'NONE',  ( -2.060000000000000497, -0.7250000000000049738, -1.217365792252620583E-15 ) ) ;
#8409 = CARTESIAN_POINT ( 'NONE',  ( -1.725000000000000755, -0.2321338255108014725, -2.140814096316195236 ) ) ;
#8410 = EDGE_CURVE ( 'NONE', #7747, #9833, #5455, .T. ) ;
#8411 = CARTESIAN_POINT ( 'NONE',  ( -0.4800000000000003708, -0.5550000000000000488, 3.000000000000000000 ) ) ;
#8412 = VECTOR ( 'NONE', #10632, 1000.000000000000000 ) ;
#8413 = DIRECTION ( 'NONE',  ( 0.000000000000000000, 1.679125230693258263E-15, -1.000000000000000000 ) ) ;
#8414 = VERTEX_POINT ( 'NONE', #4493 ) ;
#8415 = FACE_OUTER_BOUND ( 'NONE', #9648, .T. ) ;
#8416 = ORIENTED_EDGE ( 'NONE', *, *, #4140, .T. ) ;
#8417 = ORIENTED_EDGE ( 'NONE', *, *, #8851, .T. ) ;
#8418 = DIRECTION ( 'NONE',  ( -0.000000000000000000, 1.000000000000000000, -0.000000000000000000 ) ) ;
#8419 = CARTESIAN_POINT ( 'NONE',  ( -4.265000000000000568, -0.1970818674976518858, -2.577702366059666961 ) ) ;
#8420 = ORIENTED_EDGE ( 'NONE', *, *, #9716, .T. ) ;
#8421 = ORIENTED_EDGE ( 'NONE', *, *, #1933, .F. ) ;
#8422 = EDGE_CURVE ( 'NONE', #6675, #10951, #11772, .T. ) ;
#8423 = PLANE ( 'NONE',  #11469 ) ;
#8424 =( LENGTH_UNIT ( ) NAMED_UNIT ( * ) SI_UNIT ( .MILLI., .METRE. ) );
#8425 = SURFACE_STYLE_FILL_AREA ( #4790 ) ;
#8426 = CARTESIAN_POINT ( 'NONE',  ( -4.600000000000000533, 0.000000000000000000, 0.000000000000000000 ) ) ;
#8427 = DIRECTION ( 'NONE',  ( 0.000000000000000000, -0.9967969531173912490, -0.07997395986122736444 ) ) ;
#8428 = ORIENTED_EDGE ( 'NONE', *, *, #1545, .F. ) ;
#8429 = DIRECTION ( 'NONE',  ( 0.000000000000000000, 0.07997395986122909917, 0.9967969531173911379 ) ) ;
#8430 = DIRECTION ( 'NONE',  ( -0.000000000000000000, 0.000000000000000000, -1.000000000000000000 ) ) ;
#8431 = ORIENTED_EDGE ( 'NONE', *, *, #3445, .T. ) ;
#8432 = LINE ( 'NONE', #5814, #5710 ) ;
#8433 = LINE ( 'NONE', #8303, #1330 ) ;
#8434 = ADVANCED_FACE ( 'NONE', ( #10047 ), #3596, .T. ) ;
#8435 = ORIENTED_EDGE ( 'NONE', *, *, #3311, .T. ) ;
#8436 = CARTESIAN_POINT ( 'NONE',  ( -2.060000000000000497, -0.1918287497687165000, -2.577280903468829099 ) ) ;
#8437 = ADVANCED_FACE ( 'NONE', ( #1628 ), #1865, .T. ) ;
#8438 = DIRECTION ( 'NONE',  ( -1.000000000000000000, 0.000000000000000000, -0.000000000000000000 ) ) ;
#8439 = DIRECTION ( 'NONE',  ( 0.000000000000000000, 0.000000000000000000, -1.000000000000000000 ) ) ;
#8440 = AXIS2_PLACEMENT_3D ( 'NONE', #1765, #6304, #9107 ) ;
#8441 = CARTESIAN_POINT ( 'NONE',  ( -3.330000000000000071, 0.000000000000000000, 0.000000000000000000 ) ) ;
#8442 = FILL_AREA_STYLE ('',( #3843 ) ) ;
#8443 = DIRECTION ( 'NONE',  ( 1.000000000000000000, 0.000000000000000000, 0.000000000000000000 ) ) ;
#8444 = ORIENTED_EDGE ( 'NONE', *, *, #11314, .T. ) ;
#8445 = LINE ( 'NONE', #133, #6445 ) ;
#8446 = DIRECTION ( 'NONE',  ( 1.000000000000000000, 0.000000000000000000, 0.000000000000000000 ) ) ;
#8447 = ORIENTED_EDGE ( 'NONE', *, *, #11302, .T. ) ;
#8448 = AXIS2_PLACEMENT_3D ( 'NONE', #5985, #4075, #542 ) ;
#8449 = EDGE_LOOP ( 'NONE', ( #5786, #4120, #7909, #4547, #8428, #9579, #1026, #1113, #7679, #2857, #6595, #7629, #351, #10577, #11437, #520, #2928, #10950, #1840, #6977, #2367, #6865, #5058, #809, #349, #11278, #7942, #3780, #11205, #304, #1173, #2839, #2681, #1214, #4665, #5141 ) ) ;
#8450 = LINE ( 'NONE', #3137, #895 ) ;
#8451 = ADVANCED_FACE ( 'NONE', ( #8921 ), #736, .T. ) ;
#8452 = ORIENTED_EDGE ( 'NONE', *, *, #9349, .F. ) ;
#8453 = ORIENTED_EDGE ( 'NONE', *, *, #699, .F. ) ;
#8454 = ORIENTED_EDGE ( 'NONE', *, *, #8545, .F. ) ;
#8455 = LINE ( 'NONE', #3854, #11063 ) ;
#8456 = ADVANCED_FACE ( 'NONE', ( #10775 ), #11718, .T. ) ;
#8457 = FACE_OUTER_BOUND ( 'NONE', #5347, .T. ) ;
#8458 = LINE ( 'NONE', #8324, #5738 ) ;
#8459 = EDGE_CURVE ( 'NONE', #10547, #6708, #6662, .T. ) ;
#8460 = VECTOR ( 'NONE', #4114, 1000.000000000000000 ) ;
#8461 = EDGE_CURVE ( 'NONE', #7958, #1336, #1755, .T. ) ;
#8462 = CARTESIAN_POINT ( 'NONE',  ( -2.060000000000000497, -0.2011149196957552621, 2.461537905304631568 ) ) ;
#8463 = CARTESIAN_POINT ( 'NONE',  ( -3.365000000000000657, -0.1970818674977049267, 2.577702366059670958 ) ) ;
#8464 = DIRECTION ( 'NONE',  ( 0.000000000000000000, -0.9967969531173912490, 0.07997395986122736444 ) ) ;
#8465 = ADVANCED_FACE ( 'NONE', ( #9941 ), #5402, .F. ) ;
#8466 = ORIENTED_EDGE ( 'NONE', *, *, #9840, .F. ) ;
#8467 = EDGE_CURVE ( 'NONE', #9102, #9755, #20, .T. ) ;
#8468 = ORIENTED_EDGE ( 'NONE', *, *, #3690, .T. ) ;
#8469 = ORIENTED_EDGE ( 'NONE', *, *, #1057, .T. ) ;
#8470 = EDGE_CURVE ( 'NONE', #1662, #9262, #3060, .T. ) ;
#8471 = DIRECTION ( 'NONE',  ( 0.000000000000000000, 0.07997395986122909917, 0.9967969531173911379 ) ) ;
#8472 = CARTESIAN_POINT ( 'NONE',  ( -0.7900000000000003686, -0.7249999999999999778, 3.000000000000000000 ) ) ;
#8473 = CARTESIAN_POINT ( 'NONE',  ( 0.4549999999999996825, -0.4813330637901492848, -2.160807586281502157 ) ) ;
#8474 = LINE ( 'NONE', #10144, #8251 ) ;
#8475 = CARTESIAN_POINT ( 'NONE',  ( 1.714999999999998970, -0.1970818674976695106, 2.577702366059668293 ) ) ;
#8476 = LINE ( 'NONE', #9187, #10029 ) ;
#8477 = DIRECTION ( 'NONE',  ( 0.000000000000000000, 0.07997395986122911304, -0.9967969531173912490 ) ) ;
#8478 = ORIENTED_EDGE ( 'NONE', *, *, #9438, .F. ) ;
#8479 = VERTEX_POINT ( 'NONE', #5683 ) ;
#8480 = VERTEX_POINT ( 'NONE', #10360 ) ;
#8481 = VERTEX_POINT ( 'NONE', #2223 ) ;
#8482 = CARTESIAN_POINT ( 'NONE',  ( 2.059999999999999609, -0.5550000000000000488, -3.000000000000000000 ) ) ;
#8483 = DIRECTION ( 'NONE',  ( 1.000000000000000000, 0.000000000000000000, 0.000000000000000000 ) ) ;
#8484 = VERTEX_POINT ( 'NONE', #6634 ) ;
#8485 = VERTEX_POINT ( 'NONE', #9523 ) ;
#8486 = EDGE_CURVE ( 'NONE', #8389, #222, #10293, .T. ) ;
#8487 = LINE ( 'NONE', #8351, #3075 ) ;
#8488 = ADVANCED_FACE ( 'NONE', ( #2107 ), #3757, .F. ) ;
#8489 = DIRECTION ( 'NONE',  ( 0.000000000000000000, 0.000000000000000000, -1.000000000000000000 ) ) ;
#8490 = CARTESIAN_POINT ( 'NONE',  ( 3.019999999999999130, 0.08500000000000000611, -1.939563312323252964 ) ) ;
#8491 = CARTESIAN_POINT ( 'NONE',  ( -0.7900000000000003686, -0.5549999999999849498, 2.795743509104209498E-15 ) ) ;
#8492 = DIRECTION ( 'NONE',  ( 0.000000000000000000, 0.000000000000000000, -1.000000000000000000 ) ) ;
#8493 = ORIENTED_EDGE ( 'NONE', *, *, #9235, .F. ) ;
#8494 = FACE_OUTER_BOUND ( 'NONE', #5483, .T. ) ;
#8495 = EDGE_CURVE ( 'NONE', #8114, #11419, #6519, .T. ) ;
#8496 = ORIENTED_EDGE ( 'NONE', *, *, #10792, .T. ) ;
#8497 = FACE_OUTER_BOUND ( 'NONE', #120, .T. ) ;
#8498 = DIRECTION ( 'NONE',  ( 0.000000000000000000, 0.000000000000000000, -1.000000000000000000 ) ) ;
#8499 = DIRECTION ( 'NONE',  ( 1.000000000000000000, -0.000000000000000000, 0.000000000000000000 ) ) ;
#8500 = PLANE ( 'NONE',  #9867 ) ;
#8501 = ORIENTED_EDGE ( 'NONE', *, *, #8611, .T. ) ;
#8502 = LINE ( 'NONE', #981, #8757 ) ;
#8503 = DIRECTION ( 'NONE',  ( 0.000000000000000000, 0.07997395986122911304, -0.9967969531173912490 ) ) ;
#8504 = EDGE_LOOP ( 'NONE', ( #5640, #7357, #7522, #7703, #3673, #5407, #3888, #2599 ) ) ;
#8505 = ORIENTED_EDGE ( 'NONE', *, *, #1109, .F. ) ;
#8506 = LINE ( 'NONE', #393, #10818 ) ;
#8507 = EDGE_LOOP ( 'NONE', ( #6227, #10380, #8586, #3105, #7968, #4933, #9450, #9418, #10317 ) ) ;
#8508 = VERTEX_POINT ( 'NONE', #5625 ) ;
#8509 = DIRECTION ( 'NONE',  ( 0.000000000000000000, -0.9967969531173912490, 0.07997395986122909917 ) ) ;
#8510 = LINE ( 'NONE', #327, #8370 ) ;
#8511 = LINE ( 'NONE', #1582, #8209 ) ;
#8512 = VECTOR ( 'NONE', #1408, 1000.000000000000000 ) ;
#8513 = CARTESIAN_POINT ( 'NONE',  ( -0.4800000000000003708, -0.4532685607873790379, 2.870861070673345061 ) ) ;
#8514 = ADVANCED_FACE ( 'NONE', ( #10415 ), #4988, .T. ) ;
#8515 = CARTESIAN_POINT ( 'NONE',  ( 0.4799999999999999267, -0.08500000000000000611, 2.461537905304634677 ) ) ;
#8516 = LINE ( 'NONE', #9292, #10487 ) ;
#8517 = ORIENTED_EDGE ( 'NONE', *, *, #1163, .T. ) ;
#8518 = ORIENTED_EDGE ( 'NONE', *, *, #119, .F. ) ;
#8519 = VECTOR ( 'NONE', #3217, 1000.000000000000000 ) ;
#8520 = ORIENTED_EDGE ( 'NONE', *, *, #11172, .F. ) ;
#8521 = CARTESIAN_POINT ( 'NONE',  ( -2.095000000000001528, -0.2334590321417788772, 2.124296695724089190 ) ) ;
#8522 = VECTOR ( 'NONE', #7646, 1000.000000000000000 ) ;
#8523 = DIRECTION ( 'NONE',  ( 0.000000000000000000, -0.07997395986122911304, 0.9967969531173912490 ) ) ;
#8524 = CARTESIAN_POINT ( 'NONE',  ( 3.019999999999999574, -0.4614044268235938384, 2.769455482029957061 ) ) ;
#8525 = EDGE_CURVE ( 'NONE', #7264, #1299, #3899, .T. ) ;
#8526 = DIRECTION ( 'NONE',  ( 0.000000000000000000, -0.07997395986122911304, 0.9967969531173912490 ) ) ;
#8527 = DIRECTION ( 'NONE',  ( 1.000000000000000000, 0.000000000000000000, 0.000000000000000000 ) ) ;
#8528 = EDGE_CURVE ( 'NONE', #8589, #5706, #8432, .T. ) ;
#8529 = PLANE ( 'NONE',  #2780 ) ;
#8530 = FACE_OUTER_BOUND ( 'NONE', #1172, .T. ) ;
#8531 = ORIENTED_EDGE ( 'NONE', *, *, #3509, .T. ) ;
#8532 = VECTOR ( 'NONE', #2129, 1000.000000000000000 ) ;
#8533 = ORIENTED_EDGE ( 'NONE', *, *, #2303, .F. ) ;
#8534 = EDGE_LOOP ( 'NONE', ( #7676, #3716, #6522, #11687 ) ) ;
#8535 = VERTEX_POINT ( 'NONE', #11177 ) ;
#8536 = CARTESIAN_POINT ( 'NONE',  ( -4.903726985286972706, 0.3768634620896661458, 1.903726985286971596 ) ) ;
#8537 = FACE_OUTER_BOUND ( 'NONE', #9327, .T. ) ;
#8538 = ORIENTED_EDGE ( 'NONE', *, *, #5685, .F. ) ;
#8539 = VERTEX_POINT ( 'NONE', #1212 ) ;
#8540 = EDGE_CURVE ( 'NONE', #4040, #10569, #1980, .T. ) ;
#8541 = CARTESIAN_POINT ( 'NONE',  ( -3.330000000000000071, -0.4750000000000020872, 2.599999999999999645 ) ) ;
#8542 = DIRECTION ( 'NONE',  ( 0.1218693434051477398, 0.9925461516413219831, 0.000000000000000000 ) ) ;
#8543 = CARTESIAN_POINT ( 'NONE',  ( 4.289999999999999147, -0.1918287497687165000, -2.577280903468829099 ) ) ;
#8544 = DIRECTION ( 'NONE',  ( 0.000000000000000000, 0.000000000000000000, -1.000000000000000000 ) ) ;
#8545 = EDGE_CURVE ( 'NONE', #1551, #4656, #7222, .T. ) ;
#8546 = EDGE_CURVE ( 'NONE', #2820, #8678, #1078, .T. ) ;
#8547 = MECHANICAL_DESIGN_GEOMETRIC_PRESENTATION_REPRESENTATION (  '', ( #6827 ), #5885 ) ;
#8548 = FACE_OUTER_BOUND ( 'NONE', #6243, .T. ) ;
#8549 = CARTESIAN_POINT ( 'NONE',  ( -4.600000000000000533, 0.08500000000000000611, 2.461537905304632012 ) ) ;
#8550 = ORIENTED_EDGE ( 'NONE', *, *, #3055, .F. ) ;
#8551 = CARTESIAN_POINT ( 'NONE',  ( -4.195702540368398736, 0.6149999999999999911, 0.7500000000000000000 ) ) ;
#8552 = VECTOR ( 'NONE', #8263, 999.9999999999998863 ) ;
#8553 = CARTESIAN_POINT ( 'NONE',  ( 4.599999999999999645, 0.000000000000000000, 0.000000000000000000 ) ) ;
#8554 = DIRECTION ( 'NONE',  ( -1.000000000000000000, 0.000000000000000000, -0.000000000000000000 ) ) ;
#8555 = VECTOR ( 'NONE', #5079, 1000.000000000000000 ) ;
#8556 = DIRECTION ( 'NONE',  ( -0.000000000000000000, 0.9925461516413219831, 0.1218693434051477537 ) ) ;
#8557 = VECTOR ( 'NONE', #8914, 1000.000000000000000 ) ;
#8558 = ADVANCED_FACE ( 'NONE', ( #8494 ), #3834, .T. ) ;
#8559 = VECTOR ( 'NONE', #7470, 999.9999999999998863 ) ;
#8560 = VECTOR ( 'NONE', #6797, 1000.000000000000114 ) ;
#8561 = PLANE ( 'NONE',  #6599 ) ;
#8562 = CARTESIAN_POINT ( 'NONE',  ( 4.289999999999999147, -0.2011149196957552621, 2.461537905304631568 ) ) ;
#8563 = VERTEX_POINT ( 'NONE', #3960 ) ;
#8564 = DIRECTION ( 'NONE',  ( 0.000000000000000000, 0.07997395986122911304, -0.9967969531173912490 ) ) ;
#8565 = VECTOR ( 'NONE', #11560, 1000.000000000000114 ) ;
#8566 = DIRECTION ( 'NONE',  ( 1.000000000000000000, 0.000000000000000000, 0.000000000000000000 ) ) ;
#8567 = ORIENTED_EDGE ( 'NONE', *, *, #10594, .T. ) ;
#8568 = VECTOR ( 'NONE', #10763, 1000.000000000000000 ) ;
#8569 = VERTEX_POINT ( 'NONE', #6578 ) ;
#8570 = DIRECTION ( 'NONE',  ( 1.000000000000000000, 0.000000000000000000, 0.000000000000000000 ) ) ;
#8571 = ORIENTED_EDGE ( 'NONE', *, *, #5969, .T. ) ;
#8572 = ORIENTED_EDGE ( 'NONE', *, *, #4602, .F. ) ;
#8573 = LINE ( 'NONE', #460, #8200 ) ;
#8574 = AXIS2_PLACEMENT_3D ( 'NONE', #8982, #2631, #6279 ) ;
#8575 = VECTOR ( 'NONE', #7137, 1000.000000000000000 ) ;
#8576 = VECTOR ( 'NONE', #4722, 1000.000000000000000 ) ;
#8577 = EDGE_CURVE ( 'NONE', #6088, #10440, #10225, .T. ) ;
#8578 = CARTESIAN_POINT ( 'NONE',  ( 3.019999999999999574, -0.4750000000000020872, -2.599999999999999645 ) ) ;
#8579 = LINE ( 'NONE', #3197, #3620 ) ;
#8580 = AXIS2_PLACEMENT_3D ( 'NONE', #7375, #10013, #4585 ) ;
#8581 = CARTESIAN_POINT ( 'NONE',  ( 4.289999999999999147, -0.7250000000000001998, 2.870861070673344617 ) ) ;
#8582 = AXIS2_PLACEMENT_3D ( 'NONE', #7647, #9250, #3742 ) ;
#8583 = CARTESIAN_POINT ( 'NONE',  ( 0.4799999999999999267, -0.4532685607873790379, -2.870861070673345061 ) ) ;
#8584 = VECTOR ( 'NONE', #1512, 1000.000000000000114 ) ;
#8585 = CARTESIAN_POINT ( 'NONE',  ( -3.330000000000000071, -0.2011149196957552621, 2.461537905304631568 ) ) ;
#8586 = ORIENTED_EDGE ( 'NONE', *, *, #6619, .F. ) ;
#8587 = ORIENTED_EDGE ( 'NONE', *, *, #3871, .F. ) ;
#8588 = ORIENTED_EDGE ( 'NONE', *, *, #7351, .F. ) ;
#8589 = VERTEX_POINT ( 'NONE', #7533 ) ;
#8590 = PLANE ( 'NONE',  #3583 ) ;
#8591 = EDGE_CURVE ( 'NONE', #11117, #6411, #252, .T. ) ;
#8592 = SURFACE_STYLE_FILL_AREA ( #8832 ) ;
#8593 = AXIS2_PLACEMENT_3D ( 'NONE', #9592, #185, #8430 ) ;
#8594 = CARTESIAN_POINT ( 'NONE',  ( -2.060000000000000497, -0.7250000000000049738, 1.217365792252620583E-15 ) ) ;
#8595 = VECTOR ( 'NONE', #2505, 1000.000000000000000 ) ;
#8596 = AXIS2_PLACEMENT_3D ( 'NONE', #4864, #4991, #3065 ) ;
#8597 = DIRECTION ( 'NONE',  ( 0.000000000000000000, -0.9967969531173912490, -0.07997395986122736444 ) ) ;
#8598 = DIRECTION ( 'NONE',  ( -1.000000000000000000, 0.000000000000000000, -0.000000000000000000 ) ) ;
#8599 = DIRECTION ( 'NONE',  ( 0.000000000000000000, 0.07997395986122909917, 0.9967969531173911379 ) ) ;
#8600 = FACE_OUTER_BOUND ( 'NONE', #1633, .T. ) ;
#8601 = VERTEX_POINT ( 'NONE', #2167 ) ;
#8602 = ORIENTED_EDGE ( 'NONE', *, *, #5553, .T. ) ;
#8603 = VECTOR ( 'NONE', #3653, 1000.000000000000000 ) ;
#8604 = VERTEX_POINT ( 'NONE', #8623 ) ;
#8605 = EDGE_LOOP ( 'NONE', ( #6689, #995, #5899, #7561, #6852, #711, #8007, #5967, #11649 ) ) ;
#8606 = PLANE ( 'NONE',  #5662 ) ;
#8607 = CARTESIAN_POINT ( 'NONE',  ( 3.329999999999999627, -0.5550000000000000488, 3.000000000000000000 ) ) ;
#8608 = ORIENTED_EDGE ( 'NONE', *, *, #5246, .T. ) ;
#8609 = ORIENTED_EDGE ( 'NONE', *, *, #2191, .T. ) ;
#8610 = DIRECTION ( 'NONE',  ( 1.000000000000000000, -0.000000000000000000, 0.000000000000000000 ) ) ;
#8611 = EDGE_CURVE ( 'NONE', #4409, #4153, #11359, .T. ) ;
#8612 = DIRECTION ( 'NONE',  ( 1.000000000000000000, 0.000000000000000000, 0.000000000000000000 ) ) ;
#8613 = LINE ( 'NONE', #11638, #4555 ) ;
#8614 = CARTESIAN_POINT ( 'NONE',  ( 1.749999999999999778, -0.4532685607873793709, -2.870861070673344617 ) ) ;
#8615 = FACE_OUTER_BOUND ( 'NONE', #4636, .T. ) ;
#8616 = CIRCLE ( 'NONE', #1739, 0.2861149196957545326 ) ;
#8617 = ADVANCED_FACE ( 'NONE', ( #10595 ), #5209, .T. ) ;
#8618 = ORIENTED_EDGE ( 'NONE', *, *, #7496, .T. ) ;
#8619 = CARTESIAN_POINT ( 'NONE',  ( 4.254999999999999005, -0.4826582704210824470, 2.144290185689393002 ) ) ;
#8620 = PLANE ( 'NONE',  #4980 ) ;
#8621 = EDGE_LOOP ( 'NONE', ( #3327, #1817, #2663, #6833, #10659, #6313, #4072, #1066, #7859 ) ) ;
#8622 = EDGE_CURVE ( 'NONE', #9040, #504, #10304, .T. ) ;
#8623 = CARTESIAN_POINT ( 'NONE',  ( -3.330000000000000071, -0.1782331765923089728, -2.746736385498786515 ) ) ;
#8624 = EDGE_CURVE ( 'NONE', #10912, #8180, #5939, .T. ) ;
#8625 = CARTESIAN_POINT ( 'NONE',  ( -3.020000000000000018, 0.08500000000000001998, 1.939563312323252964 ) ) ;
#8626 = EDGE_CURVE ( 'NONE', #2212, #2564, #10702, .T. ) ;
#8627 = DIRECTION ( 'NONE',  ( 0.000000000000000000, 0.000000000000000000, -1.000000000000000000 ) ) ;
#8628 = CARTESIAN_POINT ( 'NONE',  ( -4.265000000000000568, -0.1834862943212428044, -2.747157848089624821 ) ) ;
#8629 = DIRECTION ( 'NONE',  ( -0.000000000000000000, 0.07997395986122908529, 0.9967969531173911379 ) ) ;
#8630 = DIRECTION ( 'NONE',  ( 0.000000000000000000, 0.07997395986122911304, -0.9967969531173912490 ) ) ;
#8631 = DIRECTION ( 'NONE',  ( 0.000000000000000000, 0.9925461516413219831, 0.1218693434051477537 ) ) ;
#8632 = VERTEX_POINT ( 'NONE', #6158 ) ;
#8633 = PLANE ( 'NONE',  #9524 ) ;
#8634 = CARTESIAN_POINT ( 'NONE',  ( 0.7899999999999999245, -0.4462811057770263434, 2.597695856024975658 ) ) ;
#8635 = ORIENTED_EDGE ( 'NONE', *, *, #7122, .T. ) ;
#8636 = ORIENTED_EDGE ( 'NONE', *, *, #1987, .F. ) ;
#8637 = CARTESIAN_POINT ( 'NONE',  ( -4.950000000000000178, 0.000000000000000000, 1.949999999999999956 ) ) ;
#8638 = ORIENTED_EDGE ( 'NONE', *, *, #4875, .F. ) ;
#8639 = ORIENTED_EDGE ( 'NONE', *, *, #7085, .T. ) ;
#8640 = LINE ( 'NONE', #4102, #11812 ) ;
#8641 = AXIS2_PLACEMENT_3D ( 'NONE', #313, #7721, #2043 ) ;
#8642 = EDGE_CURVE ( 'NONE', #8709, #7272, #1611, .T. ) ;
#8643 = EDGE_CURVE ( 'NONE', #3756, #9364, #6044, .T. ) ;
#8644 = DIRECTION ( 'NONE',  ( 0.000000000000000000, 0.000000000000000000, -1.000000000000000000 ) ) ;
#8645 = CARTESIAN_POINT ( 'NONE',  ( 2.059999999999999609, -0.1782331765923089728, 2.746736385498786515 ) ) ;
#8646 = DIRECTION ( 'NONE',  ( 0.000000000000000000, -1.000000000000000000, 0.000000000000000000 ) ) ;
#8647 = AXIS2_PLACEMENT_3D ( 'NONE', #11214, #4697, #6497 ) ;
#8648 = CARTESIAN_POINT ( 'NONE',  ( -4.600000000000000533, -0.08500000000000000611, 0.000000000000000000 ) ) ;
#8649 = DIRECTION ( 'NONE',  ( 0.000000000000000000, -1.000000000000000000, -1.679125230693258263E-15 ) ) ;
#8650 = ORIENTED_EDGE ( 'NONE', *, *, #2604, .F. ) ;
#8651 = EDGE_LOOP ( 'NONE', ( #8963, #5758, #11323, #11495 ) ) ;
#8652 = ORIENTED_EDGE ( 'NONE', *, *, #5192, .F. ) ;
#8653 = ORIENTED_EDGE ( 'NONE', *, *, #8091, .F. ) ;
#8654 = EDGE_CURVE ( 'NONE', #6472, #8883, #9595, .T. ) ;
#8655 = CARTESIAN_POINT ( 'NONE',  ( -4.290000000000000036, -0.1918287497687165000, 2.577280903468829099 ) ) ;
#8656 = AXIS2_PLACEMENT_3D ( 'NONE', #10856, #8102, #11742 ) ;
#8657 = LINE ( 'NONE', #471, #6542 ) ;
#8658 = DIRECTION ( 'NONE',  ( 1.000000000000000000, 0.000000000000000000, 0.000000000000000000 ) ) ;
#8659 = CARTESIAN_POINT ( 'NONE',  ( 2.060000000000000053, 0.000000000000000000, 1.949999999999999956 ) ) ;
#8660 = LINE ( 'NONE', #11285, #7405 ) ;
#8661 = ADVANCED_FACE ( 'NONE', ( #7941 ), #3352, .F. ) ;
#8662 = DIRECTION ( 'NONE',  ( 0.000000000000000000, -1.000000000000000000, 0.000000000000000000 ) ) ;
#8663 = ORIENTED_EDGE ( 'NONE', *, *, #3356, .T. ) ;
#8664 = ORIENTED_EDGE ( 'NONE', *, *, #5443, .T. ) ;
#8665 = ORIENTED_EDGE ( 'NONE', *, *, #9427, .T. ) ;
#8666 = VERTEX_POINT ( 'NONE', #11418 ) ;
#8667 = DIRECTION ( 'NONE',  ( 0.000000000000000000, 0.07997395986122911304, -0.9967969531173912490 ) ) ;
#8668 = EDGE_LOOP ( 'NONE', ( #11518, #7611, #6217, #1314 ) ) ;
#8669 = CARTESIAN_POINT ( 'NONE',  ( -1.750000000000000666, 0.2042282574763048253, -2.545504876163455776 ) ) ;
#8670 = FACE_OUTER_BOUND ( 'NONE', #2787, .T. ) ;
#8671 = DIRECTION ( 'NONE',  ( 0.000000000000000000, 0.000000000000000000, -1.000000000000000000 ) ) ;
#8672 = DIRECTION ( 'NONE',  ( 1.000000000000000000, -0.000000000000000000, 0.000000000000000000 ) ) ;
#8673 = DIRECTION ( 'NONE',  ( -0.000000000000000000, -0.07997395986122911304, 0.9967969531173912490 ) ) ;
#8674 = VERTEX_POINT ( 'NONE', #2515 ) ;
#8675 = EDGE_CURVE ( 'NONE', #8349, #459, #4267, .T. ) ;
#8676 = DIRECTION ( 'NONE',  ( 0.000000000000000000, 1.000000000000000000, -5.037375692079792934E-15 ) ) ;
#8677 = CARTESIAN_POINT ( 'NONE',  ( -4.600000000000000533, 0.000000000000000000, -1.949999999999999956 ) ) ;
#8678 = VERTEX_POINT ( 'NONE', #9802 ) ;
#8679 = VERTEX_POINT ( 'NONE', #439 ) ;
#8680 = CARTESIAN_POINT ( 'NONE',  ( -4.600000000000000533, -0.4532685607873790379, 2.870861070673345061 ) ) ;
#8681 = ORIENTED_EDGE ( 'NONE', *, *, #6286, .F. ) ;
#8682 = DIRECTION ( 'NONE',  ( 1.000000000000000000, -0.000000000000000000, 0.000000000000000000 ) ) ;
#8683 = ADVANCED_FACE ( 'NONE', ( #617 ), #6822, .T. ) ;
#8684 = DIRECTION ( 'NONE',  ( 0.000000000000000000, -0.9967969531173912490, -0.07997395986122736444 ) ) ;
#8685 = CARTESIAN_POINT ( 'NONE',  ( -4.265000000000000568, -0.1970818674976526075, -2.577702366059666961 ) ) ;
#8686 = LINE ( 'NONE', #6949, #6875 ) ;
#8687 = EDGE_CURVE ( 'NONE', #11069, #6792, #7718, .T. ) ;
#8688 = SURFACE_STYLE_FILL_AREA ( #3312 ) ;
#8689 = CARTESIAN_POINT ( 'NONE',  ( 0.8149999999999997247, -0.2321338255108014725, -2.140814096316195236 ) ) ;
#8690 = VERTEX_POINT ( 'NONE', #3243 ) ;
#8691 = VECTOR ( 'NONE', #9821, 1000.000000000000114 ) ;
#8692 = EDGE_CURVE ( 'NONE', #5409, #5242, #6890, .T. ) ;
#8693 = DIRECTION ( 'NONE',  ( 0.000000000000000000, -0.9967969531173912490, 0.07997395986122922407 ) ) ;
#8694 = DIRECTION ( 'NONE',  ( 0.000000000000000000, 1.000000000000000000, 0.000000000000000000 ) ) ;
#8695 = ORIENTED_EDGE ( 'NONE', *, *, #10417, .F. ) ;
#8696 = ORIENTED_EDGE ( 'NONE', *, *, #6978, .F. ) ;
#8697 = LINE ( 'NONE', #6119, #8325 ) ;
#8698 = ORIENTED_EDGE ( 'NONE', *, *, #7311, .F. ) ;
#8699 = ORIENTED_EDGE ( 'NONE', *, *, #10165, .T. ) ;
#8700 = DIRECTION ( 'NONE',  ( 0.000000000000000000, 0.07997395986122911304, -0.9967969531173912490 ) ) ;
#8701 = EDGE_CURVE ( 'NONE', #8331, #1368, #7897, .T. ) ;
#8702 = PLANE ( 'NONE',  #561 ) ;
#8703 = LINE ( 'NONE', #11377, #3067 ) ;
#8704 = EDGE_CURVE ( 'NONE', #10759, #10781, #11485, .T. ) ;
#8705 = DIRECTION ( 'NONE',  ( -0.000000000000000000, -0.9925461516413219831, 0.1218693434051477537 ) ) ;
#8706 = FACE_OUTER_BOUND ( 'NONE', #8668, .T. ) ;
#8707 = VERTEX_POINT ( 'NONE', #6988 ) ;
#8708 = ORIENTED_EDGE ( 'NONE', *, *, #7724, .T. ) ;
#8709 = VERTEX_POINT ( 'NONE', #10643 ) ;
#8710 = ORIENTED_EDGE ( 'NONE', *, *, #6138, .T. ) ;
#8711 = CARTESIAN_POINT ( 'NONE',  ( -3.020000000000000018, 0.2042282574763048253, 2.545504876163455776 ) ) ;
#8712 = VECTOR ( 'NONE', #5102, 1000.000000000000000 ) ;
#8713 = FACE_OUTER_BOUND ( 'NONE', #10168, .T. ) ;
#8714 =( LENGTH_UNIT ( ) NAMED_UNIT ( * ) SI_UNIT ( .MILLI., .METRE. ) );
#8715 = DIRECTION ( 'NONE',  ( 0.000000000000000000, 0.000000000000000000, -1.000000000000000000 ) ) ;
#8716 = DIRECTION ( 'NONE',  ( 0.000000000000000000, 1.000000000000000000, 0.000000000000000000 ) ) ;
#8717 = ADVANCED_FACE ( 'NONE', ( #2450 ), #6105, .T. ) ;
#8718 = DIRECTION ( 'NONE',  ( 0.000000000000000000, 0.000000000000000000, -1.000000000000000000 ) ) ;
#8719 = DIRECTION ( 'NONE',  ( 0.000000000000000000, 0.07997395986122911304, -0.9967969531173912490 ) ) ;
#8720 = VECTOR ( 'NONE', #4063, 999.9999999999998863 ) ;
#8721 = ORIENTED_EDGE ( 'NONE', *, *, #9926, .T. ) ;
#8722 = ORIENTED_EDGE ( 'NONE', *, *, #3992, .T. ) ;
#8723 = ORIENTED_EDGE ( 'NONE', *, *, #4670, .T. ) ;
#8724 = ORIENTED_EDGE ( 'NONE', *, *, #3859, .F. ) ;
#8725 = CARTESIAN_POINT ( 'NONE',  ( -1.750000000000000666, -0.4532685607873790379, 2.870861070673345061 ) ) ;
#8726 = ORIENTED_EDGE ( 'NONE', *, *, #4469, .F. ) ;
#8727 = CARTESIAN_POINT ( 'NONE',  ( -2.095000000000001528, -0.4462811057770437739, 2.597695856024976990 ) ) ;
#8728 = CARTESIAN_POINT ( 'NONE',  ( -1.725000000000000755, -0.1970818674976518858, -2.577702366059666961 ) ) ;
#8729 = DIRECTION ( 'NONE',  ( 0.000000000000000000, -0.9967969531173911379, -0.07997395986122908529 ) ) ;
#8730 = LINE ( 'NONE', #5147, #10515 ) ;
#8731 = DIRECTION ( 'NONE',  ( -1.000000000000000000, 0.000000000000000000, -0.000000000000000000 ) ) ;
#8732 = VECTOR ( 'NONE', #11194, 999.9999999999998863 ) ;
#8733 = ORIENTED_EDGE ( 'NONE', *, *, #5947, .T. ) ;
#8734 = CARTESIAN_POINT ( 'NONE',  ( -4.600000000000000533, -0.5549999999999849498, 2.795743509104209498E-15 ) ) ;
#8735 = ORIENTED_EDGE ( 'NONE', *, *, #9094, .T. ) ;
#8736 = DIRECTION ( 'NONE',  ( 1.000000000000000000, 0.000000000000000000, 0.000000000000000000 ) ) ;
#8737 = ORIENTED_EDGE ( 'NONE', *, *, #3557, .F. ) ;
#8738 = DIRECTION ( 'NONE',  ( 0.000000000000000000, 0.000000000000000000, -1.000000000000000000 ) ) ;
#8739 = CARTESIAN_POINT ( 'NONE',  ( 3.019999999999999574, -0.5549999999999993827, 2.870861070673345061 ) ) ;
#8740 = DIRECTION ( 'NONE',  ( 0.000000000000000000, -0.9967969531173911379, 0.07997395986122908529 ) ) ;
#8741 = CARTESIAN_POINT ( 'NONE',  ( 2.994999999999999218, -0.4326855326005906166, -2.767151338054931742 ) ) ;
#8742 = EDGE_CURVE ( 'NONE', #3035, #8314, #8965, .T. ) ;
#8743 = PRESENTATION_LAYER_ASSIGNMENT (  '', '', ( #6827 ) ) ;
#8744 = PLANE ( 'NONE',  #2969 ) ;
#8745 = CARTESIAN_POINT ( 'NONE',  ( -4.600000000000000533, 0.2042282574763048253, 2.545504876163455776 ) ) ;
#8746 = VERTEX_POINT ( 'NONE', #956 ) ;
#8747 = DIRECTION ( 'NONE',  ( -0.000000000000000000, 0.000000000000000000, 1.000000000000000000 ) ) ;
#8748 = DIRECTION ( 'NONE',  ( 1.000000000000000000, 0.000000000000000000, -0.000000000000000000 ) ) ;
#8749 = ORIENTED_EDGE ( 'NONE', *, *, #787, .T. ) ;
#8750 = ORIENTED_EDGE ( 'NONE', *, *, #2063, .F. ) ;
#8751 = DIRECTION ( 'NONE',  ( 0.000000000000000000, 0.07997395986122911304, -0.9967969531173912490 ) ) ;
#8752 = CIRCLE ( 'NONE', #5136, 0.2717314392126214395 ) ;
#8753 = VERTEX_POINT ( 'NONE', #2565 ) ;
#8754 = DIRECTION ( 'NONE',  ( 0.000000000000000000, -1.000000000000000000, -5.037375692079792934E-15 ) ) ;
#8755 = EDGE_CURVE ( 'NONE', #867, #3777, #9974, .T. ) ;
#8756 = EDGE_CURVE ( 'NONE', #3318, #1077, #11753, .T. ) ;
#8757 = VECTOR ( 'NONE', #11190, 1000.000000000000000 ) ;
#8758 = AXIS2_PLACEMENT_3D ( 'NONE', #8406, #2008, #5654 ) ;
#8759 = VECTOR ( 'NONE', #8527, 1000.000000000000000 ) ;
#8760 = UNCERTAINTY_MEASURE_WITH_UNIT (LENGTH_MEASURE( 1.000000000000000082E-05 ), #11315, 'distance_accuracy_value', 'NONE');
#8761 = CARTESIAN_POINT ( 'NONE',  ( -3.365000000000000657, -0.2334590321417877590, 2.124296695724089634 ) ) ;
#8762 = VECTOR ( 'NONE', #3113, 1000.000000000000000 ) ;
#8763 = EDGE_CURVE ( 'NONE', #171, #334, #3515, .T. ) ;
#8764 = CARTESIAN_POINT ( 'NONE',  ( 4.599999999999998757, 0.000000000000000000, 1.949999999999999956 ) ) ;
#8765 = VECTOR ( 'NONE', #1476, 1000.000000000000114 ) ;
#8766 = VERTEX_POINT ( 'NONE', #6208 ) ;
#8767 = ORIENTED_EDGE ( 'NONE', *, *, #3445, .F. ) ;
#8768 = EDGE_CURVE ( 'NONE', #4100, #2666, #2298, .T. ) ;
#8769 = ORIENTED_EDGE ( 'NONE', *, *, #7311, .T. ) ;
#8770 = DIRECTION ( 'NONE',  ( 1.000000000000000000, 0.000000000000000000, 0.000000000000000000 ) ) ;
#8771 = VECTOR ( 'NONE', #6139, 1000.000000000000114 ) ;
#8772 = DIRECTION ( 'NONE',  ( 1.000000000000000000, 0.000000000000000000, 0.000000000000000000 ) ) ;
#8773 = EDGE_CURVE ( 'NONE', #1793, #4487, #710, .T. ) ;
#8774 = LINE ( 'NONE', #7752, #3862 ) ;
#8775 = CIRCLE ( 'NONE', #11240, 0.1017314392126205669 ) ;
#8776 = VECTOR ( 'NONE', #2089, 999.9999999999998863 ) ;
#8777 = VECTOR ( 'NONE', #10588, 1000.000000000000114 ) ;
#8778 = LINE ( 'NONE', #2431, #1878 ) ;
#8779 = CARTESIAN_POINT ( 'NONE',  ( 0.4549999999999996825, -0.4462811057769996981, -2.597695856024973882 ) ) ;
#8780 = DIRECTION ( 'NONE',  ( 0.000000000000000000, -0.9967969531173912490, -0.07997395986122736444 ) ) ;
#8781 = VERTEX_POINT ( 'NONE', #56 ) ;
#8782 = ORIENTED_EDGE ( 'NONE', *, *, #384, .T. ) ;
#8783 = LINE ( 'NONE', #5856, #9563 ) ;
#8784 = ORIENTED_EDGE ( 'NONE', *, *, #10378, .T. ) ;
#8785 = VECTOR ( 'NONE', #8139, 1000.000000000000114 ) ;
#8786 = VECTOR ( 'NONE', #3084, 1000.000000000000114 ) ;
#8787 = AXIS2_PLACEMENT_3D ( 'NONE', #9697, #8554, #4211 ) ;
#8788 = LINE ( 'NONE', #1602, #11 ) ;
#8789 = PLANE ( 'NONE',  #8258 ) ;
#8790 = EDGE_CURVE ( 'NONE', #2051, #9740, #9133, .T. ) ;
#8791 = LINE ( 'NONE', #1560, #7619 ) ;
#8792 = CARTESIAN_POINT ( 'NONE',  ( -4.600000000000000533, -0.5550000000000000488, 3.000000000000000000 ) ) ;
#8793 = FACE_OUTER_BOUND ( 'NONE', #4460, .T. ) ;
#8794 = DIRECTION ( 'NONE',  ( 0.000000000000000000, 0.07997395986122911304, -0.9967969531173912490 ) ) ;
#8795 = VECTOR ( 'NONE', #1023, 1000.000000000000000 ) ;
#8796 = VECTOR ( 'NONE', #9525, 1000.000000000000000 ) ;
#8797 = VECTOR ( 'NONE', #9095, 999.9999999999998863 ) ;
#8798 = ORIENTED_EDGE ( 'NONE', *, *, #5117, .F. ) ;
#8799 = FACE_OUTER_BOUND ( 'NONE', #6357, .T. ) ;
#8800 = EDGE_CURVE ( 'NONE', #6181, #4815, #2685, .T. ) ;
#8801 = ORIENTED_EDGE ( 'NONE', *, *, #529, .F. ) ;
#8802 = VERTEX_POINT ( 'NONE', #9849 ) ;
#8803 = DIRECTION ( 'NONE',  ( 1.000000000000000000, 0.000000000000000000, 0.000000000000000000 ) ) ;
#8804 = VERTEX_POINT ( 'NONE', #1791 ) ;
#8805 = CARTESIAN_POINT ( 'NONE',  ( -2.060000000000000497, -0.1834862943212869912, 2.747157848089627930 ) ) ;
#8806 = AXIS2_PLACEMENT_3D ( 'NONE', #2095, #2979, #5745 ) ;
#8807 = VECTOR ( 'NONE', #6586, 1000.000000000000000 ) ;
#8808 = LINE ( 'NONE', #4270, #6526 ) ;
#8809 = DIRECTION ( 'NONE',  ( 0.000000000000000000, -0.9967969531173911379, -0.07997395986122908529 ) ) ;
#8810 = LINE ( 'NONE', #11808, #11737 ) ;
#8811 = ORIENTED_EDGE ( 'NONE', *, *, #1933, .T. ) ;
#8812 = AXIS2_PLACEMENT_3D ( 'NONE', #8521, #9298, #6741 ) ;
#8813 = DIRECTION ( 'NONE',  ( 0.000000000000000000, 0.000000000000000000, -1.000000000000000000 ) ) ;
#8814 = CARTESIAN_POINT ( 'NONE',  ( -2.985000000000000764, -0.2334590321417877590, 2.124296695724089634 ) ) ;
#8815 = VERTEX_POINT ( 'NONE', #5380 ) ;
#8816 = ORIENTED_EDGE ( 'NONE', *, *, #2927, .T. ) ;
#8817 = LINE ( 'NONE', #11545, #9494 ) ;
#8818 = ADVANCED_FACE ( 'NONE', ( #7219 ), #10874, .T. ) ;
#8819 = ORIENTED_EDGE ( 'NONE', *, *, #1031, .F. ) ;
#8820 = FACE_OUTER_BOUND ( 'NONE', #3579, .T. ) ;
#8821 = CARTESIAN_POINT ( 'NONE',  ( 3.354999999999999538, -0.4326855326005906166, -2.767151338054931742 ) ) ;
#8822 = EDGE_CURVE ( 'NONE', #954, #9659, #3045, .T. ) ;
#8823 = LINE ( 'NONE', #6962, #11428 ) ;
#8824 = CARTESIAN_POINT ( 'NONE',  ( -4.600000000000000533, -0.4614044268235938384, -2.769455482029957061 ) ) ;
#8825 = AXIS2_PLACEMENT_3D ( 'NONE', #6050, #1405, #10600 ) ;
#8826 = EDGE_CURVE ( 'NONE', #4964, #1554, #4361, .T. ) ;
#8827 = ORIENTED_EDGE ( 'NONE', *, *, #8154, .T. ) ;
#8828 = ORIENTED_EDGE ( 'NONE', *, *, #10062, .F. ) ;
#8829 = ORIENTED_EDGE ( 'NONE', *, *, #732, .T. ) ;
#8830 = DIRECTION ( 'NONE',  ( 0.000000000000000000, 0.000000000000000000, -1.000000000000000000 ) ) ;
#8831 = ADVANCED_FACE ( 'NONE', ( #834 ), #8006, .T. ) ;
#8832 = FILL_AREA_STYLE ('',( #6022 ) ) ;
#8833 =( NAMED_UNIT ( * ) PLANE_ANGLE_UNIT ( ) SI_UNIT ( $, .RADIAN. ) );
#8834 = DIRECTION ( 'NONE',  ( 0.000000000000000000, -1.000000000000000000, 0.000000000000000000 ) ) ;
#8835 = VECTOR ( 'NONE', #3995, 1000.000000000000114 ) ;
#8836 = EDGE_CURVE ( 'NONE', #6181, #1852, #11647, .T. ) ;
#8837 = LINE ( 'NONE', #5291, #6650 ) ;
#8838 = LINE ( 'NONE', #3446, #1881 ) ;
#8839 = DIRECTION ( 'NONE',  ( -0.000000000000000000, 0.000000000000000000, -1.000000000000000000 ) ) ;
#8840 = EDGE_LOOP ( 'NONE', ( #2176, #7472, #6751, #3686 ) ) ;
#8841 = EDGE_CURVE ( 'NONE', #1905, #4278, #7105, .T. ) ;
#8842 = VERTEX_POINT ( 'NONE', #11701 ) ;
#8843 = DIRECTION ( 'NONE',  ( 0.000000000000000000, -0.9967969531173911379, 0.07997395986122909917 ) ) ;
#8844 =( GEOMETRIC_REPRESENTATION_CONTEXT ( 3 ) GLOBAL_UNCERTAINTY_ASSIGNED_CONTEXT ( ( #5276 ) ) GLOBAL_UNIT_ASSIGNED_CONTEXT ( ( #413, #1301, #4174 ) ) REPRESENTATION_CONTEXT ( 'NONE', 'WORKASPACE' ) );
#8845 = VERTEX_POINT ( 'NONE', #7157 ) ;
#8846 = DIRECTION ( 'NONE',  ( 0.000000000000000000, 0.000000000000000000, -1.000000000000000000 ) ) ;
#8847 = DIRECTION ( 'NONE',  ( 0.000000000000000000, -1.000000000000000000, -5.037375692079792934E-15 ) ) ;
#8848 = FACE_OUTER_BOUND ( 'NONE', #4084, .T. ) ;
#8849 = LINE ( 'NONE', #7934, #8973 ) ;
#8850 = ORIENTED_EDGE ( 'NONE', *, *, #841, .T. ) ;
#8851 = EDGE_CURVE ( 'NONE', #9244, #8180, #8178, .T. ) ;
#8852 = CARTESIAN_POINT ( 'NONE',  ( -4.290000000000000036, -0.4462811057770616485, 2.597695856024978767 ) ) ;
#8853 = ORIENTED_EDGE ( 'NONE', *, *, #1344, .F. ) ;
#8854 = CARTESIAN_POINT ( 'NONE',  ( -4.892924361433666824, 0.4648437730820885183, -1.892924361433666158 ) ) ;
#8855 = DIRECTION ( 'NONE',  ( 0.000000000000000000, 0.000000000000000000, -1.000000000000000000 ) ) ;
#8856 = LINE ( 'NONE', #4312, #4982 ) ;
#8857 = CARTESIAN_POINT ( 'NONE',  ( -4.600000000000000533, -0.4532685607873790379, 2.870861070673345061 ) ) ;
#8858 = CARTESIAN_POINT ( 'NONE',  ( 0.4799999999999999267, 0.000000000000000000, 0.000000000000000000 ) ) ;
#8859 = ORIENTED_EDGE ( 'NONE', *, *, #3683, .F. ) ;
#8860 = EDGE_CURVE ( 'NONE', #6383, #6658, #4477, .T. ) ;
#8861 = CARTESIAN_POINT ( 'NONE',  ( -2.060000000000000497, -0.4750000000000020872, 2.599999999999999645 ) ) ;
#8862 = LINE ( 'NONE', #10557, #5726 ) ;
#8863 = ORIENTED_EDGE ( 'NONE', *, *, #5188, .T. ) ;
#8864 = ORIENTED_EDGE ( 'NONE', *, *, #9653, .T. ) ;
#8865 = DIRECTION ( 'NONE',  ( 0.000000000000000000, 0.07997395986122909917, 0.9967969531173911379 ) ) ;
#8866 = ORIENTED_EDGE ( 'NONE', *, *, #4154, .T. ) ;
#8867 = FACE_OUTER_BOUND ( 'NONE', #822, .T. ) ;
#8868 = LINE ( 'NONE', #10774, #772 ) ;
#8869 = CARTESIAN_POINT ( 'NONE',  ( -2.095000000000001528, -0.1970818674976968499, 2.577702366059670513 ) ) ;
#8870 = CYLINDRICAL_SURFACE ( 'NONE', #10521, 0.1017314392126205669 ) ;
#8871 = DIRECTION ( 'NONE',  ( 1.000000000000000000, 0.000000000000000000, 0.000000000000000000 ) ) ;
#8872 = ORIENTED_EDGE ( 'NONE', *, *, #11584, .F. ) ;
#8873 = EDGE_LOOP ( 'NONE', ( #3222, #6358, #9196, #3588 ) ) ;
#8874 = ORIENTED_EDGE ( 'NONE', *, *, #7038, .T. ) ;
#8875 = DIRECTION ( 'NONE',  ( -1.000000000000000000, 0.000000000000000000, -0.000000000000000000 ) ) ;
#8876 = CARTESIAN_POINT ( 'NONE',  ( -3.020000000000000018, 0.000000000000000000, 1.949999999999999956 ) ) ;
#8877 = EDGE_CURVE ( 'NONE', #1541, #9433, #10023, .T. ) ;
#8878 = LINE ( 'NONE', #30, #10563 ) ;
#8879 = EDGE_CURVE ( 'NONE', #2219, #9824, #5558, .T. ) ;
#8880 = CARTESIAN_POINT ( 'NONE',  ( 2.984999999999998987, -0.4326855326005993874, 2.767151338054932186 ) ) ;
#8881 = CARTESIAN_POINT ( 'NONE',  ( -0.4800000000000021472, 0.000000000000000000, -1.949999999999999956 ) ) ;
#8882 = DIRECTION ( 'NONE',  ( 1.000000000000000000, 0.000000000000000000, 0.000000000000000000 ) ) ;
#8883 = VERTEX_POINT ( 'NONE', #4654 ) ;
#8884 = VERTEX_POINT ( 'NONE', #10274 ) ;
#8885 = ORIENTED_EDGE ( 'NONE', *, *, #3907, .F. ) ;
#8886 = DIRECTION ( 'NONE',  ( -0.000000000000000000, -0.9925461516413219831, 0.1218693434051477537 ) ) ;
#8887 = ORIENTED_EDGE ( 'NONE', *, *, #8879, .T. ) ;
#8888 = EDGE_CURVE ( 'NONE', #10126, #10766, #3240, .T. ) ;
#8889 = LINE ( 'NONE', #4074, #1552 ) ;
#8890 = EDGE_CURVE ( 'NONE', #4983, #10389, #170, .T. ) ;
#8891 = CARTESIAN_POINT ( 'NONE',  ( 2.084999999999999520, -0.1834862943212428044, -2.747157848089624821 ) ) ;
#8892 = CARTESIAN_POINT ( 'NONE',  ( 4.599999999999999645, -0.4614044268235938384, 2.769455482029957061 ) ) ;
#8893 = LINE ( 'NONE', #5987, #1901 ) ;
#8894 = ADVANCED_FACE ( 'NONE', ( #1199 ), #6754, .F. ) ;
#8895 = CIRCLE ( 'NONE', #6218, 0.2717314392126209954 ) ;
#8896 = ADVANCED_FACE ( 'NONE', ( #5803 ), #9449, .F. ) ;
#8897 = EDGE_LOOP ( 'NONE', ( #6359, #11076, #48, #8223 ) ) ;
#8898 = ADVANCED_FACE ( 'NONE', ( #4905 ), #9194, .F. ) ;
#8899 = DIRECTION ( 'NONE',  ( 1.000000000000000000, 0.000000000000000000, 0.000000000000000000 ) ) ;
#8900 = ORIENTED_EDGE ( 'NONE', *, *, #9175, .F. ) ;
#8901 = CARTESIAN_POINT ( 'NONE',  ( 0.4799999999999999267, -0.4532685607873790379, -2.870861070673345061 ) ) ;
#8902 = ORIENTED_EDGE ( 'NONE', *, *, #4374, .T. ) ;
#8903 = ORIENTED_EDGE ( 'NONE', *, *, #8997, .F. ) ;
#8904 = CARTESIAN_POINT ( 'NONE',  ( -0.4800000000000003708, -0.2011149196957544016, -2.461537905304632012 ) ) ;
#8905 = LINE ( 'NONE', #4047, #8568 ) ;
#8906 = PLANE ( 'NONE',  #623 ) ;
#8907 = DIRECTION ( 'NONE',  ( -0.000000000000000000, -0.07997395986122911304, 0.9967969531173912490 ) ) ;
#8908 = AXIS2_PLACEMENT_3D ( 'NONE', #4223, #3261, #11497 ) ;
#8909 = ADVANCED_FACE ( 'NONE', ( #4008 ), #355, .T. ) ;
#8910 = ORIENTED_EDGE ( 'NONE', *, *, #1650, .F. ) ;
#8911 = CARTESIAN_POINT ( 'NONE',  ( -4.635000000000000675, -0.4326855326006525115, 2.767151338054936627 ) ) ;
#8912 = CARTESIAN_POINT ( 'NONE',  ( 4.289999999999999147, 0.08500000000000000611, -2.461537905304632012 ) ) ;
#8913 = VERTEX_POINT ( 'NONE', #1131 ) ;
#8914 = DIRECTION ( 'NONE',  ( 1.000000000000000000, 0.000000000000000000, 0.000000000000000000 ) ) ;
#8915 = VECTOR ( 'NONE', #2788, 999.9999999999998863 ) ;
#8916 = ORIENTED_EDGE ( 'NONE', *, *, #4066, .F. ) ;
#8917 = DIRECTION ( 'NONE',  ( 0.000000000000000000, 0.000000000000000000, -1.000000000000000000 ) ) ;
#8918 = AXIS2_PLACEMENT_3D ( 'NONE', #8689, #2231, #4420 ) ;
#8919 = LINE ( 'NONE', #9994, #1362 ) ;
#8920 = EDGE_CURVE ( 'NONE', #4250, #2195, #2022, .T. ) ;
#8921 = FACE_OUTER_BOUND ( 'NONE', #9446, .T. ) ;
#8922 = DIRECTION ( 'NONE',  ( 0.000000000000000000, -0.9967969531173912490, 0.07997395986122736444 ) ) ;
#8923 = AXIS2_PLACEMENT_3D ( 'NONE', #1222, #1089, #2120 ) ;
#8924 = DIRECTION ( 'NONE',  ( 0.000000000000000000, 0.9925461516413219831, 0.1218693434051477537 ) ) ;
#8925 = VERTEX_POINT ( 'NONE', #8419 ) ;
#8926 = ORIENTED_EDGE ( 'NONE', *, *, #10997, .F. ) ;
#8927 = ORIENTED_EDGE ( 'NONE', *, *, #10131, .T. ) ;
#8928 = ORIENTED_EDGE ( 'NONE', *, *, #10207, .T. ) ;
#8929 = VECTOR ( 'NONE', #8922, 1000.000000000000114 ) ;
#8930 =( GEOMETRIC_REPRESENTATION_CONTEXT ( 3 ) GLOBAL_UNCERTAINTY_ASSIGNED_CONTEXT ( ( #3594 ) ) GLOBAL_UNIT_ASSIGNED_CONTEXT ( ( #3491, #1819, #4334 ) ) REPRESENTATION_CONTEXT ( 'NONE', 'WORKASPACE' ) );
#8931 = CARTESIAN_POINT ( 'NONE',  ( 3.329999999999999627, 0.08500000000000000611, -2.461537905304632012 ) ) ;
#8932 = DIRECTION ( 'NONE',  ( -0.000000000000000000, 0.9925461516413219831, 0.1218693434051477537 ) ) ;
#8933 = VECTOR ( 'NONE', #8940, 1000.000000000000000 ) ;
#8934 = DIRECTION ( 'NONE',  ( 0.000000000000000000, -0.9967969531173911379, -0.07997395986122908529 ) ) ;
#8935 = AXIS2_PLACEMENT_3D ( 'NONE', #4486, #10822, #7060 ) ;
#8936 = LINE ( 'NONE', #530, #7211 ) ;
#8937 = VECTOR ( 'NONE', #9458, 1000.000000000000000 ) ;
#8938 = CIRCLE ( 'NONE', #3787, 0.1017314392126205669 ) ;
#8939 = CARTESIAN_POINT ( 'NONE',  ( 3.329999999999999627, -0.08500000000000000611, -2.461537905304634677 ) ) ;
#8940 = DIRECTION ( 'NONE',  ( 1.000000000000000000, -0.000000000000000000, -0.000000000000000000 ) ) ;
#8941 = ORIENTED_EDGE ( 'NONE', *, *, #1031, .T. ) ;
#8942 = ADVANCED_FACE ( 'NONE', ( #2860 ), #3886, .T. ) ;
#8943 = VECTOR ( 'NONE', #3019, 1000.000000000000114 ) ;
#8944 = ORIENTED_EDGE ( 'NONE', *, *, #1578, .T. ) ;
#8945 = VERTEX_POINT ( 'NONE', #11039 ) ;
#8946 = LINE ( 'NONE', #871, #581 ) ;
#8947 = AXIS2_PLACEMENT_3D ( 'NONE', #6729, #4158, #510 ) ;
#8948 = ORIENTED_EDGE ( 'NONE', *, *, #3889, .T. ) ;
#8949 = ADVANCED_FACE ( 'NONE', ( #8537 ), #11294, .F. ) ;
#8950 = DIRECTION ( 'NONE',  ( 1.000000000000000000, 0.000000000000000000, 0.000000000000000000 ) ) ;
#8951 = DIRECTION ( 'NONE',  ( 1.000000000000000000, 0.000000000000000000, 0.000000000000000000 ) ) ;
#8952 = VECTOR ( 'NONE', #7687, 1000.000000000000000 ) ;
#8953 = DIRECTION ( 'NONE',  ( 0.000000000000000000, -0.000000000000000000, -1.000000000000000000 ) ) ;
#8954 = CIRCLE ( 'NONE', #10846, 0.2717314392126214395 ) ;
#8955 = CARTESIAN_POINT ( 'NONE',  ( 0.4799999999999999267, -0.4614044268235938384, -2.769455482029957061 ) ) ;
#8956 = AXIS2_PLACEMENT_3D ( 'NONE', #10200, #2845, #6496 ) ;
#8957 = CARTESIAN_POINT ( 'NONE',  ( 4.634999999999999787, -0.4326855326005906166, 2.767151338054931742 ) ) ;
#8958 = ORIENTED_EDGE ( 'NONE', *, *, #1262, .F. ) ;
#8959 = VECTOR ( 'NONE', #4558, 1000.000000000000114 ) ;
#8960 = DIRECTION ( 'NONE',  ( 0.000000000000000000, 5.037375692079792934E-15, 1.000000000000000000 ) ) ;
#8961 = VECTOR ( 'NONE', #7387, 1000.000000000000000 ) ;
#8962 = VECTOR ( 'NONE', #8297, 1000.000000000000114 ) ;
#8963 = ORIENTED_EDGE ( 'NONE', *, *, #10594, .F. ) ;
#8964 = ORIENTED_EDGE ( 'NONE', *, *, #8486, .T. ) ;
#8965 = LINE ( 'NONE', #9078, #7230 ) ;
#8966 = ORIENTED_EDGE ( 'NONE', *, *, #1270, .F. ) ;
#8967 = EDGE_CURVE ( 'NONE', #5766, #2594, #5668, .T. ) ;
#8968 = ORIENTED_EDGE ( 'NONE', *, *, #4757, .F. ) ;
#8969 = CARTESIAN_POINT ( 'NONE',  ( 3.019999999999999574, -0.2011149196957544016, -2.461537905304632012 ) ) ;
#8970 = LINE ( 'NONE', #9141, #8052 ) ;
#8971 = CARTESIAN_POINT ( 'NONE',  ( -4.635000000000000675, -0.4826582704211443420, 2.144290185689397887 ) ) ;
#8972 = EDGE_CURVE ( 'NONE', #792, #8330, #10155, .T. ) ;
#8973 = VECTOR ( 'NONE', #11574, 999.9999999999998863 ) ;
#8974 = VECTOR ( 'NONE', #3296, 999.9999999999998863 ) ;
#8975 = VECTOR ( 'NONE', #3835, 1000.000000000000000 ) ;
#8976 = ADVANCED_FACE ( 'NONE', ( #1063 ), #3820, .F. ) ;
#8977 = ORIENTED_EDGE ( 'NONE', *, *, #1451, .F. ) ;
#8978 = VECTOR ( 'NONE', #7125, 1000.000000000000000 ) ;
#8979 = CARTESIAN_POINT ( 'NONE',  ( -2.995000000000000107, -0.2321338255108014725, -2.140814096316195236 ) ) ;
#8980 = CARTESIAN_POINT ( 'NONE',  ( 0.7899999999999999245, -0.1834862943212693387, 2.747157848089626597 ) ) ;
#8981 = ORIENTED_EDGE ( 'NONE', *, *, #9654, .T. ) ;
#8982 = CARTESIAN_POINT ( 'NONE',  ( -2.060000000000000497, -0.7250000000000049738, 1.217365792252620583E-15 ) ) ;
#8983 = EDGE_CURVE ( 'NONE', #10759, #4112, #181, .T. ) ;
#8984 = VECTOR ( 'NONE', #9992, 1000.000000000000000 ) ;
#8985 = VECTOR ( 'NONE', #6909, 1000.000000000000114 ) ;
#8986 = ORIENTED_EDGE ( 'NONE', *, *, #4588, .T. ) ;
#8987 = DIRECTION ( 'NONE',  ( 0.000000000000000000, 0.000000000000000000, -1.000000000000000000 ) ) ;
#8988 = DIRECTION ( 'NONE',  ( 0.000000000000000000, -0.9967969531173912490, -0.07997395986122736444 ) ) ;
#8989 = VECTOR ( 'NONE', #11110, 1000.000000000000000 ) ;
#8990 = DIRECTION ( 'NONE',  ( 1.000000000000000000, 0.000000000000000000, 0.000000000000000000 ) ) ;
#8991 = CARTESIAN_POINT ( 'NONE',  ( 2.059999999999999609, 0.08500000000000000611, -2.461537905304632012 ) ) ;
#8992 = CARTESIAN_POINT ( 'NONE',  ( -1.750000000000000666, -0.4614044268235938384, 2.769455482029957061 ) ) ;
#8993 = ORIENTED_EDGE ( 'NONE', *, *, #4015, .T. ) ;
#8994 = EDGE_CURVE ( 'NONE', #24, #4902, #7578, .T. ) ;
#8995 = VERTEX_POINT ( 'NONE', #8607 ) ;
#8996 = VERTEX_POINT ( 'NONE', #7705 ) ;
#8997 = EDGE_CURVE ( 'NONE', #3868, #7044, #8376, .T. ) ;
#8998 = EDGE_LOOP ( 'NONE', ( #4960, #4662, #11018, #6241 ) ) ;
#8999 = DIRECTION ( 'NONE',  ( -0.9925461516413219831, -0.1218693434051477398, 0.000000000000000000 ) ) ;
#9000 = CARTESIAN_POINT ( 'NONE',  ( 3.354999999999999538, -0.1970818674976518581, -2.577702366059666961 ) ) ;
#9001 = DIRECTION ( 'NONE',  ( -0.000000000000000000, -0.9925461516413219831, 0.1218693434051477537 ) ) ;
#9002 = CARTESIAN_POINT ( 'NONE',  ( -0.7900000000000003686, -0.6505093632533441861, 0.05219097986152239355 ) ) ;
#9003 = CIRCLE ( 'NONE', #230, 0.2717314392126214395 ) ;
#9004 = DIRECTION ( 'NONE',  ( -1.000000000000000000, 0.000000000000000000, -0.000000000000000000 ) ) ;
#9005 = CARTESIAN_POINT ( 'NONE',  ( -1.750000000000000666, -0.1782331765923089728, 2.746736385498786515 ) ) ;
#9006 = ORIENTED_EDGE ( 'NONE', *, *, #11502, .F. ) ;
#9007 = EDGE_CURVE ( 'NONE', #3288, #3276, #3164, .T. ) ;
#9008 = ORIENTED_EDGE ( 'NONE', *, *, #1859, .F. ) ;
#9009 = ORIENTED_EDGE ( 'NONE', *, *, #10862, .F. ) ;
#9010 = DIRECTION ( 'NONE',  ( 1.000000000000000000, -0.000000000000000000, 0.000000000000000000 ) ) ;
#9011 = ORIENTED_EDGE ( 'NONE', *, *, #2568, .T. ) ;
#9012 = DIRECTION ( 'NONE',  ( 0.000000000000000000, -0.9967969531173911379, 0.07997395986122909917 ) ) ;
#9013 = AXIS2_PLACEMENT_3D ( 'NONE', #5191, #6969, #8715 ) ;
#9014 = CARTESIAN_POINT ( 'NONE',  ( -0.7900000000000003686, 0.000000000000000000, 0.000000000000000000 ) ) ;
#9015 = CARTESIAN_POINT ( 'NONE',  ( -4.600000000000000533, -0.1782331765923089728, -2.746736385498786515 ) ) ;
#9016 = LINE ( 'NONE', #8230, #10737 ) ;
#9017 = FACE_OUTER_BOUND ( 'NONE', #6045, .T. ) ;
#9018 = DIRECTION ( 'NONE',  ( 0.9925461516413219831, 0.1218693434051477398, 0.000000000000000000 ) ) ;
#9019 = CARTESIAN_POINT ( 'NONE',  ( 4.289999999999999147, -0.08500000000000000611, 0.000000000000000000 ) ) ;
#9020 = ORIENTED_EDGE ( 'NONE', *, *, #730, .F. ) ;
#9021 = AXIS2_PLACEMENT_3D ( 'NONE', #11804, #3625, #6247 ) ;
#9022 = DIRECTION ( 'NONE',  ( 0.000000000000000000, 1.000000000000000000, -5.037375692079792934E-15 ) ) ;
#9023 = VERTEX_POINT ( 'NONE', #4188 ) ;
#9024 = CARTESIAN_POINT ( 'NONE',  ( 2.094999999999999307, -0.1834862943212604847, 2.747157848089626153 ) ) ;
#9025 = ORIENTED_EDGE ( 'NONE', *, *, #2415, .T. ) ;
#9026 = ORIENTED_EDGE ( 'NONE', *, *, #370, .F. ) ;
#9027 =( NAMED_UNIT ( * ) PLANE_ANGLE_UNIT ( ) SI_UNIT ( $, .RADIAN. ) );
#9028 = DIRECTION ( 'NONE',  ( 0.000000000000000000, -0.07997395986122909917, -0.9967969531173911379 ) ) ;
#9029 = DIRECTION ( 'NONE',  ( 0.000000000000000000, 0.000000000000000000, -1.000000000000000000 ) ) ;
#9030 = DIRECTION ( 'NONE',  ( 0.000000000000000000, 1.679125230693258263E-15, -1.000000000000000000 ) ) ;
#9031 = CIRCLE ( 'NONE', #8448, 0.2861149196957545326 ) ;
#9032 = LINE ( 'NONE', #5263, #9733 ) ;
#9033 = EDGE_CURVE ( 'NONE', #7937, #8389, #2437, .T. ) ;
#9034 = ORIENTED_EDGE ( 'NONE', *, *, #11463, .T. ) ;
#9035 = LINE ( 'NONE', #3523, #5131 ) ;
#9036 = DIRECTION ( 'NONE',  ( 0.000000000000000000, 1.000000000000000000, 0.000000000000000000 ) ) ;
#9037 = EDGE_LOOP ( 'NONE', ( #8143, #499, #2335, #6821 ) ) ;
#9038 = CARTESIAN_POINT ( 'NONE',  ( 4.254999999999999005, -0.1834862943212428044, 2.747157848089624821 ) ) ;
#9039 = EDGE_CURVE ( 'NONE', #4343, #7809, #9637, .T. ) ;
#9040 = VERTEX_POINT ( 'NONE', #9578 ) ;
#9041 = CARTESIAN_POINT ( 'NONE',  ( -3.020000000000000018, -0.4750000000000020872, 2.599999999999999645 ) ) ;
#9042 = EDGE_CURVE ( 'NONE', #1268, #7691, #9742, .T. ) ;
#9043 = DIRECTION ( 'NONE',  ( 0.000000000000000000, 0.07997395986122911304, -0.9967969531173912490 ) ) ;
#9044 = EDGE_CURVE ( 'NONE', #8690, #7424, #4298, .T. ) ;
#9045 = PLANE ( 'NONE',  #7935 ) ;
#9046 = CARTESIAN_POINT ( 'NONE',  ( -2.060000000000000497, 0.000000000000000000, 3.000000000000000000 ) ) ;
#9047 = DIRECTION ( 'NONE',  ( 0.000000000000000000, 0.000000000000000000, -1.000000000000000000 ) ) ;
#9048 = CARTESIAN_POINT ( 'NONE',  ( -4.290000000000000036, -0.4013101249740227972, 0.03219748989621723512 ) ) ;
#9049 = ORIENTED_EDGE ( 'NONE', *, *, #10045, .F. ) ;
#9050 = EDGE_CURVE ( 'NONE', #9935, #8480, #8783, .T. ) ;
#9051 = ORIENTED_EDGE ( 'NONE', *, *, #8768, .T. ) ;
#9052 = ORIENTED_EDGE ( 'NONE', *, *, #10191, .F. ) ;
#9053 = EDGE_LOOP ( 'NONE', ( #10728, #4802, #2451, #8305 ) ) ;
#9054 = CARTESIAN_POINT ( 'NONE',  ( 4.599999999999999645, -0.08500000000000000611, -2.461537905304634677 ) ) ;
#9055 = EDGE_CURVE ( 'NONE', #5884, #11291, #2336, .T. ) ;
#9056 = PLANE ( 'NONE',  #11311 ) ;
#9057 = EDGE_CURVE ( 'NONE', #3205, #3739, #7764, .T. ) ;
#9058 = DIRECTION ( 'NONE',  ( 0.000000000000000000, 1.867464018106093513E-15, -1.000000000000000000 ) ) ;
#9059 = DIRECTION ( 'NONE',  ( 1.000000000000000000, 0.000000000000000000, 0.000000000000000000 ) ) ;
#9060 = ORIENTED_EDGE ( 'NONE', *, *, #9175, .T. ) ;
#9061 = EDGE_LOOP ( 'NONE', ( #3616, #7680, #8864, #9955 ) ) ;
#9062 = EDGE_LOOP ( 'NONE', ( #71, #2362, #3674, #6220 ) ) ;
#9063 = PLANE ( 'NONE',  #763 ) ;
#9064 = ORIENTED_EDGE ( 'NONE', *, *, #10669, .F. ) ;
#9065 = CARTESIAN_POINT ( 'NONE',  ( 0.7899999999999999245, -0.2011149196957552621, 2.461537905304631568 ) ) ;
#9066 = LINE ( 'NONE', #4417, #4835 ) ;
#9067 = DIRECTION ( 'NONE',  ( 1.000000000000000000, 0.000000000000000000, 0.000000000000000000 ) ) ;
#9068 = LINE ( 'NONE', #5546, #9161 ) ;
#9069 = ADVANCED_FACE ( 'NONE', ( #5922 ), #9509, .T. ) ;
#9070 = DIRECTION ( 'NONE',  ( -0.000000000000000000, -0.07997395986122911304, 0.9967969531173912490 ) ) ;
#9071 = DIRECTION ( 'NONE',  ( 0.000000000000000000, 0.9925461516413219831, 0.1218693434051477537 ) ) ;
#9072 = CARTESIAN_POINT ( 'NONE',  ( -3.020000000000000018, 0.000000000000000000, -1.949999999999999956 ) ) ;
#9073 = VERTEX_POINT ( 'NONE', #2272 ) ;
#9074 = CARTESIAN_POINT ( 'NONE',  ( 4.254999999999999005, -0.1834862943212428044, 2.747157848089624821 ) ) ;
#9075 = ORIENTED_EDGE ( 'NONE', *, *, #9701, .F. ) ;
#9076 = ORIENTED_EDGE ( 'NONE', *, *, #10640, .T. ) ;
#9077 = DIRECTION ( 'NONE',  ( 1.000000000000000000, 0.000000000000000000, 0.000000000000000000 ) ) ;
#9078 = CARTESIAN_POINT ( 'NONE',  ( -4.600000000000000533, -0.7250000000000049738, 1.217365792252620583E-15 ) ) ;
#9079 = ORIENTED_EDGE ( 'NONE', *, *, #2200, .F. ) ;
#9080 = VERTEX_POINT ( 'NONE', #6928 ) ;
#9081 = PLANE ( 'NONE',  #5363 ) ;
#9082 = CARTESIAN_POINT ( 'NONE',  ( -3.365000000000000657, -0.4826582704211354602, 2.144290185689396999 ) ) ;
#9083 = PLANE ( 'NONE',  #8015 ) ;
#9084 = VECTOR ( 'NONE', #9097, 1000.000000000000000 ) ;
#9085 = PLANE ( 'NONE',  #6728 ) ;
#9086 = DIRECTION ( 'NONE',  ( 0.000000000000000000, -0.000000000000000000, -1.000000000000000000 ) ) ;
#9087 = VERTEX_POINT ( 'NONE', #5980 ) ;
#9088 = CARTESIAN_POINT ( 'NONE',  ( -4.950000000000000178, 0.000000000000000000, 1.949999999999999956 ) ) ;
#9089 = ORIENTED_EDGE ( 'NONE', *, *, #9670, .T. ) ;
#9090 = VECTOR ( 'NONE', #10969, 1000.000000000000000 ) ;
#9091 = DIRECTION ( 'NONE',  ( 0.000000000000000000, -0.000000000000000000, -1.000000000000000000 ) ) ;
#9092 = VERTEX_POINT ( 'NONE', #9739 ) ;
#9093 = CARTESIAN_POINT ( 'NONE',  ( -3.365000000000000657, -0.1834862943212959008, 2.747157848089628374 ) ) ;
#9094 = EDGE_CURVE ( 'NONE', #6380, #8331, #3053, .T. ) ;
#9095 = DIRECTION ( 'NONE',  ( 0.000000000000000000, 0.07997395986122911304, -0.9967969531173912490 ) ) ;
#9096 = UNCERTAINTY_MEASURE_WITH_UNIT (LENGTH_MEASURE( 1.000000000000000082E-05 ), #8424, 'distance_accuracy_value', 'NONE');
#9097 = DIRECTION ( 'NONE',  ( 0.000000000000000000, 0.000000000000000000, -1.000000000000000000 ) ) ;
#9098 = DIRECTION ( 'NONE',  ( 0.000000000000000000, 0.000000000000000000, -1.000000000000000000 ) ) ;
#9099 = VECTOR ( 'NONE', #8177, 1000.000000000000000 ) ;
#9100 = FACE_OUTER_BOUND ( 'NONE', #4627, .T. ) ;
#9101 = FACE_OUTER_BOUND ( 'NONE', #6144, .T. ) ;
#9102 = VERTEX_POINT ( 'NONE', #11473 ) ;
#9103 = VERTEX_POINT ( 'NONE', #1555 ) ;
#9104 = VERTEX_POINT ( 'NONE', #479 ) ;
#9105 = VERTEX_POINT ( 'NONE', #1442 ) ;
#9106 = EDGE_CURVE ( 'NONE', #7880, #3848, #5083, .T. ) ;
#9107 = DIRECTION ( 'NONE',  ( 0.000000000000000000, 0.000000000000000000, -1.000000000000000000 ) ) ;
#9108 = EDGE_CURVE ( 'NONE', #7487, #2732, #1492, .T. ) ;
#9109 = STYLED_ITEM ( 'NONE', ( #7323 ), #7244 ) ;
#9110 = DIRECTION ( 'NONE',  ( 0.000000000000000000, 0.000000000000000000, -1.000000000000000000 ) ) ;
#9111 = ADVANCED_FACE ( 'NONE', ( #10580 ), #5139, .T. ) ;
#9112 = LINE ( 'NONE', #816, #7595 ) ;
#9113 = ORIENTED_EDGE ( 'NONE', *, *, #8626, .T. ) ;
#9114 = EDGE_LOOP ( 'NONE', ( #7575, #10379, #4701, #6194 ) ) ;
#9115 = EDGE_LOOP ( 'NONE', ( #9947, #5523, #8681, #1040 ) ) ;
#9116 = EDGE_CURVE ( 'NONE', #8479, #8266, #3337, .T. ) ;
#9117 = VECTOR ( 'NONE', #1239, 1000.000000000000000 ) ;
#9118 = PLANE ( 'NONE',  #5189 ) ;
#9119 = CYLINDRICAL_SURFACE ( 'NONE', #9792, 0.1161149196957549368 ) ;
#9120 = LINE ( 'NONE', #2778, #3247 ) ;
#9121 = LINE ( 'NONE', #4468, #9750 ) ;
#9122 = CIRCLE ( 'NONE', #4945, 0.1161149196957549368 ) ;
#9123 = DIRECTION ( 'NONE',  ( 0.000000000000000000, -0.9967969531173912490, 0.07997395986122909917 ) ) ;
#9124 = VECTOR ( 'NONE', #11395, 1000.000000000000000 ) ;
#9125 = DIRECTION ( 'NONE',  ( 1.000000000000000000, -0.000000000000000000, -0.000000000000000000 ) ) ;
#9126 = CARTESIAN_POINT ( 'NONE',  ( 0.4799999999999999267, 0.08500000000000000611, -2.461537905304632012 ) ) ;
#9127 = ORIENTED_EDGE ( 'NONE', *, *, #40, .T. ) ;
#9128 = PRESENTATION_LAYER_ASSIGNMENT (  '', '', ( #1683 ) ) ;
#9129 = DIRECTION ( 'NONE',  ( 1.000000000000000000, 0.000000000000000000, 0.000000000000000000 ) ) ;
#9130 = EDGE_LOOP ( 'NONE', ( #10472, #7065, #10053, #8977 ) ) ;
#9131 = ORIENTED_EDGE ( 'NONE', *, *, #7884, .F. ) ;
#9132 = LINE ( 'NONE', #10022, #7772 ) ;
#9133 = LINE ( 'NONE', #6382, #9551 ) ;
#9134 = ORIENTED_EDGE ( 'NONE', *, *, #8138, .T. ) ;
#9135 = VERTEX_POINT ( 'NONE', #6976 ) ;
#9137 = EDGE_CURVE ( 'NONE', #8815, #4251, #10188, .T. ) ;
#9136 = VECTOR ( 'NONE', #2483, 999.9999999999998863 ) ;
#9138 = DIRECTION ( 'NONE',  ( 0.000000000000000000, 0.000000000000000000, -1.000000000000000000 ) ) ;
#9139 = DIRECTION ( 'NONE',  ( 0.000000000000000000, 0.000000000000000000, -1.000000000000000000 ) ) ;
#9140 = CARTESIAN_POINT ( 'NONE',  ( -4.625000000000000888, -0.2321338255108014725, -2.140814096316195236 ) ) ;
#9141 = CARTESIAN_POINT ( 'NONE',  ( 3.019999999999999574, -0.08500000000000000611, 0.000000000000000000 ) ) ;
#9142 = CARTESIAN_POINT ( 'NONE',  ( -4.290000000000000036, -0.4013101249739610688, -0.03219748989621229462 ) ) ;
#9143 = VECTOR ( 'NONE', #4195, 1000.000000000000000 ) ;
#9144 = VECTOR ( 'NONE', #8316, 999.9999999999998863 ) ;
#9145 = VECTOR ( 'NONE', #8556, 1000.000000000000114 ) ;
#9146 = PLANE ( 'NONE',  #4944 ) ;
#9147 = CARTESIAN_POINT ( 'NONE',  ( -4.950000000000000178, 0.000000000000000000, -1.949999999999999956 ) ) ;
#9148 = VERTEX_POINT ( 'NONE', #7431 ) ;
#9149 = CARTESIAN_POINT ( 'NONE',  ( -0.4800000000000003708, -0.4532685607873790379, 2.870861070673345061 ) ) ;
#9150 = VERTEX_POINT ( 'NONE', #820 ) ;
#9151 = LINE ( 'NONE', #1806, #3263 ) ;
#9152 = AXIS2_PLACEMENT_3D ( 'NONE', #8426, #245, #8489 ) ;
#9153 = CARTESIAN_POINT ( 'NONE',  ( 1.749999999999999778, -0.08500000000000000611, 1.939563312323252964 ) ) ;
#9154 = VECTOR ( 'NONE', #8667, 999.9999999999998863 ) ;
#9155 = VECTOR ( 'NONE', #892, 999.9999999999998863 ) ;
#9156 = LINE ( 'NONE', #3708, #1725 ) ;
#9157 = ADVANCED_FACE ( 'NONE', ( #7143 ), #9284, .T. ) ;
#9158 = LINE ( 'NONE', #7300, #6403 ) ;
#9159 = CARTESIAN_POINT ( 'NONE',  ( -0.4800000000000003708, 0.2178238306527182089, -2.714960358193412304 ) ) ;
#9160 = EDGE_CURVE ( 'NONE', #5048, #9542, #6312, .T. ) ;
#9161 = VECTOR ( 'NONE', #8163, 1000.000000000000000 ) ;
#9162 = VECTOR ( 'NONE', #11488, 1000.000000000000000 ) ;
#9163 = CARTESIAN_POINT ( 'NONE',  ( -0.8250000000000010658, -0.2334590321417700232, 2.124296695724088302 ) ) ;
#9164 = DIRECTION ( 'NONE',  ( 1.000000000000000000, -0.000000000000000000, 0.000000000000000000 ) ) ;
#9165 = AXIS2_PLACEMENT_3D ( 'NONE', #2134, #5778, #328 ) ;
#9166 = ORIENTED_EDGE ( 'NONE', *, *, #7201, .F. ) ;
#9167 = ORIENTED_EDGE ( 'NONE', *, *, #2333, .F. ) ;
#9168 = EDGE_LOOP ( 'NONE', ( #5196, #5082, #2222, #1960 ) ) ;
#9169 = ORIENTED_EDGE ( 'NONE', *, *, #7449, .T. ) ;
#9170 = DIRECTION ( 'NONE',  ( 1.000000000000000000, -0.000000000000000000, -0.000000000000000000 ) ) ;
#9171 = VECTOR ( 'NONE', #11820, 999.9999999999998863 ) ;
#9172 =( GEOMETRIC_REPRESENTATION_CONTEXT ( 3 ) GLOBAL_UNCERTAINTY_ASSIGNED_CONTEXT ( ( #5892 ) ) GLOBAL_UNIT_ASSIGNED_CONTEXT ( ( #4861, #2224, #9463 ) ) REPRESENTATION_CONTEXT ( 'NONE', 'WORKASPACE' ) );
#9173 = CARTESIAN_POINT ( 'NONE',  ( 2.084999999999999520, -0.2321338255108014725, -2.140814096316195236 ) ) ;
#9174 = FACE_OUTER_BOUND ( 'NONE', #10197, .T. ) ;
#9175 = EDGE_CURVE ( 'NONE', #11699, #6310, #7027, .T. ) ;
#9176 = CARTESIAN_POINT ( 'NONE',  ( -4.195702540368398736, 0.6250000000000000000, 0.7500000000000000000 ) ) ;
#9177 = DIRECTION ( 'NONE',  ( 0.000000000000000000, 5.037375692079792934E-15, -1.000000000000000000 ) ) ;
#9178 = VERTEX_POINT ( 'NONE', #5643 ) ;
#9179 = VERTEX_POINT ( 'NONE', #4463 ) ;
#9180 = EDGE_CURVE ( 'NONE', #2773, #6397, #4215, .T. ) ;
#9181 = CARTESIAN_POINT ( 'NONE',  ( 4.289999999999999147, -0.08500000000000000611, 0.000000000000000000 ) ) ;
#9182 = DIRECTION ( 'NONE',  ( 0.000000000000000000, 0.9967969531173912490, 0.07997395986122736444 ) ) ;
#9183 = LINE ( 'NONE', #1652, #1339 ) ;
#9184 = CARTESIAN_POINT ( 'NONE',  ( -1.715000000000001190, -0.4326855326006347480, 2.767151338054935295 ) ) ;
#9185 = LINE ( 'NONE', #5427, #3790 ) ;
#9186 = EDGE_CURVE ( 'NONE', #724, #1268, #2665, .T. ) ;
#9187 = CARTESIAN_POINT ( 'NONE',  ( 3.019999999999999130, 0.000000000000000000, -1.949999999999999956 ) ) ;
#9188 = CARTESIAN_POINT ( 'NONE',  ( -4.290000000000000036, 0.000000000000000000, 0.000000000000000000 ) ) ;
#9189 = ORIENTED_EDGE ( 'NONE', *, *, #7803, .T. ) ;
#9190 = DIRECTION ( 'NONE',  ( -1.000000000000000000, 0.000000000000000000, 0.000000000000000000 ) ) ;
#9191 = EDGE_LOOP ( 'NONE', ( #6178, #1471, #8827, #6793, #9393, #7153, #11164, #7056 ) ) ;
#9192 = ORIENTED_EDGE ( 'NONE', *, *, #7516, .T. ) ;
#9193 = DIRECTION ( 'NONE',  ( -1.000000000000000000, 0.000000000000000000, -0.000000000000000000 ) ) ;
#9194 = CYLINDRICAL_SURFACE ( 'NONE', #3602, 0.1017314392126205669 ) ;
#9195 = AXIS2_PLACEMENT_3D ( 'NONE', #9656, #4033, #8809 ) ;
#9196 = ORIENTED_EDGE ( 'NONE', *, *, #5692, .F. ) ;
#9197 = ORIENTED_EDGE ( 'NONE', *, *, #3865, .F. ) ;
#9198 = EDGE_CURVE ( 'NONE', #8224, #1841, #10689, .T. ) ;
#9199 = DIRECTION ( 'NONE',  ( 1.000000000000000000, -0.000000000000000000, 0.000000000000000000 ) ) ;
#9200 = LINE ( 'NONE', #7224, #6653 ) ;
#9201 = DIRECTION ( 'NONE',  ( 0.000000000000000000, -0.9967969531173912490, 0.07997395986122909917 ) ) ;
#9202 = PLANE ( 'NONE',  #1571 ) ;
#9203 = CARTESIAN_POINT ( 'NONE',  ( 0.7899999999999999245, -0.4013101249739874921, 0.03219748989621440405 ) ) ;
#9204 = AXIS2_PLACEMENT_3D ( 'NONE', #7833, #5086, #11476 ) ;
#9205 = EDGE_CURVE ( 'NONE', #6411, #3264, #6146, .T. ) ;
#9206 = ORIENTED_EDGE ( 'NONE', *, *, #10220, .F. ) ;
#9207 = LINE ( 'NONE', #5623, #5897 ) ;
#9208 = CARTESIAN_POINT ( 'NONE',  ( 1.714999999999998970, -0.4826582704211001551, 2.144290185689394335 ) ) ;
#9209 = ORIENTED_EDGE ( 'NONE', *, *, #1822, .F. ) ;
#9210 = DIRECTION ( 'NONE',  ( 0.000000000000000000, -0.9967969531173911379, 0.07997395986122909917 ) ) ;
#9211 = ORIENTED_EDGE ( 'NONE', *, *, #5264, .T. ) ;
#9212 = DIRECTION ( 'NONE',  ( 1.000000000000000000, 0.000000000000000000, 0.000000000000000000 ) ) ;
#9213 = VECTOR ( 'NONE', #3730, 1000.000000000000000 ) ;
#9214 = FACE_OUTER_BOUND ( 'NONE', #5994, .T. ) ;
#9215 = DIRECTION ( 'NONE',  ( 0.000000000000000000, 0.000000000000000000, -1.000000000000000000 ) ) ;
#9216 = CARTESIAN_POINT ( 'NONE',  ( 3.019999999999999574, -0.7249999999999999778, -3.000000000000000000 ) ) ;
#9217 = EDGE_CURVE ( 'NONE', #3435, #298, #9791, .T. ) ;
#9218 = DIRECTION ( 'NONE',  ( 0.000000000000000000, 0.07997395986122911304, -0.9967969531173912490 ) ) ;
#9219 = DIRECTION ( 'NONE',  ( 0.000000000000000000, 0.000000000000000000, -1.000000000000000000 ) ) ;
#9220 = DIRECTION ( 'NONE',  ( 0.000000000000000000, 0.9967969531173911379, -0.07997395986122909917 ) ) ;
#9221 = DIRECTION ( 'NONE',  ( 0.000000000000000000, -0.9967969531173912490, -0.07997395986122911304 ) ) ;
#9222 = EDGE_LOOP ( 'NONE', ( #11414, #4396, #3078, #8958 ) ) ;
#9223 = ORIENTED_EDGE ( 'NONE', *, *, #5532, .F. ) ;
#9224 = ORIENTED_EDGE ( 'NONE', *, *, #1451, .T. ) ;
#9225 = ORIENTED_EDGE ( 'NONE', *, *, #5984, .T. ) ;
#9226 = LINE ( 'NONE', #10249, #554 ) ;
#9227 = DIRECTION ( 'NONE',  ( 0.000000000000000000, -0.9967969531173912490, -0.07997395986122736444 ) ) ;
#9228 = SURFACE_SIDE_STYLE ('',( #8272 ) ) ;
#9229 = PLANE ( 'NONE',  #7817 ) ;
#9230 = DIRECTION ( 'NONE',  ( 1.000000000000000000, 0.000000000000000000, 0.000000000000000000 ) ) ;
#9231 = VERTEX_POINT ( 'NONE', #7988 ) ;
#9232 = VERTEX_POINT ( 'NONE', #1774 ) ;
#9233 = EDGE_CURVE ( 'NONE', #586, #3139, #1536, .T. ) ;
#9234 = ORIENTED_EDGE ( 'NONE', *, *, #11640, .T. ) ;
#9235 = EDGE_CURVE ( 'NONE', #2434, #10403, #4748, .T. ) ;
#9236 = FACE_OUTER_BOUND ( 'NONE', #1383, .T. ) ;
#9237 = ADVANCED_FACE ( 'NONE', ( #6242 ), #9063, .T. ) ;
#9238 = LINE ( 'NONE', #6425, #11504 ) ;
#9239 = CARTESIAN_POINT ( 'NONE',  ( -4.600000000000000533, 0.000000000000000000, 3.000000000000000000 ) ) ;
#9240 = DIRECTION ( 'NONE',  ( 0.000000000000000000, -0.9967969531173911379, 0.07997395986122908529 ) ) ;
#9241 = CARTESIAN_POINT ( 'NONE',  ( -4.600000000000000533, 0.2178238306527182089, -2.714960358193412304 ) ) ;
#9242 = CARTESIAN_POINT ( 'NONE',  ( -1.750000000000000666, 0.2178238306527182089, 2.714960358193412304 ) ) ;
#9243 = DIRECTION ( 'NONE',  ( 0.000000000000000000, 0.000000000000000000, -1.000000000000000000 ) ) ;
#9244 = VERTEX_POINT ( 'NONE', #2553 ) ;
#9245 = LINE ( 'NONE', #3738, #4716 ) ;
#9246 = EDGE_LOOP ( 'NONE', ( #9281, #11690, #4931, #4899 ) ) ;
#9247 = ORIENTED_EDGE ( 'NONE', *, *, #719, .T. ) ;
#9248 = EDGE_CURVE ( 'NONE', #6435, #7773, #6195, .T. ) ;
#9249 = CARTESIAN_POINT ( 'NONE',  ( -4.950000000000000178, -0.08500000000000000611, 1.939563312323252964 ) ) ;
#9250 = DIRECTION ( 'NONE',  ( 0.000000000000000000, -0.9967969531173912490, -0.07997395986122911304 ) ) ;
#9251 = EDGE_LOOP ( 'NONE', ( #10850, #8189, #4626, #2901 ) ) ;
#9252 = VERTEX_POINT ( 'NONE', #2893 ) ;
#9253 = LINE ( 'NONE', #1137, #3836 ) ;
#9254 = EDGE_CURVE ( 'NONE', #8690, #2512, #9835, .T. ) ;
#9255 = DIRECTION ( 'NONE',  ( -1.000000000000000000, 0.000000000000000000, 0.000000000000000000 ) ) ;
#9256 = DIRECTION ( 'NONE',  ( -0.000000000000000000, 0.07997395986122737832, 0.9967969531173913600 ) ) ;
#9257 = PLANE ( 'NONE',  #3052 ) ;
#9258 = CARTESIAN_POINT ( 'NONE',  ( 2.984999999999998987, -0.1970818674976615448, 2.577702366059667849 ) ) ;
#9259 = EDGE_CURVE ( 'NONE', #6207, #6118, #8946, .T. ) ;
#9260 = EDGE_CURVE ( 'NONE', #3260, #1607, #8049, .T. ) ;
#9261 = DIRECTION ( 'NONE',  ( 1.000000000000000000, 0.000000000000000000, 0.000000000000000000 ) ) ;
#9262 = VERTEX_POINT ( 'NONE', #10852 ) ;
#9263 = DIRECTION ( 'NONE',  ( -0.000000000000000000, -0.07997395986122911304, 0.9967969531173912490 ) ) ;
#9264 = DIRECTION ( 'NONE',  ( 0.000000000000000000, -0.000000000000000000, -1.000000000000000000 ) ) ;
#9265 = EDGE_CURVE ( 'NONE', #8384, #1566, #9911, .T. ) ;
#9266 = ORIENTED_EDGE ( 'NONE', *, *, #7502, .F. ) ;
#9267 = CARTESIAN_POINT ( 'NONE',  ( -2.060000000000000497, -0.7250000000000001998, -2.870861070673344617 ) ) ;
#9268 = VECTOR ( 'NONE', #8630, 999.9999999999998863 ) ;
#9269 = EDGE_CURVE ( 'NONE', #1355, #3604, #6782, .T. ) ;
#9270 = LINE ( 'NONE', #2113, #1538 ) ;
#9271 = CARTESIAN_POINT ( 'NONE',  ( 0.4799999999999999267, -0.1918287497687165000, 2.577280903468829099 ) ) ;
#9272 = LINE ( 'NONE', #314, #5944 ) ;
#9273 = CIRCLE ( 'NONE', #9842, 0.1161149196957549368 ) ;
#9274 = CARTESIAN_POINT ( 'NONE',  ( -1.750000000000000666, 0.08500000000000000611, 0.000000000000000000 ) ) ;
#9275 = CARTESIAN_POINT ( 'NONE',  ( 2.084999999999999520, -0.1834862943212428044, -2.747157848089624821 ) ) ;
#9276 = ORIENTED_EDGE ( 'NONE', *, *, #2701, .F. ) ;
#9277 = CARTESIAN_POINT ( 'NONE',  ( 3.329999999999999627, -0.6505093632533088810, -0.05219097986151956942 ) ) ;
#9278 = CARTESIAN_POINT ( 'NONE',  ( -4.600000000000000533, -0.1918287497687165000, 2.577280903468829099 ) ) ;
#9279 = ORIENTED_EDGE ( 'NONE', *, *, #9424, .F. ) ;
#9280 = ORIENTED_EDGE ( 'NONE', *, *, #9411, .F. ) ;
#9281 = ORIENTED_EDGE ( 'NONE', *, *, #8692, .F. ) ;
#9282 = ORIENTED_EDGE ( 'NONE', *, *, #11210, .F. ) ;
#9283 = ORIENTED_EDGE ( 'NONE', *, *, #8386, .T. ) ;
#9284 = PLANE ( 'NONE',  #3815 ) ;
#9285 = EDGE_CURVE ( 'NONE', #4531, #2784, #11267, .T. ) ;
#9286 = DIRECTION ( 'NONE',  ( 1.000000000000000000, 0.000000000000000000, 0.000000000000000000 ) ) ;
#9287 = DIRECTION ( 'NONE',  ( 0.000000000000000000, -0.9967969531173912490, -0.07997395986122736444 ) ) ;
#9288 = VECTOR ( 'NONE', #10544, 999.9999999999998863 ) ;
#9289 = DIRECTION ( 'NONE',  ( 1.000000000000000000, 0.000000000000000000, 0.000000000000000000 ) ) ;
#9290 = ADVANCED_FACE ( 'NONE', ( #11198 ), #9423, .T. ) ;
#9291 = DIRECTION ( 'NONE',  ( 0.000000000000000000, 1.000000000000000000, 0.000000000000000000 ) ) ;
#9292 = CARTESIAN_POINT ( 'NONE',  ( -4.290000000000000036, 0.08500000000000000611, 0.000000000000000000 ) ) ;
#9293 = ORIENTED_EDGE ( 'NONE', *, *, #6040, .F. ) ;
#9294 = ORIENTED_EDGE ( 'NONE', *, *, #5178, .T. ) ;
#9295 = ORIENTED_EDGE ( 'NONE', *, *, #9650, .T. ) ;
#9297 = EDGE_LOOP ( 'NONE', ( #9538, #2888, #5283, #5614 ) ) ;
#9296 = VECTOR ( 'NONE', #234, 1000.000000000000000 ) ;
#9298 = DIRECTION ( 'NONE',  ( 0.000000000000000000, 0.9967969531173911379, -0.07997395986122909917 ) ) ;
#9299 = DIRECTION ( 'NONE',  ( 1.000000000000000000, -0.000000000000000000, 0.000000000000000000 ) ) ;
#9300 = CARTESIAN_POINT ( 'NONE',  ( -3.020000000000000018, -0.7249999999999999778, -3.000000000000000000 ) ) ;
#9301 = AXIS2_PLACEMENT_3D ( 'NONE', #2851, #9966, #10920 ) ;
#9302 = CARTESIAN_POINT ( 'NONE',  ( 4.289999999999999147, -0.7250000000000001998, -2.870861070673344617 ) ) ;
#9303 = LINE ( 'NONE', #4773, #2282 ) ;
#9304 = PLANE ( 'NONE',  #4320 ) ;
#9305 = DIRECTION ( 'NONE',  ( 0.000000000000000000, 0.000000000000000000, -1.000000000000000000 ) ) ;
#9306 = ORIENTED_EDGE ( 'NONE', *, *, #4027, .T. ) ;
#9307 = EDGE_CURVE ( 'NONE', #7998, #3585, #5064, .T. ) ;
#9308 = LINE ( 'NONE', #3814, #10454 ) ;
#9309 = AXIS2_PLACEMENT_3D ( 'NONE', #2138, #11144, #5649 ) ;
#9310 = ORIENTED_EDGE ( 'NONE', *, *, #6862, .F. ) ;
#9311 = ORIENTED_EDGE ( 'NONE', *, *, #6950, .T. ) ;
#9312 = FACE_OUTER_BOUND ( 'NONE', #3895, .T. ) ;
#9313 = DIRECTION ( 'NONE',  ( -1.000000000000000000, 0.000000000000000000, -0.000000000000000000 ) ) ;
#9314 = ORIENTED_EDGE ( 'NONE', *, *, #11726, .F. ) ;
#9315 = ORIENTED_EDGE ( 'NONE', *, *, #99, .T. ) ;
#9316 = DIRECTION ( 'NONE',  ( -1.000000000000000000, 0.000000000000000000, -0.000000000000000000 ) ) ;
#9317 = FACE_OUTER_BOUND ( 'NONE', #7490, .T. ) ;
#9318 = CARTESIAN_POINT ( 'NONE',  ( 4.289999999999999147, 0.2178238306527182089, 2.714960358193412304 ) ) ;
#9319 = AXIS2_PLACEMENT_3D ( 'NONE', #1674, #11658, #5268 ) ;
#9320 = VECTOR ( 'NONE', #8334, 1000.000000000000000 ) ;
#9321 = DIRECTION ( 'NONE',  ( 1.000000000000000000, -0.000000000000000000, -0.000000000000000000 ) ) ;
#9322 = CARTESIAN_POINT ( 'NONE',  ( -4.600000000000000533, -0.4532685607873793709, -2.870861070673344617 ) ) ;
#9323 = AXIS2_PLACEMENT_3D ( 'NONE', #9441, #3877, #5912 ) ;
#9324 = VECTOR ( 'NONE', #9978, 999.9999999999998863 ) ;
#9325 = EDGE_CURVE ( 'NONE', #1541, #5825, #1358, .T. ) ;
#9326 = AXIS2_PLACEMENT_3D ( 'NONE', #9149, #3474, #9816 ) ;
#9327 = EDGE_LOOP ( 'NONE', ( #4820, #9197, #6421, #3094 ) ) ;
#9328 = EDGE_CURVE ( 'NONE', #2500, #3021, #8455, .T. ) ;
#9329 = VECTOR ( 'NONE', #2930, 1000.000000000000000 ) ;
#9330 = DIRECTION ( 'NONE',  ( 0.000000000000000000, 1.867464018106093513E-15, -1.000000000000000000 ) ) ;
#9331 = VECTOR ( 'NONE', #5181, 1000.000000000000000 ) ;
#9332 = CARTESIAN_POINT ( 'NONE',  ( 3.354999999999999538, -0.1834862943212428044, -2.747157848089624821 ) ) ;
#9333 = ORIENTED_EDGE ( 'NONE', *, *, #10913, .T. ) ;
#9334 = DIRECTION ( 'NONE',  ( 0.000000000000000000, 1.000000000000000000, 0.000000000000000000 ) ) ;
#9335 = CARTESIAN_POINT ( 'NONE',  ( -4.290000000000000036, -0.7250000000000001998, -2.870861070673344617 ) ) ;
#9336 = EDGE_CURVE ( 'NONE', #3465, #6472, #7736, .T. ) ;
#9337 = PRESENTATION_LAYER_ASSIGNMENT (  '', '', ( #7811 ) ) ;
#9338 = VERTEX_POINT ( 'NONE', #11375 ) ;
#9339 = DIRECTION ( 'NONE',  ( 0.000000000000000000, 1.000000000000000000, -1.679125230693258263E-15 ) ) ;
#9340 = VECTOR ( 'NONE', #10143, 1000.000000000000000 ) ;
#9341 = EDGE_CURVE ( 'NONE', #6674, #4345, #3194, .T. ) ;
#9342 = CARTESIAN_POINT ( 'NONE',  ( -4.873259649435684793, 0.6250000000000000000, 1.586126699947281171 ) ) ;
#9343 = CARTESIAN_POINT ( 'NONE',  ( 4.599999999999999645, -0.4532685607873790379, 2.870861070673345061 ) ) ;
#9344 = DIRECTION ( 'NONE',  ( 0.000000000000000000, 0.07997395986122911304, -0.9967969531173912490 ) ) ;
#9345 = VECTOR ( 'NONE', #9872, 1000.000000000000000 ) ;
#9346 = VECTOR ( 'NONE', #551, 1000.000000000000000 ) ;
#9347 = VECTOR ( 'NONE', #6995, 999.9999999999998863 ) ;
#9348 = EDGE_CURVE ( 'NONE', #3023, #1201, #951, .T. ) ;
#9349 = EDGE_CURVE ( 'NONE', #2514, #4250, #9613, .T. ) ;
#9350 = DIRECTION ( 'NONE',  ( 0.000000000000000000, -0.07997395986122911304, 0.9967969531173912490 ) ) ;
#9351 = LINE ( 'NONE', #3909, #10263 ) ;
#9352 = ORIENTED_EDGE ( 'NONE', *, *, #1236, .F. ) ;
#9353 = EDGE_CURVE ( 'NONE', #3338, #9364, #5887, .T. ) ;
#9354 = LINE ( 'NONE', #6649, #7014 ) ;
#9355 = CARTESIAN_POINT ( 'NONE',  ( -3.330000000000000071, -0.5549999999999849498, -2.795743509104209498E-15 ) ) ;
#9356 = ORIENTED_EDGE ( 'NONE', *, *, #5990, .T. ) ;
#9357 = ORIENTED_EDGE ( 'NONE', *, *, #6791, .T. ) ;
#9358 = CARTESIAN_POINT ( 'NONE',  ( -2.060000000000000497, 0.2178238306527182089, -2.714960358193412304 ) ) ;
#9359 = PRESENTATION_LAYER_ASSIGNMENT (  '', '', ( #10100 ) ) ;
#9360 = VECTOR ( 'NONE', #10404, 1000.000000000000000 ) ;
#9361 = VERTEX_POINT ( 'NONE', #2185 ) ;
#9362 = ORIENTED_EDGE ( 'NONE', *, *, #3340, .F. ) ;
#9363 = AXIS2_PLACEMENT_3D ( 'NONE', #3667, #8215, #7187 ) ;
#9364 = VERTEX_POINT ( 'NONE', #7613 ) ;
#9365 = CARTESIAN_POINT ( 'NONE',  ( 0.8249999999999992895, -0.1970818674976784202, 2.577702366059669181 ) ) ;
#9366 = DIRECTION ( 'NONE',  ( 0.000000000000000000, 1.679125230693258263E-15, -1.000000000000000000 ) ) ;
#9367 = LINE ( 'NONE', #10322, #3442 ) ;
#9368 = AXIS2_PLACEMENT_3D ( 'NONE', #3827, #10409, #7711 ) ;
#9369 = VECTOR ( 'NONE', #4685, 1000.000000000000114 ) ;
#9370 = DIRECTION ( 'NONE',  ( 0.000000000000000000, -0.9967969531173912490, -0.07997395986122922407 ) ) ;
#9371 = EDGE_CURVE ( 'NONE', #7185, #1254, #6727, .T. ) ;
#9372 = DIRECTION ( 'NONE',  ( 0.000000000000000000, -1.000000000000000000, -5.037375692079792934E-15 ) ) ;
#9373 = DIRECTION ( 'NONE',  ( 0.000000000000000000, -0.9967969531173912490, 0.07997395986122736444 ) ) ;
#9374 = EDGE_CURVE ( 'NONE', #9672, #5701, #5830, .T. ) ;
#9375 = VERTEX_POINT ( 'NONE', #5775 ) ;
#9376 = ORIENTED_EDGE ( 'NONE', *, *, #9937, .F. ) ;
#9377 = ORIENTED_EDGE ( 'NONE', *, *, #10953, .T. ) ;
#9378 = AXIS2_PLACEMENT_3D ( 'NONE', #7282, #3642, #10026 ) ;
#9379 = AXIS2_PLACEMENT_3D ( 'NONE', #2826, #7433, #9287 ) ;
#9380 = DIRECTION ( 'NONE',  ( 0.000000000000000000, 0.07997395986122911304, -0.9967969531173912490 ) ) ;
#9381 = CARTESIAN_POINT ( 'NONE',  ( 0.8149999999999997247, -0.2321338255108014725, -2.140814096316195236 ) ) ;
#9382 = LINE ( 'NONE', #8594, #3236 ) ;
#9383 = CARTESIAN_POINT ( 'NONE',  ( 0.4799999999999995381, 0.000000000000000000, 1.949999999999999956 ) ) ;
#9384 = CARTESIAN_POINT ( 'NONE',  ( -4.290000000000000036, -0.4532685607873793709, -2.870861070673344617 ) ) ;
#9385 = ADVANCED_FACE ( 'NONE', ( #1287 ), #2950, .F. ) ;
#9386 = AXIS2_PLACEMENT_3D ( 'NONE', #9065, #873, #11799 ) ;
#9387 = DIRECTION ( 'NONE',  ( 1.000000000000000000, 0.000000000000000000, 0.000000000000000000 ) ) ;
#9388 = ORIENTED_EDGE ( 'NONE', *, *, #6630, .F. ) ;
#9389 = ORIENTED_EDGE ( 'NONE', *, *, #5061, .T. ) ;
#9390 = ORIENTED_EDGE ( 'NONE', *, *, #4368, .T. ) ;
#9391 = CARTESIAN_POINT ( 'NONE',  ( 2.059999999999999609, -0.4462811057770175727, 2.597695856024974770 ) ) ;
#9392 = CARTESIAN_POINT ( 'NONE',  ( 4.289999999999999147, -0.4532685607873790379, 2.870861070673345061 ) ) ;
#9393 = ORIENTED_EDGE ( 'NONE', *, *, #3172, .T. ) ;
#9394 = EDGE_LOOP ( 'NONE', ( #8155, #935, #7406, #2109 ) ) ;
#9395 = DIRECTION ( 'NONE',  ( -0.000000000000000000, -0.9925461516413219831, 0.1218693434051477537 ) ) ;
#9396 = SURFACE_STYLE_USAGE ( .BOTH. , #3048 ) ;
#9397 = DIRECTION ( 'NONE',  ( 0.000000000000000000, -0.9967969531173912490, 0.07997395986122736444 ) ) ;
#9398 = LINE ( 'NONE', #5676, #6284 ) ;
#9399 = VECTOR ( 'NONE', #839, 1000.000000000000114 ) ;
#9400 = DIRECTION ( 'NONE',  ( 0.000000000000000000, 0.000000000000000000, -1.000000000000000000 ) ) ;
#9401 = CARTESIAN_POINT ( 'NONE',  ( -2.995000000000000107, -0.4813330637901492848, -2.160807586281502157 ) ) ;
#9402 = ORIENTED_EDGE ( 'NONE', *, *, #848, .F. ) ;
#9403 = PLANE ( 'NONE',  #7441 ) ;
#9404 = VERTEX_POINT ( 'NONE', #9365 ) ;
#9405 = CARTESIAN_POINT ( 'NONE',  ( 0.4799999999999999267, -0.7250000000000049738, 1.217365792252620583E-15 ) ) ;
#9406 = DIRECTION ( 'NONE',  ( 1.000000000000000000, -0.000000000000000000, -0.000000000000000000 ) ) ;
#9407 = EDGE_CURVE ( 'NONE', #4500, #9845, #8573, .T. ) ;
#9408 = CYLINDRICAL_SURFACE ( 'NONE', #7478, 0.2717314392126209954 ) ;
#9409 = VECTOR ( 'NONE', #9497, 1000.000000000000000 ) ;
#9410 = DIRECTION ( 'NONE',  ( 0.000000000000000000, -0.9967969531173911379, 0.07997395986122926570 ) ) ;
#9411 = EDGE_CURVE ( 'NONE', #10701, #2970, #4878, .T. ) ;
#9412 = CARTESIAN_POINT ( 'NONE',  ( 0.4799999999999999267, -0.08500000000000000611, 0.000000000000000000 ) ) ;
#9413 = VERTEX_POINT ( 'NONE', #5008 ) ;
#9414 = CARTESIAN_POINT ( 'NONE',  ( -4.600000000000000533, -0.5549999999999993827, 2.870861070673345061 ) ) ;
#9415 = LINE ( 'NONE', #5880, #10303 ) ;
#9416 = ORIENTED_EDGE ( 'NONE', *, *, #7725, .T. ) ;
#9417 = AXIS2_PLACEMENT_3D ( 'NONE', #6980, #9641, #10633 ) ;
#9418 = ORIENTED_EDGE ( 'NONE', *, *, #9830, .T. ) ;
#9419 = CARTESIAN_POINT ( 'NONE',  ( 4.264999999999999680, -0.1834862943212428044, -2.747157848089624821 ) ) ;
#9420 = ORIENTED_EDGE ( 'NONE', *, *, #5670, .T. ) ;
#9421 = EDGE_CURVE ( 'NONE', #4053, #1838, #4045, .T. ) ;
#9422 = VERTEX_POINT ( 'NONE', #3141 ) ;
#9423 = PLANE ( 'NONE',  #5530 ) ;
#9424 = EDGE_CURVE ( 'NONE', #508, #4777, #8640, .T. ) ;
#9425 = DIRECTION ( 'NONE',  ( 1.000000000000000000, 0.000000000000000000, 0.000000000000000000 ) ) ;
#9426 = PLANE ( 'NONE',  #9165 ) ;
#9427 = EDGE_CURVE ( 'NONE', #2070, #3288, #11547, .T. ) ;
#9428 = DIRECTION ( 'NONE',  ( 0.000000000000000000, -0.9967969531173912490, 0.07997395986122736444 ) ) ;
#9429 = ADVANCED_FACE ( 'NONE', ( #8820 ), #11664, .T. ) ;
#9430 = DIRECTION ( 'NONE',  ( 0.000000000000000000, 0.9967969531173911379, -0.07997395986122909917 ) ) ;
#9431 = DIRECTION ( 'NONE',  ( 0.000000000000000000, 0.000000000000000000, -1.000000000000000000 ) ) ;
#9432 = ORIENTED_EDGE ( 'NONE', *, *, #7900, .T. ) ;
#9433 = VERTEX_POINT ( 'NONE', #7066 ) ;
#9434 = VERTEX_POINT ( 'NONE', #2473 ) ;
#9435 = EDGE_CURVE ( 'NONE', #11374, #2973, #5343, .T. ) ;
#9436 = CARTESIAN_POINT ( 'NONE',  ( -0.7900000000000015898, 0.000000000000000000, -1.949999999999999956 ) ) ;
#9437 = DIRECTION ( 'NONE',  ( 0.000000000000000000, -0.9967969531173912490, 0.07997395986122736444 ) ) ;
#9438 = EDGE_CURVE ( 'NONE', #1841, #5242, #11603, .T. ) ;
#9439 = DIRECTION ( 'NONE',  ( 1.000000000000000000, 0.000000000000000000, 0.000000000000000000 ) ) ;
#9440 = DIRECTION ( 'NONE',  ( 0.000000000000000000, 0.000000000000000000, -1.000000000000000000 ) ) ;
#9441 = CARTESIAN_POINT ( 'NONE',  ( 3.329999999999999627, -0.2011149196957552621, 2.461537905304631568 ) ) ;
#9442 = CARTESIAN_POINT ( 'NONE',  ( 4.289999999999999147, 0.000000000000000000, 1.949999999999999956 ) ) ;
#9443 = PRESENTATION_STYLE_ASSIGNMENT (( #4000 ) ) ;
#9444 = VERTEX_POINT ( 'NONE', #7959 ) ;
#9445 = ORIENTED_EDGE ( 'NONE', *, *, #6780, .F. ) ;
#9446 = EDGE_LOOP ( 'NONE', ( #4594, #10925, #8493, #468, #1417, #2566, #5015, #1792, #4601, #7839, #3150, #10441 ) ) ;
#9447 = ORIENTED_EDGE ( 'NONE', *, *, #11593, .T. ) ;
#9448 = FACE_OUTER_BOUND ( 'NONE', #868, .T. ) ;
#9449 = CYLINDRICAL_SURFACE ( 'NONE', #6668, 0.1017314392126205669 ) ;
#9450 = ORIENTED_EDGE ( 'NONE', *, *, #5115, .T. ) ;
#9451 = ORIENTED_EDGE ( 'NONE', *, *, #2906, .F. ) ;
#9452 = DIRECTION ( 'NONE',  ( 0.000000000000000000, 0.9967969531173912490, 0.07997395986122911304 ) ) ;
#9453 = EDGE_CURVE ( 'NONE', #6472, #8709, #1626, .T. ) ;
#9454 = LINE ( 'NONE', #6814, #10668 ) ;
#9455 = DIRECTION ( 'NONE',  ( 0.000000000000000000, 0.000000000000000000, -1.000000000000000000 ) ) ;
#9456 = CARTESIAN_POINT ( 'NONE',  ( 4.264999999999999680, -0.4326855326005906166, -2.767151338054931742 ) ) ;
#9457 = ORIENTED_EDGE ( 'NONE', *, *, #2063, .T. ) ;
#9458 = DIRECTION ( 'NONE',  ( 1.000000000000000000, 0.000000000000000000, 0.000000000000000000 ) ) ;
#9459 = ADVANCED_FACE ( 'NONE', ( #8867 ), #6062, .T. ) ;
#9460 = CARTESIAN_POINT ( 'NONE',  ( 2.059999999999999609, -0.1918287497687165000, 2.577280903468829099 ) ) ;
#9461 = VERTEX_POINT ( 'NONE', #7121 ) ;
#9462 = DIRECTION ( 'NONE',  ( 1.000000000000000000, 0.000000000000000000, 0.000000000000000000 ) ) ;
#9463 =( NAMED_UNIT ( * ) SI_UNIT ( $, .STERADIAN. ) SOLID_ANGLE_UNIT ( ) );
#9464 = DIRECTION ( 'NONE',  ( 0.000000000000000000, 0.000000000000000000, -1.000000000000000000 ) ) ;
#9465 = CARTESIAN_POINT ( 'NONE',  ( 4.599999999999999645, -0.08500000000000000611, 2.461537905304634677 ) ) ;
#9466 = DIRECTION ( 'NONE',  ( -0.000000000000000000, 0.9925461516413219831, 0.1218693434051477537 ) ) ;
#9467 = CARTESIAN_POINT ( 'NONE',  ( 4.289999999999999147, 0.08500000000000000611, 2.461537905304632012 ) ) ;
#9468 = LINE ( 'NONE', #9274, #8311 ) ;
#9469 = CARTESIAN_POINT ( 'NONE',  ( -0.7900000000000003686, 0.2042282574763048253, 2.545504876163455776 ) ) ;
#9470 = ORIENTED_EDGE ( 'NONE', *, *, #4363, .F. ) ;
#9471 = DIRECTION ( 'NONE',  ( 0.000000000000000000, -0.07997395986122909917, -0.9967969531173911379 ) ) ;
#9472 = DIRECTION ( 'NONE',  ( 0.000000000000000000, 1.000000000000000000, 0.000000000000000000 ) ) ;
#9473 = VERTEX_POINT ( 'NONE', #7005 ) ;
#9474 = EDGE_LOOP ( 'NONE', ( #7535, #9608, #3008, #4125 ) ) ;
#9475 = LINE ( 'NONE', #7488, #8532 ) ;
#9476 = EDGE_CURVE ( 'NONE', #3913, #3396, #4324, .T. ) ;
#9477 = ORIENTED_EDGE ( 'NONE', *, *, #2591, .F. ) ;
#9478 = DIRECTION ( 'NONE',  ( -1.000000000000000000, 0.000000000000000000, 0.000000000000000000 ) ) ;
#9479 = CARTESIAN_POINT ( 'NONE',  ( -3.020000000000000018, -0.4532685607873790379, 2.870861070673345061 ) ) ;
#9480 = LINE ( 'NONE', #7554, #4993 ) ;
#9481 = STYLED_ITEM ( 'NONE', ( #8109 ), #2257 ) ;
#9482 = EDGE_CURVE ( 'NONE', #1802, #10793, #6882, .T. ) ;
#9483 = ADVANCED_FACE ( 'NONE', ( #631 ), #4156, .F. ) ;
#9484 = CARTESIAN_POINT ( 'NONE',  ( -0.8250000000000010658, -0.1970818674976871909, 2.577702366059670069 ) ) ;
#9485 = CARTESIAN_POINT ( 'NONE',  ( -4.950000000000000178, 0.000000000000000000, 1.949999999999999956 ) ) ;
#9486 = CARTESIAN_POINT ( 'NONE',  ( -2.985000000000000764, -0.4326855326006436298, 2.767151338054935739 ) ) ;
#9487 = EDGE_CURVE ( 'NONE', #3366, #2448, #573, .T. ) ;
#9488 = ORIENTED_EDGE ( 'NONE', *, *, #9584, .F. ) ;
#9489 = EDGE_LOOP ( 'NONE', ( #2646, #3943, #2020, #8026, #1317, #11819, #8927, #6322, #7523 ) ) ;
#9490 = ORIENTED_EDGE ( 'NONE', *, *, #5842, .T. ) ;
#9491 = ORIENTED_EDGE ( 'NONE', *, *, #4569, .T. ) ;
#9492 = EDGE_CURVE ( 'NONE', #8845, #9825, #729, .T. ) ;
#9493 = DIRECTION ( 'NONE',  ( 0.000000000000000000, -0.9967969531173912490, -0.07997395986122911304 ) ) ;
#9494 = VECTOR ( 'NONE', #629, 1000.000000000000114 ) ;
#9495 = ADVANCED_FACE ( 'NONE', ( #6908 ), #2530, .F. ) ;
#9496 = DIRECTION ( 'NONE',  ( -1.000000000000000000, -0.000000000000000000, -0.000000000000000000 ) ) ;
#9497 = DIRECTION ( 'NONE',  ( 1.000000000000000000, 0.000000000000000000, 0.000000000000000000 ) ) ;
#9498 = ADVANCED_FACE ( 'NONE', ( #3367 ), #11442, .T. ) ;
#9499 = LINE ( 'NONE', #1305, #1114 ) ;
#9500 = LINE ( 'NONE', #11342, #4503 ) ;
#9501 = PLANE ( 'NONE',  #7383 ) ;
#9502 = ORIENTED_EDGE ( 'NONE', *, *, #7410, .F. ) ;
#9503 = VECTOR ( 'NONE', #2513, 1000.000000000000000 ) ;
#9504 = EDGE_CURVE ( 'NONE', #6939, #3435, #11499, .T. ) ;
#9505 = ORIENTED_EDGE ( 'NONE', *, *, #5252, .F. ) ;
#9506 = ORIENTED_EDGE ( 'NONE', *, *, #8768, .F. ) ;
#9507 = ORIENTED_EDGE ( 'NONE', *, *, #10990, .T. ) ;
#9508 = DIRECTION ( 'NONE',  ( 1.000000000000000000, 0.000000000000000000, 0.000000000000000000 ) ) ;
#9509 = PLANE ( 'NONE',  #2657 ) ;
#9510 = EDGE_LOOP ( 'NONE', ( #1223, #6839, #3564, #7385 ) ) ;
#9511 = EDGE_LOOP ( 'NONE', ( #10312, #8417, #1936, #3500, #6476, #4274, #1648, #9768, #356, #5295, #6280, #2540, #7381, #5256, #89, #2764, #8401, #10703, #6337, #833, #8008, #1922, #1024, #934, #6106, #4628, #10756, #9293, #11795, #5935, #6740, #4279, #11372, #4949, #5027, #2836 ) ) ;
#9512 = DIRECTION ( 'NONE',  ( 0.000000000000000000, -0.9967969531173912490, 0.07997395986122909917 ) ) ;
#9513 = DIRECTION ( 'NONE',  ( 0.000000000000000000, -0.9967969531173912490, 0.07997395986122922407 ) ) ;
#9514 = CARTESIAN_POINT ( 'NONE',  ( 1.749999999999999778, -0.7249999999999999778, 3.000000000000000000 ) ) ;
#9515 = CARTESIAN_POINT ( 'NONE',  ( -0.7900000000000003686, -0.1970818674976872464, 2.577702366059670069 ) ) ;
#9516 = VECTOR ( 'NONE', #10081, 1000.000000000000000 ) ;
#9517 = ORIENTED_EDGE ( 'NONE', *, *, #9435, .T. ) ;
#9518 = EDGE_CURVE ( 'NONE', #7880, #6561, #770, .T. ) ;
#9519 = PLANE ( 'NONE',  #5319 ) ;
#9520 = DIRECTION ( 'NONE',  ( 0.000000000000000000, 0.000000000000000000, -1.000000000000000000 ) ) ;
#9521 = VERTEX_POINT ( 'NONE', #2417 ) ;
#9522 = ADVANCED_FACE ( 'NONE', ( #1526 ), #5175, .F. ) ;
#9523 = CARTESIAN_POINT ( 'NONE',  ( -1.750000000000000666, -0.08500000000000000611, -2.461537905304634677 ) ) ;
#9524 = AXIS2_PLACEMENT_3D ( 'NONE', #6953, #11432, #2410 ) ;
#9525 = DIRECTION ( 'NONE',  ( 1.000000000000000000, 0.000000000000000000, 0.000000000000000000 ) ) ;
#9526 = AXIS2_PLACEMENT_3D ( 'NONE', #1596, #6238, #691 ) ;
#9527 = DIRECTION ( 'NONE',  ( 1.000000000000000000, -0.000000000000000000, 0.000000000000000000 ) ) ;
#9528 = PLANE ( 'NONE',  #11253 ) ;
#9529 = AXIS2_PLACEMENT_3D ( 'NONE', #7289, #3896, #4663 ) ;
#9530 = AXIS2_PLACEMENT_3D ( 'NONE', #10189, #10954, #273 ) ;
#9531 = DIRECTION ( 'NONE',  ( 0.000000000000000000, -1.000000000000000000, 0.000000000000000000 ) ) ;
#9532 = CARTESIAN_POINT ( 'NONE',  ( -2.060000000000000497, 0.000000000000000000, 0.000000000000000000 ) ) ;
#9533 = VERTEX_POINT ( 'NONE', #10825 ) ;
#9534 = EDGE_CURVE ( 'NONE', #10491, #2921, #5943, .T. ) ;
#9535 = CARTESIAN_POINT ( 'NONE',  ( -0.4800000000000003708, -0.7250000000000001998, -2.870861070673344617 ) ) ;
#9536 = AXIS2_PLACEMENT_3D ( 'NONE', #4245, #1706, #5533 ) ;
#9537 = CARTESIAN_POINT ( 'NONE',  ( 2.984999999999998987, -0.1970818674976607399, 2.577702366059667849 ) ) ;
#9538 = ORIENTED_EDGE ( 'NONE', *, *, #9007, .F. ) ;
#9539 =( GEOMETRIC_REPRESENTATION_CONTEXT ( 3 ) GLOBAL_UNCERTAINTY_ASSIGNED_CONTEXT ( ( #9096 ) ) GLOBAL_UNIT_ASSIGNED_CONTEXT ( ( #8424, #4789, #10279 ) ) REPRESENTATION_CONTEXT ( 'NONE', 'WORKASPACE' ) );
#9540 = EDGE_LOOP ( 'NONE', ( #9706, #9817, #265, #11099 ) ) ;
#9541 = CARTESIAN_POINT ( 'NONE',  ( -1.750000000000000666, -0.7249999999999999778, 3.000000000000000000 ) ) ;
#9542 = VERTEX_POINT ( 'NONE', #5449 ) ;
#9543 = ORIENTED_EDGE ( 'NONE', *, *, #2814, .T. ) ;
#9544 = DIRECTION ( 'NONE',  ( 0.000000000000000000, -0.9967969531173912490, -0.07997395986122909917 ) ) ;
#9545 = VECTOR ( 'NONE', #6142, 1000.000000000000114 ) ;
#9546 = VECTOR ( 'NONE', #1533, 1000.000000000000000 ) ;
#9547 = FACE_OUTER_BOUND ( 'NONE', #10770, .T. ) ;
#9548 =( NAMED_UNIT ( * ) PLANE_ANGLE_UNIT ( ) SI_UNIT ( $, .RADIAN. ) );
#9549 = VECTOR ( 'NONE', #4467, 1000.000000000000000 ) ;
#9550 = AXIS2_PLACEMENT_3D ( 'NONE', #11368, #5952, #3077 ) ;
#9551 = VECTOR ( 'NONE', #887, 1000.000000000000000 ) ;
#9552 = DIRECTION ( 'NONE',  ( 1.000000000000000000, 0.000000000000000000, 0.000000000000000000 ) ) ;
#9553 = AXIS2_PLACEMENT_3D ( 'NONE', #3050, #303, #545 ) ;
#9554 = FACE_OUTER_BOUND ( 'NONE', #2035, .T. ) ;
#9555 = ORIENTED_EDGE ( 'NONE', *, *, #3690, .F. ) ;
#9556 = EDGE_LOOP ( 'NONE', ( #10729, #5109, #9865, #5284 ) ) ;
#9557 = VERTEX_POINT ( 'NONE', #4616 ) ;
#9558 = ORIENTED_EDGE ( 'NONE', *, *, #3155, .F. ) ;
#9559 = LINE ( 'NONE', #11509, #11421 ) ;
#9560 = CARTESIAN_POINT ( 'NONE',  ( 2.984999999999998987, -0.4326855326005993874, 2.767151338054932186 ) ) ;
#9561 = AXIS2_PLACEMENT_3D ( 'NONE', #4303, #10537, #6935 ) ;
#9562 = PRODUCT_CONTEXT ( 'NONE', #1182, 'mechanical' ) ;
#9563 = VECTOR ( 'NONE', #10458, 1000.000000000000000 ) ;
#9564 = AXIS2_PLACEMENT_3D ( 'NONE', #666, #1616, #5213 ) ;
#9565 = FACE_OUTER_BOUND ( 'NONE', #5055, .T. ) ;
#9566 = EDGE_CURVE ( 'NONE', #2503, #171, #6346, .T. ) ;
#9567 = LINE ( 'NONE', #5848, #11236 ) ;
#9568 = DIRECTION ( 'NONE',  ( 0.000000000000000000, 0.9967969531173912490, 0.07997395986122911304 ) ) ;
#9569 = CARTESIAN_POINT ( 'NONE',  ( -2.995000000000000107, -0.1834862943212428044, -2.747157848089624821 ) ) ;
#9570 = VERTEX_POINT ( 'NONE', #9093 ) ;
#9571 = ADVANCED_FACE ( 'NONE', ( #6523 ), #8197, .T. ) ;
#9572 = EDGE_LOOP ( 'NONE', ( #10024, #3740, #3682, #6594, #5666, #8853, #9801, #10602, #8986 ) ) ;
#9573 = AXIS2_PLACEMENT_3D ( 'NONE', #9652, #9758, #7899 ) ;
#9574 = AXIS2_PLACEMENT_3D ( 'NONE', #6285, #7299, #6401 ) ;
#9575 = ORIENTED_EDGE ( 'NONE', *, *, #11456, .T. ) ;
#9576 = ORIENTED_EDGE ( 'NONE', *, *, #268, .T. ) ;
#9577 = LINE ( 'NONE', #8637, #696 ) ;
#9578 = CARTESIAN_POINT ( 'NONE',  ( 4.599999999999999645, -0.4750000000000020872, -2.599999999999999645 ) ) ;
#9579 = ORIENTED_EDGE ( 'NONE', *, *, #1527, .F. ) ;
#9580 = ADVANCED_FACE ( 'NONE', ( #2634 ), #7295, .T. ) ;
#9581 = DIRECTION ( 'NONE',  ( -0.000000000000000000, -0.9925461516413219831, 0.1218693434051477537 ) ) ;
#9582 = DIRECTION ( 'NONE',  ( 0.000000000000000000, 5.037375692079792934E-15, 1.000000000000000000 ) ) ;
#9583 = CARTESIAN_POINT ( 'NONE',  ( -3.330000000000000071, 0.000000000000000000, 1.949999999999999956 ) ) ;
#9584 = EDGE_CURVE ( 'NONE', #7638, #9148, #2751, .T. ) ;
#9585 = CARTESIAN_POINT ( 'NONE',  ( 4.289999999999999147, -0.08500000000000000611, -1.939563312323252964 ) ) ;
#9586 = DIRECTION ( 'NONE',  ( 1.000000000000000000, 0.000000000000000000, -0.000000000000000000 ) ) ;
#9587 = EDGE_CURVE ( 'NONE', #388, #8403, #796, .T. ) ;
#9588 = VECTOR ( 'NONE', #5247, 1000.000000000000114 ) ;
#9589 = ORIENTED_EDGE ( 'NONE', *, *, #1329, .F. ) ;
#9590 = ADVANCED_FACE ( 'NONE', ( #4439 ), #903, .T. ) ;
#9591 = CARTESIAN_POINT ( 'NONE',  ( -0.7900000000000003686, 0.08500000000000000611, 0.000000000000000000 ) ) ;
#9592 = CARTESIAN_POINT ( 'NONE',  ( -4.255000000000000782, -0.2334590321417965297, 2.124296695724090522 ) ) ;
#9593 = ORIENTED_EDGE ( 'NONE', *, *, #1473, .T. ) ;
#9594 = ORIENTED_EDGE ( 'NONE', *, *, #6993, .T. ) ;
#9595 = LINE ( 'NONE', #664, #6273 ) ;
#9596 = EDGE_LOOP ( 'NONE', ( #9834, #4795, #11711, #10066 ) ) ;
#9597 = CARTESIAN_POINT ( 'NONE',  ( 1.749999999999999778, -0.4462811057770173506, 2.597695856024974770 ) ) ;
#9598 = EDGE_CURVE ( 'NONE', #151, #6590, #9151, .T. ) ;
#9599 = LINE ( 'NONE', #6049, #8201 ) ;
#9600 = DIRECTION ( 'NONE',  ( 1.000000000000000000, 0.000000000000000000, 0.000000000000000000 ) ) ;
#9601 = CARTESIAN_POINT ( 'NONE',  ( -4.290000000000000036, 0.2178238306527182089, -2.714960358193412304 ) ) ;
#9602 = ADVANCED_FACE ( 'NONE', ( #976 ), #7407, .F. ) ;
#9603 = DIRECTION ( 'NONE',  ( 0.000000000000000000, 0.000000000000000000, -1.000000000000000000 ) ) ;
#9604 = PLANE ( 'NONE',  #11769 ) ;
#9605 = EDGE_LOOP ( 'NONE', ( #6228, #6488, #11058, #5367 ) ) ;
#9606 = CARTESIAN_POINT ( 'NONE',  ( -4.635000000000000675, -0.1834862943213046715, 2.747157848089629262 ) ) ;
#9607 = LINE ( 'NONE', #5700, #3251 ) ;
#9608 = ORIENTED_EDGE ( 'NONE', *, *, #8525, .T. ) ;
#9609 = ORIENTED_EDGE ( 'NONE', *, *, #932, .F. ) ;
#9610 = CARTESIAN_POINT ( 'NONE',  ( 4.599999999999999645, -0.6505093632533087700, 0.05219097986151955554 ) ) ;
#9611 = ORIENTED_EDGE ( 'NONE', *, *, #457, .F. ) ;
#9612 = VERTEX_POINT ( 'NONE', #8076 ) ;
#9613 = LINE ( 'NONE', #1418, #6680 ) ;
#9614 = VECTOR ( 'NONE', #10419, 1000.000000000000000 ) ;
#9615 = DIRECTION ( 'NONE',  ( 1.000000000000000000, 0.000000000000000000, 0.000000000000000000 ) ) ;
#9616 = EDGE_CURVE ( 'NONE', #4815, #3264, #5355, .T. ) ;
#9617 = UNCERTAINTY_MEASURE_WITH_UNIT (LENGTH_MEASURE( 1.000000000000000082E-05 ), #115, 'distance_accuracy_value', 'NONE');
#9618 = PLANE ( 'NONE',  #4376 ) ;
#9619 = VECTOR ( 'NONE', #11513, 1000.000000000000000 ) ;
#9620 = LINE ( 'NONE', #1294, #2832 ) ;
#9621 = PLANE ( 'NONE',  #10284 ) ;
#9622 = VERTEX_POINT ( 'NONE', #7346 ) ;
#9623 = ORIENTED_EDGE ( 'NONE', *, *, #7864, .T. ) ;
#9624 = ORIENTED_EDGE ( 'NONE', *, *, #3657, .F. ) ;
#9625 = ADVANCED_BREP_SHAPE_REPRESENTATION ( 'L9963T', ( #8133, #9918 ), #8194 ) ;
#9626 = EDGE_LOOP ( 'NONE', ( #152, #5982, #1613, #2438 ) ) ;
#9627 = LINE ( 'NONE', #6967, #1508 ) ;
#9628 = VECTOR ( 'NONE', #1953, 1000.000000000000000 ) ;
#9629 = DIRECTION ( 'NONE',  ( -1.000000000000000000, 0.000000000000000000, -0.000000000000000000 ) ) ;
#9630 = LINE ( 'NONE', #6075, #7874 ) ;
#9631 = DIRECTION ( 'NONE',  ( 1.000000000000000000, 0.000000000000000000, 0.000000000000000000 ) ) ;
#9632 = FACE_BOUND ( 'NONE', #322, .T. ) ;
#9633 = ORIENTED_EDGE ( 'NONE', *, *, #10368, .T. ) ;
#9634 = ORIENTED_EDGE ( 'NONE', *, *, #7465, .F. ) ;
#9635 = VERTEX_POINT ( 'NONE', #10992 ) ;
#9636 = EDGE_LOOP ( 'NONE', ( #2412, #6057, #2273, #2586 ) ) ;
#9637 = LINE ( 'NONE', #6086, #6484 ) ;
#9638 = ORIENTED_EDGE ( 'NONE', *, *, #6198, .T. ) ;
#9639 = EDGE_CURVE ( 'NONE', #2959, #6580, #11714, .T. ) ;
#9640 = DIRECTION ( 'NONE',  ( 1.000000000000000000, -0.000000000000000000, 0.000000000000000000 ) ) ;
#9641 = DIRECTION ( 'NONE',  ( -1.000000000000000000, 0.000000000000000000, -0.000000000000000000 ) ) ;
#9642 = PLANE ( 'NONE',  #7996 ) ;
#9643 = CYLINDRICAL_SURFACE ( 'NONE', #6881, 0.2861149196957545326 ) ;
#9644 = CARTESIAN_POINT ( 'NONE',  ( -3.020000000000000018, 0.000000000000000000, 1.949999999999999956 ) ) ;
#9645 = EDGE_CURVE ( 'NONE', #5096, #1541, #1927, .T. ) ;
#9646 = VERTEX_POINT ( 'NONE', #9041 ) ;
#9647 = CARTESIAN_POINT ( 'NONE',  ( -2.060000000000000497, 0.2042282574763048253, -2.545504876163455776 ) ) ;
#9648 = EDGE_LOOP ( 'NONE', ( #5703, #882, #652, #858, #4746, #7238, #4563, #3551, #10349 ) ) ;
#9649 = DIRECTION ( 'NONE',  ( 1.000000000000000000, -0.000000000000000000, 0.000000000000000000 ) ) ;
#9650 = EDGE_CURVE ( 'NONE', #808, #10903, #3528, .T. ) ;
#9651 = ORIENTED_EDGE ( 'NONE', *, *, #10177, .T. ) ;
#9652 = CARTESIAN_POINT ( 'NONE',  ( -0.8250000000000010658, -0.4826582704211178076, 2.144290185689395667 ) ) ;
#9653 = EDGE_CURVE ( 'NONE', #4497, #1011, #2877, .T. ) ;
#9654 = EDGE_CURVE ( 'NONE', #9824, #4053, #3589, .T. ) ;
#9655 = CARTESIAN_POINT ( 'NONE',  ( 0.4799999999999999267, -0.5550000000000000488, 3.000000000000000000 ) ) ;
#9656 = CARTESIAN_POINT ( 'NONE',  ( 0.4799999999999999267, 0.2178238306527182089, -2.714960358193412304 ) ) ;
#9657 = EDGE_CURVE ( 'NONE', #3666, #4004, #4921, .T. ) ;
#9658 = FACE_OUTER_BOUND ( 'NONE', #10138, .T. ) ;
#9659 = VERTEX_POINT ( 'NONE', #4028 ) ;
#9660 = CARTESIAN_POINT ( 'NONE',  ( -4.290000000000000036, 0.2042282574763048253, -2.545504876163455776 ) ) ;
#9661 = DIRECTION ( 'NONE',  ( 0.000000000000000000, 0.000000000000000000, -1.000000000000000000 ) ) ;
#9662 = ORIENTED_EDGE ( 'NONE', *, *, #5241, .F. ) ;
#9663 = EDGE_LOOP ( 'NONE', ( #3259, #11260, #11630, #9282 ) ) ;
#9664 = CARTESIAN_POINT ( 'NONE',  ( 1.749999999999999778, -0.5549999999999849498, -2.795743509104209498E-15 ) ) ;
#9665 = EDGE_CURVE ( 'NONE', #9150, #6039, #6767, .T. ) ;
#9666 = CARTESIAN_POINT ( 'NONE',  ( 4.289999999999999147, -0.08500000000000000611, 0.000000000000000000 ) ) ;
#9667 = DIRECTION ( 'NONE',  ( 0.000000000000000000, 0.07997395986122909917, 0.9967969531173911379 ) ) ;
#9668 = CARTESIAN_POINT ( 'NONE',  ( 2.059999999999999609, 0.2042282574763048253, 2.545504876163455776 ) ) ;
#9669 = DIRECTION ( 'NONE',  ( 0.000000000000000000, -0.07997395986122908529, 0.9967969531173911379 ) ) ;
#9670 = EDGE_CURVE ( 'NONE', #5121, #3525, #1215, .T. ) ;
#9671 = ORIENTED_EDGE ( 'NONE', *, *, #10062, .T. ) ;
#9672 = VERTEX_POINT ( 'NONE', #3903 ) ;
#9673 = ORIENTED_EDGE ( 'NONE', *, *, #3955, .T. ) ;
#9674 = LINE ( 'NONE', #470, #2453 ) ;
#9675 = CARTESIAN_POINT ( 'NONE',  ( -1.750000000000000666, -0.1782331765923089728, -2.746736385498786515 ) ) ;
#9676 = LINE ( 'NONE', #6187, #10079 ) ;
#9677 = CARTESIAN_POINT ( 'NONE',  ( 2.059999999999999609, -0.4326855326006082691, 2.767151338054933074 ) ) ;
#9678 = LINE ( 'NONE', #5239, #8555 ) ;
#9679 = AXIS2_PLACEMENT_3D ( 'NONE', #945, #6430, #8283 ) ;
#9680 = ORIENTED_EDGE ( 'NONE', *, *, #10147, .T. ) ;
#9681 = VERTEX_POINT ( 'NONE', #9267 ) ;
#9682 = CARTESIAN_POINT ( 'NONE',  ( 4.289999999999999147, -0.6505093632533088810, -0.05219097986151956942 ) ) ;
#9683 = ORIENTED_EDGE ( 'NONE', *, *, #2266, .F. ) ;
#9684 = DIRECTION ( 'NONE',  ( 0.000000000000000000, -0.9967969531173912490, -0.07997395986122909917 ) ) ;
#9685 = CARTESIAN_POINT ( 'NONE',  ( 4.599999999999999645, -0.2011149196957552621, -2.461537905304631568 ) ) ;
#9686 = DIRECTION ( 'NONE',  ( -1.000000000000000000, 0.000000000000000000, -0.000000000000000000 ) ) ;
#9687 = PLANE ( 'NONE',  #2847 ) ;
#9688 = VECTOR ( 'NONE', #1170, 1000.000000000000114 ) ;
#9689 = ADVANCED_FACE ( 'NONE', ( #8497 ), #4990, .T. ) ;
#9690 = EDGE_LOOP ( 'NONE', ( #11358, #521, #2046, #11132 ) ) ;
#9691 = LINE ( 'NONE', #3120, #11026 ) ;
#9692 = VERTEX_POINT ( 'NONE', #1338 ) ;
#9693 = VERTEX_POINT ( 'NONE', #8625 ) ;
#9694 = DIRECTION ( 'NONE',  ( 0.000000000000000000, -0.9967969531173912490, 0.07997395986122736444 ) ) ;
#9695 = ORIENTED_EDGE ( 'NONE', *, *, #6712, .T. ) ;
#9696 = CARTESIAN_POINT ( 'NONE',  ( 3.354999999999999538, -0.4462811057769996981, -2.597695856024973882 ) ) ;
#9697 = CARTESIAN_POINT ( 'NONE',  ( -4.290000000000000036, -0.4532685607873790379, 2.870861070673345061 ) ) ;
#9698 = CARTESIAN_POINT ( 'NONE',  ( -2.060000000000000497, -0.1970818674976519413, -2.577702366059666517 ) ) ;
#9699 = LINE ( 'NONE', #9601, #7043 ) ;
#9700 = AXIS2_PLACEMENT_3D ( 'NONE', #3844, #2175, #6647 ) ;
#9701 = EDGE_CURVE ( 'NONE', #3396, #9252, #2869, .T. ) ;
#9702 = FILL_AREA_STYLE_COLOUR ( '', #3363 ) ;
#9703 = ORIENTED_EDGE ( 'NONE', *, *, #771, .T. ) ;
#9704 = DIRECTION ( 'NONE',  ( 0.000000000000000000, -0.9967969531173912490, 0.07997395986122736444 ) ) ;
#9705 = DIRECTION ( 'NONE',  ( 0.000000000000000000, 0.07997395986122911304, -0.9967969531173912490 ) ) ;
#9706 = ORIENTED_EDGE ( 'NONE', *, *, #9811, .F. ) ;
#9707 = ORIENTED_EDGE ( 'NONE', *, *, #6063, .F. ) ;
#9708 = CARTESIAN_POINT ( 'NONE',  ( -0.4450000000000009504, -0.2334590321417700232, 2.124296695724088302 ) ) ;
#9709 = EDGE_CURVE ( 'NONE', #1416, #8485, #11122, .T. ) ;
#9710 = AXIS2_PLACEMENT_3D ( 'NONE', #4064, #11157, #2968 ) ;
#9711 = ORIENTED_EDGE ( 'NONE', *, *, #11108, .F. ) ;
#9712 = DIRECTION ( 'NONE',  ( 0.000000000000000000, 0.9967969531173912490, 0.07997395986122736444 ) ) ;
#9713 = CARTESIAN_POINT ( 'NONE',  ( -4.950000000000000178, 0.000000000000000000, 1.949999999999999956 ) ) ;
#9714 = VECTOR ( 'NONE', #5392, 999.9999999999998863 ) ;
#9715 = VECTOR ( 'NONE', #8471, 1000.000000000000114 ) ;
#9716 = EDGE_CURVE ( 'NONE', #1539, #6088, #10228, .T. ) ;
#9717 = VECTOR ( 'NONE', #3679, 1000.000000000000000 ) ;
#9718 = DIRECTION ( 'NONE',  ( 1.000000000000000000, 0.000000000000000000, 0.000000000000000000 ) ) ;
#9719 = VECTOR ( 'NONE', #10930, 1000.000000000000000 ) ;
#9720 = CARTESIAN_POINT ( 'NONE',  ( -1.715000000000001190, -0.4462811057770437739, 2.597695856024976990 ) ) ;
#9721 = AXIS2_PLACEMENT_3D ( 'NONE', #3018, #6670, #11275 ) ;
#9722 = VECTOR ( 'NONE', #2874, 1000.000000000000000 ) ;
#9723 = ORIENTED_EDGE ( 'NONE', *, *, #83, .F. ) ;
#9724 = ORIENTED_EDGE ( 'NONE', *, *, #11584, .T. ) ;
#9725 = ORIENTED_EDGE ( 'NONE', *, *, #9050, .F. ) ;
#9726 = LINE ( 'NONE', #7812, #2824 ) ;
#9727 = CARTESIAN_POINT ( 'NONE',  ( -4.950000000000000178, 0.08500000000000000611, 1.939563312323252964 ) ) ;
#9728 = APPLICATION_PROTOCOL_DEFINITION ( 'draft international standard', 'automotive_design', 1998, #1182 ) ;
#9729 = LINE ( 'NONE', #10622, #7486 ) ;
#9731 = EDGE_CURVE ( 'NONE', #2051, #4426, #2936, .T. ) ;
#9730 = VECTOR ( 'NONE', #6407, 999.9999999999998863 ) ;
#9732 = VECTOR ( 'NONE', #9694, 1000.000000000000114 ) ;
#9733 = VECTOR ( 'NONE', #8907, 999.9999999999998863 ) ;
#9734 = CARTESIAN_POINT ( 'NONE',  ( 0.7899999999999999245, 0.08500000000000000611, -2.461537905304632012 ) ) ;
#9735 = LINE ( 'NONE', #7877, #2419 ) ;
#9736 = FACE_OUTER_BOUND ( 'NONE', #7369, .T. ) ;
#9737 = EDGE_LOOP ( 'NONE', ( #9753, #781, #10187, #8664 ) ) ;
#9738 = ORIENTED_EDGE ( 'NONE', *, *, #7283, .T. ) ;
#9739 = CARTESIAN_POINT ( 'NONE',  ( 3.329999999999999627, -0.4614044268235938384, 2.769455482029957061 ) ) ;
#9740 = VERTEX_POINT ( 'NONE', #11360 ) ;
#9741 = VECTOR ( 'NONE', #2747, 1000.000000000000000 ) ;
#9742 = CIRCLE ( 'NONE', #8388, 0.2717314392126214395 ) ;
#9743 = AXIS2_PLACEMENT_3D ( 'NONE', #3346, #611, #7890 ) ;
#9744 = CARTESIAN_POINT ( 'NONE',  ( -4.255000000000000782, -0.4826582704211443420, 2.144290185689397887 ) ) ;
#9745 = DIRECTION ( 'NONE',  ( 0.000000000000000000, -0.9967969531173912490, 0.07997395986122909917 ) ) ;
#9746 = DIRECTION ( 'NONE',  ( 0.000000000000000000, 0.07997395986122911304, -0.9967969531173912490 ) ) ;
#9747 = DIRECTION ( 'NONE',  ( 0.000000000000000000, 0.000000000000000000, -1.000000000000000000 ) ) ;
#9748 = LINE ( 'NONE', #1562, #952 ) ;
#9749 = EDGE_CURVE ( 'NONE', #11401, #2070, #2993, .T. ) ;
#9750 = VECTOR ( 'NONE', #3560, 1000.000000000000000 ) ;
#9751 = VECTOR ( 'NONE', #10297, 1000.000000000000000 ) ;
#9752 = VECTOR ( 'NONE', #6126, 1000.000000000000000 ) ;
#9753 = ORIENTED_EDGE ( 'NONE', *, *, #8103, .T. ) ;
#9754 = CARTESIAN_POINT ( 'NONE',  ( 1.724999999999999645, -0.4326855326005906166, -2.767151338054931742 ) ) ;
#9755 = VERTEX_POINT ( 'NONE', #11246 ) ;
#9756 = CARTESIAN_POINT ( 'NONE',  ( 4.289999999999999147, -0.5549999999999849498, 2.795743509104209498E-15 ) ) ;
#9757 = VERTEX_POINT ( 'NONE', #2225 ) ;
#9758 = DIRECTION ( 'NONE',  ( 0.000000000000000000, -0.9967969531173911379, 0.07997395986122909917 ) ) ;
#9759 = VECTOR ( 'NONE', #481, 1000.000000000000114 ) ;
#9760 = DIRECTION ( 'NONE',  ( 0.000000000000000000, 1.000000000000000000, 0.000000000000000000 ) ) ;
#9761 = VERTEX_POINT ( 'NONE', #10476 ) ;
#9762 = VECTOR ( 'NONE', #10012, 1000.000000000000114 ) ;
#9763 = CARTESIAN_POINT ( 'NONE',  ( -4.635000000000000675, -0.4462811057770615930, 2.597695856024978767 ) ) ;
#9764 = CARTESIAN_POINT ( 'NONE',  ( 3.019999999999999574, 0.2178238306527182089, 2.714960358193412304 ) ) ;
#9765 = ORIENTED_EDGE ( 'NONE', *, *, #10517, .T. ) ;
#9766 = ORIENTED_EDGE ( 'NONE', *, *, #2671, .T. ) ;
#9767 = LINE ( 'NONE', #6008, #3191 ) ;
#9768 = ORIENTED_EDGE ( 'NONE', *, *, #201, .F. ) ;
#9769 = DIRECTION ( 'NONE',  ( 1.000000000000000000, 0.000000000000000000, 0.000000000000000000 ) ) ;
#9770 = ADVANCED_FACE ( 'NONE', ( #2039 ), #4725, .F. ) ;
#9771 = CARTESIAN_POINT ( 'NONE',  ( -4.290000000000000036, -0.08500000000000003386, 1.939563312323252742 ) ) ;
#9772 = ADVANCED_FACE ( 'NONE', ( #5687 ), #4803, .F. ) ;
#9773 = CARTESIAN_POINT ( 'NONE',  ( -0.7900000000000003686, -0.1782331765923089728, 2.746736385498786515 ) ) ;
#9774 = FACE_OUTER_BOUND ( 'NONE', #11107, .T. ) ;
#9775 = VECTOR ( 'NONE', #1916, 1000.000000000000000 ) ;
#9776 = VERTEX_POINT ( 'NONE', #8369 ) ;
#9777 = ORIENTED_EDGE ( 'NONE', *, *, #10953, .F. ) ;
#9778 = VERTEX_POINT ( 'NONE', #8436 ) ;
#9779 = EDGE_CURVE ( 'NONE', #6853, #9135, #190, .T. ) ;
#9780 = LINE ( 'NONE', #920, #7400 ) ;
#9781 = DIRECTION ( 'NONE',  ( 1.000000000000000000, 0.000000000000000000, 0.000000000000000000 ) ) ;
#9782 = SHAPE_DEFINITION_REPRESENTATION ( #965, #9625 ) ;
#9783 = CARTESIAN_POINT ( 'NONE',  ( -0.4800000000000003708, -0.4532685607873790379, -2.870861070673345061 ) ) ;
#9784 = AXIS2_PLACEMENT_3D ( 'NONE', #8409, #5730, #8526 ) ;
#9785 = EDGE_CURVE ( 'NONE', #8018, #10912, #3063, .T. ) ;
#9786 = DIRECTION ( 'NONE',  ( -1.000000000000000000, 0.000000000000000000, -0.000000000000000000 ) ) ;
#9787 = PLANE ( 'NONE',  #9526 ) ;
#9788 = EDGE_LOOP ( 'NONE', ( #7370, #8116, #9803, #10090 ) ) ;
#9789 = VERTEX_POINT ( 'NONE', #4863 ) ;
#9790 = VERTEX_POINT ( 'NONE', #3963 ) ;
#9791 = LINE ( 'NONE', #3452, #2309 ) ;
#9792 = AXIS2_PLACEMENT_3D ( 'NONE', #824, #8951, #2602 ) ;
#9793 = ORIENTED_EDGE ( 'NONE', *, *, #2406, .T. ) ;
#9794 = EDGE_CURVE ( 'NONE', #9338, #10569, #6711, .T. ) ;
#9795 = CARTESIAN_POINT ( 'NONE',  ( 4.289999999999999147, -0.4614044268235938384, 2.769455482029957061 ) ) ;
#9796 = CYLINDRICAL_SURFACE ( 'NONE', #8656, 0.2717314392126209954 ) ;
#9797 = CARTESIAN_POINT ( 'NONE',  ( 4.289999999999999147, -0.4532685607873790379, 2.870861070673345061 ) ) ;
#9798 = CARTESIAN_POINT ( 'NONE',  ( 1.749999999999999778, -0.5550000000000000488, 3.000000000000000000 ) ) ;
#9799 = ORIENTED_EDGE ( 'NONE', *, *, #3410, .F. ) ;
#9800 = CARTESIAN_POINT ( 'NONE',  ( 4.599999999999999645, -0.1834862943212428321, -2.747157848089624821 ) ) ;
#9801 = ORIENTED_EDGE ( 'NONE', *, *, #5817, .T. ) ;
#9802 = CARTESIAN_POINT ( 'NONE',  ( 0.7899999999999999245, -0.08500000000000000611, 2.461537905304634677 ) ) ;
#9803 = ORIENTED_EDGE ( 'NONE', *, *, #5130, .T. ) ;
#9804 = ORIENTED_EDGE ( 'NONE', *, *, #8654, .T. ) ;
#9805 = EDGE_CURVE ( 'NONE', #11403, #6853, #3619, .T. ) ;
#9806 = LINE ( 'NONE', #7846, #6302 ) ;
#9807 = DIRECTION ( 'NONE',  ( 0.000000000000000000, 0.000000000000000000, -1.000000000000000000 ) ) ;
#9808 = FACE_OUTER_BOUND ( 'NONE', #4356, .T. ) ;
#9809 = FACE_OUTER_BOUND ( 'NONE', #9556, .T. ) ;
#9810 = CARTESIAN_POINT ( 'NONE',  ( -0.8250000000000010658, -0.4326855326006259772, 2.767151338054934406 ) ) ;
#9811 = EDGE_CURVE ( 'NONE', #2564, #2236, #10548, .T. ) ;
#9812 = ORIENTED_EDGE ( 'NONE', *, *, #9137, .F. ) ;
#9813 = LINE ( 'NONE', #11709, #10653 ) ;
#9814 = LINE ( 'NONE', #7953, #6473 ) ;
#9815 = ORIENTED_EDGE ( 'NONE', *, *, #9518, .F. ) ;
#9816 = DIRECTION ( 'NONE',  ( 0.000000000000000000, 0.000000000000000000, -1.000000000000000000 ) ) ;
#9817 = ORIENTED_EDGE ( 'NONE', *, *, #4808, .T. ) ;
#9818 = DIRECTION ( 'NONE',  ( 1.000000000000000000, -0.000000000000000000, 0.000000000000000000 ) ) ;
#9819 = DIRECTION ( 'NONE',  ( 0.000000000000000000, 0.07997395986122909917, 0.9967969531173911379 ) ) ;
#9820 = EDGE_CURVE ( 'NONE', #673, #8766, #6892, .T. ) ;
#9821 = DIRECTION ( 'NONE',  ( 0.000000000000000000, 0.9925461516413219831, 0.1218693434051477537 ) ) ;
#9822 = CARTESIAN_POINT ( 'NONE',  ( -0.4550000000000005151, -0.2321338255108014725, -2.140814096316195236 ) ) ;
#9823 = ORIENTED_EDGE ( 'NONE', *, *, #11223, .T. ) ;
#9824 = VERTEX_POINT ( 'NONE', #11422 ) ;
#9825 = VERTEX_POINT ( 'NONE', #1509 ) ;
#9826 = ORIENTED_EDGE ( 'NONE', *, *, #6048, .F. ) ;
#9827 = LINE ( 'NONE', #4502, #5694 ) ;
#9828 = PLANE ( 'NONE',  #8440 ) ;
#9829 = DIRECTION ( 'NONE',  ( 0.000000000000000000, -0.9967969531173912490, 0.07997395986122909917 ) ) ;
#9830 = EDGE_CURVE ( 'NONE', #4448, #11403, #5049, .T. ) ;
#9831 = CARTESIAN_POINT ( 'NONE',  ( 1.749999999999999778, 0.08500000000000000611, 2.461537905304632012 ) ) ;
#9832 = ORIENTED_EDGE ( 'NONE', *, *, #746, .T. ) ;
#9833 = VERTEX_POINT ( 'NONE', #8805 ) ;
#9834 = ORIENTED_EDGE ( 'NONE', *, *, #8138, .F. ) ;
#9835 = LINE ( 'NONE', #1646, #4770 ) ;
#9836 = ORIENTED_EDGE ( 'NONE', *, *, #1227, .T. ) ;
#9837 = EDGE_CURVE ( 'NONE', #5552, #4413, #3355, .T. ) ;
#9838 = LINE ( 'NONE', #7991, #10339 ) ;
#9839 = CARTESIAN_POINT ( 'NONE',  ( 4.289999999999999147, -0.5549999999999993827, -2.870861070673345061 ) ) ;
#9840 = EDGE_CURVE ( 'NONE', #6549, #9692, #620, .T. ) ;
#9841 = DIRECTION ( 'NONE',  ( 1.000000000000000000, 0.000000000000000000, 0.000000000000000000 ) ) ;
#9842 = AXIS2_PLACEMENT_3D ( 'NONE', #2812, #1931, #7245 ) ;
#9843 = ADVANCED_FACE ( 'NONE', ( #7779 ), #3246, .T. ) ;
#9844 = DIRECTION ( 'NONE',  ( 1.000000000000000000, 0.000000000000000000, 0.000000000000000000 ) ) ;
#9845 = VERTEX_POINT ( 'NONE', #9597 ) ;
#9846 = CARTESIAN_POINT ( 'NONE',  ( -0.8250000000000010658, -0.1834862943212781650, 2.747157848089627041 ) ) ;
#9847 = ORIENTED_EDGE ( 'NONE', *, *, #5831, .F. ) ;
#9848 = VERTEX_POINT ( 'NONE', #2454 ) ;
#9849 = CARTESIAN_POINT ( 'NONE',  ( 4.599999999999998757, 0.000000000000000000, 1.949999999999999956 ) ) ;
#9850 = ORIENTED_EDGE ( 'NONE', *, *, #1262, .T. ) ;
#9851 = ORIENTED_EDGE ( 'NONE', *, *, #6918, .F. ) ;
#9852 =( LENGTH_UNIT ( ) NAMED_UNIT ( * ) SI_UNIT ( .MILLI., .METRE. ) );
#9853 = CYLINDRICAL_SURFACE ( 'NONE', #10490, 0.2861149196957545326 ) ;
#9854 = LINE ( 'NONE', #5497, #8242 ) ;
#9855 = VECTOR ( 'NONE', #505, 1000.000000000000114 ) ;
#9856 = ADVANCED_FACE ( 'NONE', ( #10598 ), #3307, .T. ) ;
#9857 = EDGE_CURVE ( 'NONE', #3021, #3413, #6107, .T. ) ;
#9858 = VERTEX_POINT ( 'NONE', #5260 ) ;
#9859 = EDGE_CURVE ( 'NONE', #3640, #7929, #6945, .T. ) ;
#9860 = DIRECTION ( 'NONE',  ( 1.000000000000000000, 0.000000000000000000, 0.000000000000000000 ) ) ;
#9861 = CARTESIAN_POINT ( 'NONE',  ( 4.289999999999999147, 0.000000000000000000, 0.000000000000000000 ) ) ;
#9862 = ORIENTED_EDGE ( 'NONE', *, *, #7970, .F. ) ;
#9863 = CARTESIAN_POINT ( 'NONE',  ( -3.020000000000000018, -0.5549999999999849498, 2.795743509104209498E-15 ) ) ;
#9864 = VECTOR ( 'NONE', #8289, 1000.000000000000000 ) ;
#9865 = ORIENTED_EDGE ( 'NONE', *, *, #384, .F. ) ;
#9866 = CARTESIAN_POINT ( 'NONE',  ( -4.265000000000000568, -0.4462811057769996981, -2.597695856024973882 ) ) ;
#9867 = AXIS2_PLACEMENT_3D ( 'NONE', #317, #8056, #10805 ) ;
#9868 = CARTESIAN_POINT ( 'NONE',  ( 3.329999999999999627, -0.4750000000000020872, 2.599999999999999645 ) ) ;
#9869 = ADVANCED_FACE ( 'NONE', ( #6046 ), #8009, .T. ) ;
#9870 = CYLINDRICAL_SURFACE ( 'NONE', #2000, 0.2861149196957549767 ) ;
#9871 = CIRCLE ( 'NONE', #4728, 0.2717314392126209954 ) ;
#9872 = DIRECTION ( 'NONE',  ( 1.000000000000000000, 0.000000000000000000, 0.000000000000000000 ) ) ;
#9873 = EDGE_LOOP ( 'NONE', ( #8060, #11578, #6082, #4635 ) ) ;
#9874 = EDGE_LOOP ( 'NONE', ( #10010, #712, #3056, #4818 ) ) ;
#9875 = EDGE_LOOP ( 'NONE', ( #10374, #3185, #5094, #6975, #2302, #11644, #9945, #8383 ) ) ;
#9876 = ORIENTED_EDGE ( 'NONE', *, *, #8890, .F. ) ;
#9877 = AXIS2_PLACEMENT_3D ( 'NONE', #7907, #6998, #5879 ) ;
#9878 = VECTOR ( 'NONE', #1245, 1000.000000000000000 ) ;
#9879 = EDGE_CURVE ( 'NONE', #6869, #8632, #4269, .T. ) ;
#9880 = LINE ( 'NONE', #5352, #10077 ) ;
#9881 = PLANE ( 'NONE',  #3265 ) ;
#9882 = DIRECTION ( 'NONE',  ( -0.000000000000000000, 0.07997395986122737832, 0.9967969531173913600 ) ) ;
#9883 = VECTOR ( 'NONE', #1191, 1000.000000000000000 ) ;
#9884 = PLANE ( 'NONE',  #7686 ) ;
#9885 = VECTOR ( 'NONE', #6212, 1000.000000000000114 ) ;
#9886 = LINE ( 'NONE', #10788, #3997 ) ;
#9887 = AXIS2_PLACEMENT_3D ( 'NONE', #8734, #8676, #7715 ) ;
#9888 = VECTOR ( 'NONE', #6351, 1000.000000000000000 ) ;
#9889 = CARTESIAN_POINT ( 'NONE',  ( -3.330000000000000071, -0.08500000000000000611, 0.000000000000000000 ) ) ;
#9890 = LINE ( 'NONE', #4575, #1671 ) ;
#9891 = ORIENTED_EDGE ( 'NONE', *, *, #4825, .F. ) ;
#9892 = MECHANICAL_DESIGN_GEOMETRIC_PRESENTATION_REPRESENTATION (  '', ( #7811 ), #1123 ) ;
#9893 = ORIENTED_EDGE ( 'NONE', *, *, #5112, .T. ) ;
#9894 = EDGE_LOOP ( 'NONE', ( #10185, #3256, #10746, #2945 ) ) ;
#9895 = DIRECTION ( 'NONE',  ( 1.000000000000000000, 0.000000000000000000, 0.000000000000000000 ) ) ;
#9896 = AXIS2_PLACEMENT_3D ( 'NONE', #4519, #7319, #10916 ) ;
#9897 = ORIENTED_EDGE ( 'NONE', *, *, #2444, .T. ) ;
#9898 = LINE ( 'NONE', #10070, #5950 ) ;
#9899 = EDGE_CURVE ( 'NONE', #5918, #6675, #5540, .T. ) ;
#9900 = VECTOR ( 'NONE', #1045, 1000.000000000000000 ) ;
#9901 = CARTESIAN_POINT ( 'NONE',  ( 0.7899999999999999245, 0.000000000000000000, 0.000000000000000000 ) ) ;
#9902 = AXIS2_PLACEMENT_3D ( 'NONE', #10630, #11347, #2211 ) ;
#9903 = DIRECTION ( 'NONE',  ( -0.000000000000000000, 0.9967969531173912490, 0.07997395986122922407 ) ) ;
#9904 = CARTESIAN_POINT ( 'NONE',  ( -3.330000000000000071, -0.5549999999999993827, -2.870861070673345061 ) ) ;
#9905 = VECTOR ( 'NONE', #11094, 999.9999999999998863 ) ;
#9906 = ADVANCED_FACE ( 'NONE', ( #2518 ), #713, .T. ) ;
#9907 = DIRECTION ( 'NONE',  ( 0.000000000000000000, 0.000000000000000000, -1.000000000000000000 ) ) ;
#9908 = ORIENTED_EDGE ( 'NONE', *, *, #1488, .F. ) ;
#9909 = AXIS2_PLACEMENT_3D ( 'NONE', #9764, #791, #6116 ) ;
#9910 = CARTESIAN_POINT ( 'NONE',  ( -0.4450000000000009504, -0.1834862943212781650, 2.747157848089627041 ) ) ;
#9911 = CIRCLE ( 'NONE', #1903, 0.2717314392126209954 ) ;
#9912 = VERTEX_POINT ( 'NONE', #4311 ) ;
#9913 = ORIENTED_EDGE ( 'NONE', *, *, #65, .F. ) ;
#9914 = DIRECTION ( 'NONE',  ( -1.000000000000000000, -0.000000000000000000, -0.000000000000000000 ) ) ;
#9915 = ORIENTED_EDGE ( 'NONE', *, *, #9985, .T. ) ;
#9916 = ORIENTED_EDGE ( 'NONE', *, *, #2555, .T. ) ;
#9917 = FACE_OUTER_BOUND ( 'NONE', #4044, .T. ) ;
#9918 = AXIS2_PLACEMENT_3D ( 'NONE', #2429, #11558, #8658 ) ;
#9919 = EDGE_CURVE ( 'NONE', #1430, #4333, #6492, .T. ) ;
#9920 = LINE ( 'NONE', #10878, #4549 ) ;
#9921 = DIRECTION ( 'NONE',  ( 1.000000000000000000, 0.000000000000000000, 0.000000000000000000 ) ) ;
#9922 = LINE ( 'NONE', #1, #9775 ) ;
#9923 = CARTESIAN_POINT ( 'NONE',  ( -2.060000000000000497, -0.08500000000000000611, 0.000000000000000000 ) ) ;
#9924 = VECTOR ( 'NONE', #6581, 1000.000000000000000 ) ;
#9925 = VECTOR ( 'NONE', #74, 1000.000000000000114 ) ;
#9926 = EDGE_CURVE ( 'NONE', #2142, #10547, #11583, .T. ) ;
#9927 = VECTOR ( 'NONE', #8367, 1000.000000000000114 ) ;
#9928 = ORIENTED_EDGE ( 'NONE', *, *, #4432, .T. ) ;
#9929 = CARTESIAN_POINT ( 'NONE',  ( -3.355000000000000426, -0.4813330637901492848, -2.160807586281502157 ) ) ;
#9930 = FACE_OUTER_BOUND ( 'NONE', #1612, .T. ) ;
#9931 = EDGE_LOOP ( 'NONE', ( #3851, #6905, #1414, #569 ) ) ;
#9932 = LINE ( 'NONE', #6635, #11611 ) ;
#9933 = VECTOR ( 'NONE', #6459, 1000.000000000000114 ) ;
#9934 = CIRCLE ( 'NONE', #11470, 0.2717314392126214395 ) ;
#9935 = VERTEX_POINT ( 'NONE', #4210 ) ;
#9936 = DIRECTION ( 'NONE',  ( 0.000000000000000000, 0.000000000000000000, -1.000000000000000000 ) ) ;
#9937 = EDGE_CURVE ( 'NONE', #9361, #8508, #9806, .T. ) ;
#9938 = CARTESIAN_POINT ( 'NONE',  ( -0.7900000000000003686, -0.5550000000000000488, -3.000000000000000000 ) ) ;
#9939 = VECTOR ( 'NONE', #1736, 1000.000000000000000 ) ;
#9940 = LINE ( 'NONE', #1033, #10434 ) ;
#9941 = FACE_OUTER_BOUND ( 'NONE', #10927, .T. ) ;
#9942 = FACE_OUTER_BOUND ( 'NONE', #4927, .T. ) ;
#9943 = LINE ( 'NONE', #4623, #9730 ) ;
#9944 = ORIENTED_EDGE ( 'NONE', *, *, #2546, .T. ) ;
#9945 = ORIENTED_EDGE ( 'NONE', *, *, #5105, .F. ) ;
#9946 = ORIENTED_EDGE ( 'NONE', *, *, #11109, .T. ) ;
#9947 = ORIENTED_EDGE ( 'NONE', *, *, #3227, .F. ) ;
#9948 = EDGE_CURVE ( 'NONE', #4902, #11582, #8118, .T. ) ;
#9949 = DIRECTION ( 'NONE',  ( 0.000000000000000000, 1.867464018106093513E-15, -1.000000000000000000 ) ) ;
#9950 = DIRECTION ( 'NONE',  ( 0.000000000000000000, 0.000000000000000000, -1.000000000000000000 ) ) ;
#9951 = VECTOR ( 'NONE', #9466, 1000.000000000000114 ) ;
#9952 = EDGE_CURVE ( 'NONE', #2583, #1010, #9977, .T. ) ;
#9953 = CARTESIAN_POINT ( 'NONE',  ( 3.019999999999999574, -0.1834862943212516584, 2.747157848089625265 ) ) ;
#9954 = ORIENTED_EDGE ( 'NONE', *, *, #9374, .T. ) ;
#9955 = ORIENTED_EDGE ( 'NONE', *, *, #3015, .T. ) ;
#9956 = ORIENTED_EDGE ( 'NONE', *, *, #2415, .F. ) ;
#9957 = CARTESIAN_POINT ( 'NONE',  ( -1.750000000000000666, -0.4532685607873793709, -2.870861070673344617 ) ) ;
#9958 = ORIENTED_EDGE ( 'NONE', *, *, #2971, .T. ) ;
#9959 = DIRECTION ( 'NONE',  ( 1.000000000000000000, -0.000000000000000000, 0.000000000000000000 ) ) ;
#9960 = VECTOR ( 'NONE', #5357, 1000.000000000000000 ) ;
#9961 = DIRECTION ( 'NONE',  ( 1.000000000000000000, 0.000000000000000000, 0.000000000000000000 ) ) ;
#9962 = LINE ( 'NONE', #3624, #10099 ) ;
#9963 = DIRECTION ( 'NONE',  ( 0.000000000000000000, 0.000000000000000000, -1.000000000000000000 ) ) ;
#9964 = LINE ( 'NONE', #10968, #162 ) ;
#9965 = DIRECTION ( 'NONE',  ( 0.000000000000000000, -0.9967969531173912490, 0.07997395986122909917 ) ) ;
#9966 = DIRECTION ( 'NONE',  ( 0.000000000000000000, 0.7880107536067201268, 0.6156614753256606232 ) ) ;
#9967 = ORIENTED_EDGE ( 'NONE', *, *, #3143, .F. ) ;
#9968 = VECTOR ( 'NONE', #9513, 999.9999999999998863 ) ;
#9969 = ADVANCED_FACE ( 'NONE', ( #3573 ), #6211, .T. ) ;
#9970 = CARTESIAN_POINT ( 'NONE',  ( 2.994999999999999218, -0.4462811057769996981, -2.597695856024973882 ) ) ;
#9971 = EDGE_LOOP ( 'NONE', ( #539, #7551, #475, #10809 ) ) ;
#9972 = ORIENTED_EDGE ( 'NONE', *, *, #3354, .F. ) ;
#9973 = CARTESIAN_POINT ( 'NONE',  ( 3.329999999999995186, 0.000000000000000000, -1.949999999999999956 ) ) ;
#9974 = LINE ( 'NONE', #2789, #4204 ) ;
#9975 = ORIENTED_EDGE ( 'NONE', *, *, #7193, .F. ) ;
#9976 = EDGE_LOOP ( 'NONE', ( #1381, #4427, #7492, #5722 ) ) ;
#9977 = LINE ( 'NONE', #2792, #10707 ) ;
#9978 = DIRECTION ( 'NONE',  ( -0.000000000000000000, -0.07997395986122911304, 0.9967969531173912490 ) ) ;
#9979 = DIRECTION ( 'NONE',  ( 0.000000000000000000, 1.679125230693258263E-15, 1.000000000000000000 ) ) ;
#9980 = FACE_OUTER_BOUND ( 'NONE', #6263, .T. ) ;
#9981 = VECTOR ( 'NONE', #9781, 1000.000000000000000 ) ;
#9982 = LINE ( 'NONE', #10765, #8188 ) ;
#9983 = EDGE_CURVE ( 'NONE', #9080, #6750, #6385, .T. ) ;
#9984 = EDGE_LOOP ( 'NONE', ( #10608, #2737, #1253, #11702, #10849, #5185, #1015, #2446, #6692, #5379, #1365, #8062, #5838, #4186, #4362, #8587, #2283, #11481, #3204, #4510, #3073, #467, #4476, #8179, #5919, #11036, #744, #7693, #10308, #7576, #1367, #7650, #9052, #10742, #1814, #4565 ) ) ;
#9985 = EDGE_CURVE ( 'NONE', #1677, #4656, #1912, .T. ) ;
#9986 = CYLINDRICAL_SURFACE ( 'NONE', #9319, 0.2717314392126209954 ) ;
#9987 = DIRECTION ( 'NONE',  ( 0.000000000000000000, 1.679125230693258263E-15, 1.000000000000000000 ) ) ;
#9988 = ORIENTED_EDGE ( 'NONE', *, *, #10984, .F. ) ;
#9989 = DIRECTION ( 'NONE',  ( 0.000000000000000000, 0.000000000000000000, -1.000000000000000000 ) ) ;
#9990 = EDGE_CURVE ( 'NONE', #6561, #6915, #10877, .T. ) ;
#9991 = EDGE_LOOP ( 'NONE', ( #5333, #6872, #1523, #4817 ) ) ;
#9992 = DIRECTION ( 'NONE',  ( 0.000000000000000000, 5.037375692079792934E-15, -1.000000000000000000 ) ) ;
#9993 = EDGE_CURVE ( 'NONE', #10727, #4248, #959, .T. ) ;
#9994 = CARTESIAN_POINT ( 'NONE',  ( -0.7899999999999999245, 0.000000000000000000, -1.949999999999999956 ) ) ;
#9995 = CARTESIAN_POINT ( 'NONE',  ( 3.019999999999995577, 0.000000000000000000, -1.949999999999999956 ) ) ;
#9996 = CARTESIAN_POINT ( 'NONE',  ( -3.330000000000000071, -0.4532685607873790379, 2.870861070673345061 ) ) ;
#9997 = EDGE_CURVE ( 'NONE', #2921, #808, #1016, .T. ) ;
#9998 = DIRECTION ( 'NONE',  ( 0.000000000000000000, 0.07997395986122909917, 0.9967969531173911379 ) ) ;
#9999 = CARTESIAN_POINT ( 'NONE',  ( -0.4450000000000009504, -0.1970818674976871909, 2.577702366059670069 ) ) ;
#10000 = VERTEX_POINT ( 'NONE', #7333 ) ;
#10001 = ORIENTED_EDGE ( 'NONE', *, *, #1608, .T. ) ;
#10002 = VERTEX_POINT ( 'NONE', #3518 ) ;
#10003 = VERTEX_POINT ( 'NONE', #5492 ) ;
#10004 = SURFACE_SIDE_STYLE ('',( #7972 ) ) ;
#10005 = CARTESIAN_POINT ( 'NONE',  ( 0.8249999999999992895, -0.4326855326006170954, 2.767151338054933518 ) ) ;
#10006 = DIRECTION ( 'NONE',  ( 0.000000000000000000, 1.000000000000000000, 0.000000000000000000 ) ) ;
#10007 = ADVANCED_FACE ( 'NONE', ( #5438 ), #9081, .T. ) ;
#10008 = CARTESIAN_POINT ( 'NONE',  ( -1.750000000000000666, -0.4750000000000020872, -2.599999999999999645 ) ) ;
#10009 = CARTESIAN_POINT ( 'NONE',  ( 3.019999999999999574, -0.4326855326005906166, -2.767151338054931742 ) ) ;
#10010 = ORIENTED_EDGE ( 'NONE', *, *, #6900, .F. ) ;
#10011 = ORIENTED_EDGE ( 'NONE', *, *, #3519, .T. ) ;
#10012 = DIRECTION ( 'NONE',  ( -0.000000000000000000, -0.9925461516413219831, 0.1218693434051477537 ) ) ;
#10013 = DIRECTION ( 'NONE',  ( 0.000000000000000000, -1.000000000000000000, -1.679125230693258263E-15 ) ) ;
#10014 = LINE ( 'NONE', #4587, #4440 ) ;
#10015 = CARTESIAN_POINT ( 'NONE',  ( 4.599999999999999645, -0.4750000000000020872, 2.599999999999999645 ) ) ;
#10016 = DIRECTION ( 'NONE',  ( 0.000000000000000000, -0.9967969531173912490, 0.07997395986122909917 ) ) ;
#10017 = DIRECTION ( 'NONE',  ( 0.000000000000000000, 0.000000000000000000, -1.000000000000000000 ) ) ;
#10018 = ORIENTED_EDGE ( 'NONE', *, *, #2624, .F. ) ;
#10019 = CARTESIAN_POINT ( 'NONE',  ( 3.019999999999999574, -0.4750000000000020872, -2.599999999999999645 ) ) ;
#10020 = EDGE_LOOP ( 'NONE', ( #10988, #694, #8113, #1947 ) ) ;
#10021 = EDGE_LOOP ( 'NONE', ( #11565, #5801, #9315, #3818, #4907, #4814, #2320, #9891 ) ) ;
#10022 = CARTESIAN_POINT ( 'NONE',  ( -2.060000000000000497, 0.08500000000000000611, -2.461537905304632012 ) ) ;
#10023 = LINE ( 'NONE', #1966, #11802 ) ;
#10024 = ORIENTED_EDGE ( 'NONE', *, *, #1650, .T. ) ;
#10025 = ORIENTED_EDGE ( 'NONE', *, *, #9997, .T. ) ;
#10026 = DIRECTION ( 'NONE',  ( 0.000000000000000000, 5.037375692079792934E-15, 1.000000000000000000 ) ) ;
#10027 = CARTESIAN_POINT ( 'NONE',  ( -2.060000000000000497, -0.7250000000000001998, 2.870861070673344617 ) ) ;
#10028 = PLANE ( 'NONE',  #5346 ) ;
#10029 = VECTOR ( 'NONE', #4592, 1000.000000000000114 ) ;
#10030 = CARTESIAN_POINT ( 'NONE',  ( 1.749999999999999778, 0.08500000000000000611, 0.000000000000000000 ) ) ;
#10031 = LINE ( 'NONE', #6447, #386 ) ;
#10032 = EDGE_CURVE ( 'NONE', #298, #9533, #106, .T. ) ;
#10033 = ORIENTED_EDGE ( 'NONE', *, *, #8591, .F. ) ;
#10034 = CARTESIAN_POINT ( 'NONE',  ( 4.289999999999999147, -0.4750000000000020872, 2.599999999999999645 ) ) ;
#10035 = CARTESIAN_POINT ( 'NONE',  ( -3.020000000000000018, -0.7250000000000049738, -1.217365792252620583E-15 ) ) ;
#10036 = ORIENTED_EDGE ( 'NONE', *, *, #9926, .F. ) ;
#10037 = VECTOR ( 'NONE', #10080, 1000.000000000000000 ) ;
#10038 = LINE ( 'NONE', #1856, #8557 ) ;
#10039 = ORIENTED_EDGE ( 'NONE', *, *, #6077, .T. ) ;
#10040 = CARTESIAN_POINT ( 'NONE',  ( -3.020000000000000018, -0.5549999999999849498, -2.795743509104209498E-15 ) ) ;
#10041 = AXIS2_PLACEMENT_3D ( 'NONE', #4932, #6778, #2238 ) ;
#10042 = CARTESIAN_POINT ( 'NONE',  ( 2.084999999999999520, -0.4326855326005906166, -2.767151338054931742 ) ) ;
#10043 = ADVANCED_FACE ( 'NONE', ( #9917 ), #59, .T. ) ;
#10044 = CARTESIAN_POINT ( 'NONE',  ( -0.4800000000000003708, -0.1782331765923089728, -2.746736385498786515 ) ) ;
#10045 = EDGE_CURVE ( 'NONE', #8153, #9761, #6442, .T. ) ;
#10046 = DIRECTION ( 'NONE',  ( 1.000000000000000000, -0.000000000000000000, 0.000000000000000000 ) ) ;
#10047 = FACE_OUTER_BOUND ( 'NONE', #10578, .T. ) ;
#10048 = VECTOR ( 'NONE', #8001, 1000.000000000000000 ) ;
#10049 = ADVANCED_FACE ( 'NONE', ( #10093 ), #8423, .F. ) ;
#10050 = LINE ( 'NONE', #909, #3581 ) ;
#10051 = LINE ( 'NONE', #1868, #9144 ) ;
#10052 = ORIENTED_EDGE ( 'NONE', *, *, #1373, .T. ) ;
#10053 = ORIENTED_EDGE ( 'NONE', *, *, #515, .T. ) ;
#10054 = ORIENTED_EDGE ( 'NONE', *, *, #1679, .F. ) ;
#10055 = ORIENTED_EDGE ( 'NONE', *, *, #7438, .F. ) ;
#10056 = DIRECTION ( 'NONE',  ( 0.000000000000000000, 0.000000000000000000, -1.000000000000000000 ) ) ;
#10057 = DIRECTION ( 'NONE',  ( 0.000000000000000000, -0.9925461516413219831, 0.1218693434051477537 ) ) ;
#10058 = EDGE_CURVE ( 'NONE', #10370, #7760, #7847, .T. ) ;
#10059 = DIRECTION ( 'NONE',  ( 0.000000000000000000, -0.9967969531173912490, -0.07997395986122736444 ) ) ;
#10060 = COLOUR_RGB ( '',0.2509803921568627416, 0.2509803921568627416, 0.2509803921568627416 ) ;
#10061 =( NAMED_UNIT ( * ) PLANE_ANGLE_UNIT ( ) SI_UNIT ( $, .RADIAN. ) );
#10062 = EDGE_CURVE ( 'NONE', #2666, #3884, #2863, .T. ) ;
#10063 = DIRECTION ( 'NONE',  ( 1.000000000000000000, 0.000000000000000000, 0.000000000000000000 ) ) ;
#10064 = CARTESIAN_POINT ( 'NONE',  ( -1.715000000000001190, -0.1970818674976968499, 2.577702366059670513 ) ) ;
#10065 = VECTOR ( 'NONE', #1990, 1000.000000000000114 ) ;
#10066 = ORIENTED_EDGE ( 'NONE', *, *, #6066, .F. ) ;
#10067 = ORIENTED_EDGE ( 'NONE', *, *, #1473, .F. ) ;
#10068 = ORIENTED_EDGE ( 'NONE', *, *, #11409, .F. ) ;
#10069 = AXIS2_PLACEMENT_3D ( 'NONE', #5416, #2899, #5361 ) ;
#10070 = CARTESIAN_POINT ( 'NONE',  ( 3.019999999999999574, 0.08500000000000000611, 0.000000000000000000 ) ) ;
#10071 = DIRECTION ( 'NONE',  ( 0.000000000000000000, 0.000000000000000000, -1.000000000000000000 ) ) ;
#10072 = ADVANCED_FACE ( 'NONE', ( #175 ), #7524, .T. ) ;
#10073 = LINE ( 'NONE', #11023, #2083 ) ;
#10074 = VECTOR ( 'NONE', #11598, 999.9999999999998863 ) ;
#10075 = LINE ( 'NONE', #877, #964 ) ;
#10076 = VECTOR ( 'NONE', #842, 999.9999999999998863 ) ;
#10077 = VECTOR ( 'NONE', #1876, 1000.000000000000114 ) ;
#10078 = CARTESIAN_POINT ( 'NONE',  ( 3.019999999999999574, -0.08500000000000000611, 2.461537905304634677 ) ) ;
#10079 = VECTOR ( 'NONE', #10683, 1000.000000000000114 ) ;
#10080 = DIRECTION ( 'NONE',  ( 1.000000000000000000, 0.000000000000000000, 0.000000000000000000 ) ) ;
#10081 = DIRECTION ( 'NONE',  ( 0.000000000000000000, 1.679125230693258263E-15, 1.000000000000000000 ) ) ;
#10082 = ORIENTED_EDGE ( 'NONE', *, *, #6625, .T. ) ;
#10083 = MECHANICAL_DESIGN_GEOMETRIC_PRESENTATION_REPRESENTATION (  '', ( #1683 ), #9539 ) ;
#10084 = CARTESIAN_POINT ( 'NONE',  ( 0.4449999999999992295, -0.4462811057770261214, 2.597695856024975658 ) ) ;
#10085 = ORIENTED_EDGE ( 'NONE', *, *, #2675, .T. ) ;
#10086 = ORIENTED_EDGE ( 'NONE', *, *, #11773, .T. ) ;
#10087 = LINE ( 'NONE', #2975, #11399 ) ;
#10088 = CARTESIAN_POINT ( 'NONE',  ( 3.329999999999999627, -0.4532685607873793709, -2.870861070673344617 ) ) ;
#10089 = ORIENTED_EDGE ( 'NONE', *, *, #3424, .F. ) ;
#10090 = ORIENTED_EDGE ( 'NONE', *, *, #7067, .T. ) ;
#10091 = AXIS2_PLACEMENT_3D ( 'NONE', #8151, #2064, #992 ) ;
#10092 = AXIS2_PLACEMENT_3D ( 'NONE', #7473, #11118, #2933 ) ;
#10093 = FACE_OUTER_BOUND ( 'NONE', #9737, .T. ) ;
#10094 = EDGE_CURVE ( 'NONE', #6297, #5394, #9253, .T. ) ;
#10095 = DIRECTION ( 'NONE',  ( 0.000000000000000000, -0.9967969531173911379, 0.07997395986122909917 ) ) ;
#10096 = FACE_OUTER_BOUND ( 'NONE', #490, .T. ) ;
#10097 = DIRECTION ( 'NONE',  ( 0.000000000000000000, 0.000000000000000000, -1.000000000000000000 ) ) ;
#10098 = CARTESIAN_POINT ( 'NONE',  ( -3.365000000000000657, -0.1834862943212959008, 2.747157848089628374 ) ) ;
#10099 = VECTOR ( 'NONE', #7268, 999.9999999999998863 ) ;
#10100 = STYLED_ITEM ( 'NONE', ( #11659 ), #3490 ) ;
#10101 = AXIS2_PLACEMENT_3D ( 'NONE', #9756, #1567, #1843 ) ;
#10102 = VECTOR ( 'NONE', #11587, 1000.000000000000000 ) ;
#10103 = ORIENTED_EDGE ( 'NONE', *, *, #1087, .T. ) ;
#10104 = PLANE ( 'NONE',  #9529 ) ;
#10105 =( NAMED_UNIT ( * ) SI_UNIT ( $, .STERADIAN. ) SOLID_ANGLE_UNIT ( ) );
#10106 = VERTEX_POINT ( 'NONE', #2025 ) ;
#10107 = CARTESIAN_POINT ( 'NONE',  ( -2.995000000000000107, -0.4326855326005906166, -2.767151338054931742 ) ) ;
#10108 = ORIENTED_EDGE ( 'NONE', *, *, #4954, .F. ) ;
#10109 = CARTESIAN_POINT ( 'NONE',  ( -0.4800000000000003708, 0.000000000000000000, 0.000000000000000000 ) ) ;
#10110 = VECTOR ( 'NONE', #6513, 999.9999999999998863 ) ;
#10111 = PLANE ( 'NONE',  #1904 ) ;
#10112 = AXIS2_PLACEMENT_3D ( 'NONE', #11632, #11738, #10744 ) ;
#10113 = VECTOR ( 'NONE', #9029, 1000.000000000000000 ) ;
#10114 = CARTESIAN_POINT ( 'NONE',  ( -2.060000000000000497, -0.5550000000000000488, 3.000000000000000000 ) ) ;
#10115 = CARTESIAN_POINT ( 'NONE',  ( 3.354999999999999538, -0.4462811057769997536, -2.597695856024973882 ) ) ;
#10116 = FACE_OUTER_BOUND ( 'NONE', #10180, .T. ) ;
#10117 = LINE ( 'NONE', #3072, #1861 ) ;
#10118 = AXIS2_PLACEMENT_3D ( 'NONE', #5998, #5941, #3404 ) ;
#10119 = CARTESIAN_POINT ( 'NONE',  ( -2.060000000000000497, 0.08500000000000000611, 0.000000000000000000 ) ) ;
#10120 = CARTESIAN_POINT ( 'NONE',  ( 4.289999999999999147, -0.5550000000000000488, -3.000000000000000000 ) ) ;
#10121 = COLOUR_RGB ( '',0.2509803921568627416, 0.2509803921568627416, 0.2509803921568627416 ) ;
#10122 = ORIENTED_EDGE ( 'NONE', *, *, #10364, .T. ) ;
#10123 = EDGE_CURVE ( 'NONE', #7104, #3782, #10159, .T. ) ;
#10124 = ORIENTED_EDGE ( 'NONE', *, *, #1874, .F. ) ;
#10125 = ORIENTED_EDGE ( 'NONE', *, *, #10482, .F. ) ;
#10126 = VERTEX_POINT ( 'NONE', #427 ) ;
#10127 = CARTESIAN_POINT ( 'NONE',  ( -0.7900000000000003686, -0.4750000000000020872, 2.599999999999999645 ) ) ;
#10128 = LINE ( 'NONE', #8395, #9369 ) ;
#10129 = VECTOR ( 'NONE', #10694, 1000.000000000000114 ) ;
#10130 = AXIS2_PLACEMENT_3D ( 'NONE', #8551, #377, #11307 ) ;
#10131 = EDGE_CURVE ( 'NONE', #859, #1910, #3824, .T. ) ;
#10132 = LINE ( 'NONE', #4506, #3235 ) ;
#10133 = LINE ( 'NONE', #8273, #11042 ) ;
#10134 = LINE ( 'NONE', #4688, #8344 ) ;
#10135 = EDGE_CURVE ( 'NONE', #9533, #4531, #8487, .T. ) ;
#10136 = EDGE_LOOP ( 'NONE', ( #1634, #8478, #869, #3079 ) ) ;
#10137 = ORIENTED_EDGE ( 'NONE', *, *, #4081, .T. ) ;
#10138 = EDGE_LOOP ( 'NONE', ( #3772, #10425, #353, #10511 ) ) ;
#10139 = ORIENTED_EDGE ( 'NONE', *, *, #5995, .T. ) ;
#10140 = CARTESIAN_POINT ( 'NONE',  ( -3.330000000000000071, -0.4750000000000020872, -2.599999999999999645 ) ) ;
#10141 = EDGE_CURVE ( 'NONE', #6749, #2070, #10333, .T. ) ;
#10142 = DIRECTION ( 'NONE',  ( 0.000000000000000000, 0.07997395986122911304, -0.9967969531173912490 ) ) ;
#10143 = DIRECTION ( 'NONE',  ( 0.000000000000000000, 0.000000000000000000, 1.000000000000000000 ) ) ;
#10144 = CARTESIAN_POINT ( 'NONE',  ( 4.634999999999999787, -0.1834862943212428044, 2.747157848089624821 ) ) ;
#10145 = LINE ( 'NONE', #160, #3406 ) ;
#10146 = CARTESIAN_POINT ( 'NONE',  ( -3.020000000000000018, 0.08500000000000000611, 2.461537905304632012 ) ) ;
#10147 = EDGE_CURVE ( 'NONE', #8127, #10411, #5806, .T. ) ;
#10148 = CARTESIAN_POINT ( 'NONE',  ( -3.330000000000000071, -0.4532685607873790379, 2.870861070673345061 ) ) ;
#10149 = EDGE_LOOP ( 'NONE', ( #5318, #7158, #3022, #9490 ) ) ;
#10150 = ADVANCED_FACE ( 'NONE', ( #10350 ), #4788, .T. ) ;
#10151 = FACE_OUTER_BOUND ( 'NONE', #9690, .T. ) ;
#10152 = VERTEX_POINT ( 'NONE', #4973 ) ;
#10153 = ORIENTED_EDGE ( 'NONE', *, *, #7483, .F. ) ;
#10154 = DIRECTION ( 'NONE',  ( 0.000000000000000000, 0.07997395986122909917, 0.9967969531173911379 ) ) ;
#10155 = LINE ( 'NONE', #4708, #1342 ) ;
#10156 = VECTOR ( 'NONE', #258, 1000.000000000000000 ) ;
#10157 = ORIENTED_EDGE ( 'NONE', *, *, #7449, .F. ) ;
#10158 = VERTEX_POINT ( 'NONE', #300 ) ;
#10159 = LINE ( 'NONE', #5860, #3277 ) ;
#10160 = CARTESIAN_POINT ( 'NONE',  ( -4.950000000000000178, 0.000000000000000000, 1.949999999999999956 ) ) ;
#10161 = CARTESIAN_POINT ( 'NONE',  ( -3.330000000000000071, -0.2011149196957552621, -2.461537905304631568 ) ) ;
#10162 = FACE_OUTER_BOUND ( 'NONE', #7748, .T. ) ;
#10163 = CARTESIAN_POINT ( 'NONE',  ( 3.019999999999999574, -0.5550000000000000488, -3.000000000000000000 ) ) ;
#10164 = VECTOR ( 'NONE', #3668, 999.9999999999998863 ) ;
#10165 = EDGE_CURVE ( 'NONE', #6648, #7356, #3950, .T. ) ;
#10166 = DIRECTION ( 'NONE',  ( 0.000000000000000000, -0.9967969531173912490, -0.07997395986122911304 ) ) ;
#10167 =( NAMED_UNIT ( * ) PLANE_ANGLE_UNIT ( ) SI_UNIT ( $, .RADIAN. ) );
#10168 = EDGE_LOOP ( 'NONE', ( #4421, #10348, #9593, #1259 ) ) ;
#10169 = CARTESIAN_POINT ( 'NONE',  ( 1.749999999999999778, -0.4532685607873790379, -2.870861070673345061 ) ) ;
#10170 = DIRECTION ( 'NONE',  ( 0.000000000000000000, 0.000000000000000000, 1.000000000000000000 ) ) ;
#10171 = ORIENTED_EDGE ( 'NONE', *, *, #3495, .F. ) ;
#10172 = DIRECTION ( 'NONE',  ( 1.000000000000000000, 0.000000000000000000, 0.000000000000000000 ) ) ;
#10173 = VECTOR ( 'NONE', #8772, 1000.000000000000000 ) ;
#10174 = CARTESIAN_POINT ( 'NONE',  ( -0.7900000000000003686, -0.2011149196957552621, -2.461537905304631568 ) ) ;
#10175 = CARTESIAN_POINT ( 'NONE',  ( -4.600000000000000533, 0.08500000000000000611, 0.000000000000000000 ) ) ;
#10176 = DIRECTION ( 'NONE',  ( 1.000000000000000000, -0.000000000000000000, 0.000000000000000000 ) ) ;
#10177 = EDGE_CURVE ( 'NONE', #7185, #1095, #10407, .T. ) ;
#10178 = FACE_OUTER_BOUND ( 'NONE', #4787, .T. ) ;
#10179 = PLANE ( 'NONE',  #9700 ) ;
#10180 = EDGE_LOOP ( 'NONE', ( #3962, #707, #914, #8663 ) ) ;
#10181 = LINE ( 'NONE', #9277, #8552 ) ;
#10182 = LINE ( 'NONE', #11131, #8959 ) ;
#10183 = ORIENTED_EDGE ( 'NONE', *, *, #513, .T. ) ;
#10184 = ORIENTED_EDGE ( 'NONE', *, *, #11549, .T. ) ;
#10185 = ORIENTED_EDGE ( 'NONE', *, *, #9657, .F. ) ;
#10186 = VERTEX_POINT ( 'NONE', #5615 ) ;
#10187 = ORIENTED_EDGE ( 'NONE', *, *, #2864, .F. ) ;
#10188 = LINE ( 'NONE', #11079, #3431 ) ;
#10189 = CARTESIAN_POINT ( 'NONE',  ( 0.4549999999999996825, -0.2321338255108014725, -2.140814096316195236 ) ) ;
#10190 = CARTESIAN_POINT ( 'NONE',  ( -0.8250000000000010658, -0.4826582704211178076, 2.144290185689395667 ) ) ;
#10191 = EDGE_CURVE ( 'NONE', #1554, #6383, #4908, .T. ) ;
#10192 = DIRECTION ( 'NONE',  ( 0.000000000000000000, 0.000000000000000000, -1.000000000000000000 ) ) ;
#10193 = DIRECTION ( 'NONE',  ( 0.000000000000000000, -0.9967969531173912490, 0.07997395986122736444 ) ) ;
#10194 = PLANE ( 'NONE',  #9309 ) ;
#10195 = ORIENTED_EDGE ( 'NONE', *, *, #3456, .T. ) ;
#10196 = EDGE_LOOP ( 'NONE', ( #5708, #1090, #23, #6773 ) ) ;
#10197 = EDGE_LOOP ( 'NONE', ( #567, #8505, #2180, #5272 ) ) ;
#10198 = FACE_OUTER_BOUND ( 'NONE', #11674, .T. ) ;
#10199 = DIRECTION ( 'NONE',  ( 0.000000000000000000, 0.07997395986122911304, -0.9967969531173912490 ) ) ;
#10200 = CARTESIAN_POINT ( 'NONE',  ( 3.329999999999999627, 0.000000000000000000, 0.000000000000000000 ) ) ;
#10201 = EDGE_CURVE ( 'NONE', #9848, #11633, #10890, .T. ) ;
#10202 = DIRECTION ( 'NONE',  ( -1.000000000000000000, 0.000000000000000000, 0.000000000000000000 ) ) ;
#10203 = EDGE_CURVE ( 'NONE', #11435, #1802, #1067, .T. ) ;
#10204 = DIRECTION ( 'NONE',  ( -1.000000000000000000, -0.000000000000000000, -0.000000000000000000 ) ) ;
#10205 = DIRECTION ( 'NONE',  ( 1.000000000000000000, -0.000000000000000000, 0.000000000000000000 ) ) ;
#10206 = EDGE_LOOP ( 'NONE', ( #3821, #7039, #8453, #4850 ) ) ;
#10207 = EDGE_CURVE ( 'NONE', #10000, #9646, #1320, .T. ) ;
#10208 = CARTESIAN_POINT ( 'NONE',  ( 0.8249999999999992895, -0.2334590321417611969, 2.124296695724087858 ) ) ;
#10209 = ORIENTED_EDGE ( 'NONE', *, *, #4026, .T. ) ;
#10210 = ORIENTED_EDGE ( 'NONE', *, *, #9919, .T. ) ;
#10211 = CARTESIAN_POINT ( 'NONE',  ( 4.599999999999999645, 0.08500000000000000611, -2.461537905304632012 ) ) ;
#10212 = DIRECTION ( 'NONE',  ( 0.000000000000000000, 0.07997395986122911304, -0.9967969531173912490 ) ) ;
#10213 = ORIENTED_EDGE ( 'NONE', *, *, #3430, .T. ) ;
#10214 = ORIENTED_EDGE ( 'NONE', *, *, #8410, .T. ) ;
#10215 = CARTESIAN_POINT ( 'NONE',  ( -4.950000000000000178, 0.000000000000000000, -1.949999999999999956 ) ) ;
#10216 = CARTESIAN_POINT ( 'NONE',  ( -2.060000000000000497, -0.5550000000000000488, -3.000000000000000000 ) ) ;
#10217 = LINE ( 'NONE', #5440, #4395 ) ;
#10218 = CARTESIAN_POINT ( 'NONE',  ( 1.749999999999999778, -0.7250000000000001998, 2.870861070673344617 ) ) ;
#10219 = DIRECTION ( 'NONE',  ( 1.000000000000000000, 0.000000000000000000, 0.000000000000000000 ) ) ;
#10220 = EDGE_CURVE ( 'NONE', #8005, #9135, #8616, .T. ) ;
#10221 = ORIENTED_EDGE ( 'NONE', *, *, #9990, .T. ) ;
#10222 = CARTESIAN_POINT ( 'NONE',  ( -3.330000000000000515, 0.000000000000000000, -1.949999999999999956 ) ) ;
#10223 = CARTESIAN_POINT ( 'NONE',  ( 4.625000000000000000, -0.4326855326005906166, -2.767151338054931742 ) ) ;
#10224 = VERTEX_POINT ( 'NONE', #9795 ) ;
#10225 = LINE ( 'NONE', #2036, #11614 ) ;
#10226 = CARTESIAN_POINT ( 'NONE',  ( 3.019999999999999574, 0.08500000000000000611, 0.000000000000000000 ) ) ;
#10227 = ORIENTED_EDGE ( 'NONE', *, *, #10234, .F. ) ;
#10228 = LINE ( 'NONE', #1271, #8024 ) ;
#10229 = AXIS2_PLACEMENT_3D ( 'NONE', #4492, #128, #3658 ) ;
#10230 = CARTESIAN_POINT ( 'NONE',  ( -0.7900000000000003686, -0.5549999999999849498, -2.795743509104209498E-15 ) ) ;
#10231 = DIRECTION ( 'NONE',  ( 0.000000000000000000, -0.9967969531173912490, -0.07997395986122736444 ) ) ;
#10232 = CARTESIAN_POINT ( 'NONE',  ( -2.060000000000000497, -0.5549999999999993827, 2.870861070673345061 ) ) ;
#10233 = EDGE_CURVE ( 'NONE', #3276, #1211, #3292, .T. ) ;
#10234 = EDGE_CURVE ( 'NONE', #4333, #1174, #8788, .T. ) ;
#10235 = EDGE_CURVE ( 'NONE', #11179, #5317, #10582, .T. ) ;
#10236 = VECTOR ( 'NONE', #1124, 999.9999999999998863 ) ;
#10237 = DIRECTION ( 'NONE',  ( 0.000000000000000000, -0.9925461516413219831, -0.1218693434051477537 ) ) ;
#10238 = CARTESIAN_POINT ( 'NONE',  ( 4.873259649435684793, -0.6250000000000000000, 1.949999999999999956 ) ) ;
#10239 = EDGE_LOOP ( 'NONE', ( #10388, #1480, #9575, #4438, #6255, #8431, #8210, #3633 ) ) ;
#10240 = CARTESIAN_POINT ( 'NONE',  ( -3.365000000000000657, -0.2334590321417877590, 2.124296695724089634 ) ) ;
#10241 = FACE_OUTER_BOUND ( 'NONE', #4097, .T. ) ;
#10242 = ORIENTED_EDGE ( 'NONE', *, *, #2623, .T. ) ;
#10243 = ORIENTED_EDGE ( 'NONE', *, *, #3557, .T. ) ;
#10244 = LINE ( 'NONE', #3190, #7363 ) ;
#10245 = EDGE_LOOP ( 'NONE', ( #4963, #9851, #2385, #759 ) ) ;
#10246 = EDGE_LOOP ( 'NONE', ( #819, #777, #2153, #5151, #309, #6028, #5839, #9707 ) ) ;
#10247 = VERTEX_POINT ( 'NONE', #1444 ) ;
#10248 = DIRECTION ( 'NONE',  ( 0.000000000000000000, 0.000000000000000000, -1.000000000000000000 ) ) ;
#10249 = CARTESIAN_POINT ( 'NONE',  ( 0.8249999999999992895, -0.2334590321417611969, 2.124296695724087858 ) ) ;
#10250 = CARTESIAN_POINT ( 'NONE',  ( -4.600000000000000533, -0.7250000000000001998, -2.870861070673344617 ) ) ;
#10251 = EDGE_CURVE ( 'NONE', #2082, #1368, #599, .T. ) ;
#10252 = VECTOR ( 'NONE', #11162, 1000.000000000000000 ) ;
#10253 = DIRECTION ( 'NONE',  ( 0.000000000000000000, -0.07997395986122909917, -0.9967969531173911379 ) ) ;
#10254 = CARTESIAN_POINT ( 'NONE',  ( -4.600000000000000533, -0.5549999999999849498, -2.795743509104209498E-15 ) ) ;
#10255 = CARTESIAN_POINT ( 'NONE',  ( 3.019999999999999574, 0.2042282574763048253, 2.545504876163455776 ) ) ;
#10256 = EDGE_CURVE ( 'NONE', #6504, #1061, #5085, .T. ) ;
#10257 = ORIENTED_EDGE ( 'NONE', *, *, #3410, .T. ) ;
#10258 = ORIENTED_EDGE ( 'NONE', *, *, #4819, .F. ) ;
#10259 = EDGE_LOOP ( 'NONE', ( #1162, #4559, #10673, #11055 ) ) ;
#10260 = LINE ( 'NONE', #283, #612 ) ;
#10261 = CARTESIAN_POINT ( 'NONE',  ( 1.749999999999999778, -0.4326855326005906166, -2.767151338054931742 ) ) ;
#10262 = LINE ( 'NONE', #1302, #7813 ) ;
#10263 = VECTOR ( 'NONE', #199, 1000.000000000000000 ) ;
#10264 = CARTESIAN_POINT ( 'NONE',  ( -0.4800000000000003708, 0.08500000000000001998, -1.939563312323252964 ) ) ;
#10265 = LINE ( 'NONE', #6611, #4739 ) ;
#10266 = CARTESIAN_POINT ( 'NONE',  ( -3.020000000000000018, 0.000000000000000000, 3.000000000000000000 ) ) ;
#10267 = LINE ( 'NONE', #3159, #6434 ) ;
#10268 = ORIENTED_EDGE ( 'NONE', *, *, #10444, .F. ) ;
#10269 = DIRECTION ( 'NONE',  ( -1.000000000000000000, 0.000000000000000000, 0.000000000000000000 ) ) ;
#10270 = AXIS2_PLACEMENT_3D ( 'NONE', #5850, #7758, #10524 ) ;
#10271 = ORIENTED_EDGE ( 'NONE', *, *, #6521, .T. ) ;
#10272 = ORIENTED_EDGE ( 'NONE', *, *, #6338, .F. ) ;
#10273 = CARTESIAN_POINT ( 'NONE',  ( 1.749999999999999778, -0.7250000000000049738, 1.217365792252620583E-15 ) ) ;
#10274 = CARTESIAN_POINT ( 'NONE',  ( 2.094999999999999307, -0.4462811057770173506, 2.597695856024974770 ) ) ;
#10275 = ORIENTED_EDGE ( 'NONE', *, *, #217, .T. ) ;
#10276 = EDGE_CURVE ( 'NONE', #4426, #210, #8889, .T. ) ;
#10277 = ORIENTED_EDGE ( 'NONE', *, *, #9160, .T. ) ;
#10278 = DIRECTION ( 'NONE',  ( 0.000000000000000000, 0.000000000000000000, -1.000000000000000000 ) ) ;
#10279 =( NAMED_UNIT ( * ) SI_UNIT ( $, .STERADIAN. ) SOLID_ANGLE_UNIT ( ) );
#10280 = VECTOR ( 'NONE', #4276, 1000.000000000000000 ) ;
#10281 = CIRCLE ( 'NONE', #10664, 0.2861149196957549767 ) ;
#10282 = FACE_OUTER_BOUND ( 'NONE', #10259, .T. ) ;
#10283 = CARTESIAN_POINT ( 'NONE',  ( 4.599999999999998757, 0.000000000000000000, -1.949999999999999956 ) ) ;
#10284 = AXIS2_PLACEMENT_3D ( 'NONE', #519, #3203, #4589 ) ;
#10285 = VECTOR ( 'NONE', #10408, 1000.000000000000000 ) ;
#10286 = ORIENTED_EDGE ( 'NONE', *, *, #5462, .F. ) ;
#10287 = VECTOR ( 'NONE', #11332, 1000.000000000000000 ) ;
#10288 = EDGE_CURVE ( 'NONE', #5205, #9080, #7832, .T. ) ;
#10289 = CARTESIAN_POINT ( 'NONE',  ( -2.060000000000001386, 0.000000000000000000, -1.949999999999999956 ) ) ;
#10290 = AXIS2_PLACEMENT_3D ( 'NONE', #8462, #9289, #143 ) ;
#10291 = FACE_OUTER_BOUND ( 'NONE', #10605, .T. ) ;
#10292 = ORIENTED_EDGE ( 'NONE', *, *, #6910, .F. ) ;
#10293 = LINE ( 'NONE', #1337, #9722 ) ;
#10294 = DIRECTION ( 'NONE',  ( 0.000000000000000000, 0.9925461516413219831, 0.1218693434051477537 ) ) ;
#10295 = EDGE_CURVE ( 'NONE', #7462, #11435, #5034, .T. ) ;
#10296 = EDGE_LOOP ( 'NONE', ( #11739, #984, #1816, #3488 ) ) ;
#10297 = DIRECTION ( 'NONE',  ( -1.000000000000000000, -0.000000000000000000, -0.000000000000000000 ) ) ;
#10298 = AXIS2_PLACEMENT_3D ( 'NONE', #3392, #3230, #2509 ) ;
#10299 = CARTESIAN_POINT ( 'NONE',  ( 3.329999999999999627, 0.2178238306527182089, -2.714960358193412304 ) ) ;
#10300 = DIRECTION ( 'NONE',  ( 0.000000000000000000, 0.07997395986122909917, 0.9967969531173911379 ) ) ;
#10301 = DIRECTION ( 'NONE',  ( 1.000000000000000000, 0.000000000000000000, 0.000000000000000000 ) ) ;
#10302 = EDGE_CURVE ( 'NONE', #10460, #2773, #5142, .T. ) ;
#10303 = VECTOR ( 'NONE', #8446, 1000.000000000000000 ) ;
#10304 = CIRCLE ( 'NONE', #2648, 0.2717314392126209954 ) ;
#10305 = VECTOR ( 'NONE', #2281, 1000.000000000000114 ) ;
#10306 = SURFACE_SIDE_STYLE ('',( #6828 ) ) ;
#10307 = CARTESIAN_POINT ( 'NONE',  ( -3.020000000000000018, -0.1782331765923089728, -2.746736385498786515 ) ) ;
#10308 = ORIENTED_EDGE ( 'NONE', *, *, #4916, .F. ) ;
#10309 = LINE ( 'NONE', #3003, #2066 ) ;
#10310 = LINE ( 'NONE', #6721, #939 ) ;
#10311 = ORIENTED_EDGE ( 'NONE', *, *, #1423, .F. ) ;
#10312 = ORIENTED_EDGE ( 'NONE', *, *, #7666, .F. ) ;
#10313 = CARTESIAN_POINT ( 'NONE',  ( -3.020000000000000018, 0.08500000000000000611, 0.000000000000000000 ) ) ;
#10315 = EDGE_CURVE ( 'NONE', #3009, #5901, #1495, .T. ) ;
#10314 = VECTOR ( 'NONE', #6532, 1000.000000000000000 ) ;
#10316 = VECTOR ( 'NONE', #3224, 1000.000000000000000 ) ;
#10317 = ORIENTED_EDGE ( 'NONE', *, *, #9805, .T. ) ;
#10318 = EDGE_LOOP ( 'NONE', ( #10555, #7927, #7825, #1681, #3880 ) ) ;
#10319 = VERTEX_POINT ( 'NONE', #11350 ) ;
#10320 = DIRECTION ( 'NONE',  ( 0.000000000000000000, 5.037375692079792934E-15, 1.000000000000000000 ) ) ;
#10321 = CARTESIAN_POINT ( 'NONE',  ( -0.4800000000000003708, -0.1834862943212428321, -2.747157848089624821 ) ) ;
#10322 = CARTESIAN_POINT ( 'NONE',  ( -0.7900000000000003686, -0.5550000000000000488, 3.000000000000000000 ) ) ;
#10323 = VECTOR ( 'NONE', #68, 999.9999999999998863 ) ;
#10324 = VECTOR ( 'NONE', #10645, 1000.000000000000114 ) ;
#10325 = VECTOR ( 'NONE', #3656, 999.9999999999998863 ) ;
#10326 = DIRECTION ( 'NONE',  ( 1.000000000000000000, -0.000000000000000000, 0.000000000000000000 ) ) ;
#10327 = CARTESIAN_POINT ( 'NONE',  ( 2.984999999999998987, -0.2334590321417435721, 2.124296695724086526 ) ) ;
#10328 = FACE_OUTER_BOUND ( 'NONE', #3973, .T. ) ;
#10329 = ADVANCED_FACE ( 'NONE', ( #11407 ), #3167, .F. ) ;
#10330 = ORIENTED_EDGE ( 'NONE', *, *, #3245, .T. ) ;
#10331 = VERTEX_POINT ( 'NONE', #656 ) ;
#10332 = ORIENTED_EDGE ( 'NONE', *, *, #2026, .F. ) ;
#10333 = CIRCLE ( 'NONE', #4801, 0.1161149196957549368 ) ;
#10334 = CARTESIAN_POINT ( 'NONE',  ( 4.289999999999999147, -0.2011149196957552621, 2.461537905304631568 ) ) ;
#10335 = CARTESIAN_POINT ( 'NONE',  ( 1.749999999999999778, -0.7249999999999999778, 3.000000000000000000 ) ) ;
#10336 = FACE_OUTER_BOUND ( 'NONE', #900, .T. ) ;
#10337 = CARTESIAN_POINT ( 'NONE',  ( -1.750000000000000666, -0.1918287497687165000, 2.577280903468829099 ) ) ;
#10338 = DIRECTION ( 'NONE',  ( 1.000000000000000000, -0.000000000000000000, 0.000000000000000000 ) ) ;
#10339 = VECTOR ( 'NONE', #6424, 1000.000000000000000 ) ;
#10340 = CARTESIAN_POINT ( 'NONE',  ( 4.599999999999999645, 0.08500000000000000611, 2.461537905304632012 ) ) ;
#10341 = SURFACE_STYLE_FILL_AREA ( #6613 ) ;
#10342 = EDGE_LOOP ( 'NONE', ( #8238, #3942, #10961, #3568 ) ) ;
#10343 = EDGE_LOOP ( 'NONE', ( #1048, #4423, #6834, #116 ) ) ;
#10344 = ORIENTED_EDGE ( 'NONE', *, *, #9948, .F. ) ;
#10345 = ORIENTED_EDGE ( 'NONE', *, *, #10417, .T. ) ;
#10346 = DIRECTION ( 'NONE',  ( 1.000000000000000000, -0.000000000000000000, 0.000000000000000000 ) ) ;
#10347 = DIRECTION ( 'NONE',  ( 1.000000000000000000, -0.000000000000000000, 0.000000000000000000 ) ) ;
#10348 = ORIENTED_EDGE ( 'NONE', *, *, #11380, .F. ) ;
#10349 = ORIENTED_EDGE ( 'NONE', *, *, #6978, .T. ) ;
#10350 = FACE_OUTER_BOUND ( 'NONE', #9874, .T. ) ;
#10351 = PLANE ( 'NONE',  #6087 ) ;
#10352 = PRESENTATION_STYLE_ASSIGNMENT (( #11230 ) ) ;
#10353 = LINE ( 'NONE', #8543, #4225 ) ;
#10354 = CARTESIAN_POINT ( 'NONE',  ( -1.750000000000000666, -0.4462811057770439960, 2.597695856024976990 ) ) ;
#10355 = EDGE_CURVE ( 'NONE', #6058, #683, #10463, .T. ) ;
#10356 = VECTOR ( 'NONE', #5875, 1000.000000000000000 ) ;
#10357 = DIRECTION ( 'NONE',  ( 1.000000000000000000, -0.000000000000000000, 0.000000000000000000 ) ) ;
#10358 = LINE ( 'NONE', #2165, #11634 ) ;
#10359 = ORIENTED_EDGE ( 'NONE', *, *, #9233, .F. ) ;
#10360 = CARTESIAN_POINT ( 'NONE',  ( 4.634999999999999787, -0.1970818674976518858, 2.577702366059666517 ) ) ;
#10361 = CYLINDRICAL_SURFACE ( 'NONE', #10130, 0.2500000000000004441 ) ;
#10362 = DIRECTION ( 'NONE',  ( 1.000000000000000000, 0.000000000000000000, -0.000000000000000000 ) ) ;
#10363 = DIRECTION ( 'NONE',  ( 0.000000000000000000, 0.000000000000000000, -1.000000000000000000 ) ) ;
#10364 = EDGE_CURVE ( 'NONE', #6345, #10106, #2439, .T. ) ;
#10365 = DIRECTION ( 'NONE',  ( 1.000000000000000000, 0.000000000000000000, 0.000000000000000000 ) ) ;
#10366 = VECTOR ( 'NONE', #6919, 1000.000000000000000 ) ;
#10367 = CARTESIAN_POINT ( 'NONE',  ( -3.330000000000000071, 0.000000000000000000, 0.000000000000000000 ) ) ;
#10368 = EDGE_CURVE ( 'NONE', #7503, #7424, #6148, .T. ) ;
#10369 = DIRECTION ( 'NONE',  ( 1.000000000000000000, 0.000000000000000000, 0.000000000000000000 ) ) ;
#10370 = VERTEX_POINT ( 'NONE', #7885 ) ;
#10371 = ADVANCED_FACE ( 'NONE', ( #10534 ), #4126, .T. ) ;
#10372 = CARTESIAN_POINT ( 'NONE',  ( -1.750000000000000666, 0.08500000000000000611, 2.461537905304632012 ) ) ;
#10373 = LINE ( 'NONE', #1280, #6667 ) ;
#10374 = ORIENTED_EDGE ( 'NONE', *, *, #11382, .F. ) ;
#10375 = STYLED_ITEM ( 'NONE', ( #4289 ), #4853 ) ;
#10376 = ORIENTED_EDGE ( 'NONE', *, *, #9044, .F. ) ;
#10377 = PLANE ( 'NONE',  #10446 ) ;
#10378 = EDGE_CURVE ( 'NONE', #5978, #4888, #2507, .T. ) ;
#10379 = ORIENTED_EDGE ( 'NONE', *, *, #1450, .T. ) ;
#10380 = ORIENTED_EDGE ( 'NONE', *, *, #9937, .T. ) ;
#10381 = CARTESIAN_POINT ( 'NONE',  ( 2.084999999999999520, -0.4326855326005906166, -2.767151338054931742 ) ) ;
#10382 = CARTESIAN_POINT ( 'NONE',  ( 3.329999999999999627, -0.4462811057770087464, 2.597695856024974770 ) ) ;
#10383 = DIRECTION ( 'NONE',  ( 0.000000000000000000, 0.9967969531173912490, 0.07997395986122736444 ) ) ;
#10384 = ADVANCED_FACE ( 'NONE', ( #6931 ), #3228, .F. ) ;
#10385 = DIRECTION ( 'NONE',  ( 0.000000000000000000, 0.000000000000000000, -1.000000000000000000 ) ) ;
#10386 = CARTESIAN_POINT ( 'NONE',  ( -0.7900000000000003686, -0.1782331765923089728, -2.746736385498786515 ) ) ;
#10387 = FACE_OUTER_BOUND ( 'NONE', #477, .T. ) ;
#10388 = ORIENTED_EDGE ( 'NONE', *, *, #8972, .F. ) ;
#10389 = VERTEX_POINT ( 'NONE', #1557 ) ;
#10390 = ORIENTED_EDGE ( 'NONE', *, *, #4018, .T. ) ;
#10391 = ORIENTED_EDGE ( 'NONE', *, *, #4157, .T. ) ;
#10392 = CARTESIAN_POINT ( 'NONE',  ( 4.254999999999999005, -0.1834862943212428044, 2.747157848089624821 ) ) ;
#10393 = LINE ( 'NONE', #2199, #1007 ) ;
#10394 = CARTESIAN_POINT ( 'NONE',  ( 3.019999999999999574, -0.1970818674976607954, 2.577702366059667849 ) ) ;
#10395 = DIRECTION ( 'NONE',  ( 0.000000000000000000, 0.07997395986122909917, 0.9967969531173911379 ) ) ;
#10396 = ADVANCED_FACE ( 'NONE', ( #2339 ), #5422, .F. ) ;
#10397 = CARTESIAN_POINT ( 'NONE',  ( 4.625000000000000000, -0.4462811057769996981, -2.597695856024973882 ) ) ;
#10398 = LINE ( 'NONE', #6747, #8720 ) ;
#10399 = CARTESIAN_POINT ( 'NONE',  ( 2.059999999999999609, -0.7250000000000049738, 1.217365792252620583E-15 ) ) ;
#10400 = ORIENTED_EDGE ( 'NONE', *, *, #3923, .F. ) ;
#10401 = VERTEX_POINT ( 'NONE', #5301 ) ;
#10402 = ORIENTED_EDGE ( 'NONE', *, *, #1384, .F. ) ;
#10403 = VERTEX_POINT ( 'NONE', #3676 ) ;
#10404 = DIRECTION ( 'NONE',  ( 1.000000000000000000, 0.000000000000000000, 0.000000000000000000 ) ) ;
#10405 = ORIENTED_EDGE ( 'NONE', *, *, #9952, .F. ) ;
#10406 = ORIENTED_EDGE ( 'NONE', *, *, #6248, .T. ) ;
#10407 = LINE ( 'NONE', #7390, #5179 ) ;
#10408 = DIRECTION ( 'NONE',  ( 1.000000000000000000, 0.000000000000000000, 0.000000000000000000 ) ) ;
#10409 = DIRECTION ( 'NONE',  ( -1.000000000000000000, 0.000000000000000000, 0.000000000000000000 ) ) ;
#10410 = DIRECTION ( 'NONE',  ( 0.000000000000000000, 0.000000000000000000, -1.000000000000000000 ) ) ;
#10411 = VERTEX_POINT ( 'NONE', #8227 ) ;
#10412 = PLANE ( 'NONE',  #1120 ) ;
#10413 = PLANE ( 'NONE',  #4391 ) ;
#10414 = ORIENTED_EDGE ( 'NONE', *, *, #1477, .T. ) ;
#10415 = FACE_OUTER_BOUND ( 'NONE', #5639, .T. ) ;
#10416 = CARTESIAN_POINT ( 'NONE',  ( -0.7900000000000003686, -0.7250000000000049738, 1.217365792252620583E-15 ) ) ;
#10417 = EDGE_CURVE ( 'NONE', #947, #6504, #9898, .T. ) ;
#10418 = CARTESIAN_POINT ( 'NONE',  ( -3.330000000000000071, -0.5549999999999849498, 2.795743509104209498E-15 ) ) ;
#10419 = DIRECTION ( 'NONE',  ( 1.000000000000000000, 0.000000000000000000, 0.000000000000000000 ) ) ;
#10420 = CARTESIAN_POINT ( 'NONE',  ( 1.749999999999999778, -0.4532685607873793709, -2.870861070673344617 ) ) ;
#10421 = DIRECTION ( 'NONE',  ( 1.000000000000000000, -0.000000000000000000, 0.000000000000000000 ) ) ;
#10422 = ORIENTED_EDGE ( 'NONE', *, *, #10058, .T. ) ;
#10423 = CARTESIAN_POINT ( 'NONE',  ( -0.4550000000000005151, -0.1834862943212428044, -2.747157848089624821 ) ) ;
#10424 = DIRECTION ( 'NONE',  ( -0.000000000000000000, 0.9925461516413219831, 0.1218693434051477537 ) ) ;
#10425 = ORIENTED_EDGE ( 'NONE', *, *, #9779, .F. ) ;
#10426 = ORIENTED_EDGE ( 'NONE', *, *, #3483, .F. ) ;
#10427 = LINE ( 'NONE', #4042, #1083 ) ;
#10428 = ORIENTED_EDGE ( 'NONE', *, *, #3042, .F. ) ;
#10429 = ORIENTED_EDGE ( 'NONE', *, *, #6798, .F. ) ;
#10430 = CARTESIAN_POINT ( 'NONE',  ( 0.7899999999999999245, -0.08500000000000000611, 0.000000000000000000 ) ) ;
#10431 = EDGE_CURVE ( 'NONE', #5940, #2958, #9838, .T. ) ;
#10432 = CARTESIAN_POINT ( 'NONE',  ( -4.600000000000000533, 0.2042282574763048253, 2.545504876163455776 ) ) ;
#10433 = DIRECTION ( 'NONE',  ( 0.000000000000000000, 1.679125230693258263E-15, -1.000000000000000000 ) ) ;
#10434 = VECTOR ( 'NONE', #6350, 1000.000000000000000 ) ;
#10435 = EDGE_CURVE ( 'NONE', #11417, #2529, #7260, .T. ) ;
#10436 = PLANE ( 'NONE',  #10481 ) ;
#10437 = LINE ( 'NONE', #5836, #4551 ) ;
#10438 = CARTESIAN_POINT ( 'NONE',  ( 1.749999999999999778, 0.08500000000000000611, 0.000000000000000000 ) ) ;
#10439 = EDGE_CURVE ( 'NONE', #2523, #1336, #2556, .T. ) ;
#10440 = VERTEX_POINT ( 'NONE', #38 ) ;
#10441 = ORIENTED_EDGE ( 'NONE', *, *, #5388, .F. ) ;
#10442 = VERTEX_POINT ( 'NONE', #7203 ) ;
#10443 = ORIENTED_EDGE ( 'NONE', *, *, #10541, .T. ) ;
#10444 = EDGE_CURVE ( 'NONE', #8678, #8479, #1178, .T. ) ;
#10445 = CARTESIAN_POINT ( 'NONE',  ( 0.8149999999999997247, -0.1834862943212428044, -2.747157848089624821 ) ) ;
#10446 = AXIS2_PLACEMENT_3D ( 'NONE', #1352, #10492, #267 ) ;
#10447 = CARTESIAN_POINT ( 'NONE',  ( -4.195702540368398736, 0.6149999999999999911, 0.7500000000000000000 ) ) ;
#10448 = DIRECTION ( 'NONE',  ( 1.000000000000000000, -0.000000000000000000, -0.000000000000000000 ) ) ;
#10449 = ADVANCED_FACE ( 'NONE', ( #765 ), #1718, .F. ) ;
#10450 = LINE ( 'NONE', #7512, #9883 ) ;
#10451 = LINE ( 'NONE', #7699, #2982 ) ;
#10452 = LINE ( 'NONE', #4842, #718 ) ;
#10453 = ORIENTED_EDGE ( 'NONE', *, *, #6705, .T. ) ;
#10454 = VECTOR ( 'NONE', #4595, 1000.000000000000114 ) ;
#10455 = ORIENTED_EDGE ( 'NONE', *, *, #3051, .T. ) ;
#10456 = ORIENTED_EDGE ( 'NONE', *, *, #3370, .T. ) ;
#10457 = CARTESIAN_POINT ( 'NONE',  ( 0.4799999999999999267, -0.2011149196957552621, 2.461537905304631568 ) ) ;
#10458 = DIRECTION ( 'NONE',  ( 1.000000000000000000, 0.000000000000000000, 0.000000000000000000 ) ) ;
#10459 = ORIENTED_EDGE ( 'NONE', *, *, #10731, .F. ) ;
#10460 = VERTEX_POINT ( 'NONE', #5542 ) ;
#10461 = ADVANCED_FACE ( 'NONE', ( #4416 ), #9118, .T. ) ;
#10462 = PRESENTATION_LAYER_ASSIGNMENT (  '', '', ( #9109 ) ) ;
#10463 = LINE ( 'NONE', #4254, #6129 ) ;
#10464 = PLANE ( 'NONE',  #3482 ) ;
#10465 = DIRECTION ( 'NONE',  ( 1.000000000000000000, -0.000000000000000000, 0.000000000000000000 ) ) ;
#10466 = DIRECTION ( 'NONE',  ( -0.000000000000000000, -0.07997395986122911304, 0.9967969531173912490 ) ) ;
#10467 = CARTESIAN_POINT ( 'NONE',  ( -4.635000000000000675, -0.2334590321417965297, 2.124296695724090522 ) ) ;
#10468 = VECTOR ( 'NONE', #4959, 1000.000000000000000 ) ;
#10469 = ORIENTED_EDGE ( 'NONE', *, *, #53, .T. ) ;
#10470 = LINE ( 'NONE', #5936, #4335 ) ;
#10471 = PLANE ( 'NONE',  #8593 ) ;
#10472 = ORIENTED_EDGE ( 'NONE', *, *, #802, .F. ) ;
#10473 = DIRECTION ( 'NONE',  ( 0.000000000000000000, 0.000000000000000000, -1.000000000000000000 ) ) ;
#10474 = EDGE_CURVE ( 'NONE', #8604, #1711, #7317, .T. ) ;
#10475 = VECTOR ( 'NONE', #2178, 1000.000000000000000 ) ;
#10476 = CARTESIAN_POINT ( 'NONE',  ( 4.289999999999999147, -0.7249999999999999778, 3.000000000000000000 ) ) ;
#10477 = VECTOR ( 'NONE', #9177, 1000.000000000000000 ) ;
#10478 = CARTESIAN_POINT ( 'NONE',  ( -1.725000000000000755, -0.1970818674976526075, -2.577702366059666961 ) ) ;
#10479 = LINE ( 'NONE', #6001, #8584 ) ;
#10480 = AXIS2_PLACEMENT_3D ( 'NONE', #8491, #11115, #8301 ) ;
#10481 = AXIS2_PLACEMENT_3D ( 'NONE', #3922, #5893, #4755 ) ;
#10482 = EDGE_CURVE ( 'NONE', #1111, #8180, #8159, .T. ) ;
#10483 = SURFACE_STYLE_USAGE ( .BOTH. , #10306 ) ;
#10484 = CARTESIAN_POINT ( 'NONE',  ( -0.4800000000000003708, -0.1834862943212781650, 2.747157848089627041 ) ) ;
#10485 = ORIENTED_EDGE ( 'NONE', *, *, #7193, .T. ) ;
#10486 = LINE ( 'NONE', #9606, #148 ) ;
#10487 = VECTOR ( 'NONE', #219, 1000.000000000000000 ) ;
#10488 = CARTESIAN_POINT ( 'NONE',  ( -4.265000000000000568, -0.1834862943212428044, -2.747157848089624821 ) ) ;
#10489 = ORIENTED_EDGE ( 'NONE', *, *, #1159, .F. ) ;
#10490 = AXIS2_PLACEMENT_3D ( 'NONE', #8969, #9615, #783 ) ;
#10491 = VERTEX_POINT ( 'NONE', #7094 ) ;
#10492 = DIRECTION ( 'NONE',  ( 0.000000000000000000, 0.9967969531173911379, -0.07997395986122909917 ) ) ;
#10493 = VERTEX_POINT ( 'NONE', #10964 ) ;
#10494 = ORIENTED_EDGE ( 'NONE', *, *, #446, .T. ) ;
#10495 = DIRECTION ( 'NONE',  ( 0.000000000000000000, -0.07997395986122911304, 0.9967969531173912490 ) ) ;
#10496 = AXIS2_PLACEMENT_3D ( 'NONE', #9822, #4330, #582 ) ;
#10497 = AXIS2_PLACEMENT_3D ( 'NONE', #516, #6015, #2317 ) ;
#10498 = DIRECTION ( 'NONE',  ( 0.000000000000000000, 0.000000000000000000, -1.000000000000000000 ) ) ;
#10499 = LINE ( 'NONE', #5010, #7643 ) ;
#10500 = AXIS2_PLACEMENT_3D ( 'NONE', #9685, #2558, #482 ) ;
#10501 = EDGE_CURVE ( 'NONE', #9179, #7937, #3644, .T. ) ;
#10502 = FACE_OUTER_BOUND ( 'NONE', #1525, .T. ) ;
#10503 = ADVANCED_FACE ( 'NONE', ( #2776 ), #1890, .F. ) ;
#10504 = VECTOR ( 'NONE', #8694, 1000.000000000000000 ) ;
#10505 = VECTOR ( 'NONE', #4425, 1000.000000000000114 ) ;
#10506 = DIRECTION ( 'NONE',  ( 1.000000000000000000, 0.000000000000000000, 0.000000000000000000 ) ) ;
#10507 = AXIS2_PLACEMENT_3D ( 'NONE', #3696, #10219, #2031 ) ;
#10508 = DIRECTION ( 'NONE',  ( 0.000000000000000000, 0.000000000000000000, -1.000000000000000000 ) ) ;
#10509 = ORIENTED_EDGE ( 'NONE', *, *, #9349, .T. ) ;
#10510 = ORIENTED_EDGE ( 'NONE', *, *, #7131, .T. ) ;
#10511 = ORIENTED_EDGE ( 'NONE', *, *, #7229, .T. ) ;
#10512 = ORIENTED_EDGE ( 'NONE', *, *, #7124, .T. ) ;
#10513 = CARTESIAN_POINT ( 'NONE',  ( -0.7900000000000008127, 0.08500000000000000611, -1.939563312323252964 ) ) ;
#10514 = CARTESIAN_POINT ( 'NONE',  ( -4.600000000000000533, -0.4532685607873790379, 2.870861070673345061 ) ) ;
#10515 = VECTOR ( 'NONE', #610, 1000.000000000000000 ) ;
#10516 = VECTOR ( 'NONE', #9478, 1000.000000000000000 ) ;
#10517 = EDGE_CURVE ( 'NONE', #9252, #5418, #4517, .T. ) ;
#10518 = FACE_OUTER_BOUND ( 'NONE', #4253, .T. ) ;
#10519 = AXIS2_PLACEMENT_3D ( 'NONE', #1150, #9210, #253 ) ;
#10520 = CARTESIAN_POINT ( 'NONE',  ( -3.330000000000000071, -0.7249999999999999778, -3.000000000000000000 ) ) ;
#10521 = AXIS2_PLACEMENT_3D ( 'NONE', #1812, #1690, #5344 ) ;
#10522 = ADVANCED_FACE ( 'NONE', ( #2722 ), #3622, .T. ) ;
#10523 = LINE ( 'NONE', #417, #7944 ) ;
#10524 = DIRECTION ( 'NONE',  ( 0.000000000000000000, 0.000000000000000000, -1.000000000000000000 ) ) ;
#10525 = ORIENTED_EDGE ( 'NONE', *, *, #517, .F. ) ;
#10526 = ORIENTED_EDGE ( 'NONE', *, *, #4087, .T. ) ;
#10527 = VECTOR ( 'NONE', #4282, 1000.000000000000000 ) ;
#10528 = AXIS2_PLACEMENT_3D ( 'NONE', #3014, #7495, #3789 ) ;
#10529 = ORIENTED_EDGE ( 'NONE', *, *, #2533, .T. ) ;
#10530 = ORIENTED_EDGE ( 'NONE', *, *, #9007, .T. ) ;
#10531 = CARTESIAN_POINT ( 'NONE',  ( -3.330000000000000071, -0.5550000000000000488, -3.000000000000000000 ) ) ;
#10532 = ORIENTED_EDGE ( 'NONE', *, *, #4811, .F. ) ;
#10533 = EDGE_CURVE ( 'NONE', #1230, #5410, #8101, .T. ) ;
#10534 = FACE_OUTER_BOUND ( 'NONE', #466, .T. ) ;
#10535 = DIRECTION ( 'NONE',  ( 0.000000000000000000, 0.07997395986122909917, 0.9967969531173911379 ) ) ;
#10536 = DIRECTION ( 'NONE',  ( 1.000000000000000000, 0.000000000000000000, 0.000000000000000000 ) ) ;
#10537 = DIRECTION ( 'NONE',  ( -1.000000000000000000, 0.000000000000000000, -0.000000000000000000 ) ) ;
#10538 = LINE ( 'NONE', #2344, #5155 ) ;
#10539 = AXIS2_PLACEMENT_3D ( 'NONE', #7581, #9316, #3890 ) ;
#10540 = EDGE_CURVE ( 'NONE', #8666, #8244, #1830, .T. ) ;
#10541 = EDGE_CURVE ( 'NONE', #2575, #5378, #3990, .T. ) ;
#10542 = VERTEX_POINT ( 'NONE', #5724 ) ;
#10543 = FACE_OUTER_BOUND ( 'NONE', #104, .T. ) ;
#10544 = DIRECTION ( 'NONE',  ( 0.000000000000000000, 0.07997395986122911304, -0.9967969531173912490 ) ) ;
#10545 = ORIENTED_EDGE ( 'NONE', *, *, #3421, .T. ) ;
#10546 = DIRECTION ( 'NONE',  ( 0.000000000000000000, 0.000000000000000000, -1.000000000000000000 ) ) ;
#10547 = VERTEX_POINT ( 'NONE', #10140 ) ;
#10548 = LINE ( 'NONE', #7109, #1918 ) ;
#10549 = LINE ( 'NONE', #8739, #1356 ) ;
#10550 = FACE_OUTER_BOUND ( 'NONE', #11672, .T. ) ;
#10551 = PLANE ( 'NONE',  #11450 ) ;
#10552 = AXIS2_PLACEMENT_3D ( 'NONE', #8857, #3308, #6000 ) ;
#10553 = ADVANCED_FACE ( 'NONE', ( #92 ), #5789, .T. ) ;
#10554 = CARTESIAN_POINT ( 'NONE',  ( -0.4800000000000003708, 0.2042282574763048253, -2.545504876163455776 ) ) ;
#10555 = ORIENTED_EDGE ( 'NONE', *, *, #11600, .F. ) ;
#10556 = PLANE ( 'NONE',  #1307 ) ;
#10557 = CARTESIAN_POINT ( 'NONE',  ( -2.985000000000000764, -0.2334590321417877590, 2.124296695724089634 ) ) ;
#10558 = EDGE_LOOP ( 'NONE', ( #6837, #4798, #11244, #7443 ) ) ;
#10559 = ORIENTED_EDGE ( 'NONE', *, *, #201, .T. ) ;
#10560 = DIRECTION ( 'NONE',  ( -1.000000000000000000, 0.000000000000000000, -0.000000000000000000 ) ) ;
#10561 = ORIENTED_EDGE ( 'NONE', *, *, #4224, .F. ) ;
#10562 = CARTESIAN_POINT ( 'NONE',  ( -3.020000000000000018, -0.4532685607873793709, -2.870861070673344617 ) ) ;
#10563 = VECTOR ( 'NONE', #750, 1000.000000000000000 ) ;
#10564 = CARTESIAN_POINT ( 'NONE',  ( -3.020000000000000018, -0.4532685607873790379, 2.870861070673345061 ) ) ;
#10565 = COLOUR_RGB ( '',0.2509803921568627416, 0.2509803921568627416, 0.2509803921568627416 ) ;
#10566 = DIRECTION ( 'NONE',  ( 0.000000000000000000, 1.679125230693258263E-15, 1.000000000000000000 ) ) ;
#10567 = ORIENTED_EDGE ( 'NONE', *, *, #926, .F. ) ;
#10568 = EDGE_LOOP ( 'NONE', ( #6170, #11648, #9388, #8749 ) ) ;
#10569 = VERTEX_POINT ( 'NONE', #2960 ) ;
#10570 = LINE ( 'NONE', #7015, #3985 ) ;
#10571 = AXIS2_PLACEMENT_3D ( 'NONE', #4891, #3931, #11211 ) ;
#10572 = EDGE_CURVE ( 'NONE', #1711, #4319, #10260, .T. ) ;
#10573 = LINE ( 'NONE', #2494, #5981 ) ;
#10574 = DIRECTION ( 'NONE',  ( -1.000000000000000000, 0.000000000000000000, 0.000000000000000000 ) ) ;
#10575 = CARTESIAN_POINT ( 'NONE',  ( 1.714999999999998970, -0.2334590321417523429, 2.124296695724087414 ) ) ;
#10576 = DIRECTION ( 'NONE',  ( 1.000000000000000000, 0.000000000000000000, -0.000000000000000000 ) ) ;
#10577 = ORIENTED_EDGE ( 'NONE', *, *, #450, .F. ) ;
#10578 = EDGE_LOOP ( 'NONE', ( #10082, #7763, #5170, #8928 ) ) ;
#10579 = VERTEX_POINT ( 'NONE', #997 ) ;
#10580 = FACE_OUTER_BOUND ( 'NONE', #9062, .T. ) ;
#10581 = ORIENTED_EDGE ( 'NONE', *, *, #1679, .T. ) ;
#10582 = LINE ( 'NONE', #7031, #8412 ) ;
#10583 = ADVANCED_FACE ( 'NONE', ( #9236 ), #11150, .T. ) ;
#10584 = CARTESIAN_POINT ( 'NONE',  ( 2.059999999999999609, 0.2178238306527182089, -2.714960358193412304 ) ) ;
#10585 = CARTESIAN_POINT ( 'NONE',  ( 1.749999999999999778, -0.5549999999999993827, -2.870861070673345061 ) ) ;
#10586 = LINE ( 'NONE', #9000, #3816 ) ;
#10587 = DIRECTION ( 'NONE',  ( 0.000000000000000000, 0.000000000000000000, -1.000000000000000000 ) ) ;
#10588 = DIRECTION ( 'NONE',  ( -0.000000000000000000, 0.9925461516413219831, 0.1218693434051477537 ) ) ;
#10589 = EDGE_CURVE ( 'NONE', #2732, #3438, #1951, .T. ) ;
#10590 = EDGE_CURVE ( 'NONE', #856, #7261, #4834, .T. ) ;
#10591 = ORIENTED_EDGE ( 'NONE', *, *, #6636, .F. ) ;
#10592 = LINE ( 'NONE', #2164, #2278 ) ;
#10593 = ORIENTED_EDGE ( 'NONE', *, *, #11309, .F. ) ;
#10594 = EDGE_CURVE ( 'NONE', #6987, #3338, #7630, .T. ) ;
#10595 = FACE_OUTER_BOUND ( 'NONE', #630, .T. ) ;
#10596 = VERTEX_POINT ( 'NONE', #9436 ) ;
#10597 = EDGE_CURVE ( 'NONE', #5706, #8086, #3095, .T. ) ;
#10598 = FACE_OUTER_BOUND ( 'NONE', #8070, .T. ) ;
#10599 = EDGE_CURVE ( 'NONE', #9935, #4286, #338, .T. ) ;
#10600 = DIRECTION ( 'NONE',  ( 0.000000000000000000, 0.000000000000000000, -1.000000000000000000 ) ) ;
#10601 = FACE_OUTER_BOUND ( 'NONE', #1439, .T. ) ;
#10602 = ORIENTED_EDGE ( 'NONE', *, *, #8218, .T. ) ;
#10603 = FACE_OUTER_BOUND ( 'NONE', #6697, .T. ) ;
#10604 = LINE ( 'NONE', #4434, #3610 ) ;
#10605 = EDGE_LOOP ( 'NONE', ( #3306, #3702, #1857, #11290 ) ) ;
#10606 = EDGE_LOOP ( 'NONE', ( #639, #11222, #11592, #1037 ) ) ;
#10607 = CARTESIAN_POINT ( 'NONE',  ( -2.060000000000000497, 0.2178238306527182089, -2.714960358193412304 ) ) ;
#10608 = ORIENTED_EDGE ( 'NONE', *, *, #8851, .F. ) ;
#10609 = DIRECTION ( 'NONE',  ( 1.000000000000000000, 0.000000000000000000, 0.000000000000000000 ) ) ;
#10610 = EDGE_CURVE ( 'NONE', #4250, #6124, #3801, .T. ) ;
#10611 = EDGE_CURVE ( 'NONE', #8018, #1554, #3930, .T. ) ;
#10612 = PLANE ( 'NONE',  #3031 ) ;
#10613 = DIRECTION ( 'NONE',  ( -1.000000000000000000, 0.000000000000000000, -0.000000000000000000 ) ) ;
#10614 = EDGE_LOOP ( 'NONE', ( #7894, #4238, #2435, #7331 ) ) ;
#10615 = ORIENTED_EDGE ( 'NONE', *, *, #10882, .F. ) ;
#10616 = ORIENTED_EDGE ( 'NONE', *, *, #9749, .T. ) ;
#10617 = EDGE_CURVE ( 'NONE', #222, #3884, #11092, .T. ) ;
#10618 = LINE ( 'NONE', #642, #4733 ) ;
#10619 = AXIS2_PLACEMENT_3D ( 'NONE', #5373, #9018, #5053 ) ;
#10620 = CARTESIAN_POINT ( 'NONE',  ( 0.4799999999999999267, -0.4532685607873790379, 2.870861070673345061 ) ) ;
#10621 = DIRECTION ( 'NONE',  ( 1.000000000000000000, -0.000000000000000000, 0.000000000000000000 ) ) ;
#10622 = CARTESIAN_POINT ( 'NONE',  ( -4.255000000000000782, -0.1834862943213046715, 2.747157848089629262 ) ) ;
#10623 = DIRECTION ( 'NONE',  ( 0.000000000000000000, 0.9967969531173911379, -0.07997395986122909917 ) ) ;
#10624 = DIRECTION ( 'NONE',  ( 0.000000000000000000, 0.000000000000000000, -1.000000000000000000 ) ) ;
#10625 = CARTESIAN_POINT ( 'NONE',  ( -1.725000000000000755, -0.1834862943212428044, -2.747157848089624821 ) ) ;
#10626 = AXIS2_PLACEMENT_3D ( 'NONE', #8340, #2014, #8413 ) ;
#10627 = ORIENTED_EDGE ( 'NONE', *, *, #6910, .T. ) ;
#10628 = ORIENTED_EDGE ( 'NONE', *, *, #6636, .T. ) ;
#10629 = ORIENTED_EDGE ( 'NONE', *, *, #9371, .F. ) ;
#10630 = CARTESIAN_POINT ( 'NONE',  ( 1.749999999999999778, -0.4532685607873790379, 2.870861070673345061 ) ) ;
#10631 = ORIENTED_EDGE ( 'NONE', *, *, #10474, .F. ) ;
#10632 = DIRECTION ( 'NONE',  ( 1.000000000000000000, 0.000000000000000000, 0.000000000000000000 ) ) ;
#10633 = DIRECTION ( 'NONE',  ( 0.000000000000000000, 0.000000000000000000, -1.000000000000000000 ) ) ;
#10634 = CARTESIAN_POINT ( 'NONE',  ( -4.290000000000000036, -0.4532685607873790379, 2.870861070673345061 ) ) ;
#10635 = DIRECTION ( 'NONE',  ( 0.000000000000000000, 1.000000000000000000, 0.000000000000000000 ) ) ;
#10636 = PLANE ( 'NONE',  #1715 ) ;
#10637 = FACE_OUTER_BOUND ( 'NONE', #3335, .T. ) ;
#10638 = VECTOR ( 'NONE', #7956, 999.9999999999998863 ) ;
#10639 = ADVANCED_FACE ( 'NONE', ( #2904 ), #3872, .T. ) ;
#10640 = EDGE_CURVE ( 'NONE', #3043, #1710, #4889, .T. ) ;
#10641 = DIRECTION ( 'NONE',  ( -1.000000000000000000, 0.000000000000000000, 0.000000000000000000 ) ) ;
#10642 = ORIENTED_EDGE ( 'NONE', *, *, #7408, .F. ) ;
#10643 = CARTESIAN_POINT ( 'NONE',  ( 2.984999999999998987, -0.4462811057770084133, 2.597695856024974770 ) ) ;
#10644 = ORIENTED_EDGE ( 'NONE', *, *, #9050, .T. ) ;
#10645 = DIRECTION ( 'NONE',  ( 0.000000000000000000, -0.9967969531173912490, -0.07997395986122736444 ) ) ;
#10646 = ADVANCED_FACE ( 'NONE', ( #10198 ), #6494, .T. ) ;
#10647 = CARTESIAN_POINT ( 'NONE',  ( -0.7900000000000003686, -0.4326855326006259772, 2.767151338054934406 ) ) ;
#10648 = LINE ( 'NONE', #11656, #10102 ) ;
#10649 =( GEOMETRIC_REPRESENTATION_CONTEXT ( 3 ) GLOBAL_UNCERTAINTY_ASSIGNED_CONTEXT ( ( #1809 ) ) GLOBAL_UNIT_ASSIGNED_CONTEXT ( ( #946, #7213, #10865 ) ) REPRESENTATION_CONTEXT ( 'NONE', 'WORKASPACE' ) );
#10650 = EDGE_CURVE ( 'NONE', #9473, #4153, #3769, .T. ) ;
#10651 = EDGE_LOOP ( 'NONE', ( #1788, #98, #10033, #5243 ) ) ;
#10652 = EDGE_CURVE ( 'NONE', #11818, #5743, #362, .T. ) ;
#10653 = VECTOR ( 'NONE', #2465, 1000.000000000000000 ) ;
#10654 = CARTESIAN_POINT ( 'NONE',  ( 0.4799999999999999267, 0.08500000000000000611, 0.000000000000000000 ) ) ;
#10655 = DIRECTION ( 'NONE',  ( 1.000000000000000000, -0.000000000000000000, 0.000000000000000000 ) ) ;
#10656 = VERTEX_POINT ( 'NONE', #10445 ) ;
#10657 = EDGE_LOOP ( 'NONE', ( #8926, #745, #818, #2306 ) ) ;
#10658 = AXIS2_PLACEMENT_3D ( 'NONE', #10438, #1364, #6546 ) ;
#10659 = ORIENTED_EDGE ( 'NONE', *, *, #3282, .F. ) ;
#10660 = DIRECTION ( 'NONE',  ( 0.000000000000000000, 0.000000000000000000, -1.000000000000000000 ) ) ;
#10661 = EDGE_CURVE ( 'NONE', #10873, #9179, #3209, .T. ) ;
#10662 =( NAMED_UNIT ( * ) SI_UNIT ( $, .STERADIAN. ) SOLID_ANGLE_UNIT ( ) );
#10663 = AXIS2_PLACEMENT_3D ( 'NONE', #5823, #3360, #8813 ) ;
#10664 = AXIS2_PLACEMENT_3D ( 'NONE', #11618, #7186, #3439 ) ;
#10665 = EDGE_CURVE ( 'NONE', #3006, #682, #9627, .T. ) ;
#10666 = VECTOR ( 'NONE', #689, 999.9999999999998863 ) ;
#10667 = CARTESIAN_POINT ( 'NONE',  ( -2.985000000000000764, -0.1834862943212959008, 2.747157848089628374 ) ) ;
#10668 = VECTOR ( 'NONE', #1263, 1000.000000000000000 ) ;
#10669 = EDGE_CURVE ( 'NONE', #10901, #8563, #5843, .T. ) ;
#10670 = LINE ( 'NONE', #7126, #928 ) ;
#10671 = VECTOR ( 'NONE', #8871, 1000.000000000000000 ) ;
#10672 = AXIS2_PLACEMENT_3D ( 'NONE', #6600, #331, #10253 ) ;
#10673 = ORIENTED_EDGE ( 'NONE', *, *, #2149, .T. ) ;
#10674 = VERTEX_POINT ( 'NONE', #10676 ) ;
#10675 = ORIENTED_EDGE ( 'NONE', *, *, #6961, .T. ) ;
#10676 = CARTESIAN_POINT ( 'NONE',  ( 1.749999999999998002, 0.000000000000000000, 1.949999999999999956 ) ) ;
#10677 = AXIS2_PLACEMENT_3D ( 'NONE', #7834, #6152, #9746 ) ;
#10678 = CARTESIAN_POINT ( 'NONE',  ( 0.7899999999999999245, 0.2042282574763048253, -2.545504876163455776 ) ) ;
#10679 = CARTESIAN_POINT ( 'NONE',  ( 2.984999999999998987, -0.1834862943212517139, 2.747157848089625265 ) ) ;
#10680 = AXIS2_PLACEMENT_3D ( 'NONE', #5518, #9164, #4740 ) ;
#10681 = VECTOR ( 'NONE', #1401, 1000.000000000000114 ) ;
#10682 = VECTOR ( 'NONE', #11113, 1000.000000000000000 ) ;
#10683 = DIRECTION ( 'NONE',  ( -0.000000000000000000, -0.9925461516413219831, 0.1218693434051477537 ) ) ;
#10684 = EDGE_CURVE ( 'NONE', #3006, #2732, #6079, .T. ) ;
#10685 = DIRECTION ( 'NONE',  ( 0.000000000000000000, 1.679125230693258263E-15, -1.000000000000000000 ) ) ;
#10686 = ORIENTED_EDGE ( 'NONE', *, *, #4304, .T. ) ;
#10687 = ORIENTED_EDGE ( 'NONE', *, *, #4650, .F. ) ;
#10688 = EDGE_LOOP ( 'NONE', ( #6262, #426, #1313, #11809 ) ) ;
#10689 = LINE ( 'NONE', #1712, #8595 ) ;
#10690 = ORIENTED_EDGE ( 'NONE', *, *, #6918, .T. ) ;
#10691 = VECTOR ( 'NONE', #437, 1000.000000000000000 ) ;
#10692 = VECTOR ( 'NONE', #4414, 1000.000000000000114 ) ;
#10693 = VECTOR ( 'NONE', #3840, 1000.000000000000000 ) ;
#10694 = DIRECTION ( 'NONE',  ( 0.000000000000000000, 0.07997395986122909917, 0.9967969531173911379 ) ) ;
#10695 = CARTESIAN_POINT ( 'NONE',  ( -1.750000000000000666, 0.08500000000000000611, -2.461537905304632012 ) ) ;
#10696 = LINE ( 'NONE', #6878, #7227 ) ;
#10697 = DIRECTION ( 'NONE',  ( 0.000000000000000000, 0.000000000000000000, -1.000000000000000000 ) ) ;
#10698 = VECTOR ( 'NONE', #6991, 1000.000000000000000 ) ;
#10699 = ORIENTED_EDGE ( 'NONE', *, *, #7068, .F. ) ;
#10700 = CARTESIAN_POINT ( 'NONE',  ( 0.4799999999999999267, -0.5549999999999849498, 2.795743509104209498E-15 ) ) ;
#10701 = VERTEX_POINT ( 'NONE', #2426 ) ;
#10702 = LINE ( 'NONE', #7777, #1529 ) ;
#10703 = ORIENTED_EDGE ( 'NONE', *, *, #4029, .T. ) ;
#10704 = ORIENTED_EDGE ( 'NONE', *, *, #8310, .T. ) ;
#10705 = CARTESIAN_POINT ( 'NONE',  ( -4.950000000000000178, -0.08500000000000000611, 1.939563312323252964 ) ) ;
#10706 = FACE_OUTER_BOUND ( 'NONE', #7103, .T. ) ;
#10707 = VECTOR ( 'NONE', #2619, 1000.000000000000000 ) ;
#10708 = LINE ( 'NONE', #7849, #2702 ) ;
#10709 = CARTESIAN_POINT ( 'NONE',  ( 1.724999999999999645, -0.1834862943212428044, -2.747157848089624821 ) ) ;
#10710 = EDGE_CURVE ( 'NONE', #4983, #2434, #10618, .T. ) ;
#10711 = ORIENTED_EDGE ( 'NONE', *, *, #7642, .F. ) ;
#10712 = LINE ( 'NONE', #9763, #11781 ) ;
#10713 = DIRECTION ( 'NONE',  ( 0.000000000000000000, 1.000000000000000000, 0.000000000000000000 ) ) ;
#10714 = VERTEX_POINT ( 'NONE', #6855 ) ;
#10715 = CARTESIAN_POINT ( 'NONE',  ( -4.600000000000000533, 0.000000000000000000, 0.000000000000000000 ) ) ;
#10716 = PLANE ( 'NONE',  #5111 ) ;
#10717 = EDGE_CURVE ( 'NONE', #856, #8114, #5190, .T. ) ;
#10718 = ORIENTED_EDGE ( 'NONE', *, *, #10650, .F. ) ;
#10719 = DIRECTION ( 'NONE',  ( -1.000000000000000000, 0.000000000000000000, 0.000000000000000000 ) ) ;
#10720 = LINE ( 'NONE', #7069, #967 ) ;
#10721 = EDGE_CURVE ( 'NONE', #1443, #1081, #9726, .T. ) ;
#10722 = DIRECTION ( 'NONE',  ( 0.000000000000000000, 0.000000000000000000, 1.000000000000000000 ) ) ;
#10723 = EDGE_CURVE ( 'NONE', #8781, #6504, #10570, .T. ) ;
#10724 = DIRECTION ( 'NONE',  ( 0.000000000000000000, 1.000000000000000000, 0.000000000000000000 ) ) ;
#10725 = LINE ( 'NONE', #5120, #2462 ) ;
#10726 = CIRCLE ( 'NONE', #8641, 0.1017314392126205669 ) ;
#10727 = VERTEX_POINT ( 'NONE', #10513 ) ;
#10728 = ORIENTED_EDGE ( 'NONE', *, *, #9336, .F. ) ;
#10729 = ORIENTED_EDGE ( 'NONE', *, *, #11120, .T. ) ;
#10730 = ORIENTED_EDGE ( 'NONE', *, *, #5443, .F. ) ;
#10731 = EDGE_CURVE ( 'NONE', #9087, #7372, #4288, .T. ) ;
#10732 = ADVANCED_FACE ( 'NONE', ( #5905 ), #11555, .T. ) ;
#10733 = CARTESIAN_POINT ( 'NONE',  ( -2.060000000000000497, -0.5549999999999849498, -2.795743509104209498E-15 ) ) ;
#10734 = CARTESIAN_POINT ( 'NONE',  ( 0.7899999999999981481, 0.000000000000000000, -1.949999999999999956 ) ) ;
#10735 = EDGE_CURVE ( 'NONE', #4832, #1551, #9559, .T. ) ;
#10736 = FACE_OUTER_BOUND ( 'NONE', #7532, .T. ) ;
#10737 = VECTOR ( 'NONE', #10917, 999.9999999999998863 ) ;
#10738 = LINE ( 'NONE', #7875, #2828 ) ;
#10739 = CARTESIAN_POINT ( 'NONE',  ( 3.019999999999999574, -0.5549999999999993827, -2.870861070673345061 ) ) ;
#10740 = LINE ( 'NONE', #2549, #3395 ) ;
#10741 = EDGE_LOOP ( 'NONE', ( #10711, #8317, #1096, #1697 ) ) ;
#10742 = ORIENTED_EDGE ( 'NONE', *, *, #8826, .F. ) ;
#10743 = ORIENTED_EDGE ( 'NONE', *, *, #9307, .T. ) ;
#10744 = DIRECTION ( 'NONE',  ( 0.000000000000000000, 0.000000000000000000, -1.000000000000000000 ) ) ;
#10745 = CIRCLE ( 'NONE', #1961, 0.1017314392126205669 ) ;
#10746 = ORIENTED_EDGE ( 'NONE', *, *, #10315, .F. ) ;
#10747 = DIRECTION ( 'NONE',  ( -1.000000000000000000, 0.000000000000000000, -0.000000000000000000 ) ) ;
#10748 = DIRECTION ( 'NONE',  ( 0.000000000000000000, 0.07997395986122911304, -0.9967969531173912490 ) ) ;
#10749 = ADVANCED_FACE ( 'NONE', ( #5073 ), #8590, .F. ) ;
#10750 = DIRECTION ( 'NONE',  ( -1.000000000000000000, 0.000000000000000000, -0.000000000000000000 ) ) ;
#10751 = ADVANCED_FACE ( 'NONE', ( #524 ), #7694, .T. ) ;
#10752 = LINE ( 'NONE', #2559, #1406 ) ;
#10753 = CARTESIAN_POINT ( 'NONE',  ( -0.7899999999999999245, 0.000000000000000000, 1.949999999999999956 ) ) ;
#10754 = EDGE_LOOP ( 'NONE', ( #9916, #3237, #1429, #7745 ) ) ;
#10755 = DIRECTION ( 'NONE',  ( -1.000000000000000000, -0.000000000000000000, -0.000000000000000000 ) ) ;
#10756 = ORIENTED_EDGE ( 'NONE', *, *, #3282, .T. ) ;
#10757 = ORIENTED_EDGE ( 'NONE', *, *, #9779, .T. ) ;
#10758 = CARTESIAN_POINT ( 'NONE',  ( -0.7900000000000003686, -0.08500000000000000611, -2.461537905304634677 ) ) ;
#10759 = VERTEX_POINT ( 'NONE', #5968 ) ;
#10760 = ORIENTED_EDGE ( 'NONE', *, *, #9487, .F. ) ;
#10761 = DIRECTION ( 'NONE',  ( 0.000000000000000000, -0.9967969531173912490, -0.07997395986122736444 ) ) ;
#10762 = EDGE_CURVE ( 'NONE', #5317, #90, #5124, .T. ) ;
#10763 = DIRECTION ( 'NONE',  ( 1.000000000000000000, 0.000000000000000000, 0.000000000000000000 ) ) ;
#10764 = LINE ( 'NONE', #3357, #32 ) ;
#10765 = CARTESIAN_POINT ( 'NONE',  ( -2.060000000000000497, -0.08500000000000000611, 0.000000000000000000 ) ) ;
#10766 = VERTEX_POINT ( 'NONE', #8655 ) ;
#10767 = DIRECTION ( 'NONE',  ( -0.000000000000000000, -0.000000000000000000, 1.000000000000000000 ) ) ;
#10768 = EDGE_CURVE ( 'NONE', #5016, #8479, #9674, .T. ) ;
#10769 = DIRECTION ( 'NONE',  ( 0.000000000000000000, -0.9967969531173912490, 0.07997395986122909917 ) ) ;
#10770 = EDGE_LOOP ( 'NONE', ( #2595, #676, #5156, #5769 ) ) ;
#10771 = FACE_OUTER_BOUND ( 'NONE', #10876, .T. ) ;
#10772 = ORIENTED_EDGE ( 'NONE', *, *, #440, .F. ) ;
#10773 = CARTESIAN_POINT ( 'NONE',  ( 4.289999999999999147, -0.5549999999999849498, -2.795743509104209498E-15 ) ) ;
#10774 = CARTESIAN_POINT ( 'NONE',  ( -4.265000000000000568, -0.1834862943212428044, -2.747157848089624821 ) ) ;
#10775 = FACE_OUTER_BOUND ( 'NONE', #478, .T. ) ;
#10776 = LINE ( 'NONE', #6225, #7030 ) ;
#10777 = EDGE_CURVE ( 'NONE', #3396, #10833, #4113, .T. ) ;
#10778 = DIRECTION ( 'NONE',  ( 0.000000000000000000, -0.9967969531173912490, 0.07997395986122736444 ) ) ;
#10779 = ORIENTED_EDGE ( 'NONE', *, *, #9657, .T. ) ;
#10780 = ADVANCED_FACE ( 'NONE', ( #4240 ), #3328, .T. ) ;
#10781 = VERTEX_POINT ( 'NONE', #8931 ) ;
#10782 = ORIENTED_EDGE ( 'NONE', *, *, #3901, .F. ) ;
#10783 = ORIENTED_EDGE ( 'NONE', *, *, #7445, .F. ) ;
#10784 = CARTESIAN_POINT ( 'NONE',  ( -0.4800000000000003708, -0.2011149196957552621, -2.461537905304631568 ) ) ;
#10785 = EDGE_CURVE ( 'NONE', #7717, #10003, #9780, .T. ) ;
#10786 = DIRECTION ( 'NONE',  ( 0.000000000000000000, 0.9967969531173912490, 0.07997395986122911304 ) ) ;
#10787 = CARTESIAN_POINT ( 'NONE',  ( -4.600000000000000533, -0.4462811057770615930, 2.597695856024978767 ) ) ;
#10788 = CARTESIAN_POINT ( 'NONE',  ( -0.7900000000000003686, -0.7249999999999999778, 3.000000000000000000 ) ) ;
#10789 = CARTESIAN_POINT ( 'NONE',  ( 2.994999999999999218, -0.1970818674976526075, -2.577702366059666961 ) ) ;
#10790 = CARTESIAN_POINT ( 'NONE',  ( 1.749999999999999778, -0.2011149196957552621, 2.461537905304631568 ) ) ;
#10791 = EDGE_LOOP ( 'NONE', ( #3166, #9624, #7990, #7967 ) ) ;
#10792 = EDGE_CURVE ( 'NONE', #5584, #8884, #28, .T. ) ;
#10793 = VERTEX_POINT ( 'NONE', #2542 ) ;
#10794 = ORIENTED_EDGE ( 'NONE', *, *, #2292, .F. ) ;
#10795 = VECTOR ( 'NONE', #3531, 1000.000000000000114 ) ;
#10796 = DIRECTION ( 'NONE',  ( 0.000000000000000000, 1.000000000000000000, 0.000000000000000000 ) ) ;
#10797 = ORIENTED_EDGE ( 'NONE', *, *, #9482, .T. ) ;
#10798 = CARTESIAN_POINT ( 'NONE',  ( 0.4799999999999999267, 0.000000000000000000, 0.000000000000000000 ) ) ;
#10799 = EDGE_CURVE ( 'NONE', #2514, #9740, #10281, .T. ) ;
#10800 = DIRECTION ( 'NONE',  ( -1.000000000000000000, -0.000000000000000000, -0.000000000000000000 ) ) ;
#10801 = CARTESIAN_POINT ( 'NONE',  ( -1.725000000000000755, -0.1970818674976518581, -2.577702366059666961 ) ) ;
#10802 = DIRECTION ( 'NONE',  ( -1.000000000000000000, 0.000000000000000000, 0.000000000000000000 ) ) ;
#10803 = VECTOR ( 'NONE', #9125, 1000.000000000000000 ) ;
#10804 = FACE_OUTER_BOUND ( 'NONE', #2861, .T. ) ;
#10805 = DIRECTION ( 'NONE',  ( 0.000000000000000000, -0.9967969531173912490, -0.07997395986122736444 ) ) ;
#10806 = ORIENTED_EDGE ( 'NONE', *, *, #11482, .T. ) ;
#10807 = EDGE_CURVE ( 'NONE', #8481, #7987, #6183, .T. ) ;
#10808 = DIRECTION ( 'NONE',  ( 0.000000000000000000, 0.9967969531173912490, 0.07997395986122736444 ) ) ;
#10809 = ORIENTED_EDGE ( 'NONE', *, *, #1880, .F. ) ;
#10810 = ORIENTED_EDGE ( 'NONE', *, *, #10355, .T. ) ;
#10811 = CARTESIAN_POINT ( 'NONE',  ( -4.950000000000000178, 0.000000000000000000, -1.949999999999999956 ) ) ;
#10812 = ORIENTED_EDGE ( 'NONE', *, *, #8218, .F. ) ;
#10813 = VERTEX_POINT ( 'NONE', #7132 ) ;
#10814 = CARTESIAN_POINT ( 'NONE',  ( 2.084999999999999520, -0.1970818674976526075, -2.577702366059666961 ) ) ;
#10815 = PLANE ( 'NONE',  #3590 ) ;
#10816 = DIRECTION ( 'NONE',  ( 1.000000000000000000, 0.000000000000000000, 0.000000000000000000 ) ) ;
#10817 = CARTESIAN_POINT ( 'NONE',  ( -2.060000000000000497, -0.4614044268235938384, -2.769455482029957061 ) ) ;
#10818 = VECTOR ( 'NONE', #456, 1000.000000000000000 ) ;
#10819 = EDGE_CURVE ( 'NONE', #4278, #10875, #9122, .T. ) ;
#10820 = LINE ( 'NONE', #2627, #6644 ) ;
#10821 = ORIENTED_EDGE ( 'NONE', *, *, #3227, .T. ) ;
#10822 = DIRECTION ( 'NONE',  ( 1.000000000000000000, 0.000000000000000000, 0.000000000000000000 ) ) ;
#10823 = VECTOR ( 'NONE', #10808, 1000.000000000000114 ) ;
#10824 = VERTEX_POINT ( 'NONE', #810 ) ;
#10825 = CARTESIAN_POINT ( 'NONE',  ( 2.084999999999999520, -0.4462811057769997536, -2.597695856024973882 ) ) ;
#10826 = CIRCLE ( 'NONE', #5678, 0.2717314392126214395 ) ;
#10827 = DIRECTION ( 'NONE',  ( -1.000000000000000000, 0.000000000000000000, -0.000000000000000000 ) ) ;
#10828 = ADVANCED_FACE ( 'NONE', ( #685 ), #3607, .T. ) ;
#10829 = DIRECTION ( 'NONE',  ( 0.000000000000000000, 1.679125230693258263E-15, 1.000000000000000000 ) ) ;
#10830 = FACE_OUTER_BOUND ( 'NONE', #6475, .T. ) ;
#10831 = CARTESIAN_POINT ( 'NONE',  ( 4.873259649435684793, -0.6250000000000000000, 1.873259649435684349 ) ) ;
#10832 = ORIENTED_EDGE ( 'NONE', *, *, #9749, .F. ) ;
#10833 = VERTEX_POINT ( 'NONE', #9054 ) ;
#10834 = ORIENTED_EDGE ( 'NONE', *, *, #2348, .F. ) ;
#10835 = EDGE_LOOP ( 'NONE', ( #4266, #5259, #8887, #8063 ) ) ;
#10836 = VECTOR ( 'NONE', #7, 1000.000000000000000 ) ;
#10837 = VECTOR ( 'NONE', #10838, 1000.000000000000000 ) ;
#10838 = DIRECTION ( 'NONE',  ( 1.000000000000000000, 0.000000000000000000, 0.000000000000000000 ) ) ;
#10839 = DIRECTION ( 'NONE',  ( 0.000000000000000000, 0.07997395986122911304, -0.9967969531173912490 ) ) ;
#10840 = EDGE_CURVE ( 'NONE', #5045, #6913, #861, .T. ) ;
#10841 = CIRCLE ( 'NONE', #558, 0.1161149196957549368 ) ;
#10842 = DIRECTION ( 'NONE',  ( 1.000000000000000000, -0.000000000000000000, 0.000000000000000000 ) ) ;
#10843 = AXIS2_PLACEMENT_3D ( 'NONE', #5832, #10498, #11269 ) ;
#10844 = EDGE_CURVE ( 'NONE', #7917, #1964, #9827, .T. ) ;
#10845 = PRESENTATION_STYLE_ASSIGNMENT (( #7192 ) ) ;
#10846 = AXIS2_PLACEMENT_3D ( 'NONE', #8513, #3088, #10385 ) ;
#10847 = LINE ( 'NONE', #3333, #4910 ) ;
#10848 = DIRECTION ( 'NONE',  ( 1.000000000000000000, 0.000000000000000000, 0.000000000000000000 ) ) ;
#10849 = ORIENTED_EDGE ( 'NONE', *, *, #5815, .F. ) ;
#10850 = ORIENTED_EDGE ( 'NONE', *, *, #3647, .F. ) ;
#10851 = VERTEX_POINT ( 'NONE', #8145 ) ;
#10852 = CARTESIAN_POINT ( 'NONE',  ( 1.749999999999999778, -0.1834862943212603736, 2.747157848089626153 ) ) ;
#10853 = VECTOR ( 'NONE', #1187, 1000.000000000000000 ) ;
#10854 = VERTEX_POINT ( 'NONE', #5286 ) ;
#10855 = CARTESIAN_POINT ( 'NONE',  ( 4.599999999999999645, -0.4532685607873790379, 2.870861070673345061 ) ) ;
#10856 = CARTESIAN_POINT ( 'NONE',  ( 4.289999999999999147, -0.4532685607873793709, -2.870861070673344617 ) ) ;
#10857 = VECTOR ( 'NONE', #4507, 1000.000000000000000 ) ;
#10858 = FACE_OUTER_BOUND ( 'NONE', #9976, .T. ) ;
#10859 = VECTOR ( 'NONE', #7278, 999.9999999999998863 ) ;
#10860 = CIRCLE ( 'NONE', #1343, 0.2717314392126209954 ) ;
#10861 = DIRECTION ( 'NONE',  ( -1.000000000000000000, 0.000000000000000000, -0.000000000000000000 ) ) ;
#10862 = EDGE_CURVE ( 'NONE', #9444, #2514, #747, .T. ) ;
#10863 = FACE_OUTER_BOUND ( 'NONE', #1129, .T. ) ;
#10864 = LINE ( 'NONE', #7212, #8712 ) ;
#10865 =( NAMED_UNIT ( * ) SI_UNIT ( $, .STERADIAN. ) SOLID_ANGLE_UNIT ( ) );
#10866 = ORIENTED_EDGE ( 'NONE', *, *, #10862, .T. ) ;
#10867 = EDGE_CURVE ( 'NONE', #9434, #295, #8039, .T. ) ;
#10868 = AXIS2_PLACEMENT_3D ( 'NONE', #22, #78, #6471 ) ;
#10869 = DIRECTION ( 'NONE',  ( 0.000000000000000000, 0.07997395986122909917, 0.9967969531173911379 ) ) ;
#10870 = VECTOR ( 'NONE', #653, 1000.000000000000114 ) ;
#10871 = VECTOR ( 'NONE', #8199, 1000.000000000000000 ) ;
#10872 = ORIENTED_EDGE ( 'NONE', *, *, #11210, .T. ) ;
#10873 = VERTEX_POINT ( 'NONE', #8214 ) ;
#10874 = PLANE ( 'NONE',  #11252 ) ;
#10875 = VERTEX_POINT ( 'NONE', #2587 ) ;
#10876 = EDGE_LOOP ( 'NONE', ( #6203, #9555, #4499, #5313 ) ) ;
#10877 = LINE ( 'NONE', #8064, #2501 ) ;
#10878 = CARTESIAN_POINT ( 'NONE',  ( 0.7899999999999999245, 0.2178238306527182089, 2.714960358193412304 ) ) ;
#10879 = DIRECTION ( 'NONE',  ( 1.000000000000000000, -0.000000000000000000, 0.000000000000000000 ) ) ;
#10880 = CARTESIAN_POINT ( 'NONE',  ( -0.7900000000000003686, -0.5549999999999993827, -2.870861070673345061 ) ) ;
#10882 = EDGE_CURVE ( 'NONE', #7128, #2537, #9880, .T. ) ;
#10881 = CIRCLE ( 'NONE', #11262, 0.1017314392126205669 ) ;
#10883 = AXIS2_PLACEMENT_3D ( 'NONE', #7913, #4229, #7795 ) ;
#10884 = VECTOR ( 'NONE', #10383, 1000.000000000000114 ) ;
#10885 = VERTEX_POINT ( 'NONE', #2059 ) ;
#10886 = CYLINDRICAL_SURFACE ( 'NONE', #5693, 0.1161149196957549368 ) ;
#10887 = DIRECTION ( 'NONE',  ( -0.000000000000000000, 0.000000000000000000, -1.000000000000000000 ) ) ;
#10888 = ORIENTED_EDGE ( 'NONE', *, *, #7626, .F. ) ;
#10889 = DIRECTION ( 'NONE',  ( 1.000000000000000000, 0.000000000000000000, 0.000000000000000000 ) ) ;
#10890 = CIRCLE ( 'NONE', #10539, 0.2861149196957545326 ) ;
#10891 = AXIS2_PLACEMENT_3D ( 'NONE', #196, #6714, #5578 ) ;
#10892 = ORIENTED_EDGE ( 'NONE', *, *, #932, .T. ) ;
#10893 = DIRECTION ( 'NONE',  ( -1.000000000000000000, 0.000000000000000000, 0.000000000000000000 ) ) ;
#10894 = DIRECTION ( 'NONE',  ( 0.000000000000000000, -0.9967969531173912490, -0.07997395986122922407 ) ) ;
#10895 = EDGE_CURVE ( 'NONE', #7120, #7372, #8938, .T. ) ;
#10896 = AXIS2_PLACEMENT_3D ( 'NONE', #5368, #9012, #4465 ) ;
#10897 = CARTESIAN_POINT ( 'NONE',  ( 0.7899999999999999245, 0.000000000000000000, -1.949999999999999956 ) ) ;
#10898 = DIRECTION ( 'NONE',  ( 0.000000000000000000, -0.07997395986122911304, 0.9967969531173912490 ) ) ;
#10899 = CARTESIAN_POINT ( 'NONE',  ( -4.600000000000000533, 0.000000000000000000, -3.000000000000000000 ) ) ;
#10900 = DIRECTION ( 'NONE',  ( -0.000000000000000000, -0.07997395986122911304, 0.9967969531173912490 ) ) ;
#10901 = VERTEX_POINT ( 'NONE', #2765 ) ;
#10902 = ORIENTED_EDGE ( 'NONE', *, *, #1244, .F. ) ;
#10903 = VERTEX_POINT ( 'NONE', #6413 ) ;
#10904 = ORIENTED_EDGE ( 'NONE', *, *, #2338, .F. ) ;
#10905 = CARTESIAN_POINT ( 'NONE',  ( -0.7900000000000003686, -0.4614044268235938384, -2.769455482029957061 ) ) ;
#10906 =( NAMED_UNIT ( * ) SI_UNIT ( $, .STERADIAN. ) SOLID_ANGLE_UNIT ( ) );
#10907 = CIRCLE ( 'NONE', #1189, 0.1017314392126205669 ) ;
#10908 = DIRECTION ( 'NONE',  ( 1.000000000000000000, 0.000000000000000000, 0.000000000000000000 ) ) ;
#10909 = CARTESIAN_POINT ( 'NONE',  ( 0.4799999999999999267, -0.4532685607873793709, -2.870861070673344617 ) ) ;
#10910 = EDGE_LOOP ( 'NONE', ( #6614, #9294, #11317, #8176 ) ) ;
#10911 = ORIENTED_EDGE ( 'NONE', *, *, #11807, .F. ) ;
#10912 = VERTEX_POINT ( 'NONE', #7360 ) ;
#10913 = EDGE_CURVE ( 'NONE', #4851, #4500, #4684, .T. ) ;
#10914 = DIRECTION ( 'NONE',  ( 0.000000000000000000, 0.000000000000000000, -1.000000000000000000 ) ) ;
#10915 = VECTOR ( 'NONE', #3807, 1000.000000000000000 ) ;
#10916 = DIRECTION ( 'NONE',  ( 0.000000000000000000, 0.000000000000000000, -1.000000000000000000 ) ) ;
#10917 = DIRECTION ( 'NONE',  ( 0.000000000000000000, -0.9967969531173912490, 0.07997395986122909917 ) ) ;
#10918 = CARTESIAN_POINT ( 'NONE',  ( -2.060000000000000497, -0.1970818674976961560, 2.577702366059670069 ) ) ;
#10919 = DIRECTION ( 'NONE',  ( 1.000000000000000000, -0.000000000000000000, 0.000000000000000000 ) ) ;
#10920 = DIRECTION ( 'NONE',  ( -1.000000000000000000, 0.000000000000000000, 0.000000000000000000 ) ) ;
#10921 = ORIENTED_EDGE ( 'NONE', *, *, #6011, .F. ) ;
#10922 = AXIS2_PLACEMENT_3D ( 'NONE', #2723, #3623, #7267 ) ;
#10923 = CARTESIAN_POINT ( 'NONE',  ( -4.635000000000000675, -0.4462811057770615930, 2.597695856024978767 ) ) ;
#10924 = VERTEX_POINT ( 'NONE', #10127 ) ;
#10925 = ORIENTED_EDGE ( 'NONE', *, *, #5995, .F. ) ;
#10926 = DIRECTION ( 'NONE',  ( 0.000000000000000000, 0.000000000000000000, 1.000000000000000000 ) ) ;
#10927 = EDGE_LOOP ( 'NONE', ( #1347, #4169, #8767, #8468 ) ) ;
#10928 = ADVANCED_FACE ( 'NONE', ( #1940 ), #3857, .F. ) ;
#10929 = ORIENTED_EDGE ( 'NONE', *, *, #6040, .T. ) ;
#10930 = DIRECTION ( 'NONE',  ( 1.000000000000000000, 0.000000000000000000, 0.000000000000000000 ) ) ;
#10931 = DIRECTION ( 'NONE',  ( 0.000000000000000000, 0.07997395986122911304, -0.9967969531173912490 ) ) ;
#10932 = DIRECTION ( 'NONE',  ( -0.000000000000000000, 0.9925461516413219831, 0.1218693434051477537 ) ) ;
#10933 = ADVANCED_FACE ( 'NONE', ( #11008 ), #5588, .T. ) ;
#10934 = EDGE_LOOP ( 'NONE', ( #10782, #1805, #4930, #6696 ) ) ;
#10935 = LINE ( 'NONE', #1209, #8559 ) ;
#10936 = DIRECTION ( 'NONE',  ( 1.000000000000000000, -0.000000000000000000, 0.000000000000000000 ) ) ;
#10937 = ORIENTED_EDGE ( 'NONE', *, *, #10819, .T. ) ;
#10938 = EDGE_CURVE ( 'NONE', #9404, #7792, #9226, .T. ) ;
#10939 = DIRECTION ( 'NONE',  ( 0.000000000000000000, 0.000000000000000000, -1.000000000000000000 ) ) ;
#10940 = ADVANCED_FACE ( 'NONE', ( #2825 ), #8269, .T. ) ;
#10941 = VERTEX_POINT ( 'NONE', #2133 ) ;
#10942 = DIRECTION ( 'NONE',  ( 0.000000000000000000, 0.000000000000000000, -1.000000000000000000 ) ) ;
#10943 = LINE ( 'NONE', #10299, #7634 ) ;
#10944 = LINE ( 'NONE', #1627, #1167 ) ;
#10945 = CARTESIAN_POINT ( 'NONE',  ( -0.4800000000000003708, -0.5549999999999993827, 2.870861070673345061 ) ) ;
#10946 = CARTESIAN_POINT ( 'NONE',  ( 3.019999999999999574, 0.2042282574763048253, -2.545504876163455776 ) ) ;
#10947 = CARTESIAN_POINT ( 'NONE',  ( 4.625000000000000000, -0.1970818674976518581, -2.577702366059666961 ) ) ;
#10948 = ORIENTED_EDGE ( 'NONE', *, *, #4354, .T. ) ;
#10949 = EDGE_CURVE ( 'NONE', #5744, #3848, #1041, .T. ) ;
#10950 = ORIENTED_EDGE ( 'NONE', *, *, #4939, .F. ) ;
#10951 = VERTEX_POINT ( 'NONE', #10321 ) ;
#10952 = ORIENTED_EDGE ( 'NONE', *, *, #7618, .T. ) ;
#10953 = EDGE_CURVE ( 'NONE', #9444, #2195, #11081, .T. ) ;
#10954 = DIRECTION ( 'NONE',  ( -1.000000000000000000, 0.000000000000000000, -0.000000000000000000 ) ) ;
#10955 = CARTESIAN_POINT ( 'NONE',  ( 4.599999999999995204, 0.000000000000000000, -1.949999999999999956 ) ) ;
#10956 = PLANE ( 'NONE',  #5389 ) ;
#10957 = DIRECTION ( 'NONE',  ( 0.000000000000000000, 0.000000000000000000, 1.000000000000000000 ) ) ;
#10958 = CARTESIAN_POINT ( 'NONE',  ( 4.254999999999999005, -0.4326855326005906166, 2.767151338054931742 ) ) ;
#10959 = DIRECTION ( 'NONE',  ( 0.000000000000000000, 0.000000000000000000, -1.000000000000000000 ) ) ;
#10960 = ADVANCED_FACE ( 'NONE', ( #4824 ), #5777, .T. ) ;
#10961 = ORIENTED_EDGE ( 'NONE', *, *, #3348, .T. ) ;
#10962 = EDGE_LOOP ( 'NONE', ( #4065, #1099, #1183, #9075, #4876, #6563, #9225, #8302, #11751 ) ) ;
#10963 = VERTEX_POINT ( 'NONE', #1234 ) ;
#10964 = CARTESIAN_POINT ( 'NONE',  ( -4.635000000000000675, -0.4326855326006525115, 2.767151338054936627 ) ) ;
#10965 = CARTESIAN_POINT ( 'NONE',  ( -2.995000000000000107, -0.4813330637901492848, -2.160807586281502157 ) ) ;
#10966 = DIRECTION ( 'NONE',  ( 1.000000000000000000, -0.000000000000000000, 0.000000000000000000 ) ) ;
#10967 = CARTESIAN_POINT ( 'NONE',  ( 4.264999999999999680, -0.1834862943212428044, -2.747157848089624821 ) ) ;
#10968 = CARTESIAN_POINT ( 'NONE',  ( -3.330000000000000071, -0.7250000000000049738, -1.217365792252620583E-15 ) ) ;
#10969 = DIRECTION ( 'NONE',  ( -1.000000000000000000, 0.000000000000000000, 0.000000000000000000 ) ) ;
#10970 = ORIENTED_EDGE ( 'NONE', *, *, #3195, .T. ) ;
#10971 = LINE ( 'NONE', #883, #11000 ) ;
#10972 = ORIENTED_EDGE ( 'NONE', *, *, #4573, .T. ) ;
#10973 = EDGE_LOOP ( 'NONE', ( #7428, #552, #550, #8944 ) ) ;
#10974 = LINE ( 'NONE', #9249, #9864 ) ;
#10975 = DIRECTION ( 'NONE',  ( -1.000000000000000000, 0.000000000000000000, -0.000000000000000000 ) ) ;
#10976 = ORIENTED_EDGE ( 'NONE', *, *, #6131, .T. ) ;
#10977 = ORIENTED_EDGE ( 'NONE', *, *, #6192, .F. ) ;
#10978 = DIRECTION ( 'NONE',  ( 0.000000000000000000, -0.000000000000000000, 1.000000000000000000 ) ) ;
#10979 = LINE ( 'NONE', #10027, #2635 ) ;
#10980 = DIRECTION ( 'NONE',  ( 0.000000000000000000, -0.9967969531173912490, -0.07997395986122736444 ) ) ;
#10981 = AXIS2_PLACEMENT_3D ( 'NONE', #2408, #7905, #11429 ) ;
#10982 = PLANE ( 'NONE',  #9195 ) ;
#10983 = DIRECTION ( 'NONE',  ( 0.000000000000000000, 0.000000000000000000, -1.000000000000000000 ) ) ;
#10984 = EDGE_CURVE ( 'NONE', #4251, #8601, #4879, .T. ) ;
#10985 = ADVANCED_FACE ( 'NONE', ( #4751 ), #8394, .T. ) ;
#10986 = FACE_OUTER_BOUND ( 'NONE', #6985, .T. ) ;
#10987 = CARTESIAN_POINT ( 'NONE',  ( 4.289999999999999147, 0.08500000000000000611, 0.000000000000000000 ) ) ;
#10988 = ORIENTED_EDGE ( 'NONE', *, *, #3128, .T. ) ;
#10989 = CARTESIAN_POINT ( 'NONE',  ( 0.4449999999999992295, -0.1834862943212693387, 2.747157848089626597 ) ) ;
#10990 = EDGE_CURVE ( 'NONE', #1910, #740, #7553, .T. ) ;
#10991 = ORIENTED_EDGE ( 'NONE', *, *, #3808, .F. ) ;
#10992 = CARTESIAN_POINT ( 'NONE',  ( -4.290000000000000036, 0.08500000000000000611, 2.461537905304632012 ) ) ;
#10993 = VECTOR ( 'NONE', #851, 1000.000000000000000 ) ;
#10994 = CARTESIAN_POINT ( 'NONE',  ( 3.019999999999999574, 0.2178238306527182089, -2.714960358193412304 ) ) ;
#10995 = ADVANCED_FACE ( 'NONE', ( #8457 ), #3920, .T. ) ;
#10996 = DIRECTION ( 'NONE',  ( 1.000000000000000000, 0.000000000000000000, 0.000000000000000000 ) ) ;
#10997 = EDGE_CURVE ( 'NONE', #8266, #9404, #8510, .T. ) ;
#10998 = PRODUCT_DEFINITION_CONTEXT ( 'detailed design', #1782, 'design' ) ;
#10999 = LINE ( 'NONE', #8262, #311 ) ;
#11000 = VECTOR ( 'NONE', #166, 999.9999999999998863 ) ;
#11001 = LINE ( 'NONE', #1934, #7971 ) ;
#11002 = CARTESIAN_POINT ( 'NONE',  ( -0.4550000000000005151, -0.1970818674976518581, -2.577702366059666961 ) ) ;
#11003 = ORIENTED_EDGE ( 'NONE', *, *, #6608, .T. ) ;
#11004 = EDGE_CURVE ( 'NONE', #1963, #4183, #987, .T. ) ;
#11005 = VERTEX_POINT ( 'NONE', #6841 ) ;
#11006 = ORIENTED_EDGE ( 'NONE', *, *, #433, .T. ) ;
#11007 = ORIENTED_EDGE ( 'NONE', *, *, #8028, .F. ) ;
#11008 = FACE_OUTER_BOUND ( 'NONE', #1298, .T. ) ;
#11009 = FACE_OUTER_BOUND ( 'NONE', #11540, .T. ) ;
#11010 = ADVANCED_FACE ( 'NONE', ( #10706 ), #9853, .T. ) ;
#11011 = DIRECTION ( 'NONE',  ( 0.000000000000000000, 0.000000000000000000, -1.000000000000000000 ) ) ;
#11012 = ADVANCED_FACE ( 'NONE', ( #7616 ), #2569, .T. ) ;
#11013 = COLOUR_RGB ( '',0.2509803921568627416, 0.2509803921568627416, 0.2509803921568627416 ) ;
#11014 = CARTESIAN_POINT ( 'NONE',  ( -2.085000000000000853, -0.4462811057769996981, -2.597695856024973882 ) ) ;
#11015 = CARTESIAN_POINT ( 'NONE',  ( 3.019999999999999574, 0.08500000000000000611, 2.461537905304632012 ) ) ;
#11016 = DIRECTION ( 'NONE',  ( 0.000000000000000000, 5.037375692079792934E-15, -1.000000000000000000 ) ) ;
#11017 = CIRCLE ( 'NONE', #4540, 0.1161149196957549368 ) ;
#11018 = ORIENTED_EDGE ( 'NONE', *, *, #1213, .T. ) ;
#11019 = ORIENTED_EDGE ( 'NONE', *, *, #5692, .T. ) ;
#11020 = ORIENTED_EDGE ( 'NONE', *, *, #10882, .T. ) ;
#11021 = DIRECTION ( 'NONE',  ( 0.000000000000000000, -1.000000000000000000, 0.000000000000000000 ) ) ;
#11022 = CARTESIAN_POINT ( 'NONE',  ( -2.060000000000000497, -0.2011149196957552621, 2.461537905304631568 ) ) ;
#11023 = CARTESIAN_POINT ( 'NONE',  ( -4.635000000000000675, -0.4326855326006525115, 2.767151338054936627 ) ) ;
#11024 = DIRECTION ( 'NONE',  ( 1.000000000000000000, 0.000000000000000000, 0.000000000000000000 ) ) ;
#11025 = EDGE_CURVE ( 'NONE', #5006, #8403, #5327, .T. ) ;
#11026 = VECTOR ( 'NONE', #5811, 999.9999999999998863 ) ;
#11027 = AXIS2_PLACEMENT_3D ( 'NONE', #7082, #1764, #2653 ) ;
#11028 = CARTESIAN_POINT ( 'NONE',  ( 0.7899999999999999245, 0.000000000000000000, 0.000000000000000000 ) ) ;
#11029 = VECTOR ( 'NONE', #2079, 1000.000000000000000 ) ;
#11030 = PLANE ( 'NONE',  #3952 ) ;
#11031 = LINE ( 'NONE', #9072, #5290 ) ;
#11032 = ORIENTED_EDGE ( 'NONE', *, *, #7420, .F. ) ;
#11033 = VECTOR ( 'NONE', #3142, 999.9999999999998863 ) ;
#11034 = LINE ( 'NONE', #5484, #6422 ) ;
#11035 = ORIENTED_EDGE ( 'NONE', *, *, #703, .F. ) ;
#11036 = ORIENTED_EDGE ( 'NONE', *, *, #4106, .T. ) ;
#11037 = VECTOR ( 'NONE', #5447, 1000.000000000000000 ) ;
#11038 = DIRECTION ( 'NONE',  ( 0.000000000000000000, -0.000000000000000000, -1.000000000000000000 ) ) ;
#11039 = CARTESIAN_POINT ( 'NONE',  ( 4.289999999999996483, 0.000000000000000000, 1.949999999999999956 ) ) ;
#11040 = ORIENTED_EDGE ( 'NONE', *, *, #4263, .T. ) ;
#11041 = VERTEX_POINT ( 'NONE', #2519 ) ;
#11042 = VECTOR ( 'NONE', #6418, 1000.000000000000000 ) ;
#11043 = EDGE_CURVE ( 'NONE', #1297, #5460, #2244, .T. ) ;
#11044 = CARTESIAN_POINT ( 'NONE',  ( 3.019999999999999574, -0.5549999999999849498, -2.795743509104209498E-15 ) ) ;
#11045 = FACE_OUTER_BOUND ( 'NONE', #4845, .T. ) ;
#11046 = CARTESIAN_POINT ( 'NONE',  ( -3.020000000000000018, -0.5549999999999993827, -2.870861070673345061 ) ) ;
#11047 = DIRECTION ( 'NONE',  ( 0.000000000000000000, -0.07997395986122908529, 0.9967969531173911379 ) ) ;
#11048 = CARTESIAN_POINT ( 'NONE',  ( 2.059999999999999609, -0.4326855326005907276, -2.767151338054931742 ) ) ;
#11049 = VECTOR ( 'NONE', #5986, 1000.000000000000114 ) ;
#11050 = VECTOR ( 'NONE', #8503, 999.9999999999998863 ) ;
#11051 = VECTOR ( 'NONE', #6760, 1000.000000000000114 ) ;
#11052 = ORIENTED_EDGE ( 'NONE', *, *, #1760, .T. ) ;
#11053 = FACE_OUTER_BOUND ( 'NONE', #3242, .T. ) ;
#11054 = CARTESIAN_POINT ( 'NONE',  ( -1.725000000000000755, -0.4813330637901492848, -2.160807586281502157 ) ) ;
#11055 = ORIENTED_EDGE ( 'NONE', *, *, #7364, .T. ) ;
#11056 = DIRECTION ( 'NONE',  ( 0.000000000000000000, -0.07997395986122909917, -0.9967969531173911379 ) ) ;
#11057 = CARTESIAN_POINT ( 'NONE',  ( 2.094999999999999307, -0.4326855326006082691, 2.767151338054933074 ) ) ;
#11058 = ORIENTED_EDGE ( 'NONE', *, *, #802, .T. ) ;
#11059 = DIRECTION ( 'NONE',  ( 0.000000000000000000, 0.000000000000000000, -1.000000000000000000 ) ) ;
#11060 = ADVANCED_FACE ( 'NONE', ( #8010 ), #1288, .T. ) ;
#11061 = VECTOR ( 'NONE', #5204, 1000.000000000000000 ) ;
#11062 = CARTESIAN_POINT ( 'NONE',  ( 2.994999999999999218, -0.2321338255108014725, -2.140814096316195236 ) ) ;
#11063 = VECTOR ( 'NONE', #10248, 1000.000000000000000 ) ;
#11064 = VECTOR ( 'NONE', #9201, 999.9999999999998863 ) ;
#11065 = CARTESIAN_POINT ( 'NONE',  ( 4.599999999999999645, -0.08500000000000000611, 0.000000000000000000 ) ) ;
#11066 = CARTESIAN_POINT ( 'NONE',  ( 3.354999999999999538, -0.4813330637901492848, -2.160807586281502157 ) ) ;
#11067 = LINE ( 'NONE', #6404, #503 ) ;
#11068 = CARTESIAN_POINT ( 'NONE',  ( -3.330000000000000071, -0.5549999999999993827, -2.870861070673345061 ) ) ;
#11069 = VERTEX_POINT ( 'NONE', #10382 ) ;
#11070 = AXIS2_PLACEMENT_3D ( 'NONE', #6959, #9818, #5273 ) ;
#11071 = CARTESIAN_POINT ( 'NONE',  ( 4.599999999999999645, -0.7250000000000001998, -2.870861070673344617 ) ) ;
#11072 = CARTESIAN_POINT ( 'NONE',  ( -3.330000000000000071, -0.5549999999999993827, 2.870861070673345061 ) ) ;
#11073 = VECTOR ( 'NONE', #8029, 1000.000000000000000 ) ;
#11074 = ORIENTED_EDGE ( 'NONE', *, *, #2580, .F. ) ;
#11075 = ORIENTED_EDGE ( 'NONE', *, *, #6387, .F. ) ;
#11076 = ORIENTED_EDGE ( 'NONE', *, *, #529, .T. ) ;
#11077 = VERTEX_POINT ( 'NONE', #2187 ) ;
#11078 = EDGE_LOOP ( 'NONE', ( #10509, #4934, #9777, #10866 ) ) ;
#11079 = CARTESIAN_POINT ( 'NONE',  ( -4.290000000000000036, 0.000000000000000000, 1.949999999999999956 ) ) ;
#11080 = EDGE_CURVE ( 'NONE', #3739, #1982, #5065, .T. ) ;
#11081 = LINE ( 'NONE', #7494, #2067 ) ;
#11082 = PLANE ( 'NONE',  #9379 ) ;
#11083 = ADVANCED_FACE ( 'NONE', ( #6784 ), #8702, .T. ) ;
#11084 = VECTOR ( 'NONE', #2274, 999.9999999999998863 ) ;
#11085 = EDGE_CURVE ( 'NONE', #1254, #954, #7683, .T. ) ;
#11086 = CARTESIAN_POINT ( 'NONE',  ( -3.020000000000000018, -0.7250000000000001998, 2.870861070673344617 ) ) ;
#11087 = PLANE ( 'NONE',  #10069 ) ;
#11088 = ORIENTED_EDGE ( 'NONE', *, *, #9108, .T. ) ;
#11089 = ORIENTED_EDGE ( 'NONE', *, *, #9820, .F. ) ;
#11090 = ORIENTED_EDGE ( 'NONE', *, *, #4304, .F. ) ;
#11091 = ADVANCED_FACE ( 'NONE', ( #9547 ), #5261, .T. ) ;
#11092 = LINE ( 'NONE', #11209, #11782 ) ;
#11093 = DIRECTION ( 'NONE',  ( 0.000000000000000000, 0.07997395986122909917, 0.9967969531173911379 ) ) ;
#11094 = DIRECTION ( 'NONE',  ( 0.000000000000000000, 0.07997395986122911304, -0.9967969531173912490 ) ) ;
#11095 = CARTESIAN_POINT ( 'NONE',  ( 3.329999999999999627, 0.2042282574763048253, -2.545504876163455776 ) ) ;
#11096 = LINE ( 'NONE', #3100, #1680 ) ;
#11097 = CARTESIAN_POINT ( 'NONE',  ( -0.7900000000000003686, -0.7250000000000049738, -1.217365792252620583E-15 ) ) ;
#11098 = CARTESIAN_POINT ( 'NONE',  ( -0.4800000000000003708, -0.08500000000000003386, -1.939563312323252742 ) ) ;
#11099 = ORIENTED_EDGE ( 'NONE', *, *, #6639, .F. ) ;
#11100 = DIRECTION ( 'NONE',  ( -0.000000000000000000, -0.9925461516413219831, 0.1218693434051477537 ) ) ;
#11101 = ORIENTED_EDGE ( 'NONE', *, *, #292, .F. ) ;
#11102 = EDGE_LOOP ( 'NONE', ( #6973, #10137, #10510, #6795, #2255, #10086, #11019, #889 ) ) ;
#11103 = DIRECTION ( 'NONE',  ( 0.000000000000000000, 1.679125230693258263E-15, 1.000000000000000000 ) ) ;
#11104 = CARTESIAN_POINT ( 'NONE',  ( 3.019999999999999574, -0.5549999999999849498, 2.795743509104209498E-15 ) ) ;
#11105 = AXIS2_PLACEMENT_3D ( 'NONE', #10367, #2171, #5946 ) ;
#11106 = ORIENTED_EDGE ( 'NONE', *, *, #3138, .F. ) ;
#11107 = EDGE_LOOP ( 'NONE', ( #10344, #10103, #3353, #7690 ) ) ;
#11108 = EDGE_CURVE ( 'NONE', #9848, #11343, #8905, .T. ) ;
#11109 = EDGE_CURVE ( 'NONE', #1132, #7912, #3405, .T. ) ;
#11110 = DIRECTION ( 'NONE',  ( 0.000000000000000000, 5.037375692079792934E-15, -1.000000000000000000 ) ) ;
#11111 = LINE ( 'NONE', #6570, #5140 ) ;
#11112 = CARTESIAN_POINT ( 'NONE',  ( -2.060000000000000497, -0.1918287497687165000, -2.577280903468829099 ) ) ;
#11113 = DIRECTION ( 'NONE',  ( -1.000000000000000000, -0.000000000000000000, -0.000000000000000000 ) ) ;
#11114 = VECTOR ( 'NONE', #10202, 1000.000000000000000 ) ;
#11115 = DIRECTION ( 'NONE',  ( 0.000000000000000000, 1.000000000000000000, -5.037375692079792934E-15 ) ) ;
#11116 = PLANE ( 'NONE',  #11810 ) ;
#11117 = VERTEX_POINT ( 'NONE', #5009 ) ;
#11118 = DIRECTION ( 'NONE',  ( 1.000000000000000000, -0.000000000000000000, 0.000000000000000000 ) ) ;
#11119 = CARTESIAN_POINT ( 'NONE',  ( -0.8150000000000006128, -0.4462811057769996981, -2.597695856024973882 ) ) ;
#11120 = EDGE_CURVE ( 'NONE', #10319, #10186, #7110, .T. ) ;
#11121 = EDGE_LOOP ( 'NONE', ( #4782, #5072, #8157, #4323 ) ) ;
#11122 = LINE ( 'NONE', #7476, #8796 ) ;
#11123 = AXIS2_PLACEMENT_3D ( 'NONE', #2907, #339, #7631 ) ;
#11124 = DIRECTION ( 'NONE',  ( 1.000000000000000000, -0.000000000000000000, 0.000000000000000000 ) ) ;
#11125 = CARTESIAN_POINT ( 'NONE',  ( 4.289999999999999147, -0.1782331765923089728, -2.746736385498786515 ) ) ;
#11126 = LINE ( 'NONE', #8309, #5750 ) ;
#11127 =( NAMED_UNIT ( * ) SI_UNIT ( $, .STERADIAN. ) SOLID_ANGLE_UNIT ( ) );
#11128 = CARTESIAN_POINT ( 'NONE',  ( -4.600000000000000533, -0.1834862943212428044, -2.747157848089624821 ) ) ;
#11129 = VERTEX_POINT ( 'NONE', #3467 ) ;
#11130 = LINE ( 'NONE', #319, #5496 ) ;
#11131 = CARTESIAN_POINT ( 'NONE',  ( -1.750000000000000666, 0.2042282574763048253, 2.545504876163455776 ) ) ;
#11132 = ORIENTED_EDGE ( 'NONE', *, *, #2122, .T. ) ;
#11133 = ORIENTED_EDGE ( 'NONE', *, *, #2348, .T. ) ;
#11134 = LINE ( 'NONE', #9358, #3554 ) ;
#11135 = ORIENTED_EDGE ( 'NONE', *, *, #4377, .F. ) ;
#11136 = ORIENTED_EDGE ( 'NONE', *, *, #5705, .T. ) ;
#11137 = ORIENTED_EDGE ( 'NONE', *, *, #11640, .F. ) ;
#11138 = DIRECTION ( 'NONE',  ( 0.000000000000000000, 0.000000000000000000, -1.000000000000000000 ) ) ;
#11139 = CARTESIAN_POINT ( 'NONE',  ( -2.085000000000000853, -0.2321338255108014725, -2.140814096316195236 ) ) ;
#11140 = PLANE ( 'NONE',  #7250 ) ;
#11141 = PLANE ( 'NONE',  #10672 ) ;
#11142 = EDGE_CURVE ( 'NONE', #3139, #4343, #715, .T. ) ;
#11143 = DIRECTION ( 'NONE',  ( 1.000000000000000000, 0.000000000000000000, 0.000000000000000000 ) ) ;
#11144 = DIRECTION ( 'NONE',  ( 0.000000000000000000, 0.9967969531173912490, 0.07997395986122911304 ) ) ;
#11145 = ORIENTED_EDGE ( 'NONE', *, *, #10665, .T. ) ;
#11146 = ORIENTED_EDGE ( 'NONE', *, *, #3145, .F. ) ;
#11147 = ORIENTED_EDGE ( 'NONE', *, *, #6189, .F. ) ;
#11148 = ORIENTED_EDGE ( 'NONE', *, *, #8841, .T. ) ;
#11149 = EDGE_CURVE ( 'NONE', #6124, #10674, #461, .T. ) ;
#11150 = PLANE ( 'NONE',  #6710 ) ;
#11151 = CARTESIAN_POINT ( 'NONE',  ( 2.059999999999999609, 0.2178238306527182089, -2.714960358193412304 ) ) ;
#11152 = DIRECTION ( 'NONE',  ( 0.000000000000000000, 0.9967969531173912490, -0.07997395986122736444 ) ) ;
#11153 = CARTESIAN_POINT ( 'NONE',  ( -4.600000000000000533, -0.7250000000000001998, 2.870861070673344617 ) ) ;
#11154 = LINE ( 'NONE', #2965, #11029 ) ;
#11155 = ADVANCED_FACE ( 'NONE', ( #1667 ), #7737, .T. ) ;
#11156 = LINE ( 'NONE', #11097, #6605 ) ;
#11157 = DIRECTION ( 'NONE',  ( 0.000000000000000000, -0.07997395986122737832, 0.9967969531173913600 ) ) ;
#11158 = EDGE_LOOP ( 'NONE', ( #4101, #7926, #1731, #3918, #4109, #2232, #5900, #10443, #3516, #2312, #2086, #2697 ) ) ;
#11159 = DIRECTION ( 'NONE',  ( -1.000000000000000000, -0.000000000000000000, -0.000000000000000000 ) ) ;
#11160 = ORIENTED_EDGE ( 'NONE', *, *, #10501, .T. ) ;
#11161 = ORIENTED_EDGE ( 'NONE', *, *, #9233, .T. ) ;
#11162 = DIRECTION ( 'NONE',  ( 1.000000000000000000, -0.000000000000000000, -0.000000000000000000 ) ) ;
#11163 = DIRECTION ( 'NONE',  ( 1.000000000000000000, 0.000000000000000000, 0.000000000000000000 ) ) ;
#11164 = ORIENTED_EDGE ( 'NONE', *, *, #6128, .T. ) ;
#11165 = VERTEX_POINT ( 'NONE', #11821 ) ;
#11166 = EDGE_CURVE ( 'NONE', #5978, #3976, #5617, .T. ) ;
#11167 = DIRECTION ( 'NONE',  ( -0.000000000000000000, 0.9925461516413219831, 0.1218693434051477537 ) ) ;
#11168 = CARTESIAN_POINT ( 'NONE',  ( 4.950000000000000178, 0.000000000000000000, 1.949999999999999956 ) ) ;
#11169 = CARTESIAN_POINT ( 'NONE',  ( 4.599999999999999645, -0.1918287497687165000, -2.577280903468829099 ) ) ;
#11170 = CARTESIAN_POINT ( 'NONE',  ( 4.599999999999999645, -0.2011149196957552621, 2.461537905304631568 ) ) ;
#11171 = EDGE_CURVE ( 'NONE', #11129, #5585, #7334, .T. ) ;
#11172 = EDGE_CURVE ( 'NONE', #3517, #1125, #3574, .T. ) ;
#11173 = ORIENTED_EDGE ( 'NONE', *, *, #11409, .T. ) ;
#11174 = CARTESIAN_POINT ( 'NONE',  ( -2.060000000000000497, -0.4462811057769996981, -2.597695856024973882 ) ) ;
#11175 = DIRECTION ( 'NONE',  ( -1.000000000000000000, 0.000000000000000000, 0.000000000000000000 ) ) ;
#11176 = ORIENTED_EDGE ( 'NONE', *, *, #9716, .F. ) ;
#11177 = CARTESIAN_POINT ( 'NONE',  ( 4.599999999999999645, -0.7250000000000001998, 2.870861070673344617 ) ) ;
#11178 = SURFACE_STYLE_USAGE ( .BOTH. , #7534 ) ;
#11179 = VERTEX_POINT ( 'NONE', #3520 ) ;
#11180 = DIRECTION ( 'NONE',  ( 0.000000000000000000, -0.9967969531173912490, 0.07997395986122909917 ) ) ;
#11181 = VECTOR ( 'NONE', #4674, 1000.000000000000114 ) ;
#11182 = CARTESIAN_POINT ( 'NONE',  ( -4.290000000000000036, 0.2042282574763048253, 2.545504876163455776 ) ) ;
#11183 = LINE ( 'NONE', #7596, #10156 ) ;
#11184 = CARTESIAN_POINT ( 'NONE',  ( 2.059999999999999609, -0.1834862943212428321, -2.747157848089624821 ) ) ;
#11185 = ADVANCED_FACE ( 'NONE', ( #11045 ), #2739, .T. ) ;
#11186 = AXIS2_PLACEMENT_3D ( 'NONE', #6801, #9568, #1378 ) ;
#11187 = FACE_OUTER_BOUND ( 'NONE', #1151, .T. ) ;
#11188 = FACE_OUTER_BOUND ( 'NONE', #2805, .T. ) ;
#11189 = ORIENTED_EDGE ( 'NONE', *, *, #8278, .T. ) ;
#11190 = DIRECTION ( 'NONE',  ( -1.000000000000000000, -0.000000000000000000, 0.000000000000000000 ) ) ;
#11191 = FACE_OUTER_BOUND ( 'NONE', #8534, .T. ) ;
#11192 = ORIENTED_EDGE ( 'NONE', *, *, #2289, .T. ) ;
#11193 = ORIENTED_EDGE ( 'NONE', *, *, #10295, .F. ) ;
#11194 = DIRECTION ( 'NONE',  ( -0.000000000000000000, 0.9967969531173912490, 0.07997395986122922407 ) ) ;
#11195 = ORIENTED_EDGE ( 'NONE', *, *, #2694, .T. ) ;
#11196 = ORIENTED_EDGE ( 'NONE', *, *, #1217, .F. ) ;
#11197 = ORIENTED_EDGE ( 'NONE', *, *, #2844, .T. ) ;
#11198 = FACE_OUTER_BOUND ( 'NONE', #9474, .T. ) ;
#11199 = CARTESIAN_POINT ( 'NONE',  ( 4.625000000000000000, -0.2321338255108014725, -2.140814096316195236 ) ) ;
#11200 = LINE ( 'NONE', #1941, #10884 ) ;
#11201 = AXIS2_PLACEMENT_3D ( 'NONE', #2414, #7858, #3638 ) ;
#11202 = CARTESIAN_POINT ( 'NONE',  ( -1.750000000000000666, 0.2042282574763048253, -2.545504876163455776 ) ) ;
#11203 = CARTESIAN_POINT ( 'NONE',  ( -3.365000000000000657, -0.4326855326006436298, 2.767151338054935739 ) ) ;
#11204 = DIRECTION ( 'NONE',  ( 0.000000000000000000, 1.679125230693258263E-15, -1.000000000000000000 ) ) ;
#11205 = ORIENTED_EDGE ( 'NONE', *, *, #10256, .F. ) ;
#11206 = ORIENTED_EDGE ( 'NONE', *, *, #6558, .T. ) ;
#11207 = ORIENTED_EDGE ( 'NONE', *, *, #1098, .F. ) ;
#11208 = EDGE_CURVE ( 'NONE', #7251, #10411, #7391, .T. ) ;
#11209 = CARTESIAN_POINT ( 'NONE',  ( 0.7899999999999999245, -0.5549999999999849498, 2.795743509104209498E-15 ) ) ;
#11210 = EDGE_CURVE ( 'NONE', #1852, #6718, #1971, .T. ) ;
#11211 = DIRECTION ( 'NONE',  ( 0.000000000000000000, 0.07997395986122909917, 0.9967969531173911379 ) ) ;
#11212 = CARTESIAN_POINT ( 'NONE',  ( -0.7900000000000008127, 0.08500000000000000611, 1.939563312323252964 ) ) ;
#11213 = AXIS2_PLACEMENT_3D ( 'NONE', #7726, #9844, #7997 ) ;
#11214 = CARTESIAN_POINT ( 'NONE',  ( -4.290000000000000036, -0.2011149196957544016, -2.461537905304632012 ) ) ;
#11215 = DIRECTION ( 'NONE',  ( -1.000000000000000000, 0.000000000000000000, 0.000000000000000000 ) ) ;
#11216 = LINE ( 'NONE', #2383, #8128 ) ;
#11217 = DIRECTION ( 'NONE',  ( -1.000000000000000000, 0.000000000000000000, 0.000000000000000000 ) ) ;
#11218 = ORIENTED_EDGE ( 'NONE', *, *, #4890, .F. ) ;
#11219 = ORIENTED_EDGE ( 'NONE', *, *, #517, .T. ) ;
#11220 = AXIS2_PLACEMENT_3D ( 'NONE', #10909, #6306, #1769 ) ;
#11221 = ORIENTED_EDGE ( 'NONE', *, *, #6885, .T. ) ;
#11222 = ORIENTED_EDGE ( 'NONE', *, *, #11591, .F. ) ;
#11223 = EDGE_CURVE ( 'NONE', #896, #3756, #6460, .T. ) ;
#11224 = DIRECTION ( 'NONE',  ( 0.000000000000000000, 0.07997395986122909917, 0.9967969531173911379 ) ) ;
#11225 = DIRECTION ( 'NONE',  ( -1.000000000000000000, 0.000000000000000000, 0.000000000000000000 ) ) ;
#11226 = ORIENTED_EDGE ( 'NONE', *, *, #9044, .T. ) ;
#11227 = ORIENTED_EDGE ( 'NONE', *, *, #9042, .T. ) ;
#11228 = DIRECTION ( 'NONE',  ( -1.000000000000000000, 0.000000000000000000, 0.000000000000000000 ) ) ;
#11229 = EDGE_CURVE ( 'NONE', #293, #7691, #10979, .T. ) ;
#11230 = SURFACE_STYLE_USAGE ( .BOTH. , #6627 ) ;
#11231 = AXIS2_PLACEMENT_3D ( 'NONE', #10119, #3971, #2885 ) ;
#11232 = AXIS2_PLACEMENT_3D ( 'NONE', #10334, #2143, #8830 ) ;
#11233 = CARTESIAN_POINT ( 'NONE',  ( -4.950000000000000178, 0.08500000000000000611, -1.939563312323252964 ) ) ;
#11234 = LINE ( 'NONE', #11354, #2094 ) ;
#11235 = EDGE_CURVE ( 'NONE', #5158, #434, #6333, .T. ) ;
#11236 = VECTOR ( 'NONE', #416, 1000.000000000000000 ) ;
#11237 = AXIS2_PLACEMENT_3D ( 'NONE', #7710, #1204, #4854 ) ;
#11238 = ADVANCED_FACE ( 'NONE', ( #3746 ), #10815, .T. ) ;
#11239 = VERTEX_POINT ( 'NONE', #4658 ) ;
#11240 = AXIS2_PLACEMENT_3D ( 'NONE', #6963, #10613, #4394 ) ;
#11241 = LINE ( 'NONE', #5153, #158 ) ;
#11242 = VECTOR ( 'NONE', #9370, 999.9999999999998863 ) ;
#11243 = CARTESIAN_POINT ( 'NONE',  ( 0.4799999999999999267, -0.7249999999999999778, 3.000000000000000000 ) ) ;
#11244 = ORIENTED_EDGE ( 'NONE', *, *, #11451, .T. ) ;
#11245 = CARTESIAN_POINT ( 'NONE',  ( -4.600000000000000533, -0.7250000000000001998, -2.870861070673344617 ) ) ;
#11246 = CARTESIAN_POINT ( 'NONE',  ( 0.4799999999999999267, -0.7249999999999999778, -3.000000000000000000 ) ) ;
#11247 = AXIS2_PLACEMENT_3D ( 'NONE', #9797, #10750, #7993 ) ;
#11248 = ADVANCED_FACE ( 'NONE', ( #8295 ), #5439, .F. ) ;
#11249 = FACE_OUTER_BOUND ( 'NONE', #5770, .T. ) ;
#11250 = CYLINDRICAL_SURFACE ( 'NONE', #10891, 0.1017314392126205669 ) ;
#11251 = VECTOR ( 'NONE', #10769, 999.9999999999998863 ) ;
#11252 = AXIS2_PLACEMENT_3D ( 'NONE', #1663, #5316, #10975 ) ;
#11253 = AXIS2_PLACEMENT_3D ( 'NONE', #622, #7850, #1461 ) ;
#11254 = LINE ( 'NONE', #6646, #11379 ) ;
#11255 = CARTESIAN_POINT ( 'NONE',  ( -3.020000000000000018, 0.2178238306527182089, 2.714960358193412304 ) ) ;
#11256 = ORIENTED_EDGE ( 'NONE', *, *, #9492, .T. ) ;
#11257 = CARTESIAN_POINT ( 'NONE',  ( -3.330000000000000071, -0.7249999999999999778, -3.000000000000000000 ) ) ;
#11258 = PLANE ( 'NONE',  #180 ) ;
#11259 = ORIENTED_EDGE ( 'NONE', *, *, #11085, .F. ) ;
#11260 = ORIENTED_EDGE ( 'NONE', *, *, #2881, .F. ) ;
#11261 = DIRECTION ( 'NONE',  ( -0.000000000000000000, -0.07997395986122911304, 0.9967969531173912490 ) ) ;
#11262 = AXIS2_PLACEMENT_3D ( 'NONE', #701, #2343, #1448 ) ;
#11263 = VECTOR ( 'NONE', #6596, 1000.000000000000000 ) ;
#11264 = ORIENTED_EDGE ( 'NONE', *, *, #5621, .T. ) ;
#11265 = CIRCLE ( 'NONE', #6113, 0.1161149196957549368 ) ;
#11266 = ORIENTED_EDGE ( 'NONE', *, *, #9837, .T. ) ;
#11267 = LINE ( 'NONE', #5958, #4570 ) ;
#11268 = EDGE_CURVE ( 'NONE', #9612, #9433, #2865, .T. ) ;
#11269 = DIRECTION ( 'NONE',  ( -1.000000000000000000, 0.000000000000000000, -0.000000000000000000 ) ) ;
#11270 = FACE_OUTER_BOUND ( 'NONE', #8504, .T. ) ;
#11271 = AXIS2_PLACEMENT_3D ( 'NONE', #6318, #10861, #9963 ) ;
#11272 = AXIS2_PLACEMENT_3D ( 'NONE', #2370, #7860, #10660 ) ;
#11273 = VECTOR ( 'NONE', #462, 999.9999999999998863 ) ;
#11274 = DIRECTION ( 'NONE',  ( 0.000000000000000000, -0.9967969531173912490, 0.07997395986122736444 ) ) ;
#11275 = DIRECTION ( 'NONE',  ( 0.000000000000000000, -0.000000000000000000, -1.000000000000000000 ) ) ;
#11276 = FACE_OUTER_BOUND ( 'NONE', #3082, .T. ) ;
#11277 = ORIENTED_EDGE ( 'NONE', *, *, #3537, .T. ) ;
#11278 = ORIENTED_EDGE ( 'NONE', *, *, #5275, .F. ) ;
#11279 = ORIENTED_EDGE ( 'NONE', *, *, #4651, .T. ) ;
#11280 = AXIS2_PLACEMENT_3D ( 'NONE', #6811, #2390, #8846 ) ;
#11281 = DIRECTION ( 'NONE',  ( -0.000000000000000000, -0.07997395986122911304, 0.9967969531173912490 ) ) ;
#11282 = SURFACE_SIDE_STYLE ('',( #8592 ) ) ;
#11283 = CYLINDRICAL_SURFACE ( 'NONE', #7419, 0.1017314392126205669 ) ;
#11284 = LINE ( 'NONE', #3732, #444 ) ;
#11285 = CARTESIAN_POINT ( 'NONE',  ( -4.600000000000000533, -0.08500000000000000611, -2.461537905304634677 ) ) ;
#11286 = VECTOR ( 'NONE', #2072, 1000.000000000000000 ) ;
#11287 = PLANE ( 'NONE',  #878 ) ;
#11288 = EDGE_LOOP ( 'NONE', ( #6958, #1632, #5997, #5606, #2935, #2892, #9234, #6657 ) ) ;
#11289 = ADVANCED_FACE ( 'NONE', ( #8183 ), #11758, .T. ) ;
#11290 = ORIENTED_EDGE ( 'NONE', *, *, #6271, .F. ) ;
#11291 = VERTEX_POINT ( 'NONE', #1914 ) ;
#11292 = ORIENTED_EDGE ( 'NONE', *, *, #8755, .T. ) ;
#11293 = DIRECTION ( 'NONE',  ( 0.000000000000000000, 0.000000000000000000, -1.000000000000000000 ) ) ;
#11294 = PLANE ( 'NONE',  #11623 ) ;
#11295 = EDGE_LOOP ( 'NONE', ( #1357, #6489, #6098, #7458, #8567, #6084, #5519, #2386 ) ) ;
#11296 = VERTEX_POINT ( 'NONE', #7284 ) ;
#11297 = CARTESIAN_POINT ( 'NONE',  ( -3.330000000000000071, 0.000000000000000000, -1.949999999999999956 ) ) ;
#11298 = CARTESIAN_POINT ( 'NONE',  ( -4.290000000000000036, 0.08500000000000000611, -2.461537905304632012 ) ) ;
#11299 = DIRECTION ( 'NONE',  ( 1.000000000000000000, 0.000000000000000000, 0.000000000000000000 ) ) ;
#11300 = CARTESIAN_POINT ( 'NONE',  ( 3.019999999999999574, 0.000000000000000000, 3.000000000000000000 ) ) ;
#11301 = ORIENTED_EDGE ( 'NONE', *, *, #432, .F. ) ;
#11302 = EDGE_CURVE ( 'NONE', #774, #8589, #9200, .T. ) ;
#11303 = DIRECTION ( 'NONE',  ( 0.000000000000000000, 0.000000000000000000, -1.000000000000000000 ) ) ;
#11304 = CARTESIAN_POINT ( 'NONE',  ( -4.290000000000000036, 0.000000000000000000, -3.000000000000000000 ) ) ;
#11305 = ORIENTED_EDGE ( 'NONE', *, *, #8422, .F. ) ;
#11306 = DIRECTION ( 'NONE',  ( 0.000000000000000000, 0.000000000000000000, -1.000000000000000000 ) ) ;
#11307 = DIRECTION ( 'NONE',  ( 0.000000000000000000, 0.000000000000000000, 1.000000000000000000 ) ) ;
#11308 = DIRECTION ( 'NONE',  ( -1.000000000000000000, 0.000000000000000000, -0.000000000000000000 ) ) ;
#11309 = EDGE_CURVE ( 'NONE', #1539, #10442, #6512, .T. ) ;
#11310 = LINE ( 'NONE', #10418, #3471 ) ;
#11311 = AXIS2_PLACEMENT_3D ( 'NONE', #3545, #8041, #8934 ) ;
#11312 = DIRECTION ( 'NONE',  ( 0.000000000000000000, 1.867464018106093513E-15, -1.000000000000000000 ) ) ;
#11313 = EDGE_CURVE ( 'NONE', #9740, #3377, #9920, .T. ) ;
#11314 = EDGE_CURVE ( 'NONE', #9825, #1677, #1738, .T. ) ;
#11315 =( LENGTH_UNIT ( ) NAMED_UNIT ( * ) SI_UNIT ( .MILLI., .METRE. ) );
#11316 = CARTESIAN_POINT ( 'NONE',  ( 4.289999999999999147, -0.1782331765923089728, 2.746736385498786515 ) ) ;
#11317 = ORIENTED_EDGE ( 'NONE', *, *, #1880, .T. ) ;
#11318 = ADVANCED_FACE ( 'NONE', ( #9317 ), #244, .T. ) ;
#11319 = DIRECTION ( 'NONE',  ( -1.000000000000000000, 0.000000000000000000, -0.000000000000000000 ) ) ;
#11320 = CARTESIAN_POINT ( 'NONE',  ( -4.600000000000000533, -0.4462811057769996981, -2.597695856024973882 ) ) ;
#11321 = EDGE_LOOP ( 'NONE', ( #5826, #9662, #1493, #7878 ) ) ;
#11322 = AXIS2_PLACEMENT_3D ( 'NONE', #10447, #5970, #3096 ) ;
#11323 = ORIENTED_EDGE ( 'NONE', *, *, #2058, .T. ) ;
#11324 = CARTESIAN_POINT ( 'NONE',  ( 1.749999999999999778, -0.5550000000000000488, -3.000000000000000000 ) ) ;
#11325 = EDGE_LOOP ( 'NONE', ( #11617, #9390, #1184, #8571, #5736, #5851, #9283, #3916, #8496, #7898, #2353, #6147 ) ) ;
#11326 = VERTEX_POINT ( 'NONE', #4909 ) ;
#11327 = CARTESIAN_POINT ( 'NONE',  ( -0.4800000000000003708, 0.2178238306527182089, -2.714960358193412304 ) ) ;
#11328 = EDGE_CURVE ( 'NONE', #2650, #11296, #1138, .T. ) ;
#11329 = CARTESIAN_POINT ( 'NONE',  ( 2.059999999999999609, 0.08500000000000000611, 0.000000000000000000 ) ) ;
#11330 = DIRECTION ( 'NONE',  ( 0.000000000000000000, 0.000000000000000000, -1.000000000000000000 ) ) ;
#11331 = EDGE_CURVE ( 'NONE', #7487, #5596, #4976, .T. ) ;
#11332 = DIRECTION ( 'NONE',  ( 0.000000000000000000, 5.037375692079792934E-15, -1.000000000000000000 ) ) ;
#11333 = DIRECTION ( 'NONE',  ( -0.000000000000000000, 0.07997395986122737832, 0.9967969531173913600 ) ) ;
#11334 = ORIENTED_EDGE ( 'NONE', *, *, #10165, .F. ) ;
#11335 = ORIENTED_EDGE ( 'NONE', *, *, #2998, .T. ) ;
#11336 = ORIENTED_EDGE ( 'NONE', *, *, #10617, .T. ) ;
#11337 = ORIENTED_EDGE ( 'NONE', *, *, #10058, .F. ) ;
#11338 = DIRECTION ( 'NONE',  ( -1.000000000000000000, -0.000000000000000000, 0.000000000000000000 ) ) ;
#11339 = LINE ( 'NONE', #4953, #1581 ) ;
#11340 = CARTESIAN_POINT ( 'NONE',  ( 2.059999999999999609, -0.7249999999999999778, 3.000000000000000000 ) ) ;
#11341 = EDGE_CURVE ( 'NONE', #3359, #7747, #11111, .T. ) ;
#11342 = CARTESIAN_POINT ( 'NONE',  ( -4.290000000000000036, 0.2178238306527182089, 2.714960358193412304 ) ) ;
#11343 = VERTEX_POINT ( 'NONE', #11298 ) ;
#11344 = ORIENTED_EDGE ( 'NONE', *, *, #7823, .F. ) ;
#11345 = ORIENTED_EDGE ( 'NONE', *, *, #3519, .F. ) ;
#11346 = CARTESIAN_POINT ( 'NONE',  ( -4.600000000000000533, 0.000000000000000000, 1.949999999999999956 ) ) ;
#11347 = DIRECTION ( 'NONE',  ( -1.000000000000000000, 0.000000000000000000, -0.000000000000000000 ) ) ;
#11348 = EDGE_LOOP ( 'NONE', ( #8057, #10970, #3223, #1599 ) ) ;
#11349 = ORIENTED_EDGE ( 'NONE', *, *, #10617, .F. ) ;
#11350 = CARTESIAN_POINT ( 'NONE',  ( 2.059999999999999609, 0.08500000000000000611, 2.461537905304632012 ) ) ;
#11351 = LINE ( 'NONE', #6812, #8067 ) ;
#11352 = DIRECTION ( 'NONE',  ( 0.000000000000000000, 0.000000000000000000, -1.000000000000000000 ) ) ;
#11353 = CARTESIAN_POINT ( 'NONE',  ( -4.290000000000000036, -0.4614044268235938384, 2.769455482029957061 ) ) ;
#11354 = CARTESIAN_POINT ( 'NONE',  ( -3.020000000000000018, -0.4013101249740140819, 0.03219748989621654123 ) ) ;
#11355 = VERTEX_POINT ( 'NONE', #10216 ) ;
#11356 = PLANE ( 'NONE',  #4196 ) ;
#11357 = FACE_OUTER_BOUND ( 'NONE', #4296, .T. ) ;
#11358 = ORIENTED_EDGE ( 'NONE', *, *, #99, .F. ) ;
#11359 = LINE ( 'NONE', #5996, #4012 ) ;
#11360 = CARTESIAN_POINT ( 'NONE',  ( 0.7899999999999999245, -0.1782331765923089728, 2.746736385498786515 ) ) ;
#11361 = DIRECTION ( 'NONE',  ( 0.000000000000000000, 5.037375692079792934E-15, 1.000000000000000000 ) ) ;
#11362 = LINE ( 'NONE', #1341, #4013 ) ;
#11363 = EDGE_CURVE ( 'NONE', #4965, #1554, #360, .T. ) ;
#11364 = DIRECTION ( 'NONE',  ( 1.000000000000000000, 0.000000000000000000, 0.000000000000000000 ) ) ;
#11365 = PLANE ( 'NONE',  #7008 ) ;
#11366 = ORIENTED_EDGE ( 'NONE', *, *, #1586, .F. ) ;
#11367 = CARTESIAN_POINT ( 'NONE',  ( -4.195702540368398736, 0.6149999999999999911, 1.000000000000000444 ) ) ;
#11368 = CARTESIAN_POINT ( 'NONE',  ( -2.060000000000000497, -0.7250000000000049738, -1.217365792252620583E-15 ) ) ;
#11369 = ORIENTED_EDGE ( 'NONE', *, *, #7529, .T. ) ;
#11370 = ORIENTED_EDGE ( 'NONE', *, *, #8790, .F. ) ;
#11371 = FACE_OUTER_BOUND ( 'NONE', #2687, .T. ) ;
#11372 = ORIENTED_EDGE ( 'NONE', *, *, #10131, .F. ) ;
#11373 = EDGE_CURVE ( 'NONE', #8330, #6913, #1513, .T. ) ;
#11374 = VERTEX_POINT ( 'NONE', #6699 ) ;
#11375 = CARTESIAN_POINT ( 'NONE',  ( -4.625000000000000888, -0.1970818674976518858, -2.577702366059666961 ) ) ;
#11376 = CARTESIAN_POINT ( 'NONE',  ( -4.950000000000000178, 0.000000000000000000, 1.949999999999999956 ) ) ;
#11377 = CARTESIAN_POINT ( 'NONE',  ( 3.354999999999999538, -0.2321338255108014725, -2.140814096316195236 ) ) ;
#11378 = ADVANCED_FACE ( 'NONE', ( #6758 ), #10351, .F. ) ;
#11379 = VECTOR ( 'NONE', #2119, 1000.000000000000000 ) ;
#11380 = EDGE_CURVE ( 'NONE', #585, #2194, #924, .T. ) ;
#11381 = LINE ( 'NONE', #8869, #6265 ) ;
#11382 = EDGE_CURVE ( 'NONE', #3152, #9104, #1068, .T. ) ;
#11383 = DIRECTION ( 'NONE',  ( 0.000000000000000000, 0.07997395986122909917, 0.9967969531173911379 ) ) ;
#11384 = CARTESIAN_POINT ( 'NONE',  ( -1.750000000000000666, -0.08500000000000000611, 0.000000000000000000 ) ) ;
#11385 = VERTEX_POINT ( 'NONE', #3169 ) ;
#11386 = ORIENTED_EDGE ( 'NONE', *, *, #7713, .T. ) ;
#11387 = ORIENTED_EDGE ( 'NONE', *, *, #1911, .T. ) ;
#11388 = ORIENTED_EDGE ( 'NONE', *, *, #8890, .T. ) ;
#11389 = ADVANCED_FACE ( 'NONE', ( #5807 ), #429, .F. ) ;
#11390 = CARTESIAN_POINT ( 'NONE',  ( 4.289999999999999147, -0.08500000000000000611, -2.461537905304634677 ) ) ;
#11391 = CIRCLE ( 'NONE', #525, 0.2861149196957545326 ) ;
#11392 = DIRECTION ( 'NONE',  ( 0.000000000000000000, 0.000000000000000000, -1.000000000000000000 ) ) ;
#11393 = EDGE_CURVE ( 'NONE', #7730, #11117, #9454, .T. ) ;
#11394 = DIRECTION ( 'NONE',  ( 1.000000000000000000, 0.000000000000000000, 0.000000000000000000 ) ) ;
#11395 = DIRECTION ( 'NONE',  ( 0.000000000000000000, 5.037375692079792934E-15, 1.000000000000000000 ) ) ;
#11396 = DIRECTION ( 'NONE',  ( 0.000000000000000000, -0.9967969531173912490, 0.07997395986122909917 ) ) ;
#11397 = PLANE ( 'NONE',  #6074 ) ;
#11398 = ORIENTED_EDGE ( 'NONE', *, *, #457, .T. ) ;
#11399 = VECTOR ( 'NONE', #10154, 1000.000000000000114 ) ;
#11400 = EDGE_CURVE ( 'NONE', #3336, #8679, #8613, .T. ) ;
#11401 = VERTEX_POINT ( 'NONE', #6981 ) ;
#11402 = ORIENTED_EDGE ( 'NONE', *, *, #4760, .F. ) ;
#11403 = VERTEX_POINT ( 'NONE', #7096 ) ;
#11404 = CARTESIAN_POINT ( 'NONE',  ( -4.600000000000000533, -0.5549999999999849498, 2.795743509104209498E-15 ) ) ;
#11405 = ORIENTED_EDGE ( 'NONE', *, *, #9731, .F. ) ;
#11406 = VECTOR ( 'NONE', #9907, 1000.000000000000000 ) ;
#11407 = FACE_OUTER_BOUND ( 'NONE', #3110, .T. ) ;
#11408 = LINE ( 'NONE', #10584, #11680 ) ;
#11409 = EDGE_CURVE ( 'NONE', #10824, #4487, #7768, .T. ) ;
#11410 = CYLINDRICAL_SURFACE ( 'NONE', #10298, 0.2717314392126214395 ) ;
#11411 = LINE ( 'NONE', #3233, #191 ) ;
#11412 = DIRECTION ( 'NONE',  ( -0.000000000000000000, 0.9925461516413219831, 0.1218693434051477537 ) ) ;
#11413 = VECTOR ( 'NONE', #8464, 1000.000000000000114 ) ;
#11414 = ORIENTED_EDGE ( 'NONE', *, *, #1639, .F. ) ;
#11415 = CARTESIAN_POINT ( 'NONE',  ( -4.600000000000000533, 0.000000000000000000, 0.000000000000000000 ) ) ;
#11416 = CARTESIAN_POINT ( 'NONE',  ( -1.725000000000000755, -0.4813330637901492848, -2.160807586281502157 ) ) ;
#11417 = VERTEX_POINT ( 'NONE', #8892 ) ;
#11418 = CARTESIAN_POINT ( 'NONE',  ( -2.060000000000000497, -0.4462811057770437739, 2.597695856024976990 ) ) ;
#11419 = VERTEX_POINT ( 'NONE', #700 ) ;
#11420 = AXIS2_PLACEMENT_3D ( 'NONE', #10654, #5331, #3415 ) ;
#11421 = VECTOR ( 'NONE', #4951, 999.9999999999998863 ) ;
#11422 = CARTESIAN_POINT ( 'NONE',  ( -0.4550000000000005151, -0.4326855326005906166, -2.767151338054931742 ) ) ;
#11423 = AXIS2_PLACEMENT_3D ( 'NONE', #1723, #7321, #1783 ) ;
#11424 = CARTESIAN_POINT ( 'NONE',  ( 3.019999999999999574, -0.7250000000000001998, -2.870861070673344617 ) ) ;
#11425 = LINE ( 'NONE', #9467, #11803 ) ;
#11426 = AXIS2_PLACEMENT_3D ( 'NONE', #1018, #838, #8246 ) ;
#11427 = CIRCLE ( 'NONE', #8361, 0.1017314392126205669 ) ;
#11428 = VECTOR ( 'NONE', #7800, 1000.000000000000000 ) ;
#11429 = DIRECTION ( 'NONE',  ( 0.000000000000000000, 0.07997395986122909917, 0.9967969531173911379 ) ) ;
#11430 = DIRECTION ( 'NONE',  ( -1.000000000000000000, 0.000000000000000000, 0.000000000000000000 ) ) ;
#11431 = EDGE_LOOP ( 'NONE', ( #7910, #9651, #9357, #3665 ) ) ;
#11432 = DIRECTION ( 'NONE',  ( 0.000000000000000000, 0.9967969531173912490, 0.07997395986122911304 ) ) ;
#11433 = COLOUR_RGB ( '',0.7921568627450980005, 0.8196078431372548767, 0.9333333333333333481 ) ;
#11434 = PLANE ( 'NONE',  #7828 ) ;
#11435 = VERTEX_POINT ( 'NONE', #608 ) ;
#11436 = CIRCLE ( 'NONE', #4754, 0.1161149196957549368 ) ;
#11437 = ORIENTED_EDGE ( 'NONE', *, *, #10669, .T. ) ;
#11438 = CARTESIAN_POINT ( 'NONE',  ( -4.600000000000000533, -0.6505093632533088810, -0.05219097986151956942 ) ) ;
#11439 = EDGE_CURVE ( 'NONE', #6913, #1201, #8791, .T. ) ;
#11440 = EDGE_LOOP ( 'NONE', ( #1926, #5487, #2467, #8726 ) ) ;
#11441 = EDGE_LOOP ( 'NONE', ( #10642, #9507, #10001, #4171 ) ) ;
#11442 = CYLINDRICAL_SURFACE ( 'NONE', #11272, 0.2717314392126214395 ) ;
#11443 = ADVANCED_FACE ( 'NONE', ( #8848 ), #5087, .T. ) ;
#11444 = CIRCLE ( 'NONE', #7614, 0.1161149196957549368 ) ;
#11445 = VECTOR ( 'NONE', #2387, 1000.000000000000000 ) ;
#11446 = DIRECTION ( 'NONE',  ( 0.000000000000000000, 0.000000000000000000, -1.000000000000000000 ) ) ;
#11447 = VECTOR ( 'NONE', #9705, 999.9999999999998863 ) ;
#11448 = AXIS2_PLACEMENT_3D ( 'NONE', #3012, #6840, #2243 ) ;
#11449 = DIRECTION ( 'NONE',  ( 1.000000000000000000, -0.000000000000000000, -0.000000000000000000 ) ) ;
#11450 = AXIS2_PLACEMENT_3D ( 'NONE', #2358, #11537, #5820 ) ;
#11451 = EDGE_CURVE ( 'NONE', #10224, #1366, #5516, .T. ) ;
#11452 = ORIENTED_EDGE ( 'NONE', *, *, #1804, .F. ) ;
#11453 = ORIENTED_EDGE ( 'NONE', *, *, #9325, .T. ) ;
#11454 = ORIENTED_EDGE ( 'NONE', *, *, #775, .T. ) ;
#11455 = DIRECTION ( 'NONE',  ( -0.000000000000000000, 0.9967969531173912490, -0.07997395986122922407 ) ) ;
#11456 = EDGE_CURVE ( 'NONE', #8666, #724, #10696, .T. ) ;
#11457 = DIRECTION ( 'NONE',  ( 0.000000000000000000, 0.000000000000000000, -1.000000000000000000 ) ) ;
#11458 = AXIS2_PLACEMENT_3D ( 'NONE', #3524, #8192, #5393 ) ;
#11459 = VECTOR ( 'NONE', #11180, 999.9999999999998863 ) ;
#11460 = STYLED_ITEM ( 'NONE', ( #10352 ), #6356 ) ;
#11461 = LINE ( 'NONE', #7922, #9619 ) ;
#11462 = VECTOR ( 'NONE', #10294, 1000.000000000000114 ) ;
#11463 = EDGE_CURVE ( 'NONE', #10833, #3717, #3799, .T. ) ;
#11464 = CARTESIAN_POINT ( 'NONE',  ( -4.290000000000000036, -0.5549999999999993827, 2.870861070673345061 ) ) ;
#11465 = CARTESIAN_POINT ( 'NONE',  ( 3.019999999999999574, -0.4532685607873793709, -2.870861070673344617 ) ) ;
#11466 = EDGE_CURVE ( 'NONE', #10224, #11417, #5203, .T. ) ;
#11467 = ORIENTED_EDGE ( 'NONE', *, *, #11235, .F. ) ;
#11468 = ADVANCED_FACE ( 'NONE', ( #658 ), #1497, .T. ) ;
#11469 = AXIS2_PLACEMENT_3D ( 'NONE', #11044, #242, #1203 ) ;
#11470 = AXIS2_PLACEMENT_3D ( 'NONE', #10564, #400, #7684 ) ;
#11471 = ORIENTED_EDGE ( 'NONE', *, *, #5553, .F. ) ;
#11472 = ORIENTED_EDGE ( 'NONE', *, *, #3634, .T. ) ;
#11473 = CARTESIAN_POINT ( 'NONE',  ( 0.4799999999999999267, -0.7250000000000001998, -2.870861070673344617 ) ) ;
#11474 = ORIENTED_EDGE ( 'NONE', *, *, #8687, .T. ) ;
#11475 = CARTESIAN_POINT ( 'NONE',  ( -1.750000000000000666, 0.2178238306527182089, 2.714960358193412304 ) ) ;
#11476 = DIRECTION ( 'NONE',  ( 0.000000000000000000, 1.679125230693258263E-15, 1.000000000000000000 ) ) ;
#11477 = DIRECTION ( 'NONE',  ( 1.000000000000000000, 0.000000000000000000, 0.000000000000000000 ) ) ;
#11478 = CARTESIAN_POINT ( 'NONE',  ( 2.059999999999999609, -0.7249999999999999778, -3.000000000000000000 ) ) ;
#11479 = DIRECTION ( 'NONE',  ( 0.000000000000000000, 0.000000000000000000, -1.000000000000000000 ) ) ;
#11480 = VECTOR ( 'NONE', #9138, 1000.000000000000000 ) ;
#11481 = ORIENTED_EDGE ( 'NONE', *, *, #11268, .T. ) ;
#11482 = EDGE_CURVE ( 'NONE', #2523, #8601, #2441, .T. ) ;
#11483 = DIRECTION ( 'NONE',  ( 1.000000000000000000, 0.000000000000000000, 0.000000000000000000 ) ) ;
#11484 = VERTEX_POINT ( 'NONE', #7887 ) ;
#11485 = LINE ( 'NONE', #3305, #6101 ) ;
#11486 = ORIENTED_EDGE ( 'NONE', *, *, #1654, .T. ) ;
#11487 = ADVANCED_FACE ( 'NONE', ( #3295 ), #9642, .F. ) ;
#11488 = DIRECTION ( 'NONE',  ( 0.000000000000000000, 0.000000000000000000, -1.000000000000000000 ) ) ;
#11489 = FACE_OUTER_BOUND ( 'NONE', #4010, .T. ) ;
#11490 = DIRECTION ( 'NONE',  ( 0.000000000000000000, -0.9967969531173912490, -0.07997395986122736444 ) ) ;
#11491 = EDGE_LOOP ( 'NONE', ( #6870, #5421, #206, #8004 ) ) ;
#11492 = EDGE_CURVE ( 'NONE', #11129, #2650, #1446, .T. ) ;
#11493 = CARTESIAN_POINT ( 'NONE',  ( -4.290000000000000036, -0.4614044268235938384, -2.769455482029957061 ) ) ;
#11494 = LINE ( 'NONE', #3315, #6099 ) ;
#11495 = ORIENTED_EDGE ( 'NONE', *, *, #794, .T. ) ;
#11496 = ORIENTED_EDGE ( 'NONE', *, *, #9094, .F. ) ;
#11497 = DIRECTION ( 'NONE',  ( 0.000000000000000000, 0.000000000000000000, -1.000000000000000000 ) ) ;
#11498 = ORIENTED_EDGE ( 'NONE', *, *, #2041, .F. ) ;
#11499 = LINE ( 'NONE', #3321, #3066 ) ;
#11500 = AXIS2_PLACEMENT_3D ( 'NONE', #11679, #6362, #2655 ) ;
#11501 = LINE ( 'NONE', #8821, #2870 ) ;
#11502 = EDGE_CURVE ( 'NONE', #4656, #1575, #11573, .T. ) ;
#11503 = UNCERTAINTY_MEASURE_WITH_UNIT (LENGTH_MEASURE( 1.000000000000000082E-05 ), #5975, 'distance_accuracy_value', 'NONE');
#11504 = VECTOR ( 'NONE', #10142, 999.9999999999998863 ) ;
#11505 = FACE_OUTER_BOUND ( 'NONE', #5169, .T. ) ;
#11506 = ORIENTED_EDGE ( 'NONE', *, *, #9794, .F. ) ;
#11507 = EDGE_LOOP ( 'NONE', ( #3837, #10108, #37, #1994 ) ) ;
#11508 = ORIENTED_EDGE ( 'NONE', *, *, #2200, .T. ) ;
#11509 = CARTESIAN_POINT ( 'NONE',  ( 1.749999999999999778, 0.2178238306527182089, -2.714960358193412304 ) ) ;
#11510 = VECTOR ( 'NONE', #2543, 1000.000000000000114 ) ;
#11511 = DIRECTION ( 'NONE',  ( 0.000000000000000000, 0.000000000000000000, -1.000000000000000000 ) ) ;
#11512 = EDGE_CURVE ( 'NONE', #6478, #4281, #3344, .T. ) ;
#11513 = DIRECTION ( 'NONE',  ( 1.000000000000000000, 0.000000000000000000, 0.000000000000000000 ) ) ;
#11514 = EDGE_CURVE ( 'NONE', #9232, #774, #5917, .T. ) ;
#11515 = LINE ( 'NONE', #8880, #922 ) ;
#11516 = DIRECTION ( 'NONE',  ( 0.000000000000000000, -0.9967969531173912490, -0.07997395986122736444 ) ) ;
#11517 =( NAMED_UNIT ( * ) SI_UNIT ( $, .STERADIAN. ) SOLID_ANGLE_UNIT ( ) );
#11518 = ORIENTED_EDGE ( 'NONE', *, *, #5599, .F. ) ;
#11519 = ADVANCED_FACE ( 'NONE', ( #4128 ), #11410, .T. ) ;
#11520 = VERTEX_POINT ( 'NONE', #7034 ) ;
#11521 = DIRECTION ( 'NONE',  ( 0.000000000000000000, -0.9967969531173912490, -0.07997395986122736444 ) ) ;
#11522 = VERTEX_POINT ( 'NONE', #6933 ) ;
#11523 = DIRECTION ( 'NONE',  ( 1.000000000000000000, 0.000000000000000000, 0.000000000000000000 ) ) ;
#11524 = DIRECTION ( 'NONE',  ( 0.000000000000000000, 0.000000000000000000, -1.000000000000000000 ) ) ;
#11525 = DIRECTION ( 'NONE',  ( 1.000000000000000000, -0.000000000000000000, -0.000000000000000000 ) ) ;
#11526 = DIRECTION ( 'NONE',  ( 0.000000000000000000, 0.000000000000000000, -1.000000000000000000 ) ) ;
#11527 = CARTESIAN_POINT ( 'NONE',  ( -0.7900000000000003686, -0.1918287497687165000, -2.577280903468829099 ) ) ;
#11528 = ADVANCED_FACE ( 'NONE', ( #2392 ), #2672, .T. ) ;
#11529 = ORIENTED_EDGE ( 'NONE', *, *, #4377, .T. ) ;
#11530 = EDGE_CURVE ( 'NONE', #9755, #6693, #4418, .T. ) ;
#11531 = DIRECTION ( 'NONE',  ( -1.000000000000000000, 0.000000000000000000, -0.000000000000000000 ) ) ;
#11532 = ORIENTED_EDGE ( 'NONE', *, *, #5234, .F. ) ;
#11533 = DIRECTION ( 'NONE',  ( 1.000000000000000000, 0.000000000000000000, 0.000000000000000000 ) ) ;
#11534 = EDGE_LOOP ( 'NONE', ( #6686, #6368, #7324, #11814, #11007, #3489, #51, #598 ) ) ;
#11535 = CARTESIAN_POINT ( 'NONE',  ( -4.290000000000000036, 0.000000000000000000, 0.000000000000000000 ) ) ;
#11536 = LINE ( 'NONE', #2457, #5577 ) ;
#11537 = DIRECTION ( 'NONE',  ( 0.000000000000000000, -1.000000000000000000, -5.037375692079792934E-15 ) ) ;
#11538 = EDGE_CURVE ( 'NONE', #8679, #9434, #940, .T. ) ;
#11539 =( LENGTH_UNIT ( ) NAMED_UNIT ( * ) SI_UNIT ( .MILLI., .METRE. ) );
#11540 = EDGE_LOOP ( 'NONE', ( #5063, #9850, #9488, #8117 ) ) ;
#11541 = LINE ( 'NONE', #6004, #7599 ) ;
#11542 = CARTESIAN_POINT ( 'NONE',  ( -3.020000000000000018, -0.4532685607873790379, -2.870861070673345061 ) ) ;
#11543 = ORIENTED_EDGE ( 'NONE', *, *, #10762, .T. ) ;
#11544 = ORIENTED_EDGE ( 'NONE', *, *, #9307, .F. ) ;
#11545 = CARTESIAN_POINT ( 'NONE',  ( -3.330000000000000071, 0.000000000000000000, 1.949999999999999956 ) ) ;
#11546 = EDGE_LOOP ( 'NONE', ( #1996, #7423, #6440, #4080, #4887, #5007, #8239, #6755 ) ) ;
#11547 = LINE ( 'NONE', #8027, #1354 ) ;
#11548 = FILL_AREA_STYLE_COLOUR ( '', #10121 ) ;
#11549 = EDGE_CURVE ( 'NONE', #7969, #10106, #10073, .T. ) ;
#11550 = CARTESIAN_POINT ( 'NONE',  ( -3.365000000000000657, -0.4462811057770526557, 2.597695856024977878 ) ) ;
#11551 = EDGE_CURVE ( 'NONE', #9148, #5113, #8054, .T. ) ;
#11552 = ORIENTED_EDGE ( 'NONE', *, *, #3992, .F. ) ;
#11553 = ORIENTED_EDGE ( 'NONE', *, *, #11673, .T. ) ;
#11554 = ORIENTED_EDGE ( 'NONE', *, *, #619, .F. ) ;
#11555 = PLANE ( 'NONE',  #5502 ) ;
#11556 = VECTOR ( 'NONE', #2080, 1000.000000000000114 ) ;
#11557 = CARTESIAN_POINT ( 'NONE',  ( -3.330000000000000071, -0.6505093632533088810, -0.05219097986151956942 ) ) ;
#11558 = DIRECTION ( 'NONE',  ( 0.000000000000000000, 0.000000000000000000, 1.000000000000000000 ) ) ;
#11559 = DIRECTION ( 'NONE',  ( 1.000000000000000000, -0.000000000000000000, 0.000000000000000000 ) ) ;
#11560 = DIRECTION ( 'NONE',  ( 0.000000000000000000, -0.07997395986122909917, -0.9967969531173911379 ) ) ;
#11561 = FACE_OUTER_BOUND ( 'NONE', #8873, .T. ) ;
#11562 = DIRECTION ( 'NONE',  ( 0.000000000000000000, 0.000000000000000000, -1.000000000000000000 ) ) ;
#11563 = VECTOR ( 'NONE', #5415, 1000.000000000000000 ) ;
#11564 = ORIENTED_EDGE ( 'NONE', *, *, #949, .F. ) ;
#11565 = ORIENTED_EDGE ( 'NONE', *, *, #3195, .F. ) ;
#11566 = ORIENTED_EDGE ( 'NONE', *, *, #8756, .T. ) ;
#11567 = DIRECTION ( 'NONE',  ( 0.000000000000000000, 0.07997395986122909917, 0.9967969531173911379 ) ) ;
#11569 = ORIENTED_EDGE ( 'NONE', *, *, #3808, .T. ) ;
#11568 = VECTOR ( 'NONE', #1790, 1000.000000000000114 ) ;
#11570 = EDGE_CURVE ( 'NONE', #1299, #4600, #5545, .T. ) ;
#11571 = CARTESIAN_POINT ( 'NONE',  ( -0.4450000000000009504, -0.1970818674976879958, 2.577702366059670069 ) ) ;
#11572 = LINE ( 'NONE', #1390, #3117 ) ;
#11573 = LINE ( 'NONE', #10585, #6665 ) ;
#11574 = DIRECTION ( 'NONE',  ( 0.000000000000000000, -0.9967969531173912490, -0.07997395986122909917 ) ) ;
#11575 = AXIS2_PLACEMENT_3D ( 'NONE', #2854, #9129, #950 ) ;
#11576 = ORIENTED_EDGE ( 'NONE', *, *, #7483, .T. ) ;
#11577 = PLANE ( 'NONE',  #7188 ) ;
#11578 = ORIENTED_EDGE ( 'NONE', *, *, #4822, .F. ) ;
#11579 = ORIENTED_EDGE ( 'NONE', *, *, #5788, .T. ) ;
#11580 = CARTESIAN_POINT ( 'NONE',  ( -2.060000000000000497, -0.4532685607873790379, 2.870861070673345061 ) ) ;
#11581 = ADVANCED_FACE ( 'NONE', ( #11693 ), #6199, .T. ) ;
#11582 = VERTEX_POINT ( 'NONE', #8162 ) ;
#11583 = LINE ( 'NONE', #556, #4404 ) ;
#11584 = EDGE_CURVE ( 'NONE', #604, #295, #9183, .T. ) ;
#11585 = CARTESIAN_POINT ( 'NONE',  ( -3.365000000000000657, -0.2334590321417877590, 2.124296695724089634 ) ) ;
#11586 = DIRECTION ( 'NONE',  ( -0.000000000000000000, -0.9925461516413219831, 0.1218693434051477537 ) ) ;
#11587 = DIRECTION ( 'NONE',  ( -1.000000000000000000, -0.000000000000000000, -0.000000000000000000 ) ) ;
#11588 = EDGE_CURVE ( 'NONE', #2194, #2748, #4642, .T. ) ;
#11589 = AXIS2_PLACEMENT_3D ( 'NONE', #9188, #1005, #3736 ) ;
#11590 = EDGE_CURVE ( 'NONE', #2615, #3585, #9962, .T. ) ;
#11591 = EDGE_CURVE ( 'NONE', #4052, #2664, #6372, .T. ) ;
#11592 = ORIENTED_EDGE ( 'NONE', *, *, #1798, .F. ) ;
#11593 = EDGE_CURVE ( 'NONE', #9557, #1132, #5303, .T. ) ;
#11594 = VECTOR ( 'NONE', #8315, 999.9999999999998863 ) ;
#11595 = DIRECTION ( 'NONE',  ( 0.000000000000000000, 0.07997395986122909917, 0.9967969531173911379 ) ) ;
#11596 = FILL_AREA_STYLE_COLOUR ( '', #383 ) ;
#11597 = ORIENTED_EDGE ( 'NONE', *, *, #3199, .F. ) ;
#11598 = DIRECTION ( 'NONE',  ( 0.000000000000000000, 0.07997395986122911304, -0.9967969531173912490 ) ) ;
#11599 = CARTESIAN_POINT ( 'NONE',  ( 4.254999999999999005, -0.1970818674976518858, 2.577702366059666961 ) ) ;
#11600 = EDGE_CURVE ( 'NONE', #10440, #8018, #3559, .T. ) ;
#11601 = AXIS2_PLACEMENT_3D ( 'NONE', #4408, #10576, #8839 ) ;
#11602 = ORIENTED_EDGE ( 'NONE', *, *, #5908, .T. ) ;
#11603 = LINE ( 'NONE', #1580, #11635 ) ;
#11604 = CARTESIAN_POINT ( 'NONE',  ( 0.7899999999999999245, 0.000000000000000000, 1.949999999999999956 ) ) ;
#11605 = VECTOR ( 'NONE', #9261, 1000.000000000000000 ) ;
#11606 = VECTOR ( 'NONE', #9425, 1000.000000000000000 ) ;
#11607 = VECTOR ( 'NONE', #9829, 999.9999999999998863 ) ;
#11608 = UNCERTAINTY_MEASURE_WITH_UNIT (LENGTH_MEASURE( 1.000000000000000082E-05 ), #1474, 'distance_accuracy_value', 'NONE');
#11609 = LINE ( 'NONE', #2644, #3394 ) ;
#11610 = CARTESIAN_POINT ( 'NONE',  ( 4.289999999999999147, 0.2042282574763048253, 2.545504876163455776 ) ) ;
#11611 = VECTOR ( 'NONE', #118, 1000.000000000000000 ) ;
#11612 = ORIENTED_EDGE ( 'NONE', *, *, #1404, .F. ) ;
#11613 = ADVANCED_FACE ( 'NONE', ( #10858 ), #5478, .F. ) ;
#11614 = VECTOR ( 'NONE', #9462, 1000.000000000000000 ) ;
#11615 = ORIENTED_EDGE ( 'NONE', *, *, #7713, .F. ) ;
#11616 = ORIENTED_EDGE ( 'NONE', *, *, #4501, .F. ) ;
#11617 = ORIENTED_EDGE ( 'NONE', *, *, #7556, .F. ) ;
#11618 = CARTESIAN_POINT ( 'NONE',  ( 0.7899999999999999245, -0.2011149196957552621, 2.461537905304631568 ) ) ;
#11619 = VECTOR ( 'NONE', #1720, 1000.000000000000000 ) ;
#11620 = CARTESIAN_POINT ( 'NONE',  ( 3.329999999999999627, -0.4326855326005993874, 2.767151338054932186 ) ) ;
#11621 = CARTESIAN_POINT ( 'NONE',  ( -0.4800000000000003708, -0.5549999999999993827, -2.870861070673345061 ) ) ;
#11622 = VECTOR ( 'NONE', #10424, 1000.000000000000114 ) ;
#11623 = AXIS2_PLACEMENT_3D ( 'NONE', #1013, #103, #6506 ) ;
#11624 = AXIS2_PLACEMENT_3D ( 'NONE', #7668, #560, #11312 ) ;
#11625 = LINE ( 'NONE', #596, #11607 ) ;
#11626 = DIRECTION ( 'NONE',  ( 1.000000000000000000, -0.000000000000000000, 0.000000000000000000 ) ) ;
#11627 = LINE ( 'NONE', #3447, #4538 ) ;
#11628 = ORIENTED_EDGE ( 'NONE', *, *, #5831, .T. ) ;
#11629 = EDGE_CURVE ( 'NONE', #9102, #7937, #9120, .T. ) ;
#11630 = ORIENTED_EDGE ( 'NONE', *, *, #3889, .F. ) ;
#11631 = ORIENTED_EDGE ( 'NONE', *, *, #9435, .F. ) ;
#11632 = CARTESIAN_POINT ( 'NONE',  ( -4.600000000000000533, -0.2011149196957552621, 2.461537905304631568 ) ) ;
#11633 = VERTEX_POINT ( 'NONE', #9015 ) ;
#11634 = VECTOR ( 'NONE', #4797, 1000.000000000000114 ) ;
#11635 = VECTOR ( 'NONE', #10609, 1000.000000000000000 ) ;
#11636 = AXIS2_PLACEMENT_3D ( 'NONE', #2403, #380, #10363 ) ;
#11637 = CARTESIAN_POINT ( 'NONE',  ( -3.330000000000000071, 0.2178238306527182089, -2.714960358193412304 ) ) ;
#11638 = CARTESIAN_POINT ( 'NONE',  ( 1.749999999999999778, 0.000000000000000000, -1.949999999999999956 ) ) ;
#11639 = CARTESIAN_POINT ( 'NONE',  ( -0.4800000000000003708, -0.4326855326005907276, -2.767151338054931742 ) ) ;
#11640 = EDGE_CURVE ( 'NONE', #5294, #9087, #1779, .T. ) ;
#11641 = AXIS2_PLACEMENT_3D ( 'NONE', #3423, #1472, #5114 ) ;
#11642 = VECTOR ( 'NONE', #6481, 1000.000000000000000 ) ;
#11643 = CYLINDRICAL_SURFACE ( 'NONE', #3753, 0.2861149196957545326 ) ;
#11644 = ORIENTED_EDGE ( 'NONE', *, *, #3901, .T. ) ;
#11645 = CARTESIAN_POINT ( 'NONE',  ( -0.7900000000000003686, -0.4326855326005906166, -2.767151338054931742 ) ) ;
#11646 = ORIENTED_EDGE ( 'NONE', *, *, #1080, .T. ) ;
#11647 = LINE ( 'NONE', #3570, #1894 ) ;
#11648 = ORIENTED_EDGE ( 'NONE', *, *, #144, .F. ) ;
#11649 = ORIENTED_EDGE ( 'NONE', *, *, #425, .T. ) ;
#11650 = DIRECTION ( 'NONE',  ( 0.000000000000000000, 0.9967969531173912490, -0.07997395986122736444 ) ) ;
#11651 = DIRECTION ( 'NONE',  ( 0.000000000000000000, 0.9967969531173911379, -0.07997395986122909917 ) ) ;
#11652 = AXIS2_PLACEMENT_3D ( 'NONE', #541, #6876, #6089 ) ;
#11653 = COLOUR_RGB ( '',0.2509803921568627416, 0.2509803921568627416, 0.2509803921568627416 ) ;
#11654 = ADVANCED_FACE ( 'NONE', ( #5424 ), #6246, .T. ) ;
#11655 = FACE_OUTER_BOUND ( 'NONE', #8897, .T. ) ;
#11656 = CARTESIAN_POINT ( 'NONE',  ( -2.095000000000001528, -0.1834862943212869912, 2.747157848089627930 ) ) ;
#11657 = EDGE_CURVE ( 'NONE', #6029, #10875, #3677, .T. ) ;
#11658 = DIRECTION ( 'NONE',  ( 1.000000000000000000, 0.000000000000000000, 0.000000000000000000 ) ) ;
#11659 = PRESENTATION_STYLE_ASSIGNMENT (( #8021 ) ) ;
#11660 = ORIENTED_EDGE ( 'NONE', *, *, #9269, .F. ) ;
#11661 = CARTESIAN_POINT ( 'NONE',  ( 0.4799999999999999267, -0.08500000000000000611, 0.000000000000000000 ) ) ;
#11662 = EDGE_CURVE ( 'NONE', #11793, #2552, #876, .T. ) ;
#11663 = EDGE_LOOP ( 'NONE', ( #5081, #7546, #10275, #10067 ) ) ;
#11664 = CYLINDRICAL_SURFACE ( 'NONE', #4981, 0.2717314392126214395 ) ;
#11665 = ADVANCED_FACE ( 'NONE', ( #10336 ), #11283, .F. ) ;
#11666 = DIRECTION ( 'NONE',  ( 1.000000000000000000, 0.000000000000000000, 0.000000000000000000 ) ) ;
#11667 = EDGE_CURVE ( 'NONE', #6718, #299, #3994, .T. ) ;
#11668 = EDGE_CURVE ( 'NONE', #9612, #2550, #2075, .T. ) ;
#11669 = DIRECTION ( 'NONE',  ( 1.000000000000000000, -0.000000000000000000, 0.000000000000000000 ) ) ;
#11670 = CARTESIAN_POINT ( 'NONE',  ( -2.060000000000000497, -0.08500000000000000611, 0.000000000000000000 ) ) ;
#11671 = VECTOR ( 'NONE', #9600, 1000.000000000000000 ) ;
#11672 = EDGE_LOOP ( 'NONE', ( #6154, #10184, #2121, #5408, #6806, #743, #8380, #10892, #7916, #8829, #5137, #11292 ) ) ;
#11673 = EDGE_CURVE ( 'NONE', #9761, #8414, #10262, .T. ) ;
#11674 = EDGE_LOOP ( 'NONE', ( #4873, #8608, #7059, #7081 ) ) ;
#11675 = ORIENTED_EDGE ( 'NONE', *, *, #9248, .F. ) ;
#11676 = ORIENTED_EDGE ( 'NONE', *, *, #3156, .T. ) ;
#11677 = CARTESIAN_POINT ( 'NONE',  ( 2.059999999999999609, 0.08500000000000000611, 0.000000000000000000 ) ) ;
#11678 = CARTESIAN_POINT ( 'NONE',  ( 0.4799999999999999267, -0.4462811057769996981, -2.597695856024973882 ) ) ;
#11679 = CARTESIAN_POINT ( 'NONE',  ( 2.059999999999999609, -0.2011149196957552621, 2.461537905304631568 ) ) ;
#11680 = VECTOR ( 'NONE', #1321, 999.9999999999998863 ) ;
#11681 = EDGE_CURVE ( 'NONE', #9681, #8484, #3804, .T. ) ;
#11682 =( NAMED_UNIT ( * ) PLANE_ANGLE_UNIT ( ) SI_UNIT ( $, .RADIAN. ) );
#11683 = DIRECTION ( 'NONE',  ( 0.000000000000000000, -0.9967969531173912490, -0.07997395986122909917 ) ) ;
#11684 = LINE ( 'NONE', #2499, #4176 ) ;
#11685 = ORIENTED_EDGE ( 'NONE', *, *, #5246, .F. ) ;
#11686 = ORIENTED_EDGE ( 'NONE', *, *, #4397, .T. ) ;
#11687 = ORIENTED_EDGE ( 'NONE', *, *, #1319, .T. ) ;
#11688 = CARTESIAN_POINT ( 'NONE',  ( 4.254999999999999005, -0.4462811057769996981, 2.597695856024973882 ) ) ;
#11689 = VECTOR ( 'NONE', #3210, 1000.000000000000114 ) ;
#11690 = ORIENTED_EDGE ( 'NONE', *, *, #3628, .T. ) ;
#11691 = CARTESIAN_POINT ( 'NONE',  ( -4.950000000000000178, -0.08500000000000000611, 1.939563312323252964 ) ) ;
#11692 = DIRECTION ( 'NONE',  ( 1.000000000000000000, 0.000000000000000000, 0.000000000000000000 ) ) ;
#11693 = FACE_OUTER_BOUND ( 'NONE', #4765, .T. ) ;
#11694 = CARTESIAN_POINT ( 'NONE',  ( -3.330000000000000071, -0.4532685607873790379, 2.870861070673345061 ) ) ;
#11695 = EDGE_CURVE ( 'NONE', #2434, #8400, #6609, .T. ) ;
#11696 = DIRECTION ( 'NONE',  ( 0.1209742911513548291, -0.9852565360152931717, 0.1209742911513548430 ) ) ;
#11697 = EDGE_LOOP ( 'NONE', ( #269, #3188, #8175, #11145 ) ) ;
#11698 = FACE_OUTER_BOUND ( 'NONE', #407, .T. ) ;
#11699 = VERTEX_POINT ( 'NONE', #156 ) ;
#11700 = ORIENTED_EDGE ( 'NONE', *, *, #54, .T. ) ;
#11701 = CARTESIAN_POINT ( 'NONE',  ( -0.8150000000000006128, -0.1970818674976518858, -2.577702366059666961 ) ) ;
#11702 = ORIENTED_EDGE ( 'NONE', *, *, #8994, .F. ) ;
#11703 = VERTEX_POINT ( 'NONE', #4952 ) ;
#11704 = CARTESIAN_POINT ( 'NONE',  ( -4.950000000000000178, 0.08500000000000000611, -1.939563312323252964 ) ) ;
#11705 = DIRECTION ( 'NONE',  ( 1.000000000000000000, 0.000000000000000000, 0.000000000000000000 ) ) ;
#11706 = DIRECTION ( 'NONE',  ( 0.000000000000000000, -1.000000000000000000, -1.679125230693258263E-15 ) ) ;
#11707 = PLANE ( 'NONE',  #3605 ) ;
#11708 = ORIENTED_EDGE ( 'NONE', *, *, #10792, .F. ) ;
#11709 = CARTESIAN_POINT ( 'NONE',  ( -1.750000000000000666, 0.08500000000000000611, 0.000000000000000000 ) ) ;
#11710 = LINE ( 'NONE', #1801, #580 ) ;
#11711 = ORIENTED_EDGE ( 'NONE', *, *, #6715, .T. ) ;
#11712 = LINE ( 'NONE', #9038, #4192 ) ;
#11713 = ORIENTED_EDGE ( 'NONE', *, *, #7420, .T. ) ;
#11714 = LINE ( 'NONE', #2806, #9933 ) ;
#11715 = EDGE_CURVE ( 'NONE', #8319, #7692, #1118, .T. ) ;
#11716 = DIRECTION ( 'NONE',  ( 0.000000000000000000, 1.867464018106093513E-15, -1.000000000000000000 ) ) ;
#11717 = DIRECTION ( 'NONE',  ( 0.000000000000000000, 0.000000000000000000, -1.000000000000000000 ) ) ;
#11718 = PLANE ( 'NONE',  #8182 ) ;
#11719 = DIRECTION ( 'NONE',  ( -1.000000000000000000, 0.000000000000000000, -0.000000000000000000 ) ) ;
#11720 = PLANE ( 'NONE',  #2092 ) ;
#11721 = EDGE_CURVE ( 'NONE', #293, #9375, #9382, .T. ) ;
#11722 = ORIENTED_EDGE ( 'NONE', *, *, #11798, .T. ) ;
#11723 = ORIENTED_EDGE ( 'NONE', *, *, #433, .F. ) ;
#11724 = ORIENTED_EDGE ( 'NONE', *, *, #11681, .F. ) ;
#11725 = VERTEX_POINT ( 'NONE', #5792 ) ;
#11726 = EDGE_CURVE ( 'NONE', #8485, #1058, #11436, .T. ) ;
#11727 = ADVANCED_FACE ( 'NONE', ( #3097 ), #4058, .T. ) ;
#11728 = LINE ( 'NONE', #1085, #1775 ) ;
#11729 = CARTESIAN_POINT ( 'NONE',  ( 0.4799999999999995381, 0.08500000000000000611, -1.939563312323252964 ) ) ;
#11730 = ADVANCED_FACE ( 'NONE', ( #5727 ), #5656, .T. ) ;
#11731 = FILL_AREA_STYLE_COLOUR ( '', #373 ) ;
#11732 = LINE ( 'NONE', #10789, #4955 ) ;
#11733 = FACE_OUTER_BOUND ( 'NONE', #3149, .T. ) ;
#11734 = ORIENTED_EDGE ( 'NONE', *, *, #8742, .F. ) ;
#11735 = ORIENTED_EDGE ( 'NONE', *, *, #5908, .F. ) ;
#11736 = EDGE_LOOP ( 'NONE', ( #8733, #7024, #9049, #4528 ) ) ;
#11737 = VECTOR ( 'NONE', #563, 1000.000000000000000 ) ;
#11738 = DIRECTION ( 'NONE',  ( 1.000000000000000000, -0.000000000000000000, 0.000000000000000000 ) ) ;
#11739 = ORIENTED_EDGE ( 'NONE', *, *, #588, .F. ) ;
#11740 = EDGE_CURVE ( 'NONE', #1111, #4187, #2011, .T. ) ;
#11741 = DIRECTION ( 'NONE',  ( -1.000000000000000000, 0.000000000000000000, 0.000000000000000000 ) ) ;
#11742 = DIRECTION ( 'NONE',  ( 0.000000000000000000, 0.000000000000000000, -1.000000000000000000 ) ) ;
#11743 = DIRECTION ( 'NONE',  ( 1.000000000000000000, 0.000000000000000000, -0.000000000000000000 ) ) ;
#11744 = CARTESIAN_POINT ( 'NONE',  ( -4.600000000000000533, -0.1918287497687165000, -2.577280903468829099 ) ) ;
#11745 = VECTOR ( 'NONE', #1308, 999.9999999999998863 ) ;
#11746 = DIRECTION ( 'NONE',  ( 1.000000000000000000, -0.000000000000000000, 0.000000000000000000 ) ) ;
#11747 = CARTESIAN_POINT ( 'NONE',  ( 4.289999999999999147, -0.1918287497687165000, 2.577280903468829099 ) ) ;
#11748 = CYLINDRICAL_SURFACE ( 'NONE', #3010, 0.2861149196957549767 ) ;
#11749 = VERTEX_POINT ( 'NONE', #11212 ) ;
#11750 = LINE ( 'NONE', #4357, #10048 ) ;
#11751 = ORIENTED_EDGE ( 'NONE', *, *, #4640, .T. ) ;
#11752 = VERTEX_POINT ( 'NONE', #9300 ) ;
#11753 = LINE ( 'NONE', #8241, #7426 ) ;
#11754 = ORIENTED_EDGE ( 'NONE', *, *, #11657, .F. ) ;
#11755 = ORIENTED_EDGE ( 'NONE', *, *, #5128, .T. ) ;
#11756 = EDGE_CURVE ( 'NONE', #8349, #6297, #6743, .T. ) ;
#11757 = FILL_AREA_STYLE_COLOUR ( '', #7453 ) ;
#11758 = PLANE ( 'NONE',  #6256 ) ;
#11759 = CARTESIAN_POINT ( 'NONE',  ( -3.020000000000000018, -0.1918287497687165000, 2.577280903468829099 ) ) ;
#11760 = CARTESIAN_POINT ( 'NONE',  ( -2.060000000000000497, -0.4532685607873793709, -2.870861070673344617 ) ) ;
#11761 = AXIS2_PLACEMENT_3D ( 'NONE', #5171, #2734, #2368 ) ;
#11762 = ORIENTED_EDGE ( 'NONE', *, *, #8495, .F. ) ;
#11763 = CARTESIAN_POINT ( 'NONE',  ( -0.7900000000000003686, -0.1834862943212428044, -2.747157848089624821 ) ) ;
#11764 = CARTESIAN_POINT ( 'NONE',  ( 2.984999999999998987, -0.1970818674976607121, 2.577702366059667405 ) ) ;
#11765 = ORIENTED_EDGE ( 'NONE', *, *, #7556, .T. ) ;
#11766 = FACE_OUTER_BOUND ( 'NONE', #3977, .T. ) ;
#11767 = VERTEX_POINT ( 'NONE', #8524 ) ;
#11768 = DIRECTION ( 'NONE',  ( 1.000000000000000000, 0.000000000000000000, -0.000000000000000000 ) ) ;
#11769 = AXIS2_PLACEMENT_3D ( 'NONE', #2560, #10421, #4145 ) ;
#11770 = DIRECTION ( 'NONE',  ( 1.000000000000000000, 0.000000000000000000, 0.000000000000000000 ) ) ;
#11771 = LINE ( 'NONE', #2756, #11181 ) ;
#11772 = LINE ( 'NONE', #9159, #5911 ) ;
#11773 = EDGE_CURVE ( 'NONE', #8314, #10851, #4769, .T. ) ;
#11774 = LINE ( 'NONE', #3484, #8691 ) ;
#11775 = AXIS2_PLACEMENT_3D ( 'NONE', #10790, #6190, #2593 ) ;
#11776 = CARTESIAN_POINT ( 'NONE',  ( 0.7899999999999999245, 0.000000000000000000, 3.000000000000000000 ) ) ;
#11777 = ORIENTED_EDGE ( 'NONE', *, *, #2701, .T. ) ;
#11778 = ORIENTED_EDGE ( 'NONE', *, *, #814, .F. ) ;
#11779 = EDGE_LOOP ( 'NONE', ( #9362, #7262, #884, #9826 ) ) ;
#11780 = EDGE_LOOP ( 'NONE', ( #6326, #8769, #2736, #9823, #4721, #7389, #11724, #6068 ) ) ;
#11781 = VECTOR ( 'NONE', #1745, 1000.000000000000000 ) ;
#11782 = VECTOR ( 'NONE', #3729, 1000.000000000000000 ) ;
#11783 = DIRECTION ( 'NONE',  ( 1.000000000000000000, 0.000000000000000000, 0.000000000000000000 ) ) ;
#11784 = VECTOR ( 'NONE', #5236, 999.9999999999998863 ) ;
#11785 = CARTESIAN_POINT ( 'NONE',  ( -0.4800000000000003708, -0.1970818674976518581, -2.577702366059666961 ) ) ;
#11786 = VECTOR ( 'NONE', #3891, 1000.000000000000000 ) ;
#11787 = SURFACE_SIDE_STYLE ('',( #3546 ) ) ;
#11788 = ADVANCED_FACE ( 'NONE', ( #1954 ), #3875, .T. ) ;
#11789 = VECTOR ( 'NONE', #10908, 1000.000000000000000 ) ;
#11790 = PRESENTATION_LAYER_ASSIGNMENT (  '', '', ( #1516 ) ) ;
#11791 = FACE_OUTER_BOUND ( 'NONE', #9626, .T. ) ;
#11792 = DIRECTION ( 'NONE',  ( 1.000000000000000000, -0.000000000000000000, 0.000000000000000000 ) ) ;
#11793 = VERTEX_POINT ( 'NONE', #10394 ) ;
#11794 = ORIENTED_EDGE ( 'NONE', *, *, #7085, .F. ) ;
#11795 = ORIENTED_EDGE ( 'NONE', *, *, #5817, .F. ) ;
#11796 = VECTOR ( 'NONE', #4243, 1000.000000000000114 ) ;
#11797 = EDGE_LOOP ( 'NONE', ( #10772, #4810, #2321, #2941 ) ) ;
#11798 = EDGE_CURVE ( 'NONE', #2424, #6, #1052, .T. ) ;
#11799 = DIRECTION ( 'NONE',  ( 0.000000000000000000, 0.000000000000000000, -1.000000000000000000 ) ) ;
#11800 = AXIS2_PLACEMENT_3D ( 'NONE', #5582, #9221, #4495 ) ;
#11801 = CARTESIAN_POINT ( 'NONE',  ( -4.195702540368398736, 0.6149999999999999911, 0.4999999999999995559 ) ) ;
#11802 = VECTOR ( 'NONE', #11225, 1000.000000000000000 ) ;
#11803 = VECTOR ( 'NONE', #3127, 1000.000000000000000 ) ;
#11804 = CARTESIAN_POINT ( 'NONE',  ( 4.289999999999999147, 0.2178238306527182089, 2.714960358193412304 ) ) ;
#11805 = EDGE_CURVE ( 'NONE', #1148, #7857, #3597, .T. ) ;
#11806 = CARTESIAN_POINT ( 'NONE',  ( 3.019999999999999574, 0.000000000000000000, 0.000000000000000000 ) ) ;
#11807 = EDGE_CURVE ( 'NONE', #9178, #4706, #1485, .T. ) ;
#11808 = CARTESIAN_POINT ( 'NONE',  ( 0.8149999999999997247, -0.4462811057769996981, -2.597695856024973882 ) ) ;
#11809 = ORIENTED_EDGE ( 'NONE', *, *, #4354, .F. ) ;
#11810 = AXIS2_PLACEMENT_3D ( 'NONE', #1973, #1264, #9397 ) ;
#11811 = LINE ( 'NONE', #4525, #9296 ) ;
#11812 = VECTOR ( 'NONE', #9712, 1000.000000000000114 ) ;
#11813 = COLOUR_RGB ( '',0.2509803921568627416, 0.2509803921568627416, 0.2509803921568627416 ) ;
#11814 = ORIENTED_EDGE ( 'NONE', *, *, #8103, .F. ) ;
#11815 = ORIENTED_EDGE ( 'NONE', *, *, #9899, .F. ) ;
#11816 = LINE ( 'NONE', #6906, #1483 ) ;
#11817 = DIRECTION ( 'NONE',  ( 0.000000000000000000, -0.9967969531173912490, 0.07997395986122736444 ) ) ;
#11818 = VERTEX_POINT ( 'NONE', #6073 ) ;
#11819 = ORIENTED_EDGE ( 'NONE', *, *, #8081, .F. ) ;
#11820 = DIRECTION ( 'NONE',  ( 0.000000000000000000, -0.9967969531173912490, -0.07997395986122909917 ) ) ;
#11821 = CARTESIAN_POINT ( 'NONE',  ( 2.059999999999999609, -0.1918287497687165000, -2.577280903468829099 ) ) ;
#11822 = CARTESIAN_POINT ( 'NONE',  ( -0.4800000000000003708, -0.5550000000000000488, -3.000000000000000000 ) ) ;
ENDSEC;
END-ISO-10303-21;
