ISO-10303-21;
HEADER;
FILE_DESCRIPTION (( 'STEP AP214' ),
    '1' );
FILE_NAME ('SI7617DN-T1-GE3.STEP',
    '2022-03-15T04:21:27',
    ( '' ),
    ( '' ),
    'SwSTEP 2.0',
    'SolidWorks 2018',
    '' );
FILE_SCHEMA (( 'AUTOMOTIVE_DESIGN' ));
ENDSEC;

DATA;
#1 = MANIFOLD_SOLID_BREP ( 'Boss-Extrude3[2]', #3110 ) ;
#2 = CARTESIAN_POINT ( 'NONE',  ( -1.355080376768302397, 0.9504528463267654104, -1.454532566305128949 ) ) ;
#3 = LINE ( 'NONE', #3276, #2764 ) ;
#4 = AXIS2_PLACEMENT_3D ( 'NONE', #5170, #720, #3615 ) ;
#5 = DIRECTION ( 'NONE',  ( -0.000000000000000000, 1.000000000000000000, -0.000000000000000000 ) ) ;
#6 = VERTEX_POINT ( 'NONE', #3072 ) ;
#7 = LINE ( 'NONE', #398, #5628 ) ;
#8 = CARTESIAN_POINT ( 'NONE',  ( -1.525000000000000577, 0.2800000000000000266, -1.129999999999999893 ) ) ;
#9 = ORIENTED_EDGE ( 'NONE', *, *, #2778, .F. ) ;
#10 = SURFACE_SIDE_STYLE ('',( #3988 ) ) ;
#11 = VERTEX_POINT ( 'NONE', #3047 ) ;
#12 = LINE ( 'NONE', #1181, #2465 ) ;
#13 = PRESENTATION_LAYER_ASSIGNMENT (  '', '', ( #3106 ) ) ;
#14 = PLANE ( 'NONE',  #655 ) ;
#15 = FILL_AREA_STYLE_COLOUR ( '', #3444 ) ;
#16 = SURFACE_SIDE_STYLE ('',( #6063 ) ) ;
#17 = LINE ( 'NONE', #5031, #2162 ) ;
#18 = LINE ( 'NONE', #4017, #459 ) ;
#19 = CARTESIAN_POINT ( 'NONE',  ( -1.245000000000000773, 0.2800000000000000266, -0.1700000000000000677 ) ) ;
#20 = FACE_OUTER_BOUND ( 'NONE', #4590, .T. ) ;
#21 = CARTESIAN_POINT ( 'NONE',  ( 1.454532566305128949, 0.9504528463267654104, 1.355080376768301509 ) ) ;
#22 =( NAMED_UNIT ( * ) PLANE_ANGLE_UNIT ( ) SI_UNIT ( $, .RADIAN. ) );
#23 = AXIS2_PLACEMENT_3D ( 'NONE', #1515, #4968, #2949 ) ;
#24 = CARTESIAN_POINT ( 'NONE',  ( 0.2927192558403129974, 0.2800000000000000266, -1.650000000000000133 ) ) ;
#25 = UNCERTAINTY_MEASURE_WITH_UNIT (LENGTH_MEASURE( 1.000000000000000082E-05 ), #1225, 'distance_accuracy_value', 'NONE');
#26 = ORIENTED_EDGE ( 'NONE', *, *, #2520, .T. ) ;
#27 = PRESENTATION_STYLE_ASSIGNMENT (( #4136 ) ) ;
#28 = DIRECTION ( 'NONE',  ( -1.764980280790355881E-15, 0.000000000000000000, -1.000000000000000000 ) ) ;
#29 = FILL_AREA_STYLE ('',( #2410 ) ) ;
#30 = ORIENTED_EDGE ( 'NONE', *, *, #3497, .T. ) ;
#31 = PRESENTATION_LAYER_ASSIGNMENT (  '', '', ( #1006 ) ) ;
#32 = CARTESIAN_POINT ( 'NONE',  ( -1.245000000000000773, -0.05000000000000000278, 0.8199999999999998401 ) ) ;
#33 = ORIENTED_EDGE ( 'NONE', *, *, #1078, .F. ) ;
#34 = CARTESIAN_POINT ( 'NONE',  ( 0.2927192558403129974, 0.2800000000000000266, -1.382434901537152649 ) ) ;
#35 = EDGE_CURVE ( 'NONE', #960, #1229, #4356, .T. ) ;
#36 = EDGE_CURVE ( 'NONE', #2414, #5485, #4589, .T. ) ;
#37 = ORIENTED_EDGE ( 'NONE', *, *, #3803, .T. ) ;
#38 = CARTESIAN_POINT ( 'NONE',  ( 0.09728074415968637756, -0.05000000000000000278, -1.382434901537152649 ) ) ;
#39 = CARTESIAN_POINT ( 'NONE',  ( 1.644999999999998908, -0.05000000000000000278, 0.1800000000000000488 ) ) ;
#40 = MECHANICAL_DESIGN_GEOMETRIC_PRESENTATION_REPRESENTATION (  '', ( #154 ), #811 ) ;
#41 = DIRECTION ( 'NONE',  ( -1.000000000000000000, 0.000000000000000000, 2.132856732758369851E-16 ) ) ;
#42 = VERTEX_POINT ( 'NONE', #5042 ) ;
#43 =( NAMED_UNIT ( * ) SI_UNIT ( $, .STERADIAN. ) SOLID_ANGLE_UNIT ( ) );
#44 = SURFACE_STYLE_USAGE ( .BOTH. , #3448 ) ;
#45 = ORIENTED_EDGE ( 'NONE', *, *, #2794, .T. ) ;
#46 = DIRECTION ( 'NONE',  ( -1.000000000000000000, 0.000000000000000000, 2.132856732758369851E-16 ) ) ;
#47 = STYLED_ITEM ( 'NONE', ( #4461 ), #3259 ) ;
#48 =( NAMED_UNIT ( * ) SI_UNIT ( $, .STERADIAN. ) SOLID_ANGLE_UNIT ( ) );
#49 =( BOUNDED_CURVE ( )  B_SPLINE_CURVE ( 3, ( #2346, #1758, #924, #6348 ),
 .UNSPECIFIED., .F., .F. ) 
 B_SPLINE_CURVE_WITH_KNOTS ( ( 4, 4 ),
 ( 0.000000000000000000, 0.005463208521538306245 ),
 .UNSPECIFIED. ) 
 CURVE ( )  GEOMETRIC_REPRESENTATION_ITEM ( )  RATIONAL_B_SPLINE_CURVE ( ( 1.000000000000000000, 0.9999975127809339615, 0.9999975127809339615, 1.000000000000000000 ) ) 
 REPRESENTATION_ITEM ( '' )  );
#50 = CARTESIAN_POINT ( 'NONE',  ( -1.525000000000000133, 0.2800000000000000266, 1.524999999999999911 ) ) ;
#51 = VECTOR ( 'NONE', #3549, 1000.000000000000000 ) ;
#52 = FILL_AREA_STYLE ('',( #4000 ) ) ;
#53 = FILL_AREA_STYLE ('',( #1980 ) ) ;
#54 = ORIENTED_EDGE ( 'NONE', *, *, #5683, .F. ) ;
#55 = LINE ( 'NONE', #6367, #1966 ) ;
#56 = ORIENTED_EDGE ( 'NONE', *, *, #5112, .F. ) ;
#57 = FILL_AREA_STYLE_COLOUR ( '', #4910 ) ;
#58 = MECHANICAL_DESIGN_GEOMETRIC_PRESENTATION_REPRESENTATION (  '', ( #3800 ), #4716 ) ;
#59 = SURFACE_STYLE_FILL_AREA ( #6365 ) ;
#60 = ORIENTED_EDGE ( 'NONE', *, *, #929, .T. ) ;
#61 = EDGE_CURVE ( 'NONE', #6071, #6204, #6207, .T. ) ;
#62 = LINE ( 'NONE', #5216, #2432 ) ;
#63 = ORIENTED_EDGE ( 'NONE', *, *, #3540, .F. ) ;
#64 =( NAMED_UNIT ( * ) SI_UNIT ( $, .STERADIAN. ) SOLID_ANGLE_UNIT ( ) );
#65 = LINE ( 'NONE', #1601, #507 ) ;
#66 = CARTESIAN_POINT ( 'NONE',  ( -1.525000000000000577, 0.2800000000000000266, -1.524999999999999911 ) ) ;
#67 = UNCERTAINTY_MEASURE_WITH_UNIT (LENGTH_MEASURE( 1.000000000000000082E-05 ), #4918, 'distance_accuracy_value', 'NONE');
#68 = CARTESIAN_POINT ( 'NONE',  ( -1.525000000000000577, 0.000000000000000000, -0.1700000000000000955 ) ) ;
#69 = LINE ( 'NONE', #667, #2366 ) ;
#70 =( NAMED_UNIT ( * ) SI_UNIT ( $, .STERADIAN. ) SOLID_ANGLE_UNIT ( ) );
#71 = AXIS2_PLACEMENT_3D ( 'NONE', #2393, #5860, #3401 ) ;
#72 = VECTOR ( 'NONE', #5587, 1000.000000000000114 ) ;
#73 = CARTESIAN_POINT ( 'NONE',  ( 0.3549999999999997602, -0.05000000000000000278, 1.149999999999999911 ) ) ;
#74 = DIRECTION ( 'NONE',  ( -0.000000000000000000, -0.000000000000000000, 1.000000000000000000 ) ) ;
#75 = CIRCLE ( 'NONE', #2942, 0.09999999999999996392 ) ;
#76 = EDGE_CURVE ( 'NONE', #5601, #5915, #1023, .T. ) ;
#77 = EDGE_CURVE ( 'NONE', #6296, #4675, #4981, .T. ) ;
#78 = COLOUR_RGB ( '',1.000000000000000000, 1.000000000000000000, 1.000000000000000000 ) ;
#79 = SURFACE_STYLE_USAGE ( .BOTH. , #1551 ) ;
#80 = CARTESIAN_POINT ( 'NONE',  ( 0.3549999999999997602, -0.05000000000000000278, -1.149999999999999911 ) ) ;
#81 = PRESENTATION_STYLE_ASSIGNMENT (( #1296 ) ) ;
#82 = LINE ( 'NONE', #2815, #5865 ) ;
#83 = VERTEX_POINT ( 'NONE', #3481 ) ;
#84 = PRESENTATION_LAYER_ASSIGNMENT (  '', '', ( #6134 ) ) ;
#85 = DIRECTION ( 'NONE',  ( 1.421904488505579654E-16, 0.000000000000000000, 1.000000000000000000 ) ) ;
#86 = ORIENTED_EDGE ( 'NONE', *, *, #2153, .F. ) ;
#87 = ADVANCED_FACE ( 'NONE', ( #2348 ), #5674, .T. ) ;
#88 = DIRECTION ( 'NONE',  ( 2.132856732758369851E-16, 0.000000000000000000, 1.000000000000000000 ) ) ;
#89 = PRESENTATION_LAYER_ASSIGNMENT (  '', '', ( #5910 ) ) ;
#90 = ORIENTED_EDGE ( 'NONE', *, *, #1171, .T. ) ;
#91 = MECHANICAL_DESIGN_GEOMETRIC_PRESENTATION_REPRESENTATION (  '', ( #4837 ), #3312 ) ;
#92 = CARTESIAN_POINT ( 'NONE',  ( 0.09728074415968514244, -0.05000000000000000278, 1.382434901537152427 ) ) ;
#93 = SURFACE_STYLE_FILL_AREA ( #6292 ) ;
#94 = SURFACE_STYLE_FILL_AREA ( #5409 ) ;
#95 = DIRECTION ( 'NONE',  ( -0.1039620511844980832, 0.9891328443778537594, 0.1039620511844983053 ) ) ;
#96 = LINE ( 'NONE', #1435, #1154 ) ;
#97 = CARTESIAN_POINT ( 'NONE',  ( 1.524998507671343484, 0.2800141985587187854, -1.425546318134516488 ) ) ;
#98 = DIRECTION ( 'NONE',  ( 0.000000000000000000, 0.000000000000000000, -1.000000000000000000 ) ) ;
#99 = EDGE_CURVE ( 'NONE', #2154, #1735, #5985, .T. ) ;
#100 = VECTOR ( 'NONE', #2496, 1000.000000000000000 ) ;
#101 = COLOUR_RGB ( '',0.000000000000000000, 0.000000000000000000, 0.000000000000000000 ) ;
#102 = DIRECTION ( 'NONE',  ( 0.000000000000000000, 1.000000000000000000, 0.000000000000000000 ) ) ;
#103 = UNCERTAINTY_MEASURE_WITH_UNIT (LENGTH_MEASURE( 1.000000000000000082E-05 ), #3795, 'distance_accuracy_value', 'NONE');
#104 = ORIENTED_EDGE ( 'NONE', *, *, #4209, .F. ) ;
#105 = CARTESIAN_POINT ( 'NONE',  ( 1.214999999999999192, -0.05000000000000000278, 0.4800000000000001488 ) ) ;
#106 = ORIENTED_EDGE ( 'NONE', *, *, #4163, .F. ) ;
#107 = DIRECTION ( 'NONE',  ( -0.000000000000000000, 1.000000000000000000, -0.000000000000000000 ) ) ;
#108 = UNCERTAINTY_MEASURE_WITH_UNIT (LENGTH_MEASURE( 1.000000000000000082E-05 ), #4646, 'distance_accuracy_value', 'NONE');
#109 = UNCERTAINTY_MEASURE_WITH_UNIT (LENGTH_MEASURE( 1.000000000000000082E-05 ), #3516, 'distance_accuracy_value', 'NONE');
#110 = CARTESIAN_POINT ( 'NONE',  ( 0.09728074415968637756, 0.2800000000000000266, -1.382434901537152649 ) ) ;
#111 = DIRECTION ( 'NONE',  ( -0.1039620511844979167, -0.9891328443778537594, -0.1039620511844979167 ) ) ;
#112 = DIRECTION ( 'NONE',  ( -0.000000000000000000, -1.000000000000000000, -0.000000000000000000 ) ) ;
#113 = STYLED_ITEM ( 'NONE', ( #2387 ), #1627 ) ;
#114 = DIRECTION ( 'NONE',  ( 1.000000000000000000, 0.000000000000000000, -6.610988856618929416E-17 ) ) ;
#115 = FILL_AREA_STYLE_COLOUR ( '', #78 ) ;
#116 = DIRECTION ( 'NONE',  ( -1.000000000000000000, 0.000000000000000000, 2.168404344971007685E-15 ) ) ;
#117 = ORIENTED_EDGE ( 'NONE', *, *, #6082, .F. ) ;
#118 =( GEOMETRIC_REPRESENTATION_CONTEXT ( 3 ) GLOBAL_UNCERTAINTY_ASSIGNED_CONTEXT ( ( #5318 ) ) GLOBAL_UNIT_ASSIGNED_CONTEXT ( ( #1129, #4034, #1612 ) ) REPRESENTATION_CONTEXT ( 'NONE', 'WORKASPACE' ) );
#119 = VERTEX_POINT ( 'NONE', #6031 ) ;
#120 = SURFACE_STYLE_FILL_AREA ( #2549 ) ;
#121 = ORIENTED_EDGE ( 'NONE', *, *, #137, .T. ) ;
#122 = SURFACE_SIDE_STYLE ('',( #5769 ) ) ;
#123 = DIRECTION ( 'NONE',  ( -0.000000000000000000, -1.000000000000000000, -0.000000000000000000 ) ) ;
#124 = COLOUR_RGB ( '',1.000000000000000000, 1.000000000000000000, 1.000000000000000000 ) ;
#125 = FILL_AREA_STYLE_COLOUR ( '', #2773 ) ;
#126 =( GEOMETRIC_REPRESENTATION_CONTEXT ( 3 ) GLOBAL_UNCERTAINTY_ASSIGNED_CONTEXT ( ( #179 ) ) GLOBAL_UNIT_ASSIGNED_CONTEXT ( ( #4723, #5720, #1312 ) ) REPRESENTATION_CONTEXT ( 'NONE', 'WORKASPACE' ) );
#127 = ORIENTED_EDGE ( 'NONE', *, *, #803, .F. ) ;
#128 = VERTEX_POINT ( 'NONE', #1618 ) ;
#129 = CARTESIAN_POINT ( 'NONE',  ( -1.655000000000000471, -0.05000000000000000278, 0.4799999999999999267 ) ) ;
#130 = CARTESIAN_POINT ( 'NONE',  ( -1.245000000000000773, 0.2800000000000000266, 0.4799999999999999822 ) ) ;
#131 = CARTESIAN_POINT ( 'NONE',  ( 1.524999999999999689, 0.2800000000000000266, 0.1800000000000000488 ) ) ;
#132 = ORIENTED_EDGE ( 'NONE', *, *, #4041, .T. ) ;
#133 = ORIENTED_EDGE ( 'NONE', *, *, #1591, .T. ) ;
#134 = FILL_AREA_STYLE_COLOUR ( '', #1130 ) ;
#135 = STYLED_ITEM ( 'NONE', ( #1899 ), #5264 ) ;
#136 = SURFACE_STYLE_FILL_AREA ( #5733 ) ;
#137 = EDGE_CURVE ( 'NONE', #790, #4696, #4658, .T. ) ;
#138 = CARTESIAN_POINT ( 'NONE',  ( -1.245000000000000773, -0.000000000000000000, -1.054999999999999938 ) ) ;
#139 = CYLINDRICAL_SURFACE ( 'NONE', #3151, 0.1000000000000000472 ) ;
#140 = ADVANCED_FACE ( 'NONE', ( #3053 ), #4059, .F. ) ;
#141 = PRESENTATION_STYLE_ASSIGNMENT (( #605 ) ) ;
#142 = DIRECTION ( 'NONE',  ( -0.000000000000000000, 1.000000000000000000, -0.000000000000000000 ) ) ;
#143 = PRESENTATION_LAYER_ASSIGNMENT (  '', '', ( #4218 ) ) ;
#144 = VECTOR ( 'NONE', #950, 1000.000000000000000 ) ;
#145 = CARTESIAN_POINT ( 'NONE',  ( 1.524999999999999245, 0.2800000000000000266, -1.524999999999999911 ) ) ;
#146 = VECTOR ( 'NONE', #416, 1000.000000000000000 ) ;
#147 = SURFACE_STYLE_USAGE ( .BOTH. , #1589 ) ;
#148 = EDGE_CURVE ( 'NONE', #1326, #257, #5455, .T. ) ;
#149 = EDGE_CURVE ( 'NONE', #5755, #4750, #5600, .T. ) ;
#150 = VECTOR ( 'NONE', #332, 1000.000000000000000 ) ;
#151 = VECTOR ( 'NONE', #6295, 1000.000000000000000 ) ;
#152 = ORIENTED_EDGE ( 'NONE', *, *, #342, .F. ) ;
#153 = FILL_AREA_STYLE ('',( #5079 ) ) ;
#154 = STYLED_ITEM ( 'NONE', ( #3311 ), #1852 ) ;
#155 = ORIENTED_EDGE ( 'NONE', *, *, #5932, .T. ) ;
#156 = CARTESIAN_POINT ( 'NONE',  ( 1.214999999999999192, -0.05000000000000000278, -0.4699999999999996958 ) ) ;
#157 = ADVANCED_FACE ( 'NONE', ( #964 ), #2055, .F. ) ;
#158 = DIRECTION ( 'NONE',  ( -2.026053059076482065E-16, 0.000000000000000000, -1.000000000000000000 ) ) ;
#159 = SURFACE_STYLE_FILL_AREA ( #1523 ) ;
#160 = SURFACE_STYLE_FILL_AREA ( #5058 ) ;
#161 = LINE ( 'NONE', #1161, #5639 ) ;
#162 = VECTOR ( 'NONE', #6279, 1000.000000000000000 ) ;
#163 =( NAMED_UNIT ( * ) SI_UNIT ( $, .STERADIAN. ) SOLID_ANGLE_UNIT ( ) );
#164 = PRESENTATION_LAYER_ASSIGNMENT (  '', '', ( #4001 ) ) ;
#165 = CARTESIAN_POINT ( 'NONE',  ( 0.09728074415968530897, -0.05000000000000000278, 1.649999999999999911 ) ) ;
#166 = DIRECTION ( 'NONE',  ( 0.000000000000000000, 0.000000000000000000, -1.000000000000000000 ) ) ;
#167 = ORIENTED_EDGE ( 'NONE', *, *, #3001, .T. ) ;
#168 = ADVANCED_FACE ( 'NONE', ( #3203 ), #566, .F. ) ;
#169 = PRESENTATION_LAYER_ASSIGNMENT (  '', '', ( #5353 ) ) ;
#170 = EDGE_CURVE ( 'NONE', #1659, #6296, #3959, .T. ) ;
#171 = EDGE_LOOP ( 'NONE', ( #6276, #2365, #4844, #4983 ) ) ;
#172 = PRESENTATION_STYLE_ASSIGNMENT (( #829 ) ) ;
#173 = DIRECTION ( 'NONE',  ( -0.000000000000000000, -1.000000000000000000, -0.000000000000000000 ) ) ;
#174 = SURFACE_SIDE_STYLE ('',( #4287 ) ) ;
#175 = ORIENTED_EDGE ( 'NONE', *, *, #3289, .T. ) ;
#176 = CARTESIAN_POINT ( 'NONE',  ( 1.644999999999999352, 0.2800000000000000266, 0.4799999999999999822 ) ) ;
#177 =( GEOMETRIC_REPRESENTATION_CONTEXT ( 3 ) GLOBAL_UNCERTAINTY_ASSIGNED_CONTEXT ( ( #3010 ) ) GLOBAL_UNIT_ASSIGNED_CONTEXT ( ( #5790, #4816, #6277 ) ) REPRESENTATION_CONTEXT ( 'NONE', 'WORKASPACE' ) );
#178 = VERTEX_POINT ( 'NONE', #4996 ) ;
#179 = UNCERTAINTY_MEASURE_WITH_UNIT (LENGTH_MEASURE( 1.000000000000000082E-05 ), #4723, 'distance_accuracy_value', 'NONE');
#180 = DIRECTION ( 'NONE',  ( -1.421904488505579654E-16, 0.000000000000000000, -1.000000000000000000 ) ) ;
#181 = EDGE_CURVE ( 'NONE', #1043, #5048, #2578, .T. ) ;
#182 = ADVANCED_FACE ( 'NONE', ( #1962 ), #6007, .F. ) ;
#183 = EDGE_CURVE ( 'NONE', #5023, #4051, #4038, .T. ) ;
#184 = SURFACE_STYLE_USAGE ( .BOTH. , #3082 ) ;
#185 = CARTESIAN_POINT ( 'NONE',  ( -1.655000000000000693, 0.2800000000000000266, 0.8199999999999998401 ) ) ;
#186 = ORIENTED_EDGE ( 'NONE', *, *, #2573, .T. ) ;
#187 = ORIENTED_EDGE ( 'NONE', *, *, #1054, .F. ) ;
#188 = PRESENTATION_LAYER_ASSIGNMENT (  '', '', ( #5153 ) ) ;
#189 = DIRECTION ( 'NONE',  ( -0.000000000000000000, -1.000000000000000000, -0.000000000000000000 ) ) ;
#190 = CARTESIAN_POINT ( 'NONE',  ( -1.245000000000000551, 0.2800000000000000266, -1.129999999999999893 ) ) ;
#191 = SURFACE_STYLE_FILL_AREA ( #153 ) ;
#192 = ORIENTED_EDGE ( 'NONE', *, *, #3880, .F. ) ;
#193 = ORIENTED_EDGE ( 'NONE', *, *, #2116, .F. ) ;
#194 = ORIENTED_EDGE ( 'NONE', *, *, #6030, .F. ) ;
#195 = STYLED_ITEM ( 'NONE', ( #2551 ), #2343 ) ;
#196 = COLOUR_RGB ( '',0.000000000000000000, 0.000000000000000000, 0.000000000000000000 ) ;
#197 = ORIENTED_EDGE ( 'NONE', *, *, #4817, .T. ) ;
#198 = STYLED_ITEM ( 'NONE', ( #6066 ), #5825 ) ;
#199 = ORIENTED_EDGE ( 'NONE', *, *, #6152, .F. ) ;
#200 = SURFACE_STYLE_FILL_AREA ( #3485 ) ;
#201 =( NAMED_UNIT ( * ) PLANE_ANGLE_UNIT ( ) SI_UNIT ( $, .RADIAN. ) );
#202 = SURFACE_STYLE_FILL_AREA ( #5458 ) ;
#203 = STYLED_ITEM ( 'NONE', ( #3182 ), #796 ) ;
#204 = DIRECTION ( 'NONE',  ( -1.000000000000000000, 0.000000000000000000, 0.000000000000000000 ) ) ;
#205 = SURFACE_STYLE_FILL_AREA ( #1061 ) ;
#206 = SURFACE_STYLE_FILL_AREA ( #4342 ) ;
#207 = CARTESIAN_POINT ( 'NONE',  ( -1.245000000000000773, 0.2800000000000000266, 0.8199999999999998401 ) ) ;
#208 = ADVANCED_FACE ( 'NONE', ( #3656 ), #5562, .T. ) ;
#209 = COLOUR_RGB ( '',0.000000000000000000, 0.000000000000000000, 0.000000000000000000 ) ;
#210 = MECHANICAL_DESIGN_GEOMETRIC_PRESENTATION_REPRESENTATION (  '', ( #5398 ), #1658 ) ;
#211 = VECTOR ( 'NONE', #5684, 1000.000000000000000 ) ;
#212 = DIRECTION ( 'NONE',  ( 1.000000000000000000, 0.000000000000000000, -6.610988856618929416E-17 ) ) ;
#213 = CLOSED_SHELL ( 'NONE', ( #5858, #6190, #5750, #5063, #3834, #862, #402, #4316, #4037, #4877, #5998, #2838, #1882, #3195, #6230, #6122, #4496, #1785, #4213, #2639, #559, #1274, #5685, #3759, #2378, #2702, #2157, #1607, #6335, #6364, #3297, #168, #2765, #2588 ) ) ;
#214 = LINE ( 'NONE', #4325, #1611 ) ;
#215 = COLOUR_RGB ( '',1.000000000000000000, 1.000000000000000000, 1.000000000000000000 ) ;
#216 = EDGE_LOOP ( 'NONE', ( #2821, #5464, #4492, #3526 ) ) ;
#217 = STYLED_ITEM ( 'NONE', ( #375 ), #4640 ) ;
#218 = CARTESIAN_POINT ( 'NONE',  ( 0.000000000000000000, 0.2800000000000000266, 0.000000000000000000 ) ) ;
#219 = STYLED_ITEM ( 'NONE', ( #4928 ), #1644 ) ;
#220 = LINE ( 'NONE', #3046, #850 ) ;
#221 = ORIENTED_EDGE ( 'NONE', *, *, #2703, .T. ) ;
#222 = CARTESIAN_POINT ( 'NONE',  ( -1.245000000000000773, 0.2800000000000000266, 1.054999999999999938 ) ) ;
#223 = EDGE_CURVE ( 'NONE', #5896, #5434, #5448, .T. ) ;
#224 = DIRECTION ( 'NONE',  ( -1.000000000000000000, 0.000000000000000000, -2.891205793294679805E-15 ) ) ;
#225 = VECTOR ( 'NONE', #2449, 1000.000000000000000 ) ;
#226 = VECTOR ( 'NONE', #4326, 1000.000000000000000 ) ;
#227 = DIRECTION ( 'NONE',  ( 0.000000000000000000, 0.000000000000000000, -1.000000000000000000 ) ) ;
#228 = SURFACE_STYLE_FILL_AREA ( #2789 ) ;
#229 = FACE_OUTER_BOUND ( 'NONE', #5580, .T. ) ;
#230 = PRESENTATION_LAYER_ASSIGNMENT (  '', '', ( #6179 ) ) ;
#231 = PLANE ( 'NONE',  #6101 ) ;
#232 =( LENGTH_UNIT ( ) NAMED_UNIT ( * ) SI_UNIT ( .MILLI., .METRE. ) );
#233 = SURFACE_STYLE_FILL_AREA ( #1929 ) ;
#234 = SURFACE_STYLE_USAGE ( .BOTH. , #2178 ) ;
#235 = FACE_OUTER_BOUND ( 'NONE', #6119, .T. ) ;
#236 = DIRECTION ( 'NONE',  ( -0.000000000000000000, -1.000000000000000000, -0.000000000000000000 ) ) ;
#237 = MECHANICAL_DESIGN_GEOMETRIC_PRESENTATION_REPRESENTATION (  '', ( #47 ), #4114 ) ;
#238 = SURFACE_STYLE_USAGE ( .BOTH. , #3202 ) ;
#239 = CARTESIAN_POINT ( 'NONE',  ( -1.245000000000000773, 0.000000000000000000, 1.054999999999999938 ) ) ;
#240 = ORIENTED_EDGE ( 'NONE', *, *, #3712, .T. ) ;
#241 = UNCERTAINTY_MEASURE_WITH_UNIT (LENGTH_MEASURE( 1.000000000000000082E-05 ), #3509, 'distance_accuracy_value', 'NONE');
#242 = STYLED_ITEM ( 'NONE', ( #1059 ), #6122 ) ;
#243 =( LENGTH_UNIT ( ) NAMED_UNIT ( * ) SI_UNIT ( .MILLI., .METRE. ) );
#244 = DIRECTION ( 'NONE',  ( 1.000000000000000000, 0.000000000000000000, 0.000000000000000000 ) ) ;
#245 =( LENGTH_UNIT ( ) NAMED_UNIT ( * ) SI_UNIT ( .MILLI., .METRE. ) );
#246 = LINE ( 'NONE', #5662, #3792 ) ;
#247 = ORIENTED_EDGE ( 'NONE', *, *, #3896, .T. ) ;
#248 = MECHANICAL_DESIGN_GEOMETRIC_PRESENTATION_REPRESENTATION (  '', ( #2565 ), #3569 ) ;
#249 = EDGE_CURVE ( 'NONE', #5867, #1145, #5527, .T. ) ;
#250 = SURFACE_SIDE_STYLE ('',( #3322 ) ) ;
#251 = CARTESIAN_POINT ( 'NONE',  ( 0.09728074415968514244, -0.05000000000000000278, 1.382434901537152427 ) ) ;
#252 = DIRECTION ( 'NONE',  ( -1.000000000000000000, 0.000000000000000000, -0.000000000000000000 ) ) ;
#253 = SURFACE_SIDE_STYLE ('',( #1230 ) ) ;
#254 = ORIENTED_EDGE ( 'NONE', *, *, #6258, .T. ) ;
#255 =( LENGTH_UNIT ( ) NAMED_UNIT ( * ) SI_UNIT ( .MILLI., .METRE. ) );
#256 = EDGE_CURVE ( 'NONE', #2196, #3052, #5754, .T. ) ;
#257 = VERTEX_POINT ( 'NONE', #654 ) ;
#258 = EDGE_CURVE ( 'NONE', #878, #1192, #5288, .T. ) ;
#259 = DIRECTION ( 'NONE',  ( -2.525088288725319983E-15, -0.000000000000000000, -1.000000000000000000 ) ) ;
#260 = EDGE_LOOP ( 'NONE', ( #876, #5295, #3217, #1911 ) ) ;
#261 =( NAMED_UNIT ( * ) PLANE_ANGLE_UNIT ( ) SI_UNIT ( $, .RADIAN. ) );
#262 = FILL_AREA_STYLE_COLOUR ( '', #4842 ) ;
#263 =( GEOMETRIC_REPRESENTATION_CONTEXT ( 3 ) GLOBAL_UNCERTAINTY_ASSIGNED_CONTEXT ( ( #3501 ) ) GLOBAL_UNIT_ASSIGNED_CONTEXT ( ( #352, #894, #4321 ) ) REPRESENTATION_CONTEXT ( 'NONE', 'WORKASPACE' ) );
#264 = EDGE_LOOP ( 'NONE', ( #1200, #911, #4069, #584 ) ) ;
#265 = DIRECTION ( 'NONE',  ( -1.000000000000000000, 0.000000000000000000, -0.000000000000000000 ) ) ;
#266 = LINE ( 'NONE', #6131, #4357 ) ;
#267 = FILL_AREA_STYLE ('',( #4541 ) ) ;
#268 = VERTEX_POINT ( 'NONE', #3125 ) ;
#269 = CARTESIAN_POINT ( 'NONE',  ( -0.000000000000000000, 0.000000000000000000, 0.8299999999999997380 ) ) ;
#270 = COLOUR_RGB ( '',0.000000000000000000, 0.000000000000000000, 0.000000000000000000 ) ;
#271 = ORIENTED_EDGE ( 'NONE', *, *, #2359, .F. ) ;
#272 = SURFACE_STYLE_USAGE ( .BOTH. , #253 ) ;
#273 =( GEOMETRIC_REPRESENTATION_CONTEXT ( 3 ) GLOBAL_UNCERTAINTY_ASSIGNED_CONTEXT ( ( #370 ) ) GLOBAL_UNIT_ASSIGNED_CONTEXT ( ( #6288, #369, #392 ) ) REPRESENTATION_CONTEXT ( 'NONE', 'WORKASPACE' ) );
#274 = VERTEX_POINT ( 'NONE', #2143 ) ;
#275 = FACE_OUTER_BOUND ( 'NONE', #4914, .T. ) ;
#276 =( GEOMETRIC_REPRESENTATION_CONTEXT ( 3 ) GLOBAL_UNCERTAINTY_ASSIGNED_CONTEXT ( ( #2577 ) ) GLOBAL_UNIT_ASSIGNED_CONTEXT ( ( #1825, #4820, #5293 ) ) REPRESENTATION_CONTEXT ( 'NONE', 'WORKASPACE' ) );
#277 = CARTESIAN_POINT ( 'NONE',  ( 1.214999999999999192, 0.2800000000000000266, 0.000000000000000000 ) ) ;
#278 =( LENGTH_UNIT ( ) NAMED_UNIT ( * ) SI_UNIT ( .MILLI., .METRE. ) );
#279 =( BOUNDED_CURVE ( )  B_SPLINE_CURVE ( 3, ( #5374, #3467, #2403, #5924 ),
 .UNSPECIFIED., .F., .F. ) 
 B_SPLINE_CURVE_WITH_KNOTS ( ( 4, 4 ),
 ( 2.361657698713882869, 3.921527608465702919 ),
 .UNSPECIFIED. ) 
 CURVE ( )  GEOMETRIC_REPRESENTATION_ITEM ( )  RATIONAL_B_SPLINE_CURVE ( ( 1.000000000000000000, 0.8073061876036307094, 0.8073061876036307094, 1.000000000000000000 ) ) 
 REPRESENTATION_ITEM ( '' )  );
#280 = SURFACE_STYLE_USAGE ( .BOTH. , #1237 ) ;
#281 = PRESENTATION_LAYER_ASSIGNMENT (  '', '', ( #4373 ) ) ;
#282 = LINE ( 'NONE', #4731, #1826 ) ;
#283 = CARTESIAN_POINT ( 'NONE',  ( 1.644999999999999352, -0.05000000000000000278, -0.1700000000000003453 ) ) ;
#284 = EDGE_CURVE ( 'NONE', #1221, #2563, #2969, .T. ) ;
#285 = CARTESIAN_POINT ( 'NONE',  ( -1.655000000000000693, -0.05000000000000000278, 1.129999999999999893 ) ) ;
#286 =( NAMED_UNIT ( * ) PLANE_ANGLE_UNIT ( ) SI_UNIT ( $, .RADIAN. ) );
#287 = FACE_OUTER_BOUND ( 'NONE', #4273, .T. ) ;
#288 = LINE ( 'NONE', #1414, #4379 ) ;
#289 =( NAMED_UNIT ( * ) PLANE_ANGLE_UNIT ( ) SI_UNIT ( $, .RADIAN. ) );
#290 = FACE_OUTER_BOUND ( 'NONE', #2177, .T. ) ;
#291 = CARTESIAN_POINT ( 'NONE',  ( -1.245000000000000773, -0.05000000000000000278, 1.129999999999999893 ) ) ;
#292 =( BOUNDED_CURVE ( )  B_SPLINE_CURVE ( 3, ( #4657, #5185, #5252, #3799 ),
 .UNSPECIFIED., .F., .F. ) 
 B_SPLINE_CURVE_WITH_KNOTS ( ( 4, 4 ),
 ( 6.277722098658047756, 6.283185307179586232 ),
 .UNSPECIFIED. ) 
 CURVE ( )  GEOMETRIC_REPRESENTATION_ITEM ( )  RATIONAL_B_SPLINE_CURVE ( ( 1.000000000000000000, 0.9999975127809339615, 0.9999975127809339615, 1.000000000000000000 ) ) 
 REPRESENTATION_ITEM ( '' )  );
#293 = CARTESIAN_POINT ( 'NONE',  ( -1.525000000000000133, 0.000000000000000000, 1.424999999999999600 ) ) ;
#294 = VECTOR ( 'NONE', #1299, 1000.000000000000000 ) ;
#295 = CARTESIAN_POINT ( 'NONE',  ( 0.000000000000000000, 0.000000000000000000, 0.8199999999999998401 ) ) ;
#296 = DIRECTION ( 'NONE',  ( 0.000000000000000000, -1.000000000000000000, 0.000000000000000000 ) ) ;
#297 = VECTOR ( 'NONE', #1783, 1000.000000000000000 ) ;
#298 =( GEOMETRIC_REPRESENTATION_CONTEXT ( 3 ) GLOBAL_UNCERTAINTY_ASSIGNED_CONTEXT ( ( #5305 ) ) GLOBAL_UNIT_ASSIGNED_CONTEXT ( ( #4908, #432, #6308 ) ) REPRESENTATION_CONTEXT ( 'NONE', 'WORKASPACE' ) );
#299 = ORIENTED_EDGE ( 'NONE', *, *, #3860, .F. ) ;
#300 = LINE ( 'NONE', #5928, #225 ) ;
#301 = ORIENTED_EDGE ( 'NONE', *, *, #3165, .F. ) ;
#302 = CARTESIAN_POINT ( 'NONE',  ( -1.245000000000000773, 0.2800000000000000266, 1.054999999999999938 ) ) ;
#303 = VECTOR ( 'NONE', #6178, 1000.000000000000000 ) ;
#304 = SURFACE_SIDE_STYLE ('',( #1372 ) ) ;
#305 = ADVANCED_FACE ( 'NONE', ( #2423 ), #1148, .T. ) ;
#306 =( NAMED_UNIT ( * ) SI_UNIT ( $, .STERADIAN. ) SOLID_ANGLE_UNIT ( ) );
#307 = DIRECTION ( 'NONE',  ( 0.000000000000000000, 0.000000000000000000, -1.000000000000000000 ) ) ;
#308 = LINE ( 'NONE', #1375, #4792 ) ;
#309 =( GEOMETRIC_REPRESENTATION_CONTEXT ( 3 ) GLOBAL_UNCERTAINTY_ASSIGNED_CONTEXT ( ( #3363 ) ) GLOBAL_UNIT_ASSIGNED_CONTEXT ( ( #4097, #4604, #5116 ) ) REPRESENTATION_CONTEXT ( 'NONE', 'WORKASPACE' ) );
#310 = SURFACE_STYLE_USAGE ( .BOTH. , #6220 ) ;
#311 = VECTOR ( 'NONE', #4280, 1000.000000000000000 ) ;
#312 = DIRECTION ( 'NONE',  ( 1.260700200564539352E-16, 0.000000000000000000, -1.000000000000000000 ) ) ;
#313 = PRESENTATION_LAYER_ASSIGNMENT (  '', '', ( #6053 ) ) ;
#314 = VECTOR ( 'NONE', #1979, 1000.000000000000000 ) ;
#315 =( NAMED_UNIT ( * ) SI_UNIT ( $, .STERADIAN. ) SOLID_ANGLE_UNIT ( ) );
#316 = EDGE_LOOP ( 'NONE', ( #804, #155, #2425, #4418 ) ) ;
#317 = VECTOR ( 'NONE', #4090, 1000.000000000000000 ) ;
#318 = ORIENTED_EDGE ( 'NONE', *, *, #511, .T. ) ;
#319 = COLOUR_RGB ( '',1.000000000000000000, 1.000000000000000000, 1.000000000000000000 ) ;
#320 = ORIENTED_EDGE ( 'NONE', *, *, #256, .T. ) ;
#321 =( NAMED_UNIT ( * ) PLANE_ANGLE_UNIT ( ) SI_UNIT ( $, .RADIAN. ) );
#322 = MECHANICAL_DESIGN_GEOMETRIC_PRESENTATION_REPRESENTATION (  '', ( #2724 ), #3405 ) ;
#323 = CARTESIAN_POINT ( 'NONE',  ( 1.524999999999999467, 0.2800000000000000266, -3.252606517456512316E-16 ) ) ;
#324 = ORIENTED_EDGE ( 'NONE', *, *, #1369, .F. ) ;
#325 = ORIENTED_EDGE ( 'NONE', *, *, #4376, .F. ) ;
#326 =( LENGTH_UNIT ( ) NAMED_UNIT ( * ) SI_UNIT ( .MILLI., .METRE. ) );
#327 = AXIS2_PLACEMENT_3D ( 'NONE', #2924, #3366, #450 ) ;
#328 = SURFACE_SIDE_STYLE ('',( #5650 ) ) ;
#329 = SURFACE_STYLE_USAGE ( .BOTH. , #6254 ) ;
#330 = DIRECTION ( 'NONE',  ( -1.000000000000000000, 0.000000000000000000, 0.000000000000000000 ) ) ;
#331 = ORIENTED_EDGE ( 'NONE', *, *, #4259, .F. ) ;
#332 = DIRECTION ( 'NONE',  ( -0.000000000000000000, 1.000000000000000000, -0.000000000000000000 ) ) ;
#333 = ADVANCED_FACE ( 'NONE', ( #3197 ), #4577, .F. ) ;
#334 = VERTEX_POINT ( 'NONE', #3576 ) ;
#335 = CARTESIAN_POINT ( 'NONE',  ( 1.214999999999998970, 0.2800000000000000266, -0.8199999999999992850 ) ) ;
#336 = PRESENTATION_LAYER_ASSIGNMENT (  '', '', ( #4639 ) ) ;
#337 = CARTESIAN_POINT ( 'NONE',  ( 1.355080376768301731, 1.040000000000000036, 1.355080376768301509 ) ) ;
#338 = FILL_AREA_STYLE ('',( #4655 ) ) ;
#339 = ORIENTED_EDGE ( 'NONE', *, *, #1131, .F. ) ;
#340 = ORIENTED_EDGE ( 'NONE', *, *, #4223, .T. ) ;
#341 =( GEOMETRIC_REPRESENTATION_CONTEXT ( 3 ) GLOBAL_UNCERTAINTY_ASSIGNED_CONTEXT ( ( #574 ) ) GLOBAL_UNIT_ASSIGNED_CONTEXT ( ( #3189, #1746, #783 ) ) REPRESENTATION_CONTEXT ( 'NONE', 'WORKASPACE' ) );
#342 = EDGE_CURVE ( 'NONE', #5072, #1176, #3510, .T. ) ;
#343 = ORIENTED_EDGE ( 'NONE', *, *, #3289, .F. ) ;
#344 = CARTESIAN_POINT ( 'NONE',  ( 0.01499999999999937668, 0.2800000000000000266, -1.156304952865601310 ) ) ;
#345 = EDGE_CURVE ( 'NONE', #1098, #2882, #410, .T. ) ;
#346 = MANIFOLD_SOLID_BREP ( 'Boss-Extrude3[1]', #213 ) ;
#347 = PRESENTATION_STYLE_ASSIGNMENT (( #5029 ) ) ;
#348 =( NAMED_UNIT ( * ) PLANE_ANGLE_UNIT ( ) SI_UNIT ( $, .RADIAN. ) );
#349 = ORIENTED_EDGE ( 'NONE', *, *, #3290, .T. ) ;
#350 = VECTOR ( 'NONE', #3236, 1000.000000000000000 ) ;
#351 = ORIENTED_EDGE ( 'NONE', *, *, #4933, .T. ) ;
#352 =( LENGTH_UNIT ( ) NAMED_UNIT ( * ) SI_UNIT ( .MILLI., .METRE. ) );
#353 = MECHANICAL_DESIGN_GEOMETRIC_PRESENTATION_REPRESENTATION (  '', ( #2463 ), #263 ) ;
#354 = DIRECTION ( 'NONE',  ( -1.000000000000000000, -0.000000000000000000, 5.042800802258159378E-16 ) ) ;
#355 = FACE_OUTER_BOUND ( 'NONE', #4307, .T. ) ;
#356 =( NAMED_UNIT ( * ) SI_UNIT ( $, .STERADIAN. ) SOLID_ANGLE_UNIT ( ) );
#357 = CARTESIAN_POINT ( 'NONE',  ( -1.425000000000000488, 0.2800000000000000266, -1.524999999999999911 ) ) ;
#358 = FACE_OUTER_BOUND ( 'NONE', #2503, .T. ) ;
#359 = COLOUR_RGB ( '',0.000000000000000000, 0.000000000000000000, 0.000000000000000000 ) ;
#360 =( GEOMETRIC_REPRESENTATION_CONTEXT ( 3 ) GLOBAL_UNCERTAINTY_ASSIGNED_CONTEXT ( ( #4482 ) ) GLOBAL_UNIT_ASSIGNED_CONTEXT ( ( #982, #1931, #5891 ) ) REPRESENTATION_CONTEXT ( 'NONE', 'WORKASPACE' ) );
#361 = CIRCLE ( 'NONE', #2511, 0.1000000000000000472 ) ;
#362 = LINE ( 'NONE', #2973, #2453 ) ;
#363 = DIRECTION ( 'NONE',  ( -0.000000000000000000, 0.000000000000000000, 1.000000000000000000 ) ) ;
#364 = STYLED_ITEM ( 'NONE', ( #6218 ), #6190 ) ;
#365 = PRESENTATION_STYLE_ASSIGNMENT (( #3350 ) ) ;
#366 = ADVANCED_FACE ( 'NONE', ( #3944 ), #4732, .F. ) ;
#367 = FACE_OUTER_BOUND ( 'NONE', #3274, .T. ) ;
#368 = AXIS2_PLACEMENT_3D ( 'NONE', #4969, #496, #5021 ) ;
#369 =( NAMED_UNIT ( * ) PLANE_ANGLE_UNIT ( ) SI_UNIT ( $, .RADIAN. ) );
#370 = UNCERTAINTY_MEASURE_WITH_UNIT (LENGTH_MEASURE( 1.000000000000000082E-05 ), #6288, 'distance_accuracy_value', 'NONE');
#371 = ORIENTED_EDGE ( 'NONE', *, *, #5131, .F. ) ;
#372 = PRESENTATION_LAYER_ASSIGNMENT (  '', '', ( #135 ) ) ;
#373 = SURFACE_STYLE_FILL_AREA ( #5125 ) ;
#374 = EDGE_CURVE ( 'NONE', #6298, #3744, #1020, .T. ) ;
#375 = PRESENTATION_STYLE_ASSIGNMENT (( #5309 ) ) ;
#376 = UNCERTAINTY_MEASURE_WITH_UNIT (LENGTH_MEASURE( 1.000000000000000082E-05 ), #2515, 'distance_accuracy_value', 'NONE');
#377 = CARTESIAN_POINT ( 'NONE',  ( -1.655000000000000693, 0.2800000000000000266, -0.1700000000000001232 ) ) ;
#378 = VERTEX_POINT ( 'NONE', #757 ) ;
#379 = VECTOR ( 'NONE', #2276, 1000.000000000000000 ) ;
#380 = LINE ( 'NONE', #1504, #5027 ) ;
#381 = FILL_AREA_STYLE_COLOUR ( '', #3777 ) ;
#382 = CARTESIAN_POINT ( 'NONE',  ( 1.426622700477123695, 0.2593202583322915533, -1.426622700477124361 ) ) ;
#383 = COLOUR_RGB ( '',0.000000000000000000, 0.000000000000000000, 0.000000000000000000 ) ;
#384 = MECHANICAL_DESIGN_GEOMETRIC_PRESENTATION_REPRESENTATION (  '', ( #2242 ), #5483 ) ;
#385 =( LENGTH_UNIT ( ) NAMED_UNIT ( * ) SI_UNIT ( .MILLI., .METRE. ) );
#386 = EDGE_CURVE ( 'NONE', #6353, #5960, #246, .T. ) ;
#387 = VECTOR ( 'NONE', #2518, 1000.000000000000000 ) ;
#388 = EDGE_CURVE ( 'NONE', #5270, #5121, #1410, .T. ) ;
#389 = PLANE ( 'NONE',  #1729 ) ;
#390 = FILL_AREA_STYLE_COLOUR ( '', #1444 ) ;
#391 = FACE_OUTER_BOUND ( 'NONE', #6287, .T. ) ;
#392 =( NAMED_UNIT ( * ) SI_UNIT ( $, .STERADIAN. ) SOLID_ANGLE_UNIT ( ) );
#393 = AXIS2_PLACEMENT_3D ( 'NONE', #1952, #1001, #5461 ) ;
#394 = FILL_AREA_STYLE_COLOUR ( '', #6000 ) ;
#395 =( NAMED_UNIT ( * ) PLANE_ANGLE_UNIT ( ) SI_UNIT ( $, .RADIAN. ) );
#396 = ORIENTED_EDGE ( 'NONE', *, *, #1133, .F. ) ;
#397 = ORIENTED_EDGE ( 'NONE', *, *, #2689, .T. ) ;
#398 = CARTESIAN_POINT ( 'NONE',  ( -1.445120781198085957, 0.9504528463267654104, 1.454532566305128949 ) ) ;
#399 = SURFACE_STYLE_USAGE ( .BOTH. , #6273 ) ;
#400 =( GEOMETRIC_REPRESENTATION_CONTEXT ( 3 ) GLOBAL_UNCERTAINTY_ASSIGNED_CONTEXT ( ( #4278 ) ) GLOBAL_UNIT_ASSIGNED_CONTEXT ( ( #5231, #348, #2230 ) ) REPRESENTATION_CONTEXT ( 'NONE', 'WORKASPACE' ) );
#401 =( NAMED_UNIT ( * ) SI_UNIT ( $, .STERADIAN. ) SOLID_ANGLE_UNIT ( ) );
#402 = ADVANCED_FACE ( 'NONE', ( #5893 ), #4685, .F. ) ;
#403 = ORIENTED_EDGE ( 'NONE', *, *, #3692, .T. ) ;
#404 =( GEOMETRIC_REPRESENTATION_CONTEXT ( 3 ) GLOBAL_UNCERTAINTY_ASSIGNED_CONTEXT ( ( #5084 ) ) GLOBAL_UNIT_ASSIGNED_CONTEXT ( ( #2699, #714, #1293 ) ) REPRESENTATION_CONTEXT ( 'NONE', 'WORKASPACE' ) );
#405 = CARTESIAN_POINT ( 'NONE',  ( 1.524998507671344150, 0.2800141985587163429, 1.425546318134516710 ) ) ;
#406 =( GEOMETRIC_REPRESENTATION_CONTEXT ( 3 ) GLOBAL_UNCERTAINTY_ASSIGNED_CONTEXT ( ( #109 ) ) GLOBAL_UNIT_ASSIGNED_CONTEXT ( ( #3516, #5009, #2044 ) ) REPRESENTATION_CONTEXT ( 'NONE', 'WORKASPACE' ) );
#407 = PLANE ( 'NONE',  #4033 ) ;
#408 = EDGE_CURVE ( 'NONE', #119, #842, #292, .T. ) ;
#409 = SURFACE_SIDE_STYLE ('',( #5396 ) ) ;
#410 = LINE ( 'NONE', #6124, #2892 ) ;
#411 = ORIENTED_EDGE ( 'NONE', *, *, #1697, .F. ) ;
#412 = ORIENTED_EDGE ( 'NONE', *, *, #6375, .F. ) ;
#413 = AXIS2_PLACEMENT_3D ( 'NONE', #1623, #1100, #1085 ) ;
#414 =( LENGTH_UNIT ( ) NAMED_UNIT ( * ) SI_UNIT ( .MILLI., .METRE. ) );
#415 = ORIENTED_EDGE ( 'NONE', *, *, #2443, .F. ) ;
#416 = DIRECTION ( 'NONE',  ( 1.000000000000000000, 0.000000000000000000, -0.000000000000000000 ) ) ;
#417 = CARTESIAN_POINT ( 'NONE',  ( 0.09728074415968637756, 0.2800000000000000266, -1.382434901537152649 ) ) ;
#418 = SURFACE_STYLE_USAGE ( .BOTH. , #2891 ) ;
#419 = EDGE_LOOP ( 'NONE', ( #5688, #1030, #479, #5199 ) ) ;
#420 = ORIENTED_EDGE ( 'NONE', *, *, #3539, .F. ) ;
#421 = FILL_AREA_STYLE ('',( #3455 ) ) ;
#422 = DIRECTION ( 'NONE',  ( 0.000000000000000000, 0.000000000000000000, -1.000000000000000000 ) ) ;
#423 = ORIENTED_EDGE ( 'NONE', *, *, #3773, .T. ) ;
#424 = VERTEX_POINT ( 'NONE', #1727 ) ;
#425 = DIRECTION ( 'NONE',  ( -0.000000000000000000, -1.000000000000000000, -0.000000000000000000 ) ) ;
#426 = VECTOR ( 'NONE', #976, 1000.000000000000000 ) ;
#427 = LINE ( 'NONE', #4954, #5538 ) ;
#428 = FILL_AREA_STYLE ('',( #3917 ) ) ;
#429 = ORIENTED_EDGE ( 'NONE', *, *, #1674, .F. ) ;
#430 = PRESENTATION_LAYER_ASSIGNMENT (  '', '', ( #1423 ) ) ;
#431 = ORIENTED_EDGE ( 'NONE', *, *, #35, .F. ) ;
#432 =( NAMED_UNIT ( * ) PLANE_ANGLE_UNIT ( ) SI_UNIT ( $, .RADIAN. ) );
#433 = ADVANCED_FACE ( 'NONE', ( #4568 ), #6212, .F. ) ;
#434 = COLOUR_RGB ( '',0.000000000000000000, 0.000000000000000000, 0.000000000000000000 ) ;
#435 = PRESENTATION_LAYER_ASSIGNMENT (  '', '', ( #195 ) ) ;
#436 = LINE ( 'NONE', #4902, #6391 ) ;
#437 = SURFACE_SIDE_STYLE ('',( #93 ) ) ;
#438 = LINE ( 'NONE', #3248, #3079 ) ;
#439 = SURFACE_SIDE_STYLE ('',( #2074 ) ) ;
#440 = SURFACE_STYLE_USAGE ( .BOTH. , #2992 ) ;
#441 = SURFACE_STYLE_USAGE ( .BOTH. , #2415 ) ;
#442 = DIRECTION ( 'NONE',  ( -1.000000000000000000, 0.000000000000000000, -1.322197771323786130E-16 ) ) ;
#443 =( NAMED_UNIT ( * ) PLANE_ANGLE_UNIT ( ) SI_UNIT ( $, .RADIAN. ) );
#444 =( GEOMETRIC_REPRESENTATION_CONTEXT ( 3 ) GLOBAL_UNCERTAINTY_ASSIGNED_CONTEXT ( ( #3812 ) ) GLOBAL_UNIT_ASSIGNED_CONTEXT ( ( #4446, #1500, #4958 ) ) REPRESENTATION_CONTEXT ( 'NONE', 'WORKASPACE' ) );
#445 =( LENGTH_UNIT ( ) NAMED_UNIT ( * ) SI_UNIT ( .MILLI., .METRE. ) );
#446 =( NAMED_UNIT ( * ) PLANE_ANGLE_UNIT ( ) SI_UNIT ( $, .RADIAN. ) );
#447 = SURFACE_STYLE_FILL_AREA ( #5857 ) ;
#448 = LINE ( 'NONE', #2274, #151 ) ;
#449 = ORIENTED_EDGE ( 'NONE', *, *, #386, .F. ) ;
#450 = DIRECTION ( 'NONE',  ( -0.000000000000000000, 0.000000000000000000, 1.000000000000000000 ) ) ;
#451 = ORIENTED_EDGE ( 'NONE', *, *, #1823, .F. ) ;
#452 = LINE ( 'NONE', #1333, #2785 ) ;
#453 = STYLED_ITEM ( 'NONE', ( #5306 ), #5298 ) ;
#454 = VECTOR ( 'NONE', #1136, 1000.000000000000000 ) ;
#455 = EDGE_CURVE ( 'NONE', #6302, #1221, #5736, .T. ) ;
#456 = PRESENTATION_STYLE_ASSIGNMENT (( #4075 ) ) ;
#457 = DIRECTION ( 'NONE',  ( -2.257529264754410598E-15, 0.000000000000000000, -1.000000000000000000 ) ) ;
#458 = VECTOR ( 'NONE', #4031, 1000.000000000000000 ) ;
#459 = VECTOR ( 'NONE', #4738, 1000.000000000000227 ) ;
#460 = CARTESIAN_POINT ( 'NONE',  ( 2.420544385083920190E-16, 0.000000000000000000, 0.4800000000000007594 ) ) ;
#461 = SURFACE_SIDE_STYLE ('',( #5238 ) ) ;
#462 = CARTESIAN_POINT ( 'NONE',  ( -1.245000000000000773, 0.2800000000000000266, -1.054999999999999938 ) ) ;
#463 = CARTESIAN_POINT ( 'NONE',  ( -1.655000000000000693, -0.05000000000000000278, -0.1700000000000001232 ) ) ;
#464 = STYLED_ITEM ( 'NONE', ( #5086 ), #5063 ) ;
#465 = FILL_AREA_STYLE ('',( #5382 ) ) ;
#466 = CARTESIAN_POINT ( 'NONE',  ( 1.214999999999999192, -0.05000000000000000278, -0.1699999999999995681 ) ) ;
#467 =( LENGTH_UNIT ( ) NAMED_UNIT ( * ) SI_UNIT ( .MILLI., .METRE. ) );
#468 = VECTOR ( 'NONE', #5751, 1000.000000000000000 ) ;
#469 = EDGE_CURVE ( 'NONE', #2970, #4358, #5433, .T. ) ;
#470 = ORIENTED_EDGE ( 'NONE', *, *, #1954, .F. ) ;
#471 = SURFACE_SIDE_STYLE ('',( #5626 ) ) ;
#472 = DIRECTION ( 'NONE',  ( -0.000000000000000000, 1.000000000000000000, -0.000000000000000000 ) ) ;
#473 = ORIENTED_EDGE ( 'NONE', *, *, #4086, .F. ) ;
#474 = AXIS2_PLACEMENT_3D ( 'NONE', #3636, #4626, #1673 ) ;
#475 = PRESENTATION_STYLE_ASSIGNMENT (( #238 ) ) ;
#476 = VERTEX_POINT ( 'NONE', #6263 ) ;
#477 = FILL_AREA_STYLE_COLOUR ( '', #3983 ) ;
#478 = UNCERTAINTY_MEASURE_WITH_UNIT (LENGTH_MEASURE( 1.000000000000000082E-05 ), #2112, 'distance_accuracy_value', 'NONE');
#479 = ORIENTED_EDGE ( 'NONE', *, *, #5686, .T. ) ;
#480 =( LENGTH_UNIT ( ) NAMED_UNIT ( * ) SI_UNIT ( .MILLI., .METRE. ) );
#481 = DIRECTION ( 'NONE',  ( 2.132856732758369851E-16, 0.000000000000000000, 1.000000000000000000 ) ) ;
#482 = AXIS2_PLACEMENT_3D ( 'NONE', #1842, #1398, #3832 ) ;
#483 = SURFACE_SIDE_STYLE ('',( #3319 ) ) ;
#484 =( NAMED_UNIT ( * ) PLANE_ANGLE_UNIT ( ) SI_UNIT ( $, .RADIAN. ) );
#485 = DIRECTION ( 'NONE',  ( -1.000000000000000000, 0.000000000000000000, 0.000000000000000000 ) ) ;
#486 = DIRECTION ( 'NONE',  ( 1.421904488505579654E-16, 0.000000000000000000, 1.000000000000000000 ) ) ;
#487 =( NAMED_UNIT ( * ) SI_UNIT ( $, .STERADIAN. ) SOLID_ANGLE_UNIT ( ) );
#488 =( GEOMETRIC_REPRESENTATION_CONTEXT ( 3 ) GLOBAL_UNCERTAINTY_ASSIGNED_CONTEXT ( ( #3461 ) ) GLOBAL_UNIT_ASSIGNED_CONTEXT ( ( #232, #1137, #5180 ) ) REPRESENTATION_CONTEXT ( 'NONE', 'WORKASPACE' ) );
#489 =( LENGTH_UNIT ( ) NAMED_UNIT ( * ) SI_UNIT ( .MILLI., .METRE. ) );
#490 = ORIENTED_EDGE ( 'NONE', *, *, #604, .F. ) ;
#491 = MECHANICAL_DESIGN_GEOMETRIC_PRESENTATION_REPRESENTATION (  '', ( #4373 ), #3154 ) ;
#492 =( LENGTH_UNIT ( ) NAMED_UNIT ( * ) SI_UNIT ( .MILLI., .METRE. ) );
#493 = ORIENTED_EDGE ( 'NONE', *, *, #3570, .F. ) ;
#494 = EDGE_CURVE ( 'NONE', #3475, #840, #780, .T. ) ;
#495 = CARTESIAN_POINT ( 'NONE',  ( -1.245000000000000773, 0.2800000000000000266, 0.8199999999999998401 ) ) ;
#496 = DIRECTION ( 'NONE',  ( 0.000000000000000000, 0.000000000000000000, -1.000000000000000000 ) ) ;
#497 = VECTOR ( 'NONE', #5550, 1000.000000000000000 ) ;
#498 = ORIENTED_EDGE ( 'NONE', *, *, #4099, .F. ) ;
#499 = ORIENTED_EDGE ( 'NONE', *, *, #3679, .T. ) ;
#500 = ORIENTED_EDGE ( 'NONE', *, *, #455, .F. ) ;
#501 =( NAMED_UNIT ( * ) PLANE_ANGLE_UNIT ( ) SI_UNIT ( $, .RADIAN. ) );
#502 = PRESENTATION_LAYER_ASSIGNMENT (  '', '', ( #922 ) ) ;
#503 = LINE ( 'NONE', #5968, #819 ) ;
#504 = DIRECTION ( 'NONE',  ( -2.257529264754410598E-15, 0.000000000000000000, -1.000000000000000000 ) ) ;
#505 = EDGE_LOOP ( 'NONE', ( #1355, #1948, #1494, #3939 ) ) ;
#506 = ORIENTED_EDGE ( 'NONE', *, *, #4586, .T. ) ;
#507 = VECTOR ( 'NONE', #2631, 1000.000000000000000 ) ;
#508 = EDGE_CURVE ( 'NONE', #3054, #4303, #4332, .T. ) ;
#509 = UNCERTAINTY_MEASURE_WITH_UNIT (LENGTH_MEASURE( 1.000000000000000082E-05 ), #385, 'distance_accuracy_value', 'NONE');
#510 = FILL_AREA_STYLE_COLOUR ( '', #5880 ) ;
#511 = EDGE_CURVE ( 'NONE', #2737, #4959, #5430, .T. ) ;
#512 = SURFACE_STYLE_FILL_AREA ( #5849 ) ;
#513 =( NAMED_UNIT ( * ) PLANE_ANGLE_UNIT ( ) SI_UNIT ( $, .RADIAN. ) );
#514 = FACE_OUTER_BOUND ( 'NONE', #4573, .T. ) ;
#515 = SURFACE_STYLE_FILL_AREA ( #933 ) ;
#516 = DIRECTION ( 'NONE',  ( -0.1039620511844979583, -0.9891328443778539814, -0.1039620511844979445 ) ) ;
#517 = SURFACE_STYLE_USAGE ( .BOTH. , #2481 ) ;
#518 = SURFACE_STYLE_FILL_AREA ( #6108 ) ;
#519 = DIRECTION ( 'NONE',  ( -5.065132647691205162E-17, 0.000000000000000000, 1.000000000000000000 ) ) ;
#520 = DIRECTION ( 'NONE',  ( -5.042800802258159378E-16, 0.000000000000000000, -1.000000000000000000 ) ) ;
#521 = LINE ( 'NONE', #5006, #5933 ) ;
#522 = UNCERTAINTY_MEASURE_WITH_UNIT (LENGTH_MEASURE( 1.000000000000000082E-05 ), #4915, 'distance_accuracy_value', 'NONE');
#523 = VECTOR ( 'NONE', #2237, 1000.000000000000000 ) ;
#524 = DIRECTION ( 'NONE',  ( 0.000000000000000000, -0.000000000000000000, -1.000000000000000000 ) ) ;
#525 = STYLED_ITEM ( 'NONE', ( #2706 ), #2378 ) ;
#526 = VECTOR ( 'NONE', #5824, 1000.000000000000000 ) ;
#527 = DIRECTION ( 'NONE',  ( 1.000000000000000000, 0.000000000000000000, -6.078159177229446441E-16 ) ) ;
#528 = DIRECTION ( 'NONE',  ( -1.322197771323785883E-16, 0.000000000000000000, 1.000000000000000000 ) ) ;
#529 = ORIENTED_EDGE ( 'NONE', *, *, #2457, .F. ) ;
#530 = LINE ( 'NONE', #2680, #1685 ) ;
#531 =( GEOMETRIC_REPRESENTATION_CONTEXT ( 3 ) GLOBAL_UNCERTAINTY_ASSIGNED_CONTEXT ( ( #4593 ) ) GLOBAL_UNIT_ASSIGNED_CONTEXT ( ( #971, #446, #4888 ) ) REPRESENTATION_CONTEXT ( 'NONE', 'WORKASPACE' ) );
#532 = CARTESIAN_POINT ( 'NONE',  ( 0.3549999999999997602, -0.05000000000000000278, 1.149999999999999911 ) ) ;
#533 = VECTOR ( 'NONE', #2105, 1000.000000000000000 ) ;
#534 = ORIENTED_EDGE ( 'NONE', *, *, #6012, .F. ) ;
#535 = PLANE ( 'NONE',  #2217 ) ;
#536 = PRESENTATION_LAYER_ASSIGNMENT (  '', '', ( #2307 ) ) ;
#537 = CARTESIAN_POINT ( 'NONE',  ( -1.245000000000000773, -0.05000000000000000278, -0.1700000000000000677 ) ) ;
#538 = ORIENTED_EDGE ( 'NONE', *, *, #5393, .F. ) ;
#539 = FILL_AREA_STYLE ('',( #57 ) ) ;
#540 = CARTESIAN_POINT ( 'NONE',  ( -1.245000000000000773, 0.000000000000000000, 1.129999999999999893 ) ) ;
#541 = AXIS2_PLACEMENT_3D ( 'NONE', #1486, #3891, #4369 ) ;
#542 = VECTOR ( 'NONE', #1156, 1000.000000000000000 ) ;
#543 = DIRECTION ( 'NONE',  ( 1.000000000000000000, 0.000000000000000000, -6.994852725712934186E-16 ) ) ;
#544 = SURFACE_STYLE_FILL_AREA ( #6361 ) ;
#545 = FACE_OUTER_BOUND ( 'NONE', #4363, .T. ) ;
#546 = DIRECTION ( 'NONE',  ( 0.000000000000000000, -0.000000000000000000, 1.000000000000000000 ) ) ;
#547 = COLOUR_RGB ( '',0.7921568627450980005, 0.8196078431372548767, 0.9333333333333333481 ) ;
#548 = DIRECTION ( 'NONE',  ( -2.257529264754410598E-15, 0.000000000000000000, -1.000000000000000000 ) ) ;
#549 = VECTOR ( 'NONE', #3045, 1000.000000000000000 ) ;
#550 = VERTEX_POINT ( 'NONE', #1828 ) ;
#551 =( NAMED_UNIT ( * ) PLANE_ANGLE_UNIT ( ) SI_UNIT ( $, .RADIAN. ) );
#552 =( NAMED_UNIT ( * ) PLANE_ANGLE_UNIT ( ) SI_UNIT ( $, .RADIAN. ) );
#553 = FILL_AREA_STYLE_COLOUR ( '', #1921 ) ;
#554 = ORIENTED_EDGE ( 'NONE', *, *, #6011, .F. ) ;
#555 = FACE_OUTER_BOUND ( 'NONE', #3893, .T. ) ;
#556 = PRESENTATION_LAYER_ASSIGNMENT (  '', '', ( #5894 ) ) ;
#557 = CARTESIAN_POINT ( 'NONE',  ( -1.245000000000000551, -0.05000000000000000278, -0.4800000000000000377 ) ) ;
#558 = EDGE_LOOP ( 'NONE', ( #5738, #5394, #3512, #4331 ) ) ;
#559 = ADVANCED_FACE ( 'NONE', ( #4722 ), #1884, .F. ) ;
#560 = CARTESIAN_POINT ( 'NONE',  ( -1.655000000000000471, -0.05000000000000000278, 0.4799999999999999267 ) ) ;
#561 = EDGE_CURVE ( 'NONE', #3744, #2976, #3420, .T. ) ;
#562 = EDGE_CURVE ( 'NONE', #5121, #1590, #936, .T. ) ;
#563 = EDGE_LOOP ( 'NONE', ( #1431, #3451, #1351, #1459 ) ) ;
#564 = CARTESIAN_POINT ( 'NONE',  ( -1.425000000000000044, 0.000000000000000000, 1.524999999999999911 ) ) ;
#565 = CARTESIAN_POINT ( 'NONE',  ( -1.655000000000000471, -0.05000000000000000278, 0.4799999999999999267 ) ) ;
#566 = PLANE ( 'NONE',  #368 ) ;
#567 = AXIS2_PLACEMENT_3D ( 'NONE', #6039, #1107, #4018 ) ;
#568 = UNCERTAINTY_MEASURE_WITH_UNIT (LENGTH_MEASURE( 1.000000000000000082E-05 ), #5728, 'distance_accuracy_value', 'NONE');
#569 = SURFACE_STYLE_USAGE ( .BOTH. , #1986 ) ;
#570 = DIRECTION ( 'NONE',  ( -0.1045284632676537068, 0.9945218953682734009, 0.000000000000000000 ) ) ;
#571 = ORIENTED_EDGE ( 'NONE', *, *, #4181, .T. ) ;
#572 = CARTESIAN_POINT ( 'NONE',  ( 1.214999999999999192, -0.05000000000000000278, -0.1699999999999995681 ) ) ;
#573 = AXIS2_PLACEMENT_3D ( 'NONE', #382, #1400, #3474 ) ;
#574 = UNCERTAINTY_MEASURE_WITH_UNIT (LENGTH_MEASURE( 1.000000000000000082E-05 ), #3189, 'distance_accuracy_value', 'NONE');
#575 = UNCERTAINTY_MEASURE_WITH_UNIT (LENGTH_MEASURE( 1.000000000000000082E-05 ), #3693, 'distance_accuracy_value', 'NONE');
#576 = DIRECTION ( 'NONE',  ( 0.000000000000000000, -0.1045284632676538733, 0.9945218953682734009 ) ) ;
#577 = PRESENTATION_STYLE_ASSIGNMENT (( #5453 ) ) ;
#578 = CARTESIAN_POINT ( 'NONE',  ( -1.655000000000000693, 0.2800000000000000266, 0.8199999999999998401 ) ) ;
#579 =( NAMED_UNIT ( * ) PLANE_ANGLE_UNIT ( ) SI_UNIT ( $, .RADIAN. ) );
#580 = ORIENTED_EDGE ( 'NONE', *, *, #2921, .F. ) ;
#581 = MECHANICAL_DESIGN_GEOMETRIC_PRESENTATION_REPRESENTATION (  '', ( #364 ), #6106 ) ;
#582 = DIRECTION ( 'NONE',  ( -2.180348522309853647E-15, 0.000000000000000000, -1.000000000000000000 ) ) ;
#583 = ORIENTED_EDGE ( 'NONE', *, *, #3128, .T. ) ;
#584 = ORIENTED_EDGE ( 'NONE', *, *, #1732, .F. ) ;
#585 = MECHANICAL_DESIGN_GEOMETRIC_PRESENTATION_REPRESENTATION (  '', ( #453 ), #791 ) ;
#586 = EDGE_CURVE ( 'NONE', #2666, #6296, #3036, .T. ) ;
#587 = SURFACE_STYLE_FILL_AREA ( #4182 ) ;
#588 = ORIENTED_EDGE ( 'NONE', *, *, #3863, .F. ) ;
#589 = CARTESIAN_POINT ( 'NONE',  ( -1.655000000000000693, 0.2800000000000000266, 0.8199999999999998401 ) ) ;
#590 = EDGE_LOOP ( 'NONE', ( #2584, #3807, #1194, #5627 ) ) ;
#591 = VECTOR ( 'NONE', #3139, 1000.000000000000000 ) ;
#592 = SURFACE_STYLE_USAGE ( .BOTH. , #3528 ) ;
#593 = ADVANCED_FACE ( 'NONE', ( #2096 ), #5383, .F. ) ;
#594 = LINE ( 'NONE', #3016, #6215 ) ;
#595 = ORIENTED_EDGE ( 'NONE', *, *, #3613, .T. ) ;
#596 = PLANE ( 'NONE',  #5208 ) ;
#597 = LINE ( 'NONE', #3899, #6222 ) ;
#598 = STYLED_ITEM ( 'NONE', ( #1160 ), #4213 ) ;
#599 =( LENGTH_UNIT ( ) NAMED_UNIT ( * ) SI_UNIT ( .MILLI., .METRE. ) );
#600 = VECTOR ( 'NONE', #5357, 1000.000000000000000 ) ;
#601 = FACE_OUTER_BOUND ( 'NONE', #4659, .T. ) ;
#602 = CARTESIAN_POINT ( 'NONE',  ( 1.214999999999998970, 0.2800000000000000266, -1.119999999999999440 ) ) ;
#603 = SURFACE_STYLE_FILL_AREA ( #3096 ) ;
#604 = EDGE_CURVE ( 'NONE', #1867, #2259, #2952, .T. ) ;
#605 = SURFACE_STYLE_USAGE ( .BOTH. , #2596 ) ;
#606 = EDGE_CURVE ( 'NONE', #4887, #6, #1635, .T. ) ;
#607 = CARTESIAN_POINT ( 'NONE',  ( -1.526074890013952468, 0.2697731046590569060, -1.426622700477124361 ) ) ;
#608 =( NAMED_UNIT ( * ) SI_UNIT ( $, .STERADIAN. ) SOLID_ANGLE_UNIT ( ) );
#609 = VECTOR ( 'NONE', #3316, 1000.000000000000114 ) ;
#610 = PLANE ( 'NONE',  #669 ) ;
#611 = CARTESIAN_POINT ( 'NONE',  ( 1.424999999999999822, 0.000000000000000000, 1.524999999999999911 ) ) ;
#612 = LINE ( 'NONE', #4763, #4780 ) ;
#613 = ORIENTED_EDGE ( 'NONE', *, *, #1808, .T. ) ;
#614 = LINE ( 'NONE', #874, #5552 ) ;
#615 = CARTESIAN_POINT ( 'NONE',  ( 0.09728074415968530897, -0.05000000000000000278, 1.649999999999999911 ) ) ;
#616 = LINE ( 'NONE', #5687, #294 ) ;
#617 = FACE_OUTER_BOUND ( 'NONE', #3742, .T. ) ;
#618 = STYLED_ITEM ( 'NONE', ( #1702 ), #2765 ) ;
#619 = ORIENTED_EDGE ( 'NONE', *, *, #4086, .T. ) ;
#620 = LINE ( 'NONE', #1547, #1843 ) ;
#621 = ORIENTED_EDGE ( 'NONE', *, *, #1252, .T. ) ;
#622 = FILL_AREA_STYLE_COLOUR ( '', #6285 ) ;
#623 = CARTESIAN_POINT ( 'NONE',  ( 0.01499999999999960566, 0.2800000000000000266, 1.054999999999999938 ) ) ;
#624 = VECTOR ( 'NONE', #1224, 1000.000000000000000 ) ;
#625 = COLOUR_RGB ( '',1.000000000000000000, 1.000000000000000000, 1.000000000000000000 ) ;
#626 = DIRECTION ( 'NONE',  ( -1.000000000000000000, 0.000000000000000000, 2.257529264754410598E-15 ) ) ;
#627 = ADVANCED_FACE ( 'NONE', ( #555 ), #14, .F. ) ;
#628 =( GEOMETRIC_REPRESENTATION_CONTEXT ( 3 ) GLOBAL_UNCERTAINTY_ASSIGNED_CONTEXT ( ( #5848 ) ) GLOBAL_UNIT_ASSIGNED_CONTEXT ( ( #993, #1580, #1066 ) ) REPRESENTATION_CONTEXT ( 'NONE', 'WORKASPACE' ) );
#629 = DIRECTION ( 'NONE',  ( -0.3419327100384694784, 0.000000000000000000, -0.9397244392936410229 ) ) ;
#630 = DIRECTION ( 'NONE',  ( 1.000000000000000000, 0.000000000000000000, 0.000000000000000000 ) ) ;
#631 = EDGE_CURVE ( 'NONE', #4893, #3997, #5183, .T. ) ;
#632 = VECTOR ( 'NONE', #3267, 1000.000000000000000 ) ;
#633 = SURFACE_STYLE_FILL_AREA ( #2424 ) ;
#634 = PLANE ( 'NONE',  #2476 ) ;
#635 = FACE_OUTER_BOUND ( 'NONE', #1255, .T. ) ;
#636 =( NAMED_UNIT ( * ) PLANE_ANGLE_UNIT ( ) SI_UNIT ( $, .RADIAN. ) );
#637 = SURFACE_STYLE_FILL_AREA ( #421 ) ;
#638 = ORIENTED_EDGE ( 'NONE', *, *, #469, .T. ) ;
#639 = AXIS2_PLACEMENT_3D ( 'NONE', #3441, #6394, #519 ) ;
#640 = CARTESIAN_POINT ( 'NONE',  ( 1.644999999999999352, -0.05000000000000000278, 0.4799999999999999822 ) ) ;
#641 = EDGE_LOOP ( 'NONE', ( #5071, #4585, #3970, #5117 ) ) ;
#642 = ORIENTED_EDGE ( 'NONE', *, *, #3497, .F. ) ;
#643 =( LENGTH_UNIT ( ) NAMED_UNIT ( * ) SI_UNIT ( .MILLI., .METRE. ) );
#644 = ORIENTED_EDGE ( 'NONE', *, *, #5597, .T. ) ;
#645 = FILL_AREA_STYLE ('',( #553 ) ) ;
#646 = FILL_AREA_STYLE_COLOUR ( '', #4608 ) ;
#647 = ORIENTED_EDGE ( 'NONE', *, *, #1786, .F. ) ;
#648 =( NAMED_UNIT ( * ) SI_UNIT ( $, .STERADIAN. ) SOLID_ANGLE_UNIT ( ) );
#649 = PRESENTATION_LAYER_ASSIGNMENT (  '', '', ( #3505 ) ) ;
#650 =( NAMED_UNIT ( * ) PLANE_ANGLE_UNIT ( ) SI_UNIT ( $, .RADIAN. ) );
#651 = VERTEX_POINT ( 'NONE', #1092 ) ;
#652 = ORIENTED_EDGE ( 'NONE', *, *, #5775, .F. ) ;
#653 = FILL_AREA_STYLE ('',( #6120 ) ) ;
#654 = CARTESIAN_POINT ( 'NONE',  ( -1.525000000000000355, 0.2800000000000000266, 0.4799999999999999267 ) ) ;
#655 = AXIS2_PLACEMENT_3D ( 'NONE', #34, #3562, #1057 ) ;
#656 = ORIENTED_EDGE ( 'NONE', *, *, #6307, .T. ) ;
#657 = FILL_AREA_STYLE_COLOUR ( '', #3234 ) ;
#658 = ORIENTED_EDGE ( 'NONE', *, *, #170, .F. ) ;
#659 = FILL_AREA_STYLE ('',( #646 ) ) ;
#660 = FILL_AREA_STYLE_COLOUR ( '', #2400 ) ;
#661 = LINE ( 'NONE', #3349, #5762 ) ;
#662 = ORIENTED_EDGE ( 'NONE', *, *, #5707, .F. ) ;
#663 = LINE ( 'NONE', #4189, #5765 ) ;
#664 = ORIENTED_EDGE ( 'NONE', *, *, #606, .F. ) ;
#665 = PRESENTATION_STYLE_ASSIGNMENT (( #6006 ) ) ;
#666 = ADVANCED_FACE ( 'NONE', ( #5646 ), #4517, .F. ) ;
#667 = CARTESIAN_POINT ( 'NONE',  ( -1.426622700477124583, 0.2697731046590569060, 1.526074890013951801 ) ) ;
#668 = LINE ( 'NONE', #2951, #600 ) ;
#669 = AXIS2_PLACEMENT_3D ( 'NONE', #4395, #4043, #2897 ) ;
#670 = LINE ( 'NONE', #2315, #2674 ) ;
#671 = CARTESIAN_POINT ( 'NONE',  ( -1.245000000000000551, 0.2800000000000000266, -0.4800000000000000377 ) ) ;
#672 = LINE ( 'NONE', #5150, #5777 ) ;
#673 = VECTOR ( 'NONE', #2472, 1000.000000000000000 ) ;
#674 = DIRECTION ( 'NONE',  ( -0.000000000000000000, -1.000000000000000000, -0.000000000000000000 ) ) ;
#675 = PRESENTATION_STYLE_ASSIGNMENT (( #851 ) ) ;
#676 = CARTESIAN_POINT ( 'NONE',  ( -1.245000000000000551, 0.2800000000000000266, -1.129999999999999893 ) ) ;
#677 =( GEOMETRIC_REPRESENTATION_CONTEXT ( 3 ) GLOBAL_UNCERTAINTY_ASSIGNED_CONTEXT ( ( #2395 ) ) GLOBAL_UNIT_ASSIGNED_CONTEXT ( ( #718, #2705, #5186 ) ) REPRESENTATION_CONTEXT ( 'NONE', 'WORKASPACE' ) );
#678 = DIRECTION ( 'NONE',  ( -1.000000000000000000, 0.000000000000000000, 6.610988856618929416E-17 ) ) ;
#679 = EDGE_CURVE ( 'NONE', #6270, #5601, #5111, .T. ) ;
#680 = VECTOR ( 'NONE', #2299, 1000.000000000000000 ) ;
#681 = VERTEX_POINT ( 'NONE', #2089 ) ;
#682 = EDGE_LOOP ( 'NONE', ( #5339, #652, #3844, #1173 ) ) ;
#683 = PRESENTATION_STYLE_ASSIGNMENT (( #1151 ) ) ;
#684 = STYLED_ITEM ( 'NONE', ( #4674 ), #2157 ) ;
#685 = ORIENTED_EDGE ( 'NONE', *, *, #1386, .F. ) ;
#686 = DIRECTION ( 'NONE',  ( -2.891205793294679411E-15, 0.000000000000000000, 1.000000000000000000 ) ) ;
#687 = CARTESIAN_POINT ( 'NONE',  ( -1.655000000000000693, -0.05000000000000000278, 0.1699999999999999289 ) ) ;
#688 = CARTESIAN_POINT ( 'NONE',  ( -1.655000000000000693, 0.2800000000000000266, 0.1699999999999999289 ) ) ;
#689 = VECTOR ( 'NONE', #2062, 1000.000000000000000 ) ;
#690 = SURFACE_SIDE_STYLE ('',( #4564 ) ) ;
#691 = LINE ( 'NONE', #4274, #2313 ) ;
#692 = STYLED_ITEM ( 'NONE', ( #2995 ), #3399 ) ;
#693 = PRESENTATION_STYLE_ASSIGNMENT (( #1454 ) ) ;
#694 = LINE ( 'NONE', #537, #2869 ) ;
#695 = CARTESIAN_POINT ( 'NONE',  ( 1.445120781198085069, 0.9504528463267654104, -1.454532566305128949 ) ) ;
#696 = FILL_AREA_STYLE_COLOUR ( '', #4067 ) ;
#697 = PRESENTATION_LAYER_ASSIGNMENT (  '', '', ( #1691 ) ) ;
#698 = FILL_AREA_STYLE ('',( #5188 ) ) ;
#699 = SURFACE_STYLE_FILL_AREA ( #2130 ) ;
#700 = DIRECTION ( 'NONE',  ( -1.000000000000000000, 0.000000000000000000, 6.610988856618929416E-17 ) ) ;
#701 = ORIENTED_EDGE ( 'NONE', *, *, #1171, .F. ) ;
#702 = MECHANICAL_DESIGN_GEOMETRIC_PRESENTATION_REPRESENTATION (  '', ( #5805 ), #628 ) ;
#703 =( GEOMETRIC_REPRESENTATION_CONTEXT ( 3 ) GLOBAL_UNCERTAINTY_ASSIGNED_CONTEXT ( ( #1153 ) ) GLOBAL_UNIT_ASSIGNED_CONTEXT ( ( #5596, #5104, #3123 ) ) REPRESENTATION_CONTEXT ( 'NONE', 'WORKASPACE' ) );
#704 = EDGE_CURVE ( 'NONE', #4104, #1021, #1243, .T. ) ;
#705 = ORIENTED_EDGE ( 'NONE', *, *, #803, .T. ) ;
#706 = SURFACE_STYLE_FILL_AREA ( #52 ) ;
#707 = UNCERTAINTY_MEASURE_WITH_UNIT (LENGTH_MEASURE( 1.000000000000000082E-05 ), #5612, 'distance_accuracy_value', 'NONE');
#708 = CARTESIAN_POINT ( 'NONE',  ( 1.214999999999999414, 0.2800000000000000266, 0.8299999999999997380 ) ) ;
#709 = SURFACE_STYLE_USAGE ( .BOTH. , #174 ) ;
#710 = ORIENTED_EDGE ( 'NONE', *, *, #1337, .T. ) ;
#711 = FILL_AREA_STYLE_COLOUR ( '', #4319 ) ;
#712 = AXIS2_PLACEMENT_3D ( 'NONE', #1912, #2895, #5875 ) ;
#713 = ORIENTED_EDGE ( 'NONE', *, *, #5367, .F. ) ;
#714 =( NAMED_UNIT ( * ) PLANE_ANGLE_UNIT ( ) SI_UNIT ( $, .RADIAN. ) );
#715 = EDGE_CURVE ( 'NONE', #5681, #4457, #2708, .T. ) ;
#716 = EDGE_CURVE ( 'NONE', #1192, #6370, #1555, .T. ) ;
#717 = DIRECTION ( 'NONE',  ( 0.000000000000000000, -1.000000000000000000, 0.000000000000000000 ) ) ;
#718 =( LENGTH_UNIT ( ) NAMED_UNIT ( * ) SI_UNIT ( .MILLI., .METRE. ) );
#719 = UNCERTAINTY_MEASURE_WITH_UNIT (LENGTH_MEASURE( 1.000000000000000082E-05 ), #1692, 'distance_accuracy_value', 'NONE');
#720 = DIRECTION ( 'NONE',  ( -1.000000000000000000, 0.000000000000000000, 2.132856732758369851E-16 ) ) ;
#721 = CARTESIAN_POINT ( 'NONE',  ( 0.3549999999999997602, 0.000000000000000000, 1.149999999999999911 ) ) ;
#722 = DIRECTION ( 'NONE',  ( 0.000000000000000000, 0.000000000000000000, -1.000000000000000000 ) ) ;
#723 = ORIENTED_EDGE ( 'NONE', *, *, #4647, .T. ) ;
#724 = AXIS2_PLACEMENT_3D ( 'NONE', #2825, #4208, #1348 ) ;
#725 =( NAMED_UNIT ( * ) SI_UNIT ( $, .STERADIAN. ) SOLID_ANGLE_UNIT ( ) );
#726 = DIRECTION ( 'NONE',  ( -0.000000000000000000, 1.000000000000000000, -0.000000000000000000 ) ) ;
#727 = DIRECTION ( 'NONE',  ( -0.000000000000000000, 0.000000000000000000, 1.000000000000000000 ) ) ;
#728 =( NAMED_UNIT ( * ) PLANE_ANGLE_UNIT ( ) SI_UNIT ( $, .RADIAN. ) );
#729 = ORIENTED_EDGE ( 'NONE', *, *, #1578, .T. ) ;
#730 =( NAMED_UNIT ( * ) SI_UNIT ( $, .STERADIAN. ) SOLID_ANGLE_UNIT ( ) );
#731 = ORIENTED_EDGE ( 'NONE', *, *, #2006, .T. ) ;
#732 = PRESENTATION_LAYER_ASSIGNMENT (  '', '', ( #4490 ) ) ;
#733 = SURFACE_STYLE_USAGE ( .BOTH. , #5727 ) ;
#734 =( GEOMETRIC_REPRESENTATION_CONTEXT ( 3 ) GLOBAL_UNCERTAINTY_ASSIGNED_CONTEXT ( ( #103 ) ) GLOBAL_UNIT_ASSIGNED_CONTEXT ( ( #3795, #1335, #4863 ) ) REPRESENTATION_CONTEXT ( 'NONE', 'WORKASPACE' ) );
#735 = ORIENTED_EDGE ( 'NONE', *, *, #4129, .T. ) ;
#736 = VECTOR ( 'NONE', #6070, 1000.000000000000114 ) ;
#737 = FILL_AREA_STYLE ('',( #1275 ) ) ;
#738 = CARTESIAN_POINT ( 'NONE',  ( -1.655000000000000471, 0.2800000000000000266, -1.129999999999999893 ) ) ;
#739 = AXIS2_PLACEMENT_3D ( 'NONE', #5074, #2111, #4078 ) ;
#740 = SURFACE_STYLE_USAGE ( .BOTH. , #6127 ) ;
#741 = EDGE_LOOP ( 'NONE', ( #3637, #5541, #6097, #3599 ) ) ;
#742 = EDGE_CURVE ( 'NONE', #3027, #6209, #2874, .T. ) ;
#743 =( NAMED_UNIT ( * ) SI_UNIT ( $, .STERADIAN. ) SOLID_ANGLE_UNIT ( ) );
#744 = LINE ( 'NONE', #1044, #4053 ) ;
#745 = CARTESIAN_POINT ( 'NONE',  ( 0.09728074415968514244, 0.2800000000000000266, 1.382434901537152427 ) ) ;
#746 = DIRECTION ( 'NONE',  ( -0.000000000000000000, 1.000000000000000000, -0.000000000000000000 ) ) ;
#747 = LINE ( 'NONE', #5014, #5862 ) ;
#748 = SURFACE_SIDE_STYLE ('',( #1896 ) ) ;
#749 = AXIS2_PLACEMENT_3D ( 'NONE', #4726, #4154, #4135 ) ;
#750 = COLOUR_RGB ( '',0.000000000000000000, 0.000000000000000000, 0.000000000000000000 ) ;
#751 =( NAMED_UNIT ( * ) PLANE_ANGLE_UNIT ( ) SI_UNIT ( $, .RADIAN. ) );
#752 = SURFACE_STYLE_FILL_AREA ( #4980 ) ;
#753 = VECTOR ( 'NONE', #882, 1000.000000000000000 ) ;
#754 = ORIENTED_EDGE ( 'NONE', *, *, #3001, .F. ) ;
#755 =( NAMED_UNIT ( * ) SI_UNIT ( $, .STERADIAN. ) SOLID_ANGLE_UNIT ( ) );
#756 = CARTESIAN_POINT ( 'NONE',  ( -1.454532566305129171, 0.9504528463267654104, 1.355080376768301731 ) ) ;
#757 = CARTESIAN_POINT ( 'NONE',  ( -1.245000000000000551, 0.2800000000000000266, -0.8200000000000000622 ) ) ;
#758 =( BOUNDED_CURVE ( )  B_SPLINE_CURVE ( 3, ( #2941, #5876, #1402, #4425 ),
 .UNSPECIFIED., .F., .F. ) 
 B_SPLINE_CURVE_WITH_KNOTS ( ( 4, 4 ),
 ( 0.000000000000000000, 0.005463208521538306245 ),
 .UNSPECIFIED. ) 
 CURVE ( )  GEOMETRIC_REPRESENTATION_ITEM ( )  RATIONAL_B_SPLINE_CURVE ( ( 1.000000000000000000, 0.9999975127809339615, 0.9999975127809339615, 1.000000000000000000 ) ) 
 REPRESENTATION_ITEM ( '' )  );
#759 = PRESENTATION_STYLE_ASSIGNMENT (( #3663 ) ) ;
#760 = DIRECTION ( 'NONE',  ( -1.000000000000000000, 0.000000000000000000, 2.026053059076482065E-16 ) ) ;
#761 = COLOUR_RGB ( '',0.000000000000000000, 0.000000000000000000, 0.000000000000000000 ) ;
#762 = MECHANICAL_DESIGN_GEOMETRIC_PRESENTATION_REPRESENTATION (  '', ( #3772 ), #4864 ) ;
#763 = COLOUR_RGB ( '',0.000000000000000000, 0.000000000000000000, 0.000000000000000000 ) ;
#764 = ORIENTED_EDGE ( 'NONE', *, *, #5570, .T. ) ;
#765 = PLANE ( 'NONE',  #2253 ) ;
#766 = CARTESIAN_POINT ( 'NONE',  ( 1.524999999999999245, 0.2800000000000000266, -1.524999999999999911 ) ) ;
#767 = PRESENTATION_STYLE_ASSIGNMENT (( #4569 ) ) ;
#768 = DIRECTION ( 'NONE',  ( 0.000000000000000000, 0.000000000000000000, -1.000000000000000000 ) ) ;
#769 = UNCERTAINTY_MEASURE_WITH_UNIT (LENGTH_MEASURE( 1.000000000000000082E-05 ), #599, 'distance_accuracy_value', 'NONE');
#770 = VECTOR ( 'NONE', #5001, 1000.000000000000000 ) ;
#771 =( GEOMETRIC_REPRESENTATION_CONTEXT ( 3 ) GLOBAL_UNCERTAINTY_ASSIGNED_CONTEXT ( ( #1395 ) ) GLOBAL_UNIT_ASSIGNED_CONTEXT ( ( #5955, #4447, #1502 ) ) REPRESENTATION_CONTEXT ( 'NONE', 'WORKASPACE' ) );
#772 = CARTESIAN_POINT ( 'NONE',  ( 1.424999999999999822, 0.2800000000000000266, 1.424999999999999600 ) ) ;
#773 = FILL_AREA_STYLE_COLOUR ( '', #4521 ) ;
#774 =( LENGTH_UNIT ( ) NAMED_UNIT ( * ) SI_UNIT ( .MILLI., .METRE. ) );
#775 = LINE ( 'NONE', #3746, #1769 ) ;
#776 = FACE_OUTER_BOUND ( 'NONE', #3736, .T. ) ;
#777 = FACE_OUTER_BOUND ( 'NONE', #558, .T. ) ;
#778 = DIRECTION ( 'NONE',  ( 0.000000000000000000, 0.000000000000000000, -1.000000000000000000 ) ) ;
#779 = MECHANICAL_DESIGN_GEOMETRIC_PRESENTATION_REPRESENTATION (  '', ( #1686 ), #3437 ) ;
#780 = LINE ( 'NONE', #6284, #468 ) ;
#781 = FILL_AREA_STYLE_COLOUR ( '', #5785 ) ;
#782 = SURFACE_SIDE_STYLE ('',( #1482 ) ) ;
#783 =( NAMED_UNIT ( * ) SI_UNIT ( $, .STERADIAN. ) SOLID_ANGLE_UNIT ( ) );
#784 = ORIENTED_EDGE ( 'NONE', *, *, #4805, .F. ) ;
#785 =( NAMED_UNIT ( * ) SI_UNIT ( $, .STERADIAN. ) SOLID_ANGLE_UNIT ( ) );
#786 = CARTESIAN_POINT ( 'NONE',  ( -1.655000000000000693, -0.05000000000000000278, 1.129999999999999893 ) ) ;
#787 = DIRECTION ( 'NONE',  ( -1.000000000000000000, -0.000000000000000000, -0.000000000000000000 ) ) ;
#788 = EDGE_LOOP ( 'NONE', ( #5217, #1271, #3503, #5920 ) ) ;
#789 = ORIENTED_EDGE ( 'NONE', *, *, #4350, .F. ) ;
#790 = VERTEX_POINT ( 'NONE', #2996 ) ;
#791 =( GEOMETRIC_REPRESENTATION_CONTEXT ( 3 ) GLOBAL_UNCERTAINTY_ASSIGNED_CONTEXT ( ( #1236 ) ) GLOBAL_UNIT_ASSIGNED_CONTEXT ( ( #3531, #5945, #2057 ) ) REPRESENTATION_CONTEXT ( 'NONE', 'WORKASPACE' ) );
#792 = SURFACE_SIDE_STYLE ('',( #3346 ) ) ;
#793 = EDGE_CURVE ( 'NONE', #5915, #1043, #4950, .T. ) ;
#794 = DIRECTION ( 'NONE',  ( 0.000000000000000000, 0.000000000000000000, -1.000000000000000000 ) ) ;
#795 = DIRECTION ( 'NONE',  ( 0.000000000000000000, 1.000000000000000000, 0.000000000000000000 ) ) ;
#796 = ADVANCED_FACE ( 'NONE', ( #3565 ), #2561, .T. ) ;
#797 = DIRECTION ( 'NONE',  ( 1.000000000000000000, 0.000000000000000000, -5.042800802258159378E-16 ) ) ;
#798 = ORIENTED_EDGE ( 'NONE', *, *, #4129, .F. ) ;
#799 = DIRECTION ( 'NONE',  ( -1.000000000000000000, 0.000000000000000000, 0.000000000000000000 ) ) ;
#800 = MECHANICAL_DESIGN_GEOMETRIC_PRESENTATION_REPRESENTATION (  '', ( #1211 ), #1998 ) ;
#801 = DIRECTION ( 'NONE',  ( 0.000000000000000000, 1.000000000000000000, 0.000000000000000000 ) ) ;
#802 =( NAMED_UNIT ( * ) PLANE_ANGLE_UNIT ( ) SI_UNIT ( $, .RADIAN. ) );
#803 = EDGE_CURVE ( 'NONE', #1420, #4457, #4797, .T. ) ;
#804 = ORIENTED_EDGE ( 'NONE', *, *, #508, .T. ) ;
#805 = DIRECTION ( 'NONE',  ( -1.000000000000000000, -0.000000000000000000, -0.000000000000000000 ) ) ;
#806 = EDGE_CURVE ( 'NONE', #2717, #4961, #1477, .T. ) ;
#807 = CARTESIAN_POINT ( 'NONE',  ( -1.245000000000000773, -0.05000000000000000278, 0.4799999999999999822 ) ) ;
#808 = ORIENTED_EDGE ( 'NONE', *, *, #1013, .F. ) ;
#809 = SURFACE_STYLE_USAGE ( .BOTH. , #1748 ) ;
#810 = DIRECTION ( 'NONE',  ( 0.000000000000000000, -1.000000000000000000, 0.000000000000000000 ) ) ;
#811 =( GEOMETRIC_REPRESENTATION_CONTEXT ( 3 ) GLOBAL_UNCERTAINTY_ASSIGNED_CONTEXT ( ( #3023 ) ) GLOBAL_UNIT_ASSIGNED_CONTEXT ( ( #1132, #1174, #1654 ) ) REPRESENTATION_CONTEXT ( 'NONE', 'WORKASPACE' ) );
#812 = VECTOR ( 'NONE', #6047, 1000.000000000000000 ) ;
#813 = CARTESIAN_POINT ( 'NONE',  ( 0.09728074415968639144, 0.2800000000000000266, -1.524999999999999911 ) ) ;
#814 = SURFACE_STYLE_FILL_AREA ( #3872 ) ;
#815 = ORIENTED_EDGE ( 'NONE', *, *, #6259, .F. ) ;
#816 = ORIENTED_EDGE ( 'NONE', *, *, #1554, .T. ) ;
#817 = CARTESIAN_POINT ( 'NONE',  ( -1.245000000000000773, -0.05000000000000000278, 1.054999999999999938 ) ) ;
#818 = DIRECTION ( 'NONE',  ( -1.000000000000000000, 0.000000000000000000, -0.000000000000000000 ) ) ;
#819 = VECTOR ( 'NONE', #873, 1000.000000000000000 ) ;
#820 = VERTEX_POINT ( 'NONE', #2626 ) ;
#821 = DIRECTION ( 'NONE',  ( 2.168404344971007685E-15, 1.000000000000000000, 0.000000000000000000 ) ) ;
#822 = STYLED_ITEM ( 'NONE', ( #6087 ), #2838 ) ;
#823 = VERTEX_POINT ( 'NONE', #3583 ) ;
#824 = VECTOR ( 'NONE', #5535, 1000.000000000000000 ) ;
#825 = CARTESIAN_POINT ( 'NONE',  ( -1.655000000000000693, -0.05000000000000000278, 0.1699999999999999289 ) ) ;
#826 = PRESENTATION_LAYER_ASSIGNMENT (  '', '', ( #5801 ) ) ;
#827 = LINE ( 'NONE', #6049, #5310 ) ;
#828 = ADVANCED_FACE ( 'NONE', ( #860 ), #2645, .F. ) ;
#829 = SURFACE_STYLE_USAGE ( .BOTH. , #4289 ) ;
#830 = PRESENTATION_STYLE_ASSIGNMENT (( #4912 ) ) ;
#831 = EDGE_CURVE ( 'NONE', #5841, #3508, #1159, .T. ) ;
#832 = CARTESIAN_POINT ( 'NONE',  ( 0.000000000000000000, 0.2800000000000000266, 0.000000000000000000 ) ) ;
#833 = CARTESIAN_POINT ( 'NONE',  ( 1.644999999999999352, -0.05000000000000000278, -0.1700000000000003453 ) ) ;
#834 = DIRECTION ( 'NONE',  ( 1.421904488505579654E-16, 0.000000000000000000, 1.000000000000000000 ) ) ;
#835 = VECTOR ( 'NONE', #4963, 1000.000000000000000 ) ;
#836 =( NAMED_UNIT ( * ) PLANE_ANGLE_UNIT ( ) SI_UNIT ( $, .RADIAN. ) );
#837 =( NAMED_UNIT ( * ) PLANE_ANGLE_UNIT ( ) SI_UNIT ( $, .RADIAN. ) );
#838 = DIRECTION ( 'NONE',  ( 1.000000000000000000, 0.000000000000000000, 0.000000000000000000 ) ) ;
#839 = FACE_OUTER_BOUND ( 'NONE', #4202, .T. ) ;
#840 = VERTEX_POINT ( 'NONE', #6044 ) ;
#841 = DIRECTION ( 'NONE',  ( -1.000000000000000000, 2.168404344971007685E-15, 2.279084804249487370E-16 ) ) ;
#842 = VERTEX_POINT ( 'NONE', #3112 ) ;
#843 = EDGE_CURVE ( 'NONE', #1735, #5531, #1548, .T. ) ;
#844 = PRESENTATION_STYLE_ASSIGNMENT (( #740 ) ) ;
#845 = ORIENTED_EDGE ( 'NONE', *, *, #1037, .F. ) ;
#846 = EDGE_CURVE ( 'NONE', #1043, #3821, #2700, .T. ) ;
#847 = FILL_AREA_STYLE ('',( #3768 ) ) ;
#848 = CARTESIAN_POINT ( 'NONE',  ( -1.245000000000000773, -0.05000000000000000278, 0.8199999999999998401 ) ) ;
#849 = LINE ( 'NONE', #5522, #3331 ) ;
#850 = VECTOR ( 'NONE', #112, 1000.000000000000000 ) ;
#851 = SURFACE_STYLE_USAGE ( .BOTH. , #304 ) ;
#852 = PRESENTATION_STYLE_ASSIGNMENT (( #3059 ) ) ;
#853 = FILL_AREA_STYLE ('',( #3776 ) ) ;
#854 = UNCERTAINTY_MEASURE_WITH_UNIT (LENGTH_MEASURE( 1.000000000000000082E-05 ), #4365, 'distance_accuracy_value', 'NONE');
#855 =( GEOMETRIC_REPRESENTATION_CONTEXT ( 3 ) GLOBAL_UNCERTAINTY_ASSIGNED_CONTEXT ( ( #5640 ) ) GLOBAL_UNIT_ASSIGNED_CONTEXT ( ( #6176, #289, #2751 ) ) REPRESENTATION_CONTEXT ( 'NONE', 'WORKASPACE' ) );
#856 = DIRECTION ( 'NONE',  ( -0.9945218953682734009, 0.1045284632676537068, 1.414115146941224259E-16 ) ) ;
#857 = DIRECTION ( 'NONE',  ( -0.1039620511844978890, 0.9891328443778537594, 0.1039620511844979167 ) ) ;
#858 =( NAMED_UNIT ( * ) PLANE_ANGLE_UNIT ( ) SI_UNIT ( $, .RADIAN. ) );
#859 = MECHANICAL_DESIGN_GEOMETRIC_PRESENTATION_REPRESENTATION (  '', ( #5195 ), #1755 ) ;
#860 = FACE_OUTER_BOUND ( 'NONE', #3376, .T. ) ;
#861 = CARTESIAN_POINT ( 'NONE',  ( 1.524999999999999245, 0.000000000000000000, -1.524999999999999911 ) ) ;
#862 = ADVANCED_FACE ( 'NONE', ( #1930 ), #389, .F. ) ;
#863 = ORIENTED_EDGE ( 'NONE', *, *, #3000, .F. ) ;
#864 = VECTOR ( 'NONE', #1168, 1000.000000000000000 ) ;
#865 =( NAMED_UNIT ( * ) SI_UNIT ( $, .STERADIAN. ) SOLID_ANGLE_UNIT ( ) );
#866 = AXIS2_PLACEMENT_3D ( 'NONE', #4452, #1510, #3960 ) ;
#867 = ORIENTED_EDGE ( 'NONE', *, *, #2116, .T. ) ;
#868 = ORIENTED_EDGE ( 'NONE', *, *, #2573, .F. ) ;
#869 = SURFACE_SIDE_STYLE ('',( #4145 ) ) ;
#870 = DIRECTION ( 'NONE',  ( -0.000000000000000000, -1.000000000000000000, -0.000000000000000000 ) ) ;
#871 = ORIENTED_EDGE ( 'NONE', *, *, #2169, .T. ) ;
#872 = DIRECTION ( 'NONE',  ( 0.000000000000000000, -0.000000000000000000, -1.000000000000000000 ) ) ;
#873 = DIRECTION ( 'NONE',  ( 1.000000000000000000, 0.000000000000000000, -2.521400401129077125E-15 ) ) ;
#874 = CARTESIAN_POINT ( 'NONE',  ( 0.2927192558403118872, -0.05000000000000000278, 1.382434901537152427 ) ) ;
#875 = FILL_AREA_STYLE ('',( #4299 ) ) ;
#876 = ORIENTED_EDGE ( 'NONE', *, *, #4258, .F. ) ;
#877 = SURFACE_STYLE_USAGE ( .BOTH. , #1331 ) ;
#878 = VERTEX_POINT ( 'NONE', #337 ) ;
#879 =( LENGTH_UNIT ( ) NAMED_UNIT ( * ) SI_UNIT ( .MILLI., .METRE. ) );
#880 = MECHANICAL_DESIGN_GEOMETRIC_PRESENTATION_REPRESENTATION (  '', ( #1006 ), #2537 ) ;
#881 = SURFACE_STYLE_FILL_AREA ( #539 ) ;
#882 = DIRECTION ( 'NONE',  ( 0.000000000000000000, -1.000000000000000000, 0.000000000000000000 ) ) ;
#883 = VERTEX_POINT ( 'NONE', #405 ) ;
#884 = FACE_OUTER_BOUND ( 'NONE', #6045, .T. ) ;
#885 = AXIS2_PLACEMENT_3D ( 'NONE', #4200, #5643, #5148 ) ;
#886 = EDGE_CURVE ( 'NONE', #1165, #2666, #6088, .T. ) ;
#887 = ORIENTED_EDGE ( 'NONE', *, *, #3863, .T. ) ;
#888 = CARTESIAN_POINT ( 'NONE',  ( -1.355080376768301731, 1.040000000000000036, 1.445120781198085735 ) ) ;
#889 = ADVANCED_FACE ( 'NONE', ( #20 ), #1292, .T. ) ;
#890 = EDGE_CURVE ( 'NONE', #1278, #2717, #775, .T. ) ;
#891 = EDGE_LOOP ( 'NONE', ( #1858, #1183, #2132, #5902, #863, #2592 ) ) ;
#892 = SURFACE_STYLE_FILL_AREA ( #4144 ) ;
#893 = ORIENTED_EDGE ( 'NONE', *, *, #4894, .F. ) ;
#894 =( NAMED_UNIT ( * ) PLANE_ANGLE_UNIT ( ) SI_UNIT ( $, .RADIAN. ) );
#895 = DIRECTION ( 'NONE',  ( 0.000000000000000000, 0.000000000000000000, 1.000000000000000000 ) ) ;
#896 = VECTOR ( 'NONE', #3100, 1000.000000000000000 ) ;
#897 = MECHANICAL_DESIGN_GEOMETRIC_PRESENTATION_REPRESENTATION (  '', ( #6179 ), #118 ) ;
#898 =( NAMED_UNIT ( * ) SI_UNIT ( $, .STERADIAN. ) SOLID_ANGLE_UNIT ( ) );
#899 = FILL_AREA_STYLE ('',( #2320 ) ) ;
#900 = VERTEX_POINT ( 'NONE', #3794 ) ;
#901 = PRESENTATION_STYLE_ASSIGNMENT (( #2630 ) ) ;
#902 = FILL_AREA_STYLE ('',( #381 ) ) ;
#903 = CARTESIAN_POINT ( 'NONE',  ( 1.214999999999998970, -0.05000000000000000278, -0.8199999999999992850 ) ) ;
#904 = SURFACE_STYLE_FILL_AREA ( #4436 ) ;
#905 = LINE ( 'NONE', #2558, #2676 ) ;
#906 = PRESENTATION_LAYER_ASSIGNMENT (  '', '', ( #1686 ) ) ;
#907 = VECTOR ( 'NONE', #1471, 1000.000000000000000 ) ;
#908 = CARTESIAN_POINT ( 'NONE',  ( 0.2927192558403119427, 0.2800000000000000266, 1.524999999999999911 ) ) ;
#909 =( GEOMETRIC_REPRESENTATION_CONTEXT ( 3 ) GLOBAL_UNCERTAINTY_ASSIGNED_CONTEXT ( ( #1710 ) ) GLOBAL_UNIT_ASSIGNED_CONTEXT ( ( #4165, #5649, #3675 ) ) REPRESENTATION_CONTEXT ( 'NONE', 'WORKASPACE' ) );
#910 = FACE_OUTER_BOUND ( 'NONE', #1266, .T. ) ;
#911 = ORIENTED_EDGE ( 'NONE', *, *, #5487, .T. ) ;
#912 =( GEOMETRIC_REPRESENTATION_CONTEXT ( 3 ) GLOBAL_UNCERTAINTY_ASSIGNED_CONTEXT ( ( #5837 ) ) GLOBAL_UNIT_ASSIGNED_CONTEXT ( ( #326, #395, #5330 ) ) REPRESENTATION_CONTEXT ( 'NONE', 'WORKASPACE' ) );
#913 = EDGE_CURVE ( 'NONE', #4756, #3966, #3252, .T. ) ;
#914 = SURFACE_STYLE_FILL_AREA ( #3634 ) ;
#915 = SURFACE_STYLE_USAGE ( .BOTH. , #437 ) ;
#916 = SURFACE_STYLE_USAGE ( .BOTH. , #439 ) ;
#917 = LINE ( 'NONE', #4558, #2932 ) ;
#918 = SURFACE_SIDE_STYLE ('',( #5495 ) ) ;
#919 = ORIENTED_EDGE ( 'NONE', *, *, #2032, .F. ) ;
#920 =( LENGTH_UNIT ( ) NAMED_UNIT ( * ) SI_UNIT ( .MILLI., .METRE. ) );
#921 = ADVANCED_FACE ( 'NONE', ( #5497 ), #2166, .T. ) ;
#922 = STYLED_ITEM ( 'NONE', ( #3760 ), #4151 ) ;
#923 = CARTESIAN_POINT ( 'NONE',  ( 1.355080376768301731, 0.9400000000000000577, 1.355080376768301731 ) ) ;
#924 = CARTESIAN_POINT ( 'NONE',  ( -1.425364213674966685, 0.2800047328646773637, -1.524999502555877573 ) ) ;
#925 = DIRECTION ( 'NONE',  ( 1.000000000000000000, 0.000000000000000000, 0.000000000000000000 ) ) ;
#926 = VECTOR ( 'NONE', #5119, 1000.000000000000000 ) ;
#927 = CARTESIAN_POINT ( 'NONE',  ( 1.524999999999999245, 0.2800000000000000266, -1.524999999999999911 ) ) ;
#928 = PRESENTATION_STYLE_ASSIGNMENT (( #5506 ) ) ;
#929 = EDGE_CURVE ( 'NONE', #2056, #1867, #4794, .T. ) ;
#930 = EDGE_CURVE ( 'NONE', #1867, #3961, #2866, .T. ) ;
#931 = PLANE ( 'NONE',  #2971 ) ;
#932 = SURFACE_STYLE_FILL_AREA ( #5057 ) ;
#933 = FILL_AREA_STYLE ('',( #390 ) ) ;
#934 = STYLED_ITEM ( 'NONE', ( #4759 ), #2043 ) ;
#935 = CARTESIAN_POINT ( 'NONE',  ( 0.09728074415968519795, 0.2800000000000000266, 1.524999999999999911 ) ) ;
#936 = LINE ( 'NONE', #1417, #4020 ) ;
#937 = EDGE_LOOP ( 'NONE', ( #4964, #2360, #1997, #2324 ) ) ;
#938 = PRESENTATION_STYLE_ASSIGNMENT (( #4636 ) ) ;
#939 =( NAMED_UNIT ( * ) SI_UNIT ( $, .STERADIAN. ) SOLID_ANGLE_UNIT ( ) );
#940 = FILL_AREA_STYLE ('',( #4343 ) ) ;
#941 = PLANE ( 'NONE',  #1877 ) ;
#942 = PRESENTATION_LAYER_ASSIGNMENT (  '', '', ( #618 ) ) ;
#943 = CARTESIAN_POINT ( 'NONE',  ( -1.245000000000000773, -0.05000000000000000278, 1.129999999999999893 ) ) ;
#944 = ORIENTED_EDGE ( 'NONE', *, *, #3209, .T. ) ;
#945 = DIRECTION ( 'NONE',  ( 0.000000000000000000, -0.000000000000000000, 1.000000000000000000 ) ) ;
#946 = ORIENTED_EDGE ( 'NONE', *, *, #2330, .T. ) ;
#947 = EDGE_LOOP ( 'NONE', ( #4095, #4479, #1991, #4252 ) ) ;
#948 = CARTESIAN_POINT ( 'NONE',  ( 0.01499999999999960566, -0.05000000000000000278, -1.054999999999999938 ) ) ;
#949 = AXIS2_PLACEMENT_3D ( 'NONE', #2946, #2459, #3940 ) ;
#950 = DIRECTION ( 'NONE',  ( -2.257529264754410598E-15, 0.000000000000000000, -1.000000000000000000 ) ) ;
#951 = DIRECTION ( 'NONE',  ( -2.180348522309848914E-15, 0.000000000000000000, -1.000000000000000000 ) ) ;
#952 = VERTEX_POINT ( 'NONE', #4699 ) ;
#953 =( NAMED_UNIT ( * ) SI_UNIT ( $, .STERADIAN. ) SOLID_ANGLE_UNIT ( ) );
#954 = EDGE_CURVE ( 'NONE', #3662, #5138, #5034, .T. ) ;
#955 = CARTESIAN_POINT ( 'NONE',  ( 0.2927192558403118872, 0.000000000000000000, 1.382434901537152427 ) ) ;
#956 =( LENGTH_UNIT ( ) NAMED_UNIT ( * ) SI_UNIT ( .MILLI., .METRE. ) );
#957 = VERTEX_POINT ( 'NONE', #2690 ) ;
#958 = UNCERTAINTY_MEASURE_WITH_UNIT (LENGTH_MEASURE( 1.000000000000000082E-05 ), #3784, 'distance_accuracy_value', 'NONE');
#959 = DIRECTION ( 'NONE',  ( 1.000000000000000000, 0.000000000000000000, 0.000000000000000000 ) ) ;
#960 = VERTEX_POINT ( 'NONE', #293 ) ;
#961 = PLANE ( 'NONE',  #5642 ) ;
#962 = PLANE ( 'NONE',  #5792 ) ;
#963 = PLANE ( 'NONE',  #3630 ) ;
#964 = FACE_OUTER_BOUND ( 'NONE', #2255, .T. ) ;
#965 = CARTESIAN_POINT ( 'NONE',  ( -1.655000000000000693, 0.2800000000000000266, -0.8200000000000000622 ) ) ;
#966 = APPLICATION_CONTEXT ( 'automotive_design' ) ;
#967 = SURFACE_STYLE_FILL_AREA ( #6203 ) ;
#968 = ORIENTED_EDGE ( 'NONE', *, *, #3895, .F. ) ;
#969 = EDGE_LOOP ( 'NONE', ( #647, #498, #3183, #5173, #3949, #5761, #2412, #5392, #5523, #3473, #3438, #2015, #2512, #1118, #3194, #5795, #685, #1798, #5065, #4809, #3240, #343, #5192, #449, #193, #2021, #534, #6040, #4832, #127, #2903, #4227 ) ) ;
#970 = SURFACE_STYLE_USAGE ( .BOTH. , #16 ) ;
#971 =( LENGTH_UNIT ( ) NAMED_UNIT ( * ) SI_UNIT ( .MILLI., .METRE. ) );
#972 = VERTEX_POINT ( 'NONE', #3680 ) ;
#973 = AXIS2_PLACEMENT_3D ( 'NONE', #1260, #4760, #265 ) ;
#974 = VECTOR ( 'NONE', #2647, 1000.000000000000000 ) ;
#975 = ORIENTED_EDGE ( 'NONE', *, *, #3979, .T. ) ;
#976 = DIRECTION ( 'NONE',  ( -0.000000000000000000, 1.000000000000000000, -0.000000000000000000 ) ) ;
#977 = SURFACE_STYLE_FILL_AREA ( #3012 ) ;
#978 = FILL_AREA_STYLE_COLOUR ( '', #3745 ) ;
#979 =( GEOMETRIC_REPRESENTATION_CONTEXT ( 3 ) GLOBAL_UNCERTAINTY_ASSIGNED_CONTEXT ( ( #522 ) ) GLOBAL_UNIT_ASSIGNED_CONTEXT ( ( #4915, #1499, #1527 ) ) REPRESENTATION_CONTEXT ( 'NONE', 'WORKASPACE' ) );
#980 = SURFACE_SIDE_STYLE ('',( #2308 ) ) ;
#981 = CARTESIAN_POINT ( 'NONE',  ( 1.425182107177187518, 0.2800000000000003042, -1.525000000000000133 ) ) ;
#982 =( LENGTH_UNIT ( ) NAMED_UNIT ( * ) SI_UNIT ( .MILLI., .METRE. ) );
#983 =( LENGTH_UNIT ( ) NAMED_UNIT ( * ) SI_UNIT ( .MILLI., .METRE. ) );
#984 = AXIS2_PLACEMENT_3D ( 'NONE', #466, #4881, #4410 ) ;
#985 = CARTESIAN_POINT ( 'NONE',  ( 0.09728074415968637756, 0.000000000000000000, -1.382434901537152649 ) ) ;
#986 = LINE ( 'NONE', #1928, #1072 ) ;
#987 =( NAMED_UNIT ( * ) SI_UNIT ( $, .STERADIAN. ) SOLID_ANGLE_UNIT ( ) );
#988 = CARTESIAN_POINT ( 'NONE',  ( -1.655000000000000693, -0.05000000000000000278, 1.129999999999999893 ) ) ;
#989 = VECTOR ( 'NONE', #3907, 1000.000000000000000 ) ;
#990 = ORIENTED_EDGE ( 'NONE', *, *, #1534, .F. ) ;
#991 = EDGE_LOOP ( 'NONE', ( #3602, #2126, #1349, #2280 ) ) ;
#992 =( LENGTH_UNIT ( ) NAMED_UNIT ( * ) SI_UNIT ( .MILLI., .METRE. ) );
#993 =( LENGTH_UNIT ( ) NAMED_UNIT ( * ) SI_UNIT ( .MILLI., .METRE. ) );
#994 = ORIENTED_EDGE ( 'NONE', *, *, #2167, .T. ) ;
#995 = SURFACE_STYLE_FILL_AREA ( #4174 ) ;
#996 = AXIS2_PLACEMENT_3D ( 'NONE', #565, #543, #3985 ) ;
#997 = LINE ( 'NONE', #1699, #624 ) ;
#998 = CARTESIAN_POINT ( 'NONE',  ( 0.000000000000000000, -0.05000000000000000278, 0.000000000000000000 ) ) ;
#999 = COLOUR_RGB ( '',0.000000000000000000, 0.000000000000000000, 0.000000000000000000 ) ;
#1000 =( NAMED_UNIT ( * ) PLANE_ANGLE_UNIT ( ) SI_UNIT ( $, .RADIAN. ) );
#1001 = DIRECTION ( 'NONE',  ( -5.042800802258159378E-16, 0.000000000000000000, -1.000000000000000000 ) ) ;
#1002 = FACE_OUTER_BOUND ( 'NONE', #1625, .T. ) ;
#1003 =( NAMED_UNIT ( * ) SI_UNIT ( $, .STERADIAN. ) SOLID_ANGLE_UNIT ( ) );
#1004 = COLOUR_RGB ( '',1.000000000000000000, 1.000000000000000000, 1.000000000000000000 ) ;
#1005 = CARTESIAN_POINT ( 'NONE',  ( -1.694381069558736392E-15, 0.000000000000000000, -1.119999999999997664 ) ) ;
#1006 = STYLED_ITEM ( 'NONE', ( #3994 ), #4777 ) ;
#1007 = SURFACE_STYLE_USAGE ( .BOTH. , #2413 ) ;
#1008 = PRESENTATION_STYLE_ASSIGNMENT (( #4781 ) ) ;
#1009 = SURFACE_STYLE_USAGE ( .BOTH. , #5528 ) ;
#1010 = CARTESIAN_POINT ( 'NONE',  ( 1.524999502555877573, 0.2800047328646771416, 1.425364213674966019 ) ) ;
#1011 = MECHANICAL_DESIGN_GEOMETRIC_PRESENTATION_REPRESENTATION (  '', ( #2210 ), #1466 ) ;
#1012 = EDGE_CURVE ( 'NONE', #1963, #4338, #4158, .T. ) ;
#1013 = EDGE_CURVE ( 'NONE', #2978, #268, #2547, .T. ) ;
#1014 = LINE ( 'NONE', #3783, #4800 ) ;
#1015 = ORIENTED_EDGE ( 'NONE', *, *, #5773, .F. ) ;
#1016 = LINE ( 'NONE', #4442, #6098 ) ;
#1017 =( LENGTH_UNIT ( ) NAMED_UNIT ( * ) SI_UNIT ( .MILLI., .METRE. ) );
#1018 = VERTEX_POINT ( 'NONE', #817 ) ;
#1019 = DIRECTION ( 'NONE',  ( -1.421904488505579654E-16, 0.000000000000000000, -1.000000000000000000 ) ) ;
#1020 = LINE ( 'NONE', #4224, #4808 ) ;
#1021 = VERTEX_POINT ( 'NONE', #1753 ) ;
#1022 = DIRECTION ( 'NONE',  ( -6.078159177229446441E-16, 0.000000000000000000, -1.000000000000000000 ) ) ;
#1023 =( BOUNDED_CURVE ( )  B_SPLINE_CURVE ( 3, ( #2007, #4525, #1575, #2070 ),
 .UNSPECIFIED., .F., .F. ) 
 B_SPLINE_CURVE_WITH_KNOTS ( ( 4, 4 ),
 ( 6.277722098658047756, 6.283185307179586232 ),
 .UNSPECIFIED. ) 
 CURVE ( )  GEOMETRIC_REPRESENTATION_ITEM ( )  RATIONAL_B_SPLINE_CURVE ( ( 1.000000000000000000, 0.9999975127809339615, 0.9999975127809339615, 1.000000000000000000 ) ) 
 REPRESENTATION_ITEM ( '' )  );
#1024 = VERTEX_POINT ( 'NONE', #3738 ) ;
#1025 = CARTESIAN_POINT ( 'NONE',  ( 1.214999999999999192, 0.2800000000000000266, 0.000000000000000000 ) ) ;
#1026 = PRESENTATION_LAYER_ASSIGNMENT (  '', '', ( #2763 ) ) ;
#1027 = DIRECTION ( 'NONE',  ( -1.000000000000000000, -0.000000000000000000, 1.764980280790355881E-15 ) ) ;
#1028 =( NAMED_UNIT ( * ) SI_UNIT ( $, .STERADIAN. ) SOLID_ANGLE_UNIT ( ) );
#1029 = MECHANICAL_DESIGN_GEOMETRIC_PRESENTATION_REPRESENTATION (  '', ( #6331 ), #5586 ) ;
#1030 = ORIENTED_EDGE ( 'NONE', *, *, #5271, .F. ) ;
#1031 = SURFACE_STYLE_USAGE ( .BOTH. , #3981 ) ;
#1032 = MECHANICAL_DESIGN_GEOMETRIC_PRESENTATION_REPRESENTATION (  '', ( #5589 ), #5056 ) ;
#1033 = SURFACE_STYLE_FILL_AREA ( #3668 ) ;
#1034 = CARTESIAN_POINT ( 'NONE',  ( 1.214999999999998970, 0.2800000000000000266, -0.8199999999999992850 ) ) ;
#1035 = ORIENTED_EDGE ( 'NONE', *, *, #345, .F. ) ;
#1036 = PRESENTATION_LAYER_ASSIGNMENT (  '', '', ( #5354 ) ) ;
#1037 = EDGE_CURVE ( 'NONE', #2696, #1432, #3412, .T. ) ;
#1038 = CARTESIAN_POINT ( 'NONE',  ( -1.426622700477124583, 0.2593202583322915533, 1.426622700477124361 ) ) ;
#1039 = SURFACE_SIDE_STYLE ('',( #2267 ) ) ;
#1040 = UNCERTAINTY_MEASURE_WITH_UNIT (LENGTH_MEASURE( 1.000000000000000082E-05 ), #1757, 'distance_accuracy_value', 'NONE');
#1041 = VERTEX_POINT ( 'NONE', #251 ) ;
#1042 = PRESENTATION_STYLE_ASSIGNMENT (( #4940 ) ) ;
#1043 = VERTEX_POINT ( 'NONE', #5194 ) ;
#1044 = CARTESIAN_POINT ( 'NONE',  ( -1.525000000000000133, 0.2800000000000000266, 1.524999999999999911 ) ) ;
#1045 = ORIENTED_EDGE ( 'NONE', *, *, #2004, .F. ) ;
#1046 = CARTESIAN_POINT ( 'NONE',  ( -1.493110160350163307, 0.5834115568152662412, 1.393657970813335423 ) ) ;
#1047 = UNCERTAINTY_MEASURE_WITH_UNIT (LENGTH_MEASURE( 1.000000000000000082E-05 ), #489, 'distance_accuracy_value', 'NONE');
#1048 = ORIENTED_EDGE ( 'NONE', *, *, #3484, .T. ) ;
#1049 = COLOUR_RGB ( '',0.000000000000000000, 0.000000000000000000, 0.000000000000000000 ) ;
#1050 = CARTESIAN_POINT ( 'NONE',  ( 1.424999999999999822, 0.000000000000000000, 1.424999999999999600 ) ) ;
#1051 = UNCERTAINTY_MEASURE_WITH_UNIT (LENGTH_MEASURE( 1.000000000000000082E-05 ), #3883, 'distance_accuracy_value', 'NONE');
#1052 = ORIENTED_EDGE ( 'NONE', *, *, #6337, .F. ) ;
#1053 = VECTOR ( 'NONE', #1139, 1000.000000000000000 ) ;
#1054 = EDGE_CURVE ( 'NONE', #840, #3057, #3558, .T. ) ;
#1055 = DIRECTION ( 'NONE',  ( 0.9397244392936384694, 0.000000000000000000, 0.3419327100384764728 ) ) ;
#1056 = EDGE_CURVE ( 'NONE', #3266, #4959, #5177, .T. ) ;
#1057 = DIRECTION ( 'NONE',  ( -0.2588190451025173533, 0.000000000000000000, -0.9659258262890692004 ) ) ;
#1058 = ORIENTED_EDGE ( 'NONE', *, *, #1808, .F. ) ;
#1059 = PRESENTATION_STYLE_ASSIGNMENT (( #1701 ) ) ;
#1060 = PRESENTATION_STYLE_ASSIGNMENT (( #3861 ) ) ;
#1061 = FILL_AREA_STYLE ('',( #134 ) ) ;
#1062 = COLOUR_RGB ( '',1.000000000000000000, 1.000000000000000000, 1.000000000000000000 ) ;
#1063 = PRESENTATION_LAYER_ASSIGNMENT (  '', '', ( #5413 ) ) ;
#1064 =( LENGTH_UNIT ( ) NAMED_UNIT ( * ) SI_UNIT ( .MILLI., .METRE. ) );
#1065 = LINE ( 'NONE', #2546, #6315 ) ;
#1066 =( NAMED_UNIT ( * ) SI_UNIT ( $, .STERADIAN. ) SOLID_ANGLE_UNIT ( ) );
#1067 = AXIS2_PLACEMENT_3D ( 'NONE', #3178, #1620, #4081 ) ;
#1068 = CARTESIAN_POINT ( 'NONE',  ( 0.2927192558403129974, 0.2800000000000000266, -1.524999999999999911 ) ) ;
#1069 = VECTOR ( 'NONE', #5381, 1000.000000000000000 ) ;
#1070 = CARTESIAN_POINT ( 'NONE',  ( 1.214999999999998970, -0.05000000000000000278, -1.119999999999999440 ) ) ;
#1071 = VERTEX_POINT ( 'NONE', #5571 ) ;
#1072 = VECTOR ( 'NONE', #2889, 1000.000000000000000 ) ;
#1073 = CARTESIAN_POINT ( 'NONE',  ( 0.01499999999999937668, -0.05000000000000000278, -1.156304952865601310 ) ) ;
#1074 = LINE ( 'NONE', #4708, #1140 ) ;
#1075 = PRESENTATION_LAYER_ASSIGNMENT (  '', '', ( #6280 ) ) ;
#1076 = CARTESIAN_POINT ( 'NONE',  ( 0.01499999999999986067, 0.2800000000000000266, 1.156304952865600644 ) ) ;
#1077 = SURFACE_SIDE_STYLE ('',( #4314 ) ) ;
#1078 = EDGE_CURVE ( 'NONE', #5896, #960, #3099, .T. ) ;
#1079 = PRESENTATION_STYLE_ASSIGNMENT (( #2090 ) ) ;
#1080 = ORIENTED_EDGE ( 'NONE', *, *, #5271, .T. ) ;
#1081 = FACE_OUTER_BOUND ( 'NONE', #3187, .T. ) ;
#1082 = FACE_OUTER_BOUND ( 'NONE', #4546, .T. ) ;
#1083 = SURFACE_STYLE_FILL_AREA ( #2193 ) ;
#1084 = VECTOR ( 'NONE', #2147, 1000.000000000000000 ) ;
#1085 = DIRECTION ( 'NONE',  ( 0.9945218953682734009, 0.1045284632676538733, 0.000000000000000000 ) ) ;
#1086 =( LENGTH_UNIT ( ) NAMED_UNIT ( * ) SI_UNIT ( .MILLI., .METRE. ) );
#1087 = FACE_OUTER_BOUND ( 'NONE', #3300, .T. ) ;
#1088 = STYLED_ITEM ( 'NONE', ( #2742 ), #4037 ) ;
#1089 = FILL_AREA_STYLE_COLOUR ( '', #1127 ) ;
#1090 = PLANE ( 'NONE',  #5189 ) ;
#1091 = ORIENTED_EDGE ( 'NONE', *, *, #4313, .T. ) ;
#1092 = CARTESIAN_POINT ( 'NONE',  ( 0.01499999999999937668, 0.2800000000000000266, -1.156304952865601310 ) ) ;
#1093 = DIRECTION ( 'NONE',  ( -0.000000000000000000, 1.000000000000000000, -0.000000000000000000 ) ) ;
#1094 = MECHANICAL_DESIGN_GEOMETRIC_PRESENTATION_REPRESENTATION (  '', ( #2966 ), #4645 ) ;
#1096 = VERTEX_POINT ( 'NONE', #1538 ) ;
#1095 = CARTESIAN_POINT ( 'NONE',  ( -1.245000000000000773, 0.2800000000000000266, -1.054999999999999938 ) ) ;
#1097 = CARTESIAN_POINT ( 'NONE',  ( -1.245000000000000551, 0.2800000000000000266, -0.4800000000000000377 ) ) ;
#1098 = VERTEX_POINT ( 'NONE', #4770 ) ;
#1099 =( NAMED_UNIT ( * ) PLANE_ANGLE_UNIT ( ) SI_UNIT ( $, .RADIAN. ) );
#1100 = DIRECTION ( 'NONE',  ( 0.1039620511844979722, -0.9891328443778539814, 0.1039620511844979445 ) ) ;
#1101 = AXIS2_PLACEMENT_3D ( 'NONE', #2972, #3972, #5870 ) ;
#1102 = ORIENTED_EDGE ( 'NONE', *, *, #1554, .F. ) ;
#1103 = ADVANCED_FACE ( 'NONE', ( #1763 ), #1309, .F. ) ;
#1104 = FILL_AREA_STYLE ('',( #1605 ) ) ;
#1105 =( LENGTH_UNIT ( ) NAMED_UNIT ( * ) SI_UNIT ( .MILLI., .METRE. ) );
#1106 = CARTESIAN_POINT ( 'NONE',  ( 0.01499999999999986067, 0.2800000000000000266, 1.156304952865600644 ) ) ;
#1107 = DIRECTION ( 'NONE',  ( 1.000000000000000000, 0.000000000000000000, -2.525088288725319983E-15 ) ) ;
#1108 = ORIENTED_EDGE ( 'NONE', *, *, #6005, .T. ) ;
#1109 = DIRECTION ( 'NONE',  ( 2.257529264754410598E-15, 0.000000000000000000, 1.000000000000000000 ) ) ;
#1110 = PRESENTATION_STYLE_ASSIGNMENT (( #5583 ) ) ;
#1111 = SURFACE_SIDE_STYLE ('',( #4076 ) ) ;
#1112 = EDGE_LOOP ( 'NONE', ( #3672, #3283, #784, #3294 ) ) ;
#1113 = DIRECTION ( 'NONE',  ( 0.9945218953682734009, -0.1045284632676538733, 0.000000000000000000 ) ) ;
#1114 = CARTESIAN_POINT ( 'NONE',  ( 1.644999999999999574, -0.05000000000000000278, -1.120000000000000107 ) ) ;
#1115 = ADVANCED_FACE ( 'NONE', ( #4394 ), #4296, .F. ) ;
#1116 = EDGE_CURVE ( 'NONE', #6076, #4669, #4633, .T. ) ;
#1117 = COLOUR_RGB ( '',0.000000000000000000, 0.000000000000000000, 0.000000000000000000 ) ;
#1118 = ORIENTED_EDGE ( 'NONE', *, *, #1158, .F. ) ;
#1119 = ORIENTED_EDGE ( 'NONE', *, *, #2236, .T. ) ;
#1120 = LINE ( 'NONE', #377, #5918 ) ;
#1121 = VERTEX_POINT ( 'NONE', #813 ) ;
#1122 = CARTESIAN_POINT ( 'NONE',  ( -1.245000000000000773, 0.2800000000000000266, 0.4799999999999999822 ) ) ;
#1123 = ORIENTED_EDGE ( 'NONE', *, *, #2006, .F. ) ;
#1124 = PRESENTATION_LAYER_ASSIGNMENT (  '', '', ( #3574 ) ) ;
#1125 = CARTESIAN_POINT ( 'NONE',  ( -1.525000000000000133, 0.000000000000000000, 1.524999999999999911 ) ) ;
#1126 = DIRECTION ( 'NONE',  ( 0.000000000000000000, -0.000000000000000000, 1.000000000000000000 ) ) ;
#1127 = COLOUR_RGB ( '',0.000000000000000000, 0.000000000000000000, 0.000000000000000000 ) ;
#1128 = VECTOR ( 'NONE', #2771, 1000.000000000000000 ) ;
#1129 =( LENGTH_UNIT ( ) NAMED_UNIT ( * ) SI_UNIT ( .MILLI., .METRE. ) );
#1130 = COLOUR_RGB ( '',0.000000000000000000, 0.000000000000000000, 0.000000000000000000 ) ;
#1131 = EDGE_CURVE ( 'NONE', #6076, #1229, #4166, .T. ) ;
#1132 =( LENGTH_UNIT ( ) NAMED_UNIT ( * ) SI_UNIT ( .MILLI., .METRE. ) );
#1133 = EDGE_CURVE ( 'NONE', #1021, #5078, #5113, .T. ) ;
#1134 = LINE ( 'NONE', #888, #3902 ) ;
#1135 = ADVANCED_FACE ( 'NONE', ( #235 ), #4787, .T. ) ;
#1136 = DIRECTION ( 'NONE',  ( -0.000000000000000000, -1.000000000000000000, -0.000000000000000000 ) ) ;
#1137 =( NAMED_UNIT ( * ) PLANE_ANGLE_UNIT ( ) SI_UNIT ( $, .RADIAN. ) );
#1138 = PRESENTATION_STYLE_ASSIGNMENT (( #1442 ) ) ;
#1139 = DIRECTION ( 'NONE',  ( -0.000000000000000000, 1.000000000000000000, -0.000000000000000000 ) ) ;
#1140 = VECTOR ( 'NONE', #3268, 1000.000000000000000 ) ;
#1141 = FACE_OUTER_BOUND ( 'NONE', #5099, .T. ) ;
#1142 = ORIENTED_EDGE ( 'NONE', *, *, #5447, .F. ) ;
#1143 = SURFACE_STYLE_FILL_AREA ( #1864 ) ;
#1144 = AXIS2_PLACEMENT_3D ( 'NONE', #3823, #3371, #872 ) ;
#1145 = VERTEX_POINT ( 'NONE', #2271 ) ;
#1146 = VERTEX_POINT ( 'NONE', #2319 ) ;
#1147 = ADVANCED_FACE ( 'NONE', ( #776 ), #1772, .F. ) ;
#1148 = PLANE ( 'NONE',  #2355 ) ;
#1149 = LINE ( 'NONE', #6138, #2160 ) ;
#1150 =( GEOMETRIC_REPRESENTATION_CONTEXT ( 3 ) GLOBAL_UNCERTAINTY_ASSIGNED_CONTEXT ( ( #5368 ) ) GLOBAL_UNIT_ASSIGNED_CONTEXT ( ( #2716, #2158, #6115 ) ) REPRESENTATION_CONTEXT ( 'NONE', 'WORKASPACE' ) );
#1151 = SURFACE_STYLE_USAGE ( .BOTH. , #4580 ) ;
#1152 = SURFACE_SIDE_STYLE ('',( #5474 ) ) ;
#1153 = UNCERTAINTY_MEASURE_WITH_UNIT (LENGTH_MEASURE( 1.000000000000000082E-05 ), #5596, 'distance_accuracy_value', 'NONE');
#1154 = VECTOR ( 'NONE', #3433, 1000.000000000000000 ) ;
#1155 = MECHANICAL_DESIGN_GEOMETRIC_PRESENTATION_REPRESENTATION (  '', ( #2266 ), #1488 ) ;
#1156 = DIRECTION ( 'NONE',  ( 0.000000000000000000, 0.000000000000000000, -1.000000000000000000 ) ) ;
#1157 = SURFACE_STYLE_FILL_AREA ( #902 ) ;
#1158 = EDGE_CURVE ( 'NONE', #1995, #268, #6264, .T. ) ;
#1159 = LINE ( 'NONE', #4584, #5641 ) ;
#1160 = PRESENTATION_STYLE_ASSIGNMENT (( #1356 ) ) ;
#1161 = CARTESIAN_POINT ( 'NONE',  ( -1.655000000000000471, 0.2800000000000000266, -1.129999999999999893 ) ) ;
#1162 = DIRECTION ( 'NONE',  ( 1.000000000000000000, 0.000000000000000000, 0.000000000000000000 ) ) ;
#1163 = LINE ( 'NONE', #1367, #5425 ) ;
#1164 = FILL_AREA_STYLE ('',( #3547 ) ) ;
#1165 = VERTEX_POINT ( 'NONE', #3756 ) ;
#1166 = LINE ( 'NONE', #1629, #3184 ) ;
#1167 = AXIS2_PLACEMENT_3D ( 'NONE', #6095, #2197, #4703 ) ;
#1168 = DIRECTION ( 'NONE',  ( -0.000000000000000000, -0.000000000000000000, 1.000000000000000000 ) ) ;
#1169 = ORIENTED_EDGE ( 'NONE', *, *, #5225, .T. ) ;
#1170 = EDGE_CURVE ( 'NONE', #5539, #5841, #2711, .T. ) ;
#1171 = EDGE_CURVE ( 'NONE', #2976, #1278, #1014, .T. ) ;
#1172 = DIRECTION ( 'NONE',  ( -1.000000000000000000, 0.000000000000000000, 0.000000000000000000 ) ) ;
#1173 = ORIENTED_EDGE ( 'NONE', *, *, #3611, .T. ) ;
#1174 =( NAMED_UNIT ( * ) PLANE_ANGLE_UNIT ( ) SI_UNIT ( $, .RADIAN. ) );
#1175 =( LENGTH_UNIT ( ) NAMED_UNIT ( * ) SI_UNIT ( .MILLI., .METRE. ) );
#1176 = VERTEX_POINT ( 'NONE', #2805 ) ;
#1177 = PRESENTATION_LAYER_ASSIGNMENT (  '', '', ( #4399 ) ) ;
#1178 = UNCERTAINTY_MEASURE_WITH_UNIT (LENGTH_MEASURE( 1.000000000000000082E-05 ), #5553, 'distance_accuracy_value', 'NONE');
#1179 = CARTESIAN_POINT ( 'NONE',  ( 1.644999999999999574, 0.2800000000000000266, -0.8200000000000003952 ) ) ;
#1180 = ADVANCED_FACE ( 'NONE', ( #6096 ), #3715, .F. ) ;
#1181 = CARTESIAN_POINT ( 'NONE',  ( 1.644999999999999574, -0.05000000000000000278, 1.129999999999999671 ) ) ;
#1182 = AXIS2_PLACEMENT_3D ( 'NONE', #1050, #4536, #2038 ) ;
#1183 = ORIENTED_EDGE ( 'NONE', *, *, #4472, .F. ) ;
#1184 = ORIENTED_EDGE ( 'NONE', *, *, #3277, .F. ) ;
#1185 = PLANE ( 'NONE',  #2358 ) ;
#1186 =( NAMED_UNIT ( * ) PLANE_ANGLE_UNIT ( ) SI_UNIT ( $, .RADIAN. ) );
#1187 = CARTESIAN_POINT ( 'NONE',  ( -1.245000000000000551, 0.2800000000000000266, -0.8200000000000000622 ) ) ;
#1188 = UNCERTAINTY_MEASURE_WITH_UNIT (LENGTH_MEASURE( 1.000000000000000082E-05 ), #1810, 'distance_accuracy_value', 'NONE');
#1189 = MECHANICAL_DESIGN_GEOMETRIC_PRESENTATION_REPRESENTATION (  '', ( #6280 ), #1405 ) ;
#1190 = ORIENTED_EDGE ( 'NONE', *, *, #1170, .T. ) ;
#1191 = DIRECTION ( 'NONE',  ( -0.000000000000000000, 1.000000000000000000, -0.000000000000000000 ) ) ;
#1192 = VERTEX_POINT ( 'NONE', #1329 ) ;
#1193 = ORIENTED_EDGE ( 'NONE', *, *, #2212, .T. ) ;
#1194 = ORIENTED_EDGE ( 'NONE', *, *, #4019, .F. ) ;
#1195 =( NAMED_UNIT ( * ) PLANE_ANGLE_UNIT ( ) SI_UNIT ( $, .RADIAN. ) );
#1196 = CARTESIAN_POINT ( 'NONE',  ( -1.245000000000000551, 0.2800000000000000266, -0.4800000000000000377 ) ) ;
#1197 = SURFACE_STYLE_FILL_AREA ( #465 ) ;
#1198 = ORIENTED_EDGE ( 'NONE', *, *, #3387, .F. ) ;
#1199 = LINE ( 'NONE', #1196, #3384 ) ;
#1200 = ORIENTED_EDGE ( 'NONE', *, *, #715, .T. ) ;
#1201 = LINE ( 'NONE', #5103, #736 ) ;
#1202 = DIRECTION ( 'NONE',  ( -0.000000000000000000, -1.000000000000000000, -0.000000000000000000 ) ) ;
#1203 = CARTESIAN_POINT ( 'NONE',  ( -1.245000000000000773, -0.05000000000000000278, -1.054999999999999938 ) ) ;
#1204 =( GEOMETRIC_REPRESENTATION_CONTEXT ( 3 ) GLOBAL_UNCERTAINTY_ASSIGNED_CONTEXT ( ( #1847 ) ) GLOBAL_UNIT_ASSIGNED_CONTEXT ( ( #992, #3527, #5940 ) ) REPRESENTATION_CONTEXT ( 'NONE', 'WORKASPACE' ) );
#1205 = ORIENTED_EDGE ( 'NONE', *, *, #4221, .T. ) ;
#1206 = CARTESIAN_POINT ( 'NONE',  ( -1.355080376768301731, 1.040000000000000036, 1.355080376768301509 ) ) ;
#1207 = VECTOR ( 'NONE', #4652, 1000.000000000000114 ) ;
#1208 = LINE ( 'NONE', #4945, #4524 ) ;
#1209 = DIRECTION ( 'NONE',  ( -0.000000000000000000, 1.000000000000000000, -0.000000000000000000 ) ) ;
#1210 = LINE ( 'NONE', #3439, #1903 ) ;
#1211 = STYLED_ITEM ( 'NONE', ( #5400 ), #4877 ) ;
#1212 = DIRECTION ( 'NONE',  ( -0.000000000000000000, -1.000000000000000000, -0.000000000000000000 ) ) ;
#1213 = SURFACE_SIDE_STYLE ('',( #4704 ) ) ;
#1214 = VECTOR ( 'NONE', #3797, 1000.000000000000227 ) ;
#1215 = CARTESIAN_POINT ( 'NONE',  ( -1.524998507671344372, 0.2800141985587165649, 1.425546318134516710 ) ) ;
#1216 = PRESENTATION_LAYER_ASSIGNMENT (  '', '', ( #2003 ) ) ;
#1217 = EDGE_CURVE ( 'NONE', #6105, #2252, #1703, .T. ) ;
#1218 = CARTESIAN_POINT ( 'NONE',  ( -1.525000000000000577, 0.2800000000000000266, -1.524999999999999911 ) ) ;
#1219 = EDGE_CURVE ( 'NONE', #3034, #3347, #2401, .T. ) ;
#1220 = PLANE ( 'NONE',  #2901 ) ;
#1221 = VERTEX_POINT ( 'NONE', #4361 ) ;
#1222 = FILL_AREA_STYLE_COLOUR ( '', #1993 ) ;
#1223 = ORIENTED_EDGE ( 'NONE', *, *, #2458, .T. ) ;
#1224 = DIRECTION ( 'NONE',  ( 0.000000000000000000, 0.000000000000000000, -1.000000000000000000 ) ) ;
#1225 =( LENGTH_UNIT ( ) NAMED_UNIT ( * ) SI_UNIT ( .MILLI., .METRE. ) );
#1226 = SURFACE_STYLE_FILL_AREA ( #4812 ) ;
#1227 = CARTESIAN_POINT ( 'NONE',  ( -1.655000000000000693, 0.2800000000000000266, 1.129999999999999893 ) ) ;
#1228 = LINE ( 'NONE', #6177, #3926 ) ;
#1229 = VERTEX_POINT ( 'NONE', #4385 ) ;
#1230 = SURFACE_STYLE_FILL_AREA ( #2675 ) ;
#1231 = DIRECTION ( 'NONE',  ( -1.322197771323786623E-16, 0.000000000000000000, 1.000000000000000000 ) ) ;
#1232 = PRESENTATION_LAYER_ASSIGNMENT (  '', '', ( #692 ) ) ;
#1233 = VECTOR ( 'NONE', #746, 1000.000000000000000 ) ;
#1234 = VECTOR ( 'NONE', #4975, 1000.000000000000000 ) ;
#1235 = CARTESIAN_POINT ( 'NONE',  ( 0.000000000000000000, 0.2800000000000000266, 0.000000000000000000 ) ) ;
#1236 = UNCERTAINTY_MEASURE_WITH_UNIT (LENGTH_MEASURE( 1.000000000000000082E-05 ), #3531, 'distance_accuracy_value', 'NONE');
#1237 = SURFACE_SIDE_STYLE ('',( #3620 ) ) ;
#1238 = CARTESIAN_POINT ( 'NONE',  ( 0.09728074415968514244, 0.2800000000000000266, 1.382434901537152427 ) ) ;
#1239 = CARTESIAN_POINT ( 'NONE',  ( -1.525000000000000133, 0.2800000000000000266, 1.524999999999999911 ) ) ;
#1240 = EDGE_CURVE ( 'NONE', #4961, #6298, #5959, .T. ) ;
#1241 = DIRECTION ( 'NONE',  ( -1.000000000000000000, 0.000000000000000000, -0.000000000000000000 ) ) ;
#1242 = UNCERTAINTY_MEASURE_WITH_UNIT (LENGTH_MEASURE( 1.000000000000000082E-05 ), #5167, 'distance_accuracy_value', 'NONE');
#1243 =( BOUNDED_CURVE ( )  B_SPLINE_CURVE ( 3, ( #4448, #1572, #2024, #97 ),
 .UNSPECIFIED., .F., .F. ) 
 B_SPLINE_CURVE_WITH_KNOTS ( ( 4, 4 ),
 ( 0.000000000000000000, 0.005463208521535924470 ),
 .UNSPECIFIED. ) 
 CURVE ( )  GEOMETRIC_REPRESENTATION_ITEM ( )  RATIONAL_B_SPLINE_CURVE ( ( 1.000000000000000000, 0.9999975127809339615, 0.9999975127809339615, 1.000000000000000000 ) ) 
 REPRESENTATION_ITEM ( '' )  );
#1244 = CARTESIAN_POINT ( 'NONE',  ( 0.3549999999999997602, 0.2800000000000000266, -1.149999999999999911 ) ) ;
#1245 = ADVANCED_FACE ( 'NONE', ( #391 ), #4554, .T. ) ;
#1246 = FILL_AREA_STYLE_COLOUR ( '', #124 ) ;
#1247 = ORIENTED_EDGE ( 'NONE', *, *, #2921, .T. ) ;
#1248 = CIRCLE ( 'NONE', #4085, 0.1000000000000000472 ) ;
#1249 = PRESENTATION_LAYER_ASSIGNMENT (  '', '', ( #1628 ) ) ;
#1250 = VERTEX_POINT ( 'NONE', #2888 ) ;
#1251 =( LENGTH_UNIT ( ) NAMED_UNIT ( * ) SI_UNIT ( .MILLI., .METRE. ) );
#1252 = EDGE_CURVE ( 'NONE', #5766, #2737, #6257, .T. ) ;
#1253 = EDGE_CURVE ( 'NONE', #274, #1777, #5725, .T. ) ;
#1254 = SURFACE_STYLE_USAGE ( .BOTH. , #4178 ) ;
#1255 = EDGE_LOOP ( 'NONE', ( #60, #2222, #887, #1567, #6111, #4751, #4262, #6184, #4801, #4435, #4535, #3241, #1332, #2460, #4649, #5246, #1169, #1596, #1508, #764, #2898, #3166, #5135, #4091, #4279, #221, #1854, #5219, #3724, #1722, #4194, #499 ) ) ;
#1256 = CARTESIAN_POINT ( 'NONE',  ( -1.655000000000000471, -0.05000000000000000278, -1.129999999999999893 ) ) ;
#1257 = CARTESIAN_POINT ( 'NONE',  ( -1.525000000000000577, 0.000000000000000000, -1.524999999999999911 ) ) ;
#1258 = CARTESIAN_POINT ( 'NONE',  ( -1.245000000000000773, 0.2800000000000000266, -1.054999999999999938 ) ) ;
#1259 =( GEOMETRIC_REPRESENTATION_CONTEXT ( 3 ) GLOBAL_UNCERTAINTY_ASSIGNED_CONTEXT ( ( #4840 ) ) GLOBAL_UNIT_ASSIGNED_CONTEXT ( ( #4973, #501, #6339 ) ) REPRESENTATION_CONTEXT ( 'NONE', 'WORKASPACE' ) );
#1260 = CARTESIAN_POINT ( 'NONE',  ( -1.655000000000000693, 0.2800000000000000266, 1.129999999999999893 ) ) ;
#1261 = DIRECTION ( 'NONE',  ( -0.000000000000000000, -1.000000000000000000, -0.000000000000000000 ) ) ;
#1262 = ORIENTED_EDGE ( 'NONE', *, *, #4101, .F. ) ;
#1263 = DIRECTION ( 'NONE',  ( 0.000000000000000000, 0.000000000000000000, -1.000000000000000000 ) ) ;
#1264 =( NAMED_UNIT ( * ) PLANE_ANGLE_UNIT ( ) SI_UNIT ( $, .RADIAN. ) );
#1265 = PRESENTATION_STYLE_ASSIGNMENT (( #592 ) ) ;
#1266 = EDGE_LOOP ( 'NONE', ( #5816, #3898, #4988, #713 ) ) ;
#1267 = CARTESIAN_POINT ( 'NONE',  ( 1.524999999999999245, 0.2800000000000000266, -1.424999999999999822 ) ) ;
#1268 =( GEOMETRIC_REPRESENTATION_CONTEXT ( 3 ) GLOBAL_UNCERTAINTY_ASSIGNED_CONTEXT ( ( #1990 ) ) GLOBAL_UNIT_ASSIGNED_CONTEXT ( ( #5379, #858, #4811 ) ) REPRESENTATION_CONTEXT ( 'NONE', 'WORKASPACE' ) );
#1269 = DIRECTION ( 'NONE',  ( 1.000000000000000000, 0.000000000000000000, 1.322197771323786623E-16 ) ) ;
#1270 = STYLED_ITEM ( 'NONE', ( #4372 ), #5858 ) ;
#1271 = ORIENTED_EDGE ( 'NONE', *, *, #2495, .F. ) ;
#1272 = ORIENTED_EDGE ( 'NONE', *, *, #4845, .T. ) ;
#1273 =( NAMED_UNIT ( * ) PLANE_ANGLE_UNIT ( ) SI_UNIT ( $, .RADIAN. ) );
#1274 = ADVANCED_FACE ( 'NONE', ( #4471 ), #1927, .F. ) ;
#1275 = FILL_AREA_STYLE_COLOUR ( '', #319 ) ;
#1276 =( NAMED_UNIT ( * ) PLANE_ANGLE_UNIT ( ) SI_UNIT ( $, .RADIAN. ) );
#1277 = STYLED_ITEM ( 'NONE', ( #1110 ), #305 ) ;
#1278 = VERTEX_POINT ( 'NONE', #2909 ) ;
#1279 = EDGE_CURVE ( 'NONE', #3658, #4727, #5347, .T. ) ;
#1280 = FACE_OUTER_BOUND ( 'NONE', #2487, .T. ) ;
#1281 = ORIENTED_EDGE ( 'NONE', *, *, #3209, .F. ) ;
#1282 = FILL_AREA_STYLE_COLOUR ( '', #1438 ) ;
#1283 = LINE ( 'NONE', #1257, #4134 ) ;
#1284 = CARTESIAN_POINT ( 'NONE',  ( -1.245000000000000773, 0.2800000000000000266, 1.129999999999999893 ) ) ;
#1285 = LINE ( 'NONE', #4107, #1207 ) ;
#1286 = FILL_AREA_STYLE ('',( #4188 ) ) ;
#1287 = CARTESIAN_POINT ( 'NONE',  ( 1.644999999999999574, 0.2800000000000000266, 1.129999999999999671 ) ) ;
#1288 =( GEOMETRIC_REPRESENTATION_CONTEXT ( 3 ) GLOBAL_UNCERTAINTY_ASSIGNED_CONTEXT ( ( #2525 ) ) GLOBAL_UNIT_ASSIGNED_CONTEXT ( ( #3921, #3005, #1491 ) ) REPRESENTATION_CONTEXT ( 'NONE', 'WORKASPACE' ) );
#1289 = PLANE ( 'NONE',  #2954 ) ;
#1290 = COLOUR_RGB ( '',1.000000000000000000, 1.000000000000000000, 1.000000000000000000 ) ;
#1291 = FACE_OUTER_BOUND ( 'NONE', #4729, .T. ) ;
#1292 = PLANE ( 'NONE',  #3314 ) ;
#1293 =( NAMED_UNIT ( * ) SI_UNIT ( $, .STERADIAN. ) SOLID_ANGLE_UNIT ( ) );
#1294 = CARTESIAN_POINT ( 'NONE',  ( -1.655000000000000693, -0.05000000000000000278, -0.4800000000000000377 ) ) ;
#1295 =( NAMED_UNIT ( * ) PLANE_ANGLE_UNIT ( ) SI_UNIT ( $, .RADIAN. ) );
#1296 = SURFACE_STYLE_USAGE ( .BOTH. , #5253 ) ;
#1297 = PRESENTATION_STYLE_ASSIGNMENT (( #3315 ) ) ;
#1298 = LINE ( 'NONE', #4235, #379 ) ;
#1299 = DIRECTION ( 'NONE',  ( -0.000000000000000000, 1.000000000000000000, -0.000000000000000000 ) ) ;
#1300 = ORIENTED_EDGE ( 'NONE', *, *, #4009, .F. ) ;
#1301 = STYLED_ITEM ( 'NONE', ( #2876 ), #1180 ) ;
#1302 = FACE_OUTER_BOUND ( 'NONE', #4570, .T. ) ;
#1303 = ORIENTED_EDGE ( 'NONE', *, *, #4223, .F. ) ;
#1304 =( LENGTH_UNIT ( ) NAMED_UNIT ( * ) SI_UNIT ( .MILLI., .METRE. ) );
#1305 = DIRECTION ( 'NONE',  ( -1.000000000000000000, 0.000000000000000000, 1.445602896647339903E-15 ) ) ;
#1306 = ORIENTED_EDGE ( 'NONE', *, *, #954, .T. ) ;
#1307 =( LENGTH_UNIT ( ) NAMED_UNIT ( * ) SI_UNIT ( .MILLI., .METRE. ) );
#1308 = SURFACE_STYLE_FILL_AREA ( #2123 ) ;
#1309 = PLANE ( 'NONE',  #2842 ) ;
#1310 = PRESENTATION_STYLE_ASSIGNMENT (( #4499 ) ) ;
#1311 = MECHANICAL_DESIGN_GEOMETRIC_PRESENTATION_REPRESENTATION (  '', ( #195 ), #2095 ) ;
#1312 =( NAMED_UNIT ( * ) SI_UNIT ( $, .STERADIAN. ) SOLID_ANGLE_UNIT ( ) );
#1313 = ADVANCED_FACE ( 'NONE', ( #5953 ), #4874, .T. ) ;
#1314 = CARTESIAN_POINT ( 'NONE',  ( 1.355080376768300843, 0.9400000000000000577, -1.355080376768301731 ) ) ;
#1315 = COLOUR_RGB ( '',0.000000000000000000, 0.000000000000000000, 0.000000000000000000 ) ;
#1316 = PRESENTATION_STYLE_ASSIGNMENT (( #399 ) ) ;
#1317 = SURFACE_STYLE_USAGE ( .BOTH. , #1360 ) ;
#1318 = PRESENTATION_LAYER_ASSIGNMENT (  '', '', ( #2860 ) ) ;
#1319 = CARTESIAN_POINT ( 'NONE',  ( 1.214999999999999414, 0.2800000000000000266, 1.129999999999999893 ) ) ;
#1320 = DIRECTION ( 'NONE',  ( 0.000000000000000000, -0.000000000000000000, 1.000000000000000000 ) ) ;
#1321 = ORIENTED_EDGE ( 'NONE', *, *, #6121, .T. ) ;
#1322 = SURFACE_SIDE_STYLE ('',( #4241 ) ) ;
#1323 = UNCERTAINTY_MEASURE_WITH_UNIT (LENGTH_MEASURE( 1.000000000000000082E-05 ), #5742, 'distance_accuracy_value', 'NONE');
#1324 = FILL_AREA_STYLE ('',( #262 ) ) ;
#1325 = PLANE ( 'NONE',  #5107 ) ;
#1326 = VERTEX_POINT ( 'NONE', #1863 ) ;
#1327 = ORIENTED_EDGE ( 'NONE', *, *, #4258, .T. ) ;
#1328 = STYLED_ITEM ( 'NONE', ( #6144 ), #3798 ) ;
#1329 = CARTESIAN_POINT ( 'NONE',  ( 1.355080376768301065, 1.040000000000000036, -1.355080376768301509 ) ) ;
#1330 = DIRECTION ( 'NONE',  ( 0.000000000000000000, -0.000000000000000000, -1.000000000000000000 ) ) ;
#1331 = SURFACE_SIDE_STYLE ('',( #447 ) ) ;
#1332 = ORIENTED_EDGE ( 'NONE', *, *, #1534, .T. ) ;
#1333 = CARTESIAN_POINT ( 'NONE',  ( 1.214999999999999192, 0.000000000000000000, 0.000000000000000000 ) ) ;
#1334 = SURFACE_STYLE_USAGE ( .BOTH. , #5770 ) ;
#1335 =( NAMED_UNIT ( * ) PLANE_ANGLE_UNIT ( ) SI_UNIT ( $, .RADIAN. ) );
#1336 = MECHANICAL_DESIGN_GEOMETRIC_PRESENTATION_REPRESENTATION (  '', ( #1423 ), #3206 ) ;
#1337 = EDGE_CURVE ( 'NONE', #6293, #6382, #3930, .T. ) ;
#1338 = ORIENTED_EDGE ( 'NONE', *, *, #1131, .T. ) ;
#1339 = CARTESIAN_POINT ( 'NONE',  ( -1.245000000000000773, 0.2800000000000000266, 0.8199999999999998401 ) ) ;
#1340 = ADVANCED_FACE ( 'NONE', ( #3176 ), #5989, .T. ) ;
#1341 = EDGE_CURVE ( 'NONE', #1598, #178, #3246, .T. ) ;
#1342 = CARTESIAN_POINT ( 'NONE',  ( -1.245000000000000551, 0.2800000000000000266, -0.8200000000000000622 ) ) ;
#1343 = ORIENTED_EDGE ( 'NONE', *, *, #2283, .T. ) ;
#1344 = CARTESIAN_POINT ( 'NONE',  ( 1.524999999999999245, 0.000000000000000000, -1.424999999999999822 ) ) ;
#1345 =( LENGTH_UNIT ( ) NAMED_UNIT ( * ) SI_UNIT ( .MILLI., .METRE. ) );
#1346 = AXIS2_PLACEMENT_3D ( 'NONE', #923, #5874, #4936 ) ;
#1347 = VECTOR ( 'NONE', #2980, 1000.000000000000000 ) ;
#1348 = DIRECTION ( 'NONE',  ( -1.000000000000000000, 0.000000000000000000, -0.000000000000000000 ) ) ;
#1349 = ORIENTED_EDGE ( 'NONE', *, *, #2236, .F. ) ;
#1350 = CARTESIAN_POINT ( 'NONE',  ( -1.525000000000000355, 0.2800000000000000266, 0.1700000000000000122 ) ) ;
#1351 = ORIENTED_EDGE ( 'NONE', *, *, #2599, .F. ) ;
#1352 = ORIENTED_EDGE ( 'NONE', *, *, #4817, .F. ) ;
#1353 = CARTESIAN_POINT ( 'NONE',  ( 1.355080376768301731, 0.9400000000000000577, 1.355080376768301509 ) ) ;
#1354 = FACE_OUTER_BOUND ( 'NONE', #4581, .T. ) ;
#1355 = ORIENTED_EDGE ( 'NONE', *, *, #3654, .F. ) ;
#1356 = SURFACE_STYLE_USAGE ( .BOTH. , #2325 ) ;
#1357 = AXIS2_PLACEMENT_3D ( 'NONE', #1419, #1981, #1960 ) ;
#1358 = EDGE_LOOP ( 'NONE', ( #506, #1489, #3138, #816 ) ) ;
#1359 = LINE ( 'NONE', #4087, #4758 ) ;
#1360 = SURFACE_SIDE_STYLE ('',( #228 ) ) ;
#1361 = VECTOR ( 'NONE', #2727, 1000.000000000000000 ) ;
#1362 = DIRECTION ( 'NONE',  ( -0.000000000000000000, 0.000000000000000000, 1.000000000000000000 ) ) ;
#1363 = COLOUR_RGB ( '',1.000000000000000000, 1.000000000000000000, 1.000000000000000000 ) ;
#1364 = CARTESIAN_POINT ( 'NONE',  ( 1.524999999999999245, 0.2800000000000000266, -0.8199999999999997291 ) ) ;
#1365 = AXIS2_PLACEMENT_3D ( 'NONE', #4532, #4600, #5542 ) ;
#1366 = SURFACE_STYLE_FILL_AREA ( #2316 ) ;
#1367 = CARTESIAN_POINT ( 'NONE',  ( -1.245000000000000551, -0.000000000000000000, -0.8200000000000000622 ) ) ;
#1368 = STYLED_ITEM ( 'NONE', ( #3149 ), #5340 ) ;
#1369 = EDGE_CURVE ( 'NONE', #1637, #2479, #2002, .T. ) ;
#1370 = FILL_AREA_STYLE_COLOUR ( '', #3685 ) ;
#1371 = DIRECTION ( 'NONE',  ( 0.000000000000000000, 0.000000000000000000, -1.000000000000000000 ) ) ;
#1372 = SURFACE_STYLE_FILL_AREA ( #5749 ) ;
#1373 =( NAMED_UNIT ( * ) SI_UNIT ( $, .STERADIAN. ) SOLID_ANGLE_UNIT ( ) );
#1374 = COLOUR_RGB ( '',0.000000000000000000, 0.000000000000000000, 0.000000000000000000 ) ;
#1375 = CARTESIAN_POINT ( 'NONE',  ( -1.525000000000000577, 0.000000000000000000, -1.524999999999999911 ) ) ;
#1376 = DIRECTION ( 'NONE',  ( -0.000000000000000000, 0.000000000000000000, 1.000000000000000000 ) ) ;
#1377 = ADVANCED_FACE ( 'NONE', ( #5802 ), #2509, .F. ) ;
#1378 = STYLED_ITEM ( 'NONE', ( #3242 ), #4115 ) ;
#1379 = COLOUR_RGB ( '',0.000000000000000000, 0.000000000000000000, 0.000000000000000000 ) ;
#1380 = VERTEX_POINT ( 'NONE', #4419 ) ;
#1381 = CARTESIAN_POINT ( 'NONE',  ( -1.694381069558736392E-15, 0.2800000000000000266, -1.119999999999997664 ) ) ;
#1382 = EDGE_CURVE ( 'NONE', #2464, #5539, #3701, .T. ) ;
#1383 = VECTOR ( 'NONE', #5992, 1000.000000000000000 ) ;
#1384 = ORIENTED_EDGE ( 'NONE', *, *, #4775, .F. ) ;
#1385 =( BOUNDED_CURVE ( )  B_SPLINE_CURVE ( 3, ( #1552, #1010, #5010, #2045 ),
 .UNSPECIFIED., .F., .F. ) 
 B_SPLINE_CURVE_WITH_KNOTS ( ( 4, 4 ),
 ( 6.277722098658045979, 6.283185307179586232 ),
 .UNSPECIFIED. ) 
 CURVE ( )  GEOMETRIC_REPRESENTATION_ITEM ( )  RATIONAL_B_SPLINE_CURVE ( ( 1.000000000000000000, 0.9999975127809339615, 0.9999975127809339615, 1.000000000000000000 ) ) 
 REPRESENTATION_ITEM ( '' )  );
#1386 = EDGE_CURVE ( 'NONE', #4675, #651, #5567, .T. ) ;
#1387 = CARTESIAN_POINT ( 'NONE',  ( 1.214999999999999192, 0.2800000000000000266, -0.1699999999999995681 ) ) ;
#1388 = FACE_OUTER_BOUND ( 'NONE', #2180, .T. ) ;
#1389 = COLOUR_RGB ( '',1.000000000000000000, 1.000000000000000000, 1.000000000000000000 ) ;
#1390 = ORIENTED_EDGE ( 'NONE', *, *, #1954, .T. ) ;
#1391 = CARTESIAN_POINT ( 'NONE',  ( -1.245000000000000773, 0.000000000000000000, 0.1699999999999999012 ) ) ;
#1392 = STYLED_ITEM ( 'NONE', ( #3489 ), #1135 ) ;
#1393 = CARTESIAN_POINT ( 'NONE',  ( 1.425546318134516710, 0.2800141985587185633, 1.524998507671343928 ) ) ;
#1394 = COLOUR_RGB ( '',1.000000000000000000, 1.000000000000000000, 1.000000000000000000 ) ;
#1395 = UNCERTAINTY_MEASURE_WITH_UNIT (LENGTH_MEASURE( 1.000000000000000082E-05 ), #5955, 'distance_accuracy_value', 'NONE');
#1396 = CARTESIAN_POINT ( 'NONE',  ( 1.355080376768301287, 0.9400000000000000577, -2.890192305019019054E-16 ) ) ;
#1397 =( NAMED_UNIT ( * ) PLANE_ANGLE_UNIT ( ) SI_UNIT ( $, .RADIAN. ) );
#1398 = DIRECTION ( 'NONE',  ( 0.000000000000000000, 0.1045284632676537068, -0.9945218953682734009 ) ) ;
#1399 = PRESENTATION_LAYER_ASSIGNMENT (  '', '', ( #1799 ) ) ;
#1400 = DIRECTION ( 'NONE',  ( 0.1039620511844979167, -0.9891328443778539814, -0.1039620511844979445 ) ) ;
#1401 = FILL_AREA_STYLE ('',( #3890 ) ) ;
#1402 = CARTESIAN_POINT ( 'NONE',  ( 1.425364213674966019, 0.2800047328646795286, 1.524999502555877351 ) ) ;
#1403 = STYLED_ITEM ( 'NONE', ( #759 ), #5616 ) ;
#1404 = ORIENTED_EDGE ( 'NONE', *, *, #1341, .F. ) ;
#1405 =( GEOMETRIC_REPRESENTATION_CONTEXT ( 3 ) GLOBAL_UNCERTAINTY_ASSIGNED_CONTEXT ( ( #5373 ) ) GLOBAL_UNIT_ASSIGNED_CONTEXT ( ( #3313, #4771, #1782 ) ) REPRESENTATION_CONTEXT ( 'NONE', 'WORKASPACE' ) );
#1406 =( NAMED_UNIT ( * ) SI_UNIT ( $, .STERADIAN. ) SOLID_ANGLE_UNIT ( ) );
#1407 = EDGE_CURVE ( 'NONE', #5698, #5557, #4942, .T. ) ;
#1408 =( NAMED_UNIT ( * ) PLANE_ANGLE_UNIT ( ) SI_UNIT ( $, .RADIAN. ) );
#1409 = ADVANCED_FACE ( 'NONE', ( #3629 ), #3017, .F. ) ;
#1410 = LINE ( 'NONE', #695, #2803 ) ;
#1411 = ORIENTED_EDGE ( 'NONE', *, *, #6012, .T. ) ;
#1412 =( LENGTH_UNIT ( ) NAMED_UNIT ( * ) SI_UNIT ( .MILLI., .METRE. ) );
#1413 = STYLED_ITEM ( 'NONE', ( #5175 ), #4082 ) ;
#1414 = CARTESIAN_POINT ( 'NONE',  ( 1.214999999999999192, -0.05000000000000000278, 0.4800000000000001488 ) ) ;
#1415 = CARTESIAN_POINT ( 'NONE',  ( -1.245000000000000773, -0.05000000000000000278, 1.054999999999999938 ) ) ;
#1416 = ORIENTED_EDGE ( 'NONE', *, *, #1916, .T. ) ;
#1417 = CARTESIAN_POINT ( 'NONE',  ( 1.426622700477123695, 0.2697731046590569060, -1.526074890013951801 ) ) ;
#1418 = CARTESIAN_POINT ( 'NONE',  ( 0.000000000000000000, 0.000000000000000000, 0.000000000000000000 ) ) ;
#1419 = CARTESIAN_POINT ( 'NONE',  ( 0.000000000000000000, 0.2800000000000000266, 0.000000000000000000 ) ) ;
#1420 = VERTEX_POINT ( 'NONE', #3614 ) ;
#1421 = DIRECTION ( 'NONE',  ( -2.521400401129077520E-15, 0.000000000000000000, -1.000000000000000000 ) ) ;
#1422 = ORIENTED_EDGE ( 'NONE', *, *, #2663, .F. ) ;
#1423 = STYLED_ITEM ( 'NONE', ( #2529 ), #1726 ) ;
#1424 = FILL_AREA_STYLE_COLOUR ( '', #2220 ) ;
#1425 = ORIENTED_EDGE ( 'NONE', *, *, #4523, .T. ) ;
#1426 = ORIENTED_EDGE ( 'NONE', *, *, #4923, .T. ) ;
#1427 = CARTESIAN_POINT ( 'NONE',  ( -1.525000000000000355, 0.2800000000000000266, -0.1700000000000000955 ) ) ;
#1428 = STYLED_ITEM ( 'NONE', ( #683 ), #2588 ) ;
#1429 = UNCERTAINTY_MEASURE_WITH_UNIT (LENGTH_MEASURE( 1.000000000000000082E-05 ), #1017, 'distance_accuracy_value', 'NONE');
#1430 = DIRECTION ( 'NONE',  ( 0.000000000000000000, 0.000000000000000000, -1.000000000000000000 ) ) ;
#1431 = ORIENTED_EDGE ( 'NONE', *, *, #1674, .T. ) ;
#1432 = VERTEX_POINT ( 'NONE', #1989 ) ;
#1433 = DIRECTION ( 'NONE',  ( 0.000000000000000000, -0.000000000000000000, -1.000000000000000000 ) ) ;
#1434 = LINE ( 'NONE', #1364, #3980 ) ;
#1435 = CARTESIAN_POINT ( 'NONE',  ( 1.214999999999998970, 0.2800000000000000266, -0.8199999999999992850 ) ) ;
#1436 = COLOUR_RGB ( '',1.000000000000000000, 1.000000000000000000, 1.000000000000000000 ) ;
#1437 =( NAMED_UNIT ( * ) PLANE_ANGLE_UNIT ( ) SI_UNIT ( $, .RADIAN. ) );
#1438 = COLOUR_RGB ( '',0.000000000000000000, 0.000000000000000000, 0.000000000000000000 ) ;
#1439 = APPLICATION_PROTOCOL_DEFINITION ( 'draft international standard', 'automotive_design', 1998, #4883 ) ;
#1440 = AXIS2_PLACEMENT_3D ( 'NONE', #2493, #5911, #6363 ) ;
#1441 = UNCERTAINTY_MEASURE_WITH_UNIT (LENGTH_MEASURE( 1.000000000000000082E-05 ), #2205, 'distance_accuracy_value', 'NONE');
#1442 = SURFACE_STYLE_USAGE ( .BOTH. , #4885 ) ;
#1443 = LINE ( 'NONE', #1621, #2521 ) ;
#1444 = COLOUR_RGB ( '',1.000000000000000000, 1.000000000000000000, 1.000000000000000000 ) ;
#1445 = FACE_OUTER_BOUND ( 'NONE', #6378, .T. ) ;
#1446 = VECTOR ( 'NONE', #4473, 1000.000000000000000 ) ;
#1447 = CARTESIAN_POINT ( 'NONE',  ( 0.01499999999999986067, 0.000000000000000000, 1.156304952865600644 ) ) ;
#1448 = LINE ( 'NONE', #3840, #753 ) ;
#1449 = AXIS2_PLACEMENT_3D ( 'NONE', #5520, #41, #88 ) ;
#1450 = EDGE_CURVE ( 'NONE', #2970, #5841, #1624, .T. ) ;
#1451 = COLOUR_RGB ( '',0.000000000000000000, 0.000000000000000000, 0.000000000000000000 ) ;
#1452 = DIRECTION ( 'NONE',  ( 1.000000000000000000, -0.000000000000000000, 2.891205793294679411E-15 ) ) ;
#1453 = LINE ( 'NONE', #357, #1615 ) ;
#1454 = SURFACE_STYLE_USAGE ( .BOTH. , #6381 ) ;
#1455 = FILL_AREA_STYLE ('',( #3866 ) ) ;
#1456 = ORIENTED_EDGE ( 'NONE', *, *, #5324, .T. ) ;
#1457 = FILL_AREA_STYLE ('',( #4932 ) ) ;
#1458 = FACE_OUTER_BOUND ( 'NONE', #2637, .T. ) ;
#1459 = ORIENTED_EDGE ( 'NONE', *, *, #3896, .F. ) ;
#1460 = STYLED_ITEM ( 'NONE', ( #675 ), #4847 ) ;
#1461 = SURFACE_STYLE_USAGE ( .BOTH. , #2474 ) ;
#1462 = PRESENTATION_STYLE_ASSIGNMENT (( #234 ) ) ;
#1463 = CARTESIAN_POINT ( 'NONE',  ( -1.245000000000000551, -0.05000000000000000278, -0.8200000000000000622 ) ) ;
#1464 =( NAMED_UNIT ( * ) PLANE_ANGLE_UNIT ( ) SI_UNIT ( $, .RADIAN. ) );
#1465 = DIRECTION ( 'NONE',  ( 5.065132647691205162E-17, 0.000000000000000000, -1.000000000000000000 ) ) ;
#1466 =( GEOMETRIC_REPRESENTATION_CONTEXT ( 3 ) GLOBAL_UNCERTAINTY_ASSIGNED_CONTEXT ( ( #4484 ) ) GLOBAL_UNIT_ASSIGNED_CONTEXT ( ( #6214, #4733, #306 ) ) REPRESENTATION_CONTEXT ( 'NONE', 'WORKASPACE' ) );
#1467 = EDGE_CURVE ( 'NONE', #4893, #4592, #4623, .T. ) ;
#1468 = LINE ( 'NONE', #2997, #5947 ) ;
#1469 = EDGE_CURVE ( 'NONE', #1380, #3027, #4711, .T. ) ;
#1470 = FACE_OUTER_BOUND ( 'NONE', #5450, .T. ) ;
#1471 = DIRECTION ( 'NONE',  ( -1.000000000000000000, -0.000000000000000000, -0.000000000000000000 ) ) ;
#1472 = SPHERICAL_SURFACE ( 'NONE', #4705, 0.1000000000000000056 ) ;
#1473 = PLANE ( 'NONE',  #23 ) ;
#1474 = VECTOR ( 'NONE', #2407, 1000.000000000000000 ) ;
#1475 = VECTOR ( 'NONE', #5290, 1000.000000000000000 ) ;
#1476 = PRESENTATION_LAYER_ASSIGNMENT (  '', '', ( #934 ) ) ;
#1477 = LINE ( 'NONE', #578, #3704 ) ;
#1478 = EDGE_LOOP ( 'NONE', ( #5069, #4026, #3520, #5459 ) ) ;
#1479 = MECHANICAL_DESIGN_GEOMETRIC_PRESENTATION_REPRESENTATION (  '', ( #822 ), #5158 ) ;
#1480 = CARTESIAN_POINT ( 'NONE',  ( 1.644999999999999130, 0.2800000000000000266, 0.8299999999999997380 ) ) ;
#1481 = ORIENTED_EDGE ( 'NONE', *, *, #469, .F. ) ;
#1482 = SURFACE_STYLE_FILL_AREA ( #1765 ) ;
#1483 =( NAMED_UNIT ( * ) SI_UNIT ( $, .STERADIAN. ) SOLID_ANGLE_UNIT ( ) );
#1484 = ORIENTED_EDGE ( 'NONE', *, *, #716, .F. ) ;
#1485 = DIRECTION ( 'NONE',  ( 1.000000000000000000, 0.000000000000000000, -6.610988856618929416E-17 ) ) ;
#1486 = CARTESIAN_POINT ( 'NONE',  ( -1.245000000000000773, -0.05000000000000000278, 1.054999999999999938 ) ) ;
#1487 = MECHANICAL_DESIGN_GEOMETRIC_PRESENTATION_REPRESENTATION (  '', ( #2026 ), #4120 ) ;
#1488 =( GEOMETRIC_REPRESENTATION_CONTEXT ( 3 ) GLOBAL_UNCERTAINTY_ASSIGNED_CONTEXT ( ( #1441 ) ) GLOBAL_UNIT_ASSIGNED_CONTEXT ( ( #2205, #4177, #3708 ) ) REPRESENTATION_CONTEXT ( 'NONE', 'WORKASPACE' ) );
#1489 = ORIENTED_EDGE ( 'NONE', *, *, #137, .F. ) ;
#1490 = EDGE_CURVE ( 'NONE', #1121, #2196, #5946, .T. ) ;
#1491 =( NAMED_UNIT ( * ) SI_UNIT ( $, .STERADIAN. ) SOLID_ANGLE_UNIT ( ) );
#1492 = FILL_AREA_STYLE ('',( #1561 ) ) ;
#1493 = DIRECTION ( 'NONE',  ( 1.000000000000000000, 0.000000000000000000, 0.000000000000000000 ) ) ;
#1494 = ORIENTED_EDGE ( 'NONE', *, *, #3934, .T. ) ;
#1495 = VECTOR ( 'NONE', #4557, 1000.000000000000227 ) ;
#1496 = MECHANICAL_DESIGN_GEOMETRIC_PRESENTATION_REPRESENTATION (  '', ( #1378 ), #3161 ) ;
#1497 = CARTESIAN_POINT ( 'NONE',  ( 1.524999999999999245, 0.2800000000000000266, -1.524999999999999911 ) ) ;
#1498 = EDGE_LOOP ( 'NONE', ( #789, #3639, #1706, #4412 ) ) ;
#1499 =( NAMED_UNIT ( * ) PLANE_ANGLE_UNIT ( ) SI_UNIT ( $, .RADIAN. ) );
#1500 =( NAMED_UNIT ( * ) PLANE_ANGLE_UNIT ( ) SI_UNIT ( $, .RADIAN. ) );
#1501 = EDGE_CURVE ( 'NONE', #5141, #952, #2467, .T. ) ;
#1502 =( NAMED_UNIT ( * ) SI_UNIT ( $, .STERADIAN. ) SOLID_ANGLE_UNIT ( ) );
#1503 =( GEOMETRIC_REPRESENTATION_CONTEXT ( 3 ) GLOBAL_UNCERTAINTY_ASSIGNED_CONTEXT ( ( #3335 ) ) GLOBAL_UNIT_ASSIGNED_CONTEXT ( ( #3541, #1557, #3521 ) ) REPRESENTATION_CONTEXT ( 'NONE', 'WORKASPACE' ) );
#1504 = CARTESIAN_POINT ( 'NONE',  ( -1.655000000000000693, 0.2800000000000000266, 0.1699999999999999289 ) ) ;
#1505 = ORIENTED_EDGE ( 'NONE', *, *, #6307, .F. ) ;
#1506 = COLOUR_RGB ( '',1.000000000000000000, 1.000000000000000000, 1.000000000000000000 ) ;
#1507 = EDGE_LOOP ( 'NONE', ( #5602, #1102, #4130, #6333 ) ) ;
#1508 = ORIENTED_EDGE ( 'NONE', *, *, #2186, .T. ) ;
#1509 = DIRECTION ( 'NONE',  ( -0.000000000000000000, 1.000000000000000000, -0.000000000000000000 ) ) ;
#1510 = DIRECTION ( 'NONE',  ( -1.000000000000000000, 0.000000000000000000, 2.180348522309848914E-15 ) ) ;
#1511 = ORIENTED_EDGE ( 'NONE', *, *, #1786, .T. ) ;
#1512 = STYLED_ITEM ( 'NONE', ( #4946 ), #1245 ) ;
#1513 = COLOUR_RGB ( '',1.000000000000000000, 1.000000000000000000, 1.000000000000000000 ) ;
#1514 = ORIENTED_EDGE ( 'NONE', *, *, #6352, .F. ) ;
#1515 = CARTESIAN_POINT ( 'NONE',  ( 0.2927192558403118872, -0.05000000000000000278, 1.382434901537152427 ) ) ;
#1516 = COLOUR_RGB ( '',1.000000000000000000, 1.000000000000000000, 1.000000000000000000 ) ;
#1517 = VECTOR ( 'NONE', #457, 1000.000000000000000 ) ;
#1518 = PLANE ( 'NONE',  #1449 ) ;
#1519 = LINE ( 'NONE', #2093, #3608 ) ;
#1520 =( GEOMETRIC_REPRESENTATION_CONTEXT ( 3 ) GLOBAL_UNCERTAINTY_ASSIGNED_CONTEXT ( ( #5637 ) ) GLOBAL_UNIT_ASSIGNED_CONTEXT ( ( #4291, #2725, #6216 ) ) REPRESENTATION_CONTEXT ( 'NONE', 'WORKASPACE' ) );
#1521 = CYLINDRICAL_SURFACE ( 'NONE', #6161, 0.09999999999999996392 ) ;
#1522 = DIRECTION ( 'NONE',  ( 0.000000000000000000, 0.000000000000000000, -1.000000000000000000 ) ) ;
#1523 = FILL_AREA_STYLE ('',( #1568 ) ) ;
#1524 = LINE ( 'NONE', #5757, #4679 ) ;
#1525 = UNCERTAINTY_MEASURE_WITH_UNIT (LENGTH_MEASURE( 1.000000000000000082E-05 ), #1866, 'distance_accuracy_value', 'NONE');
#1526 = LINE ( 'NONE', #5127, #72 ) ;
#1527 =( NAMED_UNIT ( * ) SI_UNIT ( $, .STERADIAN. ) SOLID_ANGLE_UNIT ( ) );
#1528 = UNCERTAINTY_MEASURE_WITH_UNIT (LENGTH_MEASURE( 1.000000000000000082E-05 ), #5663, 'distance_accuracy_value', 'NONE');
#1529 = PLANE ( 'NONE',  #1357 ) ;
#1530 =( LENGTH_UNIT ( ) NAMED_UNIT ( * ) SI_UNIT ( .MILLI., .METRE. ) );
#1531 = MECHANICAL_DESIGN_GEOMETRIC_PRESENTATION_REPRESENTATION (  '', ( #2307 ), #5426 ) ;
#1532 = SURFACE_STYLE_USAGE ( .BOTH. , #3956 ) ;
#1533 = LINE ( 'NONE', #5774, #211 ) ;
#1534 = EDGE_CURVE ( 'NONE', #1963, #2696, #4074, .T. ) ;
#1535 = CARTESIAN_POINT ( 'NONE',  ( -1.245000000000000551, 0.2800000000000000266, -0.4800000000000000377 ) ) ;
#1536 = ORIENTED_EDGE ( 'NONE', *, *, #2483, .F. ) ;
#1537 = LINE ( 'NONE', #807, #5810 ) ;
#1538 = CARTESIAN_POINT ( 'NONE',  ( 1.214999999999999414, 0.2800000000000000266, 0.8299999999999997380 ) ) ;
#1539 = LINE ( 'NONE', #3205, #1996 ) ;
#1540 = VERTEX_POINT ( 'NONE', #4534 ) ;
#1541 =( GEOMETRIC_REPRESENTATION_CONTEXT ( 3 ) GLOBAL_UNCERTAINTY_ASSIGNED_CONTEXT ( ( #1047 ) ) GLOBAL_UNIT_ASSIGNED_CONTEXT ( ( #489, #2963, #987 ) ) REPRESENTATION_CONTEXT ( 'NONE', 'WORKASPACE' ) );
#1542 = PLANE ( 'NONE',  #3119 ) ;
#1543 = VECTOR ( 'NONE', #5692, 1000.000000000000000 ) ;
#1544 = SURFACE_STYLE_FILL_AREA ( #645 ) ;
#1545 =( NAMED_UNIT ( * ) SI_UNIT ( $, .STERADIAN. ) SOLID_ANGLE_UNIT ( ) );
#1546 = DIRECTION ( 'NONE',  ( 0.2588190451025173533, 0.000000000000000000, 0.9659258262890692004 ) ) ;
#1547 = CARTESIAN_POINT ( 'NONE',  ( -1.245000000000000773, -0.000000000000000000, -0.1700000000000000677 ) ) ;
#1548 = LINE ( 'NONE', #1639, #542 ) ;
#1549 = STYLED_ITEM ( 'NONE', ( #2605 ), #4813 ) ;
#1550 = DIRECTION ( 'NONE',  ( -0.000000000000000000, 1.000000000000000000, -0.000000000000000000 ) ) ;
#1551 = SURFACE_SIDE_STYLE ('',( #2477 ) ) ;
#1552 = CARTESIAN_POINT ( 'NONE',  ( 1.524998507671344150, 0.2800141985587163429, 1.425546318134516710 ) ) ;
#1553 = AXIS2_PLACEMENT_3D ( 'NONE', #2469, #2491, #2059 ) ;
#1554 = EDGE_CURVE ( 'NONE', #4750, #334, #17, .T. ) ;
#1555 = LINE ( 'NONE', #5040, #2091 ) ;
#1556 = EDGE_CURVE ( 'NONE', #6037, #3699, #849, .T. ) ;
#1557 =( NAMED_UNIT ( * ) PLANE_ANGLE_UNIT ( ) SI_UNIT ( $, .RADIAN. ) );
#1558 = SURFACE_STYLE_FILL_AREA ( #5315 ) ;
#1559 = SURFACE_STYLE_USAGE ( .BOTH. , #5904 ) ;
#1560 = ORIENTED_EDGE ( 'NONE', *, *, #2495, .T. ) ;
#1561 = FILL_AREA_STYLE_COLOUR ( '', #3442 ) ;
#1562 =( GEOMETRIC_REPRESENTATION_CONTEXT ( 3 ) GLOBAL_UNCERTAINTY_ASSIGNED_CONTEXT ( ( #67 ) ) GLOBAL_UNIT_ASSIGNED_CONTEXT ( ( #4918, #3933, #5931 ) ) REPRESENTATION_CONTEXT ( 'NONE', 'WORKASPACE' ) );
#1563 = PRESENTATION_STYLE_ASSIGNMENT (( #441 ) ) ;
#1564 = VERTEX_POINT ( 'NONE', #1106 ) ;
#1565 = ADVANCED_FACE ( 'NONE', ( #2079 ), #1090, .F. ) ;
#1566 =( NAMED_UNIT ( * ) SI_UNIT ( $, .STERADIAN. ) SOLID_ANGLE_UNIT ( ) );
#1567 = ORIENTED_EDGE ( 'NONE', *, *, #2246, .T. ) ;
#1568 = FILL_AREA_STYLE_COLOUR ( '', #999 ) ;
#1569 = SURFACE_SIDE_STYLE ('',( #3482 ) ) ;
#1570 = PRESENTATION_LAYER_ASSIGNMENT (  '', '', ( #1762 ) ) ;
#1571 = PLANE ( 'NONE',  #3459 ) ;
#1572 = CARTESIAN_POINT ( 'NONE',  ( 1.524999999999999245, 0.2800000000000026912, -1.425182107177188406 ) ) ;
#1573 = CARTESIAN_POINT ( 'NONE',  ( 1.214999999999999414, 0.2800000000000000266, 0.000000000000000000 ) ) ;
#1574 = MECHANICAL_DESIGN_GEOMETRIC_PRESENTATION_REPRESENTATION (  '', ( #1691 ), #2816 ) ;
#1575 = CARTESIAN_POINT ( 'NONE',  ( -1.525000000000000799, 0.2800000000000003042, -1.425182107177188406 ) ) ;
#1576 = ORIENTED_EDGE ( 'NONE', *, *, #5146, .F. ) ;
#1577 =( GEOMETRIC_REPRESENTATION_CONTEXT ( 3 ) GLOBAL_UNCERTAINTY_ASSIGNED_CONTEXT ( ( #3260 ) ) GLOBAL_UNIT_ASSIGNED_CONTEXT ( ( #3551, #5987, #5049 ) ) REPRESENTATION_CONTEXT ( 'NONE', 'WORKASPACE' ) );
#1578 = EDGE_CURVE ( 'NONE', #3961, #5604, #1918, .T. ) ;
#1579 = CARTESIAN_POINT ( 'NONE',  ( 0.01499999999999986067, 0.2800000000000000266, 1.156304952865600644 ) ) ;
#1580 =( NAMED_UNIT ( * ) PLANE_ANGLE_UNIT ( ) SI_UNIT ( $, .RADIAN. ) );
#1581 = ORIENTED_EDGE ( 'NONE', *, *, #5978, .T. ) ;
#1582 = ORIENTED_EDGE ( 'NONE', *, *, #4761, .F. ) ;
#1583 = FILL_AREA_STYLE_COLOUR ( '', #1436 ) ;
#1584 = MECHANICAL_DESIGN_GEOMETRIC_PRESENTATION_REPRESENTATION (  '', ( #3493 ), #5676 ) ;
#1585 = CARTESIAN_POINT ( 'NONE',  ( 1.393657970813335645, 0.5834115568152663522, 1.493110160350162863 ) ) ;
#1586 = CARTESIAN_POINT ( 'NONE',  ( 0.2927192558403129974, -0.05000000000000000278, -1.382434901537152649 ) ) ;
#1587 = EDGE_LOOP ( 'NONE', ( #3518, #2687, #5964, #5247, #254, #5846, #3421, #4175 ) ) ;
#1588 = FACE_OUTER_BOUND ( 'NONE', #6033, .T. ) ;
#1589 = SURFACE_SIDE_STYLE ('',( #1544 ) ) ;
#1590 = VERTEX_POINT ( 'NONE', #6078 ) ;
#1591 = EDGE_CURVE ( 'NONE', #42, #6209, #917, .T. ) ;
#1592 = CARTESIAN_POINT ( 'NONE',  ( 1.214999999999998970, -0.05000000000000000278, -0.8199999999999992850 ) ) ;
#1593 = EDGE_CURVE ( 'NONE', #1619, #4756, #5243, .T. ) ;
#1594 = ADVANCED_FACE ( 'NONE', ( #3852 ), #2144, .F. ) ;
#1595 = DIRECTION ( 'NONE',  ( 2.132856732758369605E-16, 3.081487911019577365E-33, 1.000000000000000000 ) ) ;
#1596 = ORIENTED_EDGE ( 'NONE', *, *, #2032, .T. ) ;
#1597 = COLOUR_RGB ( '',0.000000000000000000, 0.000000000000000000, 0.000000000000000000 ) ;
#1598 = VERTEX_POINT ( 'NONE', #4619 ) ;
#1599 = DIRECTION ( 'NONE',  ( 1.000000000000000000, 0.000000000000000000, 0.000000000000000000 ) ) ;
#1600 = DIRECTION ( 'NONE',  ( -2.132856732758369605E-16, -0.000000000000000000, -1.000000000000000000 ) ) ;
#1601 = CARTESIAN_POINT ( 'NONE',  ( 1.214999999999998970, -0.05000000000000000278, -0.8199999999999992850 ) ) ;
#1602 = FACE_OUTER_BOUND ( 'NONE', #2510, .T. ) ;
#1603 = LINE ( 'NONE', #344, #1214 ) ;
#1604 = CIRCLE ( 'NONE', #3650, 0.09999999999999996392 ) ;
#1605 = FILL_AREA_STYLE_COLOUR ( '', #1941 ) ;
#1606 =( GEOMETRIC_REPRESENTATION_CONTEXT ( 3 ) GLOBAL_UNCERTAINTY_ASSIGNED_CONTEXT ( ( #6311 ) ) GLOBAL_UNIT_ASSIGNED_CONTEXT ( ( #5575, #650, #5592 ) ) REPRESENTATION_CONTEXT ( 'NONE', 'WORKASPACE' ) );
#1607 = ADVANCED_FACE ( 'NONE', ( #3173 ), #2226, .F. ) ;
#1608 = CARTESIAN_POINT ( 'NONE',  ( 2.420544385083920190E-16, 0.2800000000000000266, 0.4800000000000007594 ) ) ;
#1609 = VECTOR ( 'NONE', #74, 1000.000000000000000 ) ;
#1610 = FILL_AREA_STYLE ('',( #2641 ) ) ;
#1611 = VECTOR ( 'NONE', #2426, 1000.000000000000000 ) ;
#1612 =( NAMED_UNIT ( * ) SI_UNIT ( $, .STERADIAN. ) SOLID_ANGLE_UNIT ( ) );
#1613 = AXIS2_PLACEMENT_3D ( 'NONE', #2967, #102, #546 ) ;
#1614 =( LENGTH_UNIT ( ) NAMED_UNIT ( * ) SI_UNIT ( .MILLI., .METRE. ) );
#1615 = VECTOR ( 'NONE', #5833, 1000.000000000000000 ) ;
#1616 = EDGE_CURVE ( 'NONE', #972, #1598, #5412, .T. ) ;
#1617 = ORIENTED_EDGE ( 'NONE', *, *, #3918, .F. ) ;
#1618 = CARTESIAN_POINT ( 'NONE',  ( 1.214999999999998970, 0.2800000000000000266, -0.8199999999999992850 ) ) ;
#1619 = VERTEX_POINT ( 'NONE', #1187 ) ;
#1620 = DIRECTION ( 'NONE',  ( 0.1039620511844983053, 0.9891328443778537594, 0.1039620511844980832 ) ) ;
#1621 = CARTESIAN_POINT ( 'NONE',  ( 0.01499999999999986067, 0.2800000000000000266, 1.156304952865600644 ) ) ;
#1622 = LINE ( 'NONE', #688, #2159 ) ;
#1623 = CARTESIAN_POINT ( 'NONE',  ( 1.426622700477124361, 0.2593202583322915533, 1.426622700477124361 ) ) ;
#1624 = LINE ( 'NONE', #5089, #2239 ) ;
#1625 = EDGE_LOOP ( 'NONE', ( #6164, #175, #6035, #199 ) ) ;
#1626 = LINE ( 'NONE', #3954, #4551 ) ;
#1627 = ADVANCED_FACE ( 'NONE', ( #3013 ), #1689, .T. ) ;
#1628 = STYLED_ITEM ( 'NONE', ( #5036 ), #4316 ) ;
#1629 = CARTESIAN_POINT ( 'NONE',  ( -1.655000000000000471, 0.2800000000000000266, 0.4799999999999999267 ) ) ;
#1630 = FACE_OUTER_BOUND ( 'NONE', #505, .T. ) ;
#1631 = COLOUR_RGB ( '',0.000000000000000000, 0.000000000000000000, 0.000000000000000000 ) ;
#1632 = EDGE_CURVE ( 'NONE', #2252, #5456, #530, .T. ) ;
#1633 = FILL_AREA_STYLE_COLOUR ( '', #4030 ) ;
#1634 = DIRECTION ( 'NONE',  ( -0.000000000000000000, -1.000000000000000000, -0.000000000000000000 ) ) ;
#1635 = LINE ( 'NONE', #4424, #314 ) ;
#1636 = UNCERTAINTY_MEASURE_WITH_UNIT (LENGTH_MEASURE( 1.000000000000000082E-05 ), #5672, 'distance_accuracy_value', 'NONE');
#1637 = VERTEX_POINT ( 'NONE', #1711 ) ;
#1638 = VECTOR ( 'NONE', #3488, 1000.000000000000000 ) ;
#1639 = CARTESIAN_POINT ( 'NONE',  ( -1.245000000000000551, -0.05000000000000000278, -0.4800000000000000377 ) ) ;
#1640 =( GEOMETRIC_REPRESENTATION_CONTEXT ( 3 ) GLOBAL_UNCERTAINTY_ASSIGNED_CONTEXT ( ( #2192 ) ) GLOBAL_UNIT_ASSIGNED_CONTEXT ( ( #414, #3355, #5853 ) ) REPRESENTATION_CONTEXT ( 'NONE', 'WORKASPACE' ) );
#1641 = ORIENTED_EDGE ( 'NONE', *, *, #3934, .F. ) ;
#1642 = VECTOR ( 'NONE', #5299, 1000.000000000000000 ) ;
#1643 = CARTESIAN_POINT ( 'NONE',  ( 1.644999999999999352, 0.2800000000000000266, 0.4799999999999999822 ) ) ;
#1644 = ADVANCED_FACE ( 'NONE', ( #5327 ), #6169, .F. ) ;
#1645 = FILL_AREA_STYLE ('',( #5630 ) ) ;
#1646 = EDGE_LOOP ( 'NONE', ( #6186, #4428, #1091, #3710 ) ) ;
#1647 = FILL_AREA_STYLE_COLOUR ( '', #3974 ) ;
#1648 = PRESENTATION_LAYER_ASSIGNMENT (  '', '', ( #525 ) ) ;
#1649 = ORIENTED_EDGE ( 'NONE', *, *, #561, .F. ) ;
#1650 = DIRECTION ( 'NONE',  ( 0.000000000000000000, 0.000000000000000000, 1.000000000000000000 ) ) ;
#1651 = MECHANICAL_DESIGN_GEOMETRIC_PRESENTATION_REPRESENTATION (  '', ( #2860 ), #4841 ) ;
#1652 = CARTESIAN_POINT ( 'NONE',  ( 1.214999999999998970, -0.05000000000000000278, -1.119999999999999440 ) ) ;
#1653 = ORIENTED_EDGE ( 'NONE', *, *, #388, .F. ) ;
#1654 =( NAMED_UNIT ( * ) SI_UNIT ( $, .STERADIAN. ) SOLID_ANGLE_UNIT ( ) );
#1655 = EDGE_LOOP ( 'NONE', ( #1514, #2533, #4786, #1536 ) ) ;
#1656 = UNCERTAINTY_MEASURE_WITH_UNIT (LENGTH_MEASURE( 1.000000000000000082E-05 ), #4355, 'distance_accuracy_value', 'NONE');
#1657 = DIRECTION ( 'NONE',  ( -0.000000000000000000, 1.000000000000000000, -0.000000000000000000 ) ) ;
#1658 =( GEOMETRIC_REPRESENTATION_CONTEXT ( 3 ) GLOBAL_UNCERTAINTY_ASSIGNED_CONTEXT ( ( #5782 ) ) GLOBAL_UNIT_ASSIGNED_CONTEXT ( ( #3607, #4572, #6051 ) ) REPRESENTATION_CONTEXT ( 'NONE', 'WORKASPACE' ) );
#1659 = VERTEX_POINT ( 'NONE', #3224 ) ;
#1660 = SURFACE_STYLE_FILL_AREA ( #3436 ) ;
#1661 = ORIENTED_EDGE ( 'NONE', *, *, #2834, .T. ) ;
#1662 = CARTESIAN_POINT ( 'NONE',  ( 0.09728074415968514244, 0.2800000000000000266, 1.382434901537152427 ) ) ;
#1663 = VERTEX_POINT ( 'NONE', #239 ) ;
#1664 = VECTOR ( 'NONE', #3532, 1000.000000000000227 ) ;
#1665 = SURFACE_STYLE_FILL_AREA ( #5979 ) ;
#1666 = DIRECTION ( 'NONE',  ( -0.000000000000000000, -1.000000000000000000, -0.000000000000000000 ) ) ;
#1667 = VERTEX_POINT ( 'NONE', #6192 ) ;
#1668 = VECTOR ( 'NONE', #2606, 1000.000000000000000 ) ;
#1669 = PRESENTATION_LAYER_ASSIGNMENT (  '', '', ( #464 ) ) ;
#1670 = ADVANCED_FACE ( 'NONE', ( #3471 ), #3694, .F. ) ;
#1671 = DIRECTION ( 'NONE',  ( 1.000000000000000000, 0.000000000000000000, 0.000000000000000000 ) ) ;
#1672 = DIRECTION ( 'NONE',  ( 0.000000000000000000, -0.000000000000000000, -1.000000000000000000 ) ) ;
#1673 = DIRECTION ( 'NONE',  ( 0.000000000000000000, -0.9945218953682734009, 0.1045284632676537068 ) ) ;
#1674 = EDGE_CURVE ( 'NONE', #1716, #6133, #2152, .T. ) ;
#1675 = FACE_OUTER_BOUND ( 'NONE', #5126, .T. ) ;
#1676 = AXIS2_PLACEMENT_3D ( 'NONE', #5505, #2531, #570 ) ;
#1677 = SURFACE_STYLE_USAGE ( .BOTH. , #4132 ) ;
#1678 = LINE ( 'NONE', #2913, #4769 ) ;
#1679 = CARTESIAN_POINT ( 'NONE',  ( 1.214999999999999414, 0.000000000000000000, 0.000000000000000000 ) ) ;
#1680 = SURFACE_STYLE_FILL_AREA ( #2088 ) ;
#1681 = PRESENTATION_STYLE_ASSIGNMENT (( #3364 ) ) ;
#1682 = PRESENTATION_STYLE_ASSIGNMENT (( #440 ) ) ;
#1683 = ORIENTED_EDGE ( 'NONE', *, *, #4430, .F. ) ;
#1684 = CARTESIAN_POINT ( 'NONE',  ( 0.01499999999999960566, -0.05000000000000000278, 1.054999999999999938 ) ) ;
#1685 = VECTOR ( 'NONE', #6125, 1000.000000000000000 ) ;
#1686 = STYLED_ITEM ( 'NONE', ( #2228 ), #3167 ) ;
#1687 = LINE ( 'NONE', #5623, #6075 ) ;
#1688 = ORIENTED_EDGE ( 'NONE', *, *, #1369, .T. ) ;
#1689 = PLANE ( 'NONE',  #885 ) ;
#1690 = VECTOR ( 'NONE', #5240, 1000.000000000000000 ) ;
#1691 = STYLED_ITEM ( 'NONE', ( #2919 ), #6092 ) ;
#1692 =( LENGTH_UNIT ( ) NAMED_UNIT ( * ) SI_UNIT ( .MILLI., .METRE. ) );
#1693 = CARTESIAN_POINT ( 'NONE',  ( 1.214999999999999414, -0.05000000000000000278, 0.8299999999999997380 ) ) ;
#1694 = DIRECTION ( 'NONE',  ( -1.000000000000000000, 0.000000000000000000, -0.000000000000000000 ) ) ;
#1695 = PRESENTATION_LAYER_ASSIGNMENT (  '', '', ( #1277 ) ) ;
#1696 = PRESENTATION_LAYER_ASSIGNMENT (  '', '', ( #4007 ) ) ;
#1697 = EDGE_CURVE ( 'NONE', #2983, #1420, #1537, .T. ) ;
#1698 = PRESENTATION_STYLE_ASSIGNMENT (( #5949 ) ) ;
#1699 = CARTESIAN_POINT ( 'NONE',  ( -1.245000000000000551, -0.000000000000000000, -0.4800000000000000377 ) ) ;
#1700 = ADVANCED_FACE ( 'NONE', ( #3537 ), #5230, .F. ) ;
#1701 = SURFACE_STYLE_USAGE ( .BOTH. , #5101 ) ;
#1702 = PRESENTATION_STYLE_ASSIGNMENT (( #2841 ) ) ;
#1703 = LINE ( 'NONE', #3429, #1853 ) ;
#1704 = SURFACE_STYLE_FILL_AREA ( #1958 ) ;
#1705 = PRESENTATION_LAYER_ASSIGNMENT (  '', '', ( #3493 ) ) ;
#1706 = ORIENTED_EDGE ( 'NONE', *, *, #6210, .F. ) ;
#1707 = EDGE_CURVE ( 'NONE', #5960, #378, #4690, .T. ) ;
#1708 = PRESENTATION_LAYER_ASSIGNMENT (  '', '', ( #6123 ) ) ;
#1709 = CARTESIAN_POINT ( 'NONE',  ( -1.245000000000000773, -0.05000000000000000278, 0.1699999999999999012 ) ) ;
#1710 = UNCERTAINTY_MEASURE_WITH_UNIT (LENGTH_MEASURE( 1.000000000000000082E-05 ), #4165, 'distance_accuracy_value', 'NONE');
#1711 = CARTESIAN_POINT ( 'NONE',  ( 1.214999999999998970, -0.05000000000000000278, -1.119999999999999440 ) ) ;
#1712 = ORIENTED_EDGE ( 'NONE', *, *, #6030, .T. ) ;
#1713 = CARTESIAN_POINT ( 'NONE',  ( 0.09728074415968639144, -0.05000000000000000278, -1.650000000000000133 ) ) ;
#1714 = DIRECTION ( 'NONE',  ( -1.000000000000000000, -0.000000000000000000, -0.000000000000000000 ) ) ;
#1715 = DIRECTION ( 'NONE',  ( -6.610988856618929416E-17, 0.000000000000000000, -1.000000000000000000 ) ) ;
#1716 = VERTEX_POINT ( 'NONE', #1592 ) ;
#1717 = AXIS2_PLACEMENT_3D ( 'NONE', #1774, #2273, #3061 ) ;
#1718 = FILL_AREA_STYLE ('',( #1222 ) ) ;
#1719 = UNCERTAINTY_MEASURE_WITH_UNIT (LENGTH_MEASURE( 1.000000000000000082E-05 ), #3903, 'distance_accuracy_value', 'NONE');
#1720 = UNCERTAINTY_MEASURE_WITH_UNIT (LENGTH_MEASURE( 1.000000000000000082E-05 ), #5166, 'distance_accuracy_value', 'NONE');
#1721 = PLANE ( 'NONE',  #1167 ) ;
#1722 = ORIENTED_EDGE ( 'NONE', *, *, #2243, .T. ) ;
#1723 = PLANE ( 'NONE',  #3058 ) ;
#1724 = MECHANICAL_DESIGN_GEOMETRIC_PRESENTATION_REPRESENTATION (  '', ( #4370 ), #276 ) ;
#1725 = ORIENTED_EDGE ( 'NONE', *, *, #6084, .F. ) ;
#1726 = ADVANCED_FACE ( 'NONE', ( #4530 ), #4561, .T. ) ;
#1727 = CARTESIAN_POINT ( 'NONE',  ( 0.09728074415968639144, 0.000000000000000000, -1.524999999999999911 ) ) ;
#1728 = DIRECTION ( 'NONE',  ( 0.9397244392936410229, 0.000000000000000000, -0.3419327100384695894 ) ) ;
#1729 = AXIS2_PLACEMENT_3D ( 'NONE', #825, #4260, #4309 ) ;
#1730 = VECTOR ( 'NONE', #3593, 1000.000000000000000 ) ;
#1731 = VERTEX_POINT ( 'NONE', #6026 ) ;
#1732 = EDGE_CURVE ( 'NONE', #5681, #6071, #3397, .T. ) ;
#1733 = DIRECTION ( 'NONE',  ( -1.421904488505579654E-16, 0.000000000000000000, -1.000000000000000000 ) ) ;
#1734 = EDGE_LOOP ( 'NONE', ( #735, #1653, #3288, #1484 ) ) ;
#1735 = VERTEX_POINT ( 'NONE', #557 ) ;
#1736 = ORIENTED_EDGE ( 'NONE', *, *, #4937, .T. ) ;
#1737 = SURFACE_SIDE_STYLE ('',( #2438 ) ) ;
#1738 = MECHANICAL_DESIGN_GEOMETRIC_PRESENTATION_REPRESENTATION (  '', ( #3720 ), #1204 ) ;
#1739 = ORIENTED_EDGE ( 'NONE', *, *, #4989, .T. ) ;
#1740 =( LENGTH_UNIT ( ) NAMED_UNIT ( * ) SI_UNIT ( .MILLI., .METRE. ) );
#1741 = VERTEX_POINT ( 'NONE', #3515 ) ;
#1742 = COLOUR_RGB ( '',1.000000000000000000, 1.000000000000000000, 1.000000000000000000 ) ;
#1743 =( NAMED_UNIT ( * ) PLANE_ANGLE_UNIT ( ) SI_UNIT ( $, .RADIAN. ) );
#1744 = SURFACE_STYLE_USAGE ( .BOTH. , #4222 ) ;
#1745 = PRESENTATION_STYLE_ASSIGNMENT (( #970 ) ) ;
#1746 =( NAMED_UNIT ( * ) PLANE_ANGLE_UNIT ( ) SI_UNIT ( $, .RADIAN. ) );
#1747 = VECTOR ( 'NONE', #1764, 1000.000000000000114 ) ;
#1748 = SURFACE_SIDE_STYLE ('',( #5092 ) ) ;
#1749 = MECHANICAL_DESIGN_GEOMETRIC_PRESENTATION_REPRESENTATION (  '', ( #6171 ), #4312 ) ;
#1750 = SURFACE_STYLE_USAGE ( .BOTH. , #3700 ) ;
#1751 = COLOUR_RGB ( '',1.000000000000000000, 1.000000000000000000, 1.000000000000000000 ) ;
#1752 = SURFACE_STYLE_USAGE ( .BOTH. , #1111 ) ;
#1753 = CARTESIAN_POINT ( 'NONE',  ( 1.524998507671343484, 0.2800141985587187854, -1.425546318134516488 ) ) ;
#1754 = PRESENTATION_STYLE_ASSIGNMENT (( #809 ) ) ;
#1755 =( GEOMETRIC_REPRESENTATION_CONTEXT ( 3 ) GLOBAL_UNCERTAINTY_ASSIGNED_CONTEXT ( ( #5798 ) ) GLOBAL_UNIT_ASSIGNED_CONTEXT ( ( #5890, #2018, #1003 ) ) REPRESENTATION_CONTEXT ( 'NONE', 'WORKASPACE' ) );
#1756 = ADVANCED_FACE ( 'NONE', ( #5232 ), #1571, .F. ) ;
#1757 =( LENGTH_UNIT ( ) NAMED_UNIT ( * ) SI_UNIT ( .MILLI., .METRE. ) );
#1758 = CARTESIAN_POINT ( 'NONE',  ( -1.425182107177189073, 0.2800000000000003042, -1.525000000000000133 ) ) ;
#1759 = EDGE_LOOP ( 'NONE', ( #5300, #6297, #90, #6219 ) ) ;
#1760 = ORIENTED_EDGE ( 'NONE', *, *, #5146, .T. ) ;
#1761 = VECTOR ( 'NONE', #686, 1000.000000000000000 ) ;
#1762 = STYLED_ITEM ( 'NONE', ( #4294 ), #3506 ) ;
#1763 = FACE_OUTER_BOUND ( 'NONE', #1498, .T. ) ;
#1764 = DIRECTION ( 'NONE',  ( -0.3419327100384695339, -0.000000000000000000, -0.9397244392936409119 ) ) ;
#1765 = FILL_AREA_STYLE ('',( #4714 ) ) ;
#1766 = DIRECTION ( 'NONE',  ( 0.000000000000000000, 0.000000000000000000, -1.000000000000000000 ) ) ;
#1767 = PRESENTATION_LAYER_ASSIGNMENT (  '', '', ( #4966 ) ) ;
#1768 = DIRECTION ( 'NONE',  ( -7.228014483236712333E-16, 0.000000000000000000, 1.000000000000000000 ) ) ;
#1769 = VECTOR ( 'NONE', #801, 1000.000000000000000 ) ;
#1770 =( NAMED_UNIT ( * ) PLANE_ANGLE_UNIT ( ) SI_UNIT ( $, .RADIAN. ) );
#1771 = STYLED_ITEM ( 'NONE', ( #4089 ), #5370 ) ;
#1772 = PLANE ( 'NONE',  #1832 ) ;
#1773 = EDGE_CURVE ( 'NONE', #5078, #5121, #1604, .T. ) ;
#1774 = CARTESIAN_POINT ( 'NONE',  ( -1.425000000000000044, 0.000000000000000000, 1.424999999999999822 ) ) ;
#1775 = CARTESIAN_POINT ( 'NONE',  ( 1.214999999999999192, 0.2800000000000000266, 0.4800000000000001488 ) ) ;
#1776 = FILL_AREA_STYLE ('',( #773 ) ) ;
#1777 = VERTEX_POINT ( 'NONE', #5569 ) ;
#1778 =( NAMED_UNIT ( * ) PLANE_ANGLE_UNIT ( ) SI_UNIT ( $, .RADIAN. ) );
#1779 = ORIENTED_EDGE ( 'NONE', *, *, #3443, .F. ) ;
#1780 = MECHANICAL_DESIGN_GEOMETRIC_PRESENTATION_REPRESENTATION (  '', ( #1549 ), #4861 ) ;
#1781 = VERTEX_POINT ( 'NONE', #110 ) ;
#1782 =( NAMED_UNIT ( * ) SI_UNIT ( $, .STERADIAN. ) SOLID_ANGLE_UNIT ( ) );
#1783 = DIRECTION ( 'NONE',  ( -0.000000000000000000, -1.000000000000000000, -0.000000000000000000 ) ) ;
#1784 = EDGE_CURVE ( 'NONE', #3791, #4127, #4298, .T. ) ;
#1785 = ADVANCED_FACE ( 'NONE', ( #2068 ), #5490, .F. ) ;
#1786 = EDGE_CURVE ( 'NONE', #1741, #3961, #905, .T. ) ;
#1787 =( LENGTH_UNIT ( ) NAMED_UNIT ( * ) SI_UNIT ( .MILLI., .METRE. ) );
#1788 = DIRECTION ( 'NONE',  ( -0.000000000000000000, 1.000000000000000000, -0.000000000000000000 ) ) ;
#1789 = ORIENTED_EDGE ( 'NONE', *, *, #3570, .T. ) ;
#1790 = CARTESIAN_POINT ( 'NONE',  ( 0.2927192558403119427, 0.2800000000000000266, 1.649999999999999911 ) ) ;
#1791 = DIRECTION ( 'NONE',  ( -0.000000000000000000, 1.000000000000000000, -0.000000000000000000 ) ) ;
#1792 = DIRECTION ( 'NONE',  ( 1.445602896647339903E-15, 0.000000000000000000, 1.000000000000000000 ) ) ;
#1793 = MECHANICAL_DESIGN_GEOMETRIC_PRESENTATION_REPRESENTATION (  '', ( #934 ), #3465 ) ;
#1794 =( LENGTH_UNIT ( ) NAMED_UNIT ( * ) SI_UNIT ( .MILLI., .METRE. ) );
#1795 = ORIENTED_EDGE ( 'NONE', *, *, #843, .F. ) ;
#1796 = SURFACE_SIDE_STYLE ('',( #1226 ) ) ;
#1797 = VECTOR ( 'NONE', #3035, 1000.000000000000000 ) ;
#1798 = ORIENTED_EDGE ( 'NONE', *, *, #77, .F. ) ;
#1799 = STYLED_ITEM ( 'NONE', ( #5702 ), #2672 ) ;
#1800 = CARTESIAN_POINT ( 'NONE',  ( -1.355080376768301731, 0.9400000000000000577, 1.355080376768301509 ) ) ;
#1801 = PRESENTATION_STYLE_ASSIGNMENT (( #1031 ) ) ;
#1802 = PLANE ( 'NONE',  #1938 ) ;
#1803 = VERTEX_POINT ( 'NONE', #2041 ) ;
#1804 = PRESENTATION_LAYER_ASSIGNMENT (  '', '', ( #6331 ) ) ;
#1805 = ORIENTED_EDGE ( 'NONE', *, *, #3032, .F. ) ;
#1806 = AXIS2_PLACEMENT_3D ( 'NONE', #1800, #951, #5514 ) ;
#1807 = VERTEX_POINT ( 'NONE', #4516 ) ;
#1808 = EDGE_CURVE ( 'NONE', #1146, #3791, #2990, .T. ) ;
#1809 = EDGE_LOOP ( 'NONE', ( #1456, #2659, #2118, #6244 ) ) ;
#1810 =( LENGTH_UNIT ( ) NAMED_UNIT ( * ) SI_UNIT ( .MILLI., .METRE. ) );
#1811 = CARTESIAN_POINT ( 'NONE',  ( -1.525000000000000577, 0.000000000000000000, -1.129999999999999893 ) ) ;
#1812 = LINE ( 'NONE', #4268, #3748 ) ;
#1813 = FILL_AREA_STYLE_COLOUR ( '', #4478 ) ;
#1814 =( NAMED_UNIT ( * ) SI_UNIT ( $, .STERADIAN. ) SOLID_ANGLE_UNIT ( ) );
#1815 = LINE ( 'NONE', #3135, #2138 ) ;
#1816 = FILL_AREA_STYLE ('',( #2409 ) ) ;
#1817 = DIRECTION ( 'NONE',  ( 2.525088288725319983E-15, 0.000000000000000000, 1.000000000000000000 ) ) ;
#1818 = ADVANCED_FACE ( 'NONE', ( #3837 ), #2622, .T. ) ;
#1819 = UNCERTAINTY_MEASURE_WITH_UNIT (LENGTH_MEASURE( 1.000000000000000082E-05 ), #3388, 'distance_accuracy_value', 'NONE');
#1820 = AXIS2_PLACEMENT_3D ( 'NONE', #4766, #799, #4744 ) ;
#1821 = PRESENTATION_STYLE_ASSIGNMENT (( #2270 ) ) ;
#1822 = VECTOR ( 'NONE', #3674, 1000.000000000000000 ) ;
#1823 = EDGE_CURVE ( 'NONE', #83, #3057, #3609, .T. ) ;
#1824 = DIRECTION ( 'NONE',  ( 1.000000000000000000, 0.000000000000000000, 0.000000000000000000 ) ) ;
#1825 =( LENGTH_UNIT ( ) NAMED_UNIT ( * ) SI_UNIT ( .MILLI., .METRE. ) );
#1826 = VECTOR ( 'NONE', #3725, 1000.000000000000000 ) ;
#1827 = CARTESIAN_POINT ( 'NONE',  ( 0.09728074415968530897, 0.2800000000000000266, 1.649999999999999911 ) ) ;
#1828 = CARTESIAN_POINT ( 'NONE',  ( 0.3549999999999997602, 0.2800000000000000266, 1.149999999999999911 ) ) ;
#1829 = PRESENTATION_STYLE_ASSIGNMENT (( #418 ) ) ;
#1830 = FILL_AREA_STYLE ('',( #6266 ) ) ;
#1831 = ORIENTED_EDGE ( 'NONE', *, *, #3814, .T. ) ;
#1832 = AXIS2_PLACEMENT_3D ( 'NONE', #5261, #3231, #6271 ) ;
#1833 = LINE ( 'NONE', #745, #5244 ) ;
#1834 = DIRECTION ( 'NONE',  ( 1.000000000000000000, 0.000000000000000000, -1.764980280790356078E-15 ) ) ;
#1835 = SURFACE_STYLE_USAGE ( .BOTH. , #3828 ) ;
#1836 = CIRCLE ( 'NONE', #2389, 0.1000000000000000472 ) ;
#1837 = ORIENTED_EDGE ( 'NONE', *, *, #36, .F. ) ;
#1838 = VECTOR ( 'NONE', #1908, 1000.000000000000000 ) ;
#1839 = CARTESIAN_POINT ( 'NONE',  ( 0.09728074415968639144, 0.2800000000000000266, -1.650000000000000133 ) ) ;
#1840 = COLOUR_RGB ( '',1.000000000000000000, 1.000000000000000000, 1.000000000000000000 ) ;
#1841 = ORIENTED_EDGE ( 'NONE', *, *, #3386, .F. ) ;
#1842 = CARTESIAN_POINT ( 'NONE',  ( 1.524999999999999245, 0.2800000000000000266, -1.524999999999999911 ) ) ;
#1843 = VECTOR ( 'NONE', #2125, 1000.000000000000000 ) ;
#1844 = FILL_AREA_STYLE_COLOUR ( '', #3566 ) ;
#1845 =( GEOMETRIC_REPRESENTATION_CONTEXT ( 3 ) GLOBAL_UNCERTAINTY_ASSIGNED_CONTEXT ( ( #5278 ) ) GLOBAL_UNIT_ASSIGNED_CONTEXT ( ( #3769, #4843, #3817 ) ) REPRESENTATION_CONTEXT ( 'NONE', 'WORKASPACE' ) );
#1846 = VECTOR ( 'NONE', #422, 1000.000000000000000 ) ;
#1847 = UNCERTAINTY_MEASURE_WITH_UNIT (LENGTH_MEASURE( 1.000000000000000082E-05 ), #992, 'distance_accuracy_value', 'NONE');
#1848 =( NAMED_UNIT ( * ) SI_UNIT ( $, .STERADIAN. ) SOLID_ANGLE_UNIT ( ) );
#1849 = CARTESIAN_POINT ( 'NONE',  ( 1.524999999999999467, 0.2800000000000000266, -3.252606517456512316E-16 ) ) ;
#1850 = EDGE_CURVE ( 'NONE', #4387, #3657, #5003, .T. ) ;
#1851 = FILL_AREA_STYLE ('',( #1424 ) ) ;
#1852 = ADVANCED_FACE ( 'NONE', ( #3462 ), #2709, .F. ) ;
#1853 = VECTOR ( 'NONE', #4913, 1000.000000000000000 ) ;
#1854 = ORIENTED_EDGE ( 'NONE', *, *, #2494, .T. ) ;
#1855 = COLOUR_RGB ( '',0.7921568627450980005, 0.8196078431372548767, 0.9333333333333333481 ) ;
#1856 = CARTESIAN_POINT ( 'NONE',  ( 0.09728074415968637756, -0.05000000000000000278, -1.382434901537152649 ) ) ;
#1857 = SURFACE_SIDE_STYLE ('',( #1366 ) ) ;
#1858 = ORIENTED_EDGE ( 'NONE', *, *, #2660, .F. ) ;
#1859 = VECTOR ( 'NONE', #3272, 1000.000000000000000 ) ;
#1860 = ORIENTED_EDGE ( 'NONE', *, *, #5901, .F. ) ;
#1861 = UNCERTAINTY_MEASURE_WITH_UNIT (LENGTH_MEASURE( 1.000000000000000082E-05 ), #4644, 'distance_accuracy_value', 'NONE');
#1862 = MECHANICAL_DESIGN_GEOMETRIC_PRESENTATION_REPRESENTATION (  '', ( #2078 ), #4383 ) ;
#1863 = CARTESIAN_POINT ( 'NONE',  ( -1.525000000000000355, 0.2800000000000000266, 0.1699999999999999289 ) ) ;
#1864 = FILL_AREA_STYLE ('',( #4272 ) ) ;
#1865 = DIRECTION ( 'NONE',  ( -0.2588190451025219607, 0.000000000000000000, 0.9659258262890678681 ) ) ;
#1866 =( LENGTH_UNIT ( ) NAMED_UNIT ( * ) SI_UNIT ( .MILLI., .METRE. ) );
#1867 = VERTEX_POINT ( 'NONE', #3208 ) ;
#1868 = PLANE ( 'NONE',  #712 ) ;
#1869 = MECHANICAL_DESIGN_GEOMETRIC_PRESENTATION_REPRESENTATION (  '', ( #4218 ), #3339 ) ;
#1870 = FILL_AREA_STYLE ('',( #5863 ) ) ;
#1871 =( GEOMETRIC_REPRESENTATION_CONTEXT ( 3 ) GLOBAL_UNCERTAINTY_ASSIGNED_CONTEXT ( ( #1528 ) ) GLOBAL_UNIT_ASSIGNED_CONTEXT ( ( #5663, #1276, #3709 ) ) REPRESENTATION_CONTEXT ( 'NONE', 'WORKASPACE' ) );
#1872 = EDGE_CURVE ( 'NONE', #3424, #4782, #2060, .T. ) ;
#1873 = EDGE_CURVE ( 'NONE', #3400, #3057, #1526, .T. ) ;
#1874 = VERTEX_POINT ( 'NONE', #3616 ) ;
#1875 = ORIENTED_EDGE ( 'NONE', *, *, #3044, .F. ) ;
#1876 = DIRECTION ( 'NONE',  ( 0.000000000000000000, -1.000000000000000000, 0.000000000000000000 ) ) ;
#1877 = AXIS2_PLACEMENT_3D ( 'NONE', #5422, #46, #481 ) ;
#1878 = DIRECTION ( 'NONE',  ( -0.9659258262890693114, 0.000000000000000000, 0.2588190451025173533 ) ) ;
#1879 = EDGE_LOOP ( 'NONE', ( #2350, #1736, #2097, #324 ) ) ;
#1880 = DIRECTION ( 'NONE',  ( 0.000000000000000000, -0.000000000000000000, -1.000000000000000000 ) ) ;
#1881 =( LENGTH_UNIT ( ) NAMED_UNIT ( * ) SI_UNIT ( .MILLI., .METRE. ) );
#1882 = ADVANCED_FACE ( 'NONE', ( #601 ), #6062, .F. ) ;
#1883 = CIRCLE ( 'NONE', #1346, 0.09999999999999996392 ) ;
#1884 = PLANE ( 'NONE',  #4497 ) ;
#1885 = SURFACE_SIDE_STYLE ('',( #94 ) ) ;
#1886 = DIRECTION ( 'NONE',  ( 0.000000000000000000, 0.000000000000000000, 1.000000000000000000 ) ) ;
#1887 = MECHANICAL_DESIGN_GEOMETRIC_PRESENTATION_REPRESENTATION (  '', ( #3145 ), #2557 ) ;
#1888 = ORIENTED_EDGE ( 'NONE', *, *, #3247, .T. ) ;
#1889 = ORIENTED_EDGE ( 'NONE', *, *, #5820, .F. ) ;
#1890 =( LENGTH_UNIT ( ) NAMED_UNIT ( * ) SI_UNIT ( .MILLI., .METRE. ) );
#1891 = LINE ( 'NONE', #138, #824 ) ;
#1892 = PRESENTATION_STYLE_ASSIGNMENT (( #2867 ) ) ;
#1893 = DIRECTION ( 'NONE',  ( 1.000000000000000000, 0.000000000000000000, 0.000000000000000000 ) ) ;
#1894 = PRESENTATION_LAYER_ASSIGNMENT (  '', '', ( #5250 ) ) ;
#1895 = EDGE_LOOP ( 'NONE', ( #4406, #194, #104, #2198 ) ) ;
#1896 = SURFACE_STYLE_FILL_AREA ( #1776 ) ;
#1897 =( LENGTH_UNIT ( ) NAMED_UNIT ( * ) SI_UNIT ( .MILLI., .METRE. ) );
#1898 = VECTOR ( 'NONE', #472, 1000.000000000000000 ) ;
#1899 = PRESENTATION_STYLE_ASSIGNMENT (( #569 ) ) ;
#1900 =( GEOMETRIC_REPRESENTATION_CONTEXT ( 3 ) GLOBAL_UNCERTAINTY_ASSIGNED_CONTEXT ( ( #6304 ) ) GLOBAL_UNIT_ASSIGNED_CONTEXT ( ( #2844, #4806, #4228 ) ) REPRESENTATION_CONTEXT ( 'NONE', 'WORKASPACE' ) );
#1901 = VECTOR ( 'NONE', #4880, 1000.000000000000000 ) ;
#1902 = EDGE_CURVE ( 'NONE', #5755, #3049, #672, .T. ) ;
#1903 = VECTOR ( 'NONE', #1917, 1000.000000000000000 ) ;
#1904 = UNCERTAINTY_MEASURE_WITH_UNIT (LENGTH_MEASURE( 1.000000000000000082E-05 ), #1175, 'distance_accuracy_value', 'NONE');
#1905 = LINE ( 'NONE', #6334, #5546 ) ;
#1906 = FILL_AREA_STYLE_COLOUR ( '', #2473 ) ;
#1907 = DIRECTION ( 'NONE',  ( -0.9397244392936384694, 0.000000000000000000, -0.3419327100384764728 ) ) ;
#1908 = DIRECTION ( 'NONE',  ( 1.000000000000000000, 0.000000000000000000, 0.000000000000000000 ) ) ;
#1909 = CARTESIAN_POINT ( 'NONE',  ( -1.655000000000000471, 0.2800000000000000266, -1.129999999999999893 ) ) ;
#1910 = DIRECTION ( 'NONE',  ( -0.000000000000000000, 1.000000000000000000, 0.000000000000000000 ) ) ;
#1911 = ORIENTED_EDGE ( 'NONE', *, *, #2399, .F. ) ;
#1912 = CARTESIAN_POINT ( 'NONE',  ( 1.524999999999999245, 0.2800000000000000266, -1.524999999999999911 ) ) ;
#1913 = UNCERTAINTY_MEASURE_WITH_UNIT (LENGTH_MEASURE( 1.000000000000000082E-05 ), #3291, 'distance_accuracy_value', 'NONE');
#1914 = DIRECTION ( 'NONE',  ( -2.525088288725319983E-15, -0.000000000000000000, -1.000000000000000000 ) ) ;
#1915 = EDGE_CURVE ( 'NONE', #3657, #1874, #2750, .T. ) ;
#1916 = EDGE_CURVE ( 'NONE', #178, #2101, #3606, .T. ) ;
#1917 = DIRECTION ( 'NONE',  ( 1.000000000000000000, 0.000000000000000000, -2.521400401129077125E-15 ) ) ;
#1918 = LINE ( 'NONE', #185, #4544 ) ;
#1919 = ORIENTED_EDGE ( 'NONE', *, *, #1382, .T. ) ;
#1920 = DIRECTION ( 'NONE',  ( -0.000000000000000000, 1.000000000000000000, -0.000000000000000000 ) ) ;
#1921 = COLOUR_RGB ( '',0.000000000000000000, 0.000000000000000000, 0.000000000000000000 ) ;
#1922 = MECHANICAL_DESIGN_GEOMETRIC_PRESENTATION_REPRESENTATION (  '', ( #2012 ), #5331 ) ;
#1923 = VERTEX_POINT ( 'NONE', #3303 ) ;
#1924 = LINE ( 'NONE', #6091, #3627 ) ;
#1925 = CARTESIAN_POINT ( 'NONE',  ( -1.524999502555877795, 0.2800047328646775857, 1.425364213674966019 ) ) ;
#1926 = FACE_OUTER_BOUND ( 'NONE', #2977, .T. ) ;
#1927 = PLANE ( 'NONE',  #5605 ) ;
#1928 = CARTESIAN_POINT ( 'NONE',  ( -1.454532566305129615, 0.9504528463267654104, -1.445120781198085735 ) ) ;
#1929 = FILL_AREA_STYLE ('',( #3431 ) ) ;
#1930 = FACE_OUTER_BOUND ( 'NONE', #641, .T. ) ;
#1931 =( NAMED_UNIT ( * ) PLANE_ANGLE_UNIT ( ) SI_UNIT ( $, .RADIAN. ) );
#1932 = VECTOR ( 'NONE', #1371, 1000.000000000000000 ) ;
#1933 = PRESENTATION_STYLE_ASSIGNMENT (( #6301 ) ) ;
#1934 = COLOUR_RGB ( '',1.000000000000000000, 1.000000000000000000, 1.000000000000000000 ) ;
#1935 =( NAMED_UNIT ( * ) SI_UNIT ( $, .STERADIAN. ) SOLID_ANGLE_UNIT ( ) );
#1936 = CARTESIAN_POINT ( 'NONE',  ( -1.245000000000000773, 0.2800000000000000266, 0.4799999999999999822 ) ) ;
#1937 = PRODUCT_CONTEXT ( 'NONE', #4883, 'mechanical' ) ;
#1938 = AXIS2_PLACEMENT_3D ( 'NONE', #3858, #1362, #5275 ) ;
#1939 = CARTESIAN_POINT ( 'NONE',  ( 1.644999999999999574, -0.05000000000000000278, -0.8200000000000003952 ) ) ;
#1940 = EDGE_LOOP ( 'NONE', ( #4328, #6027, #6328, #4265, #2341, #2263 ) ) ;
#1941 = COLOUR_RGB ( '',0.000000000000000000, 0.000000000000000000, 0.000000000000000000 ) ;
#1942 = STYLED_ITEM ( 'NONE', ( #6372 ), #208 ) ;
#1943 = SURFACE_STYLE_USAGE ( .BOTH. , #471 ) ;
#1944 = EDGE_CURVE ( 'NONE', #5915, #11, #6060, .T. ) ;
#1945 = CARTESIAN_POINT ( 'NONE',  ( 1.644999999999999352, 0.2800000000000000266, -0.1700000000000003453 ) ) ;
#1946 = ORIENTED_EDGE ( 'NONE', *, *, #4586, .F. ) ;
#1947 = EDGE_LOOP ( 'NONE', ( #4743, #5680, #86, #4044 ) ) ;
#1948 = ORIENTED_EDGE ( 'NONE', *, *, #5018, .F. ) ;
#1949 =( NAMED_UNIT ( * ) SI_UNIT ( $, .STERADIAN. ) SOLID_ANGLE_UNIT ( ) );
#1950 = ORIENTED_EDGE ( 'NONE', *, *, #4416, .T. ) ;
#1951 =( GEOMETRIC_REPRESENTATION_CONTEXT ( 3 ) GLOBAL_UNCERTAINTY_ASSIGNED_CONTEXT ( ( #6250 ) ) GLOBAL_UNIT_ASSIGNED_CONTEXT ( ( #4982, #2025, #5443 ) ) REPRESENTATION_CONTEXT ( 'NONE', 'WORKASPACE' ) );
#1952 = CARTESIAN_POINT ( 'NONE',  ( 5.698364906551722997E-16, 0.2800000000000000266, 1.130000000000000560 ) ) ;
#1953 = SURFACE_STYLE_USAGE ( .BOTH. , #3450 ) ;
#1954 = EDGE_CURVE ( 'NONE', #1024, #5434, #2836, .T. ) ;
#1955 = DIRECTION ( 'NONE',  ( 0.000000000000000000, 1.000000000000000000, 0.000000000000000000 ) ) ;
#1956 = EDGE_CURVE ( 'NONE', #2056, #1741, #4602, .T. ) ;
#1957 =( NAMED_UNIT ( * ) PLANE_ANGLE_UNIT ( ) SI_UNIT ( $, .RADIAN. ) );
#1958 = FILL_AREA_STYLE ('',( #6366 ) ) ;
#1959 = PLANE ( 'NONE',  #541 ) ;
#1960 = DIRECTION ( 'NONE',  ( 0.000000000000000000, -0.000000000000000000, -1.000000000000000000 ) ) ;
#1961 = ORIENTED_EDGE ( 'NONE', *, *, #5257, .T. ) ;
#1962 = FACE_OUTER_BOUND ( 'NONE', #6102, .T. ) ;
#1963 = VERTEX_POINT ( 'NONE', #3731 ) ;
#1964 = AXIS2_PLACEMENT_3D ( 'NONE', #1396, #2386, #5376 ) ;
#1965 = CARTESIAN_POINT ( 'NONE',  ( -1.245000000000000773, 0.2800000000000000266, 0.1699999999999999012 ) ) ;
#1966 = VECTOR ( 'NONE', #5365, 1000.000000000000000 ) ;
#1967 = EDGE_LOOP ( 'NONE', ( #1919, #1190, #2306, #2461 ) ) ;
#1968 = VERTEX_POINT ( 'NONE', #1238 ) ;
#1969 = MECHANICAL_DESIGN_GEOMETRIC_PRESENTATION_REPRESENTATION (  '', ( #5285 ), #1562 ) ;
#1970 = COLOUR_RGB ( '',0.000000000000000000, 0.000000000000000000, 0.000000000000000000 ) ;
#1971 =( NAMED_UNIT ( * ) SI_UNIT ( $, .STERADIAN. ) SOLID_ANGLE_UNIT ( ) );
#1972 = ORIENTED_EDGE ( 'NONE', *, *, #1593, .F. ) ;
#1973 = SURFACE_SIDE_STYLE ('',( #233 ) ) ;
#1974 = ORIENTED_EDGE ( 'NONE', *, *, #4549, .F. ) ;
#1975 =( LENGTH_UNIT ( ) NAMED_UNIT ( * ) SI_UNIT ( .MILLI., .METRE. ) );
#1976 = CARTESIAN_POINT ( 'NONE',  ( 1.524999999999999245, 0.000000000000000000, -1.524999999999999911 ) ) ;
#1977 = FACE_OUTER_BOUND ( 'NONE', #3818, .T. ) ;
#1978 = AXIS2_PLACEMENT_3D ( 'NONE', #1076, #5590, #629 ) ;
#1979 = DIRECTION ( 'NONE',  ( -2.891205793294679411E-15, 0.000000000000000000, 1.000000000000000000 ) ) ;
#1980 = FILL_AREA_STYLE_COLOUR ( '', #1389 ) ;
#1981 = DIRECTION ( 'NONE',  ( 0.000000000000000000, -1.000000000000000000, 0.000000000000000000 ) ) ;
#1982 = LINE ( 'NONE', #3626, #5613 ) ;
#1983 = VECTOR ( 'NONE', #2420, 1000.000000000000000 ) ;
#1984 = FILL_AREA_STYLE ('',( #5047 ) ) ;
#1985 =( GEOMETRIC_REPRESENTATION_CONTEXT ( 3 ) GLOBAL_UNCERTAINTY_ASSIGNED_CONTEXT ( ( #1178 ) ) GLOBAL_UNIT_ASSIGNED_CONTEXT ( ( #5553, #636, #5122 ) ) REPRESENTATION_CONTEXT ( 'NONE', 'WORKASPACE' ) );
#1986 = SURFACE_SIDE_STYLE ('',( #977 ) ) ;
#1987 = COLOUR_RGB ( '',0.000000000000000000, 0.000000000000000000, 0.000000000000000000 ) ;
#1988 = SURFACE_SIDE_STYLE ('',( #5075 ) ) ;
#1989 = CARTESIAN_POINT ( 'NONE',  ( -1.655000000000000471, 0.2800000000000000266, -1.129999999999999893 ) ) ;
#1990 = UNCERTAINTY_MEASURE_WITH_UNIT (LENGTH_MEASURE( 1.000000000000000082E-05 ), #5379, 'distance_accuracy_value', 'NONE');
#1991 = ORIENTED_EDGE ( 'NONE', *, *, #5683, .T. ) ;
#1992 = COLOUR_RGB ( '',0.000000000000000000, 0.000000000000000000, 0.000000000000000000 ) ;
#1993 = COLOUR_RGB ( '',0.000000000000000000, 0.000000000000000000, 0.000000000000000000 ) ;
#1994 = CARTESIAN_POINT ( 'NONE',  ( -1.525000000000000355, 0.2800000000000000266, 0.4799999999999999822 ) ) ;
#1995 = VERTEX_POINT ( 'NONE', #4662 ) ;
#1996 = VECTOR ( 'NONE', #4661, 1000.000000000000000 ) ;
#1997 = ORIENTED_EDGE ( 'NONE', *, *, #1902, .T. ) ;
#1998 =( GEOMETRIC_REPRESENTATION_CONTEXT ( 3 ) GLOBAL_UNCERTAINTY_ASSIGNED_CONTEXT ( ( #3063 ) ) GLOBAL_UNIT_ASSIGNED_CONTEXT ( ( #5200, #1273, #5226 ) ) REPRESENTATION_CONTEXT ( 'NONE', 'WORKASPACE' ) );
#1999 = CARTESIAN_POINT ( 'NONE',  ( 0.000000000000000000, 0.000000000000000000, 0.000000000000000000 ) ) ;
#2000 = DIRECTION ( 'NONE',  ( 0.000000000000000000, 1.000000000000000000, 0.000000000000000000 ) ) ;
#2001 = CARTESIAN_POINT ( 'NONE',  ( 1.644999999999999574, -0.05000000000000000278, -0.4699999999999996403 ) ) ;
#2002 = LINE ( 'NONE', #1070, #1234 ) ;
#2003 = STYLED_ITEM ( 'NONE', ( #4305 ), #1670 ) ;
#2004 = EDGE_CURVE ( 'NONE', #3699, #960, #1283, .T. ) ;
#2005 = COLOUR_RGB ( '',0.000000000000000000, 0.000000000000000000, 0.000000000000000000 ) ;
#2006 = EDGE_CURVE ( 'NONE', #3424, #3034, #5397, .T. ) ;
#2007 = CARTESIAN_POINT ( 'NONE',  ( -1.524998507671344594, 0.2800141985587163984, -1.425546318134516710 ) ) ;
#2008 = VECTOR ( 'NONE', #2534, 1000.000000000000000 ) ;
#2009 = CARTESIAN_POINT ( 'NONE',  ( 0.09728074415968530897, 0.2800000000000000266, 1.649999999999999911 ) ) ;
#2010 = COLOUR_RGB ( '',0.000000000000000000, 0.000000000000000000, 0.000000000000000000 ) ;
#2011 = CARTESIAN_POINT ( 'NONE',  ( 1.644999999999999130, -0.05000000000000000278, 0.8299999999999997380 ) ) ;
#2012 = STYLED_ITEM ( 'NONE', ( #2214 ), #1882 ) ;
#2013 = CARTESIAN_POINT ( 'NONE',  ( -1.655000000000000693, 0.2800000000000000266, -0.8200000000000000622 ) ) ;
#2014 = SURFACE_STYLE_FILL_AREA ( #3330 ) ;
#2015 = ORIENTED_EDGE ( 'NONE', *, *, #1337, .F. ) ;
#2016 = DIRECTION ( 'NONE',  ( -0.1045284632676537068, -0.9945218953682734009, 0.000000000000000000 ) ) ;
#2017 =( NAMED_UNIT ( * ) PLANE_ANGLE_UNIT ( ) SI_UNIT ( $, .RADIAN. ) );
#2018 =( NAMED_UNIT ( * ) PLANE_ANGLE_UNIT ( ) SI_UNIT ( $, .RADIAN. ) );
#2019 = PRESENTATION_LAYER_ASSIGNMENT (  '', '', ( #47 ) ) ;
#2020 = DIRECTION ( 'NONE',  ( -0.000000000000000000, 1.000000000000000000, -0.000000000000000000 ) ) ;
#2021 = ORIENTED_EDGE ( 'NONE', *, *, #5568, .F. ) ;
#2022 =( NAMED_UNIT ( * ) PLANE_ANGLE_UNIT ( ) SI_UNIT ( $, .RADIAN. ) );
#2023 = ORIENTED_EDGE ( 'NONE', *, *, #181, .T. ) ;
#2024 = CARTESIAN_POINT ( 'NONE',  ( 1.524999502555876685, 0.2800047328646796396, -1.425364213674966019 ) ) ;
#2025 =( NAMED_UNIT ( * ) PLANE_ANGLE_UNIT ( ) SI_UNIT ( $, .RADIAN. ) );
#2026 = STYLED_ITEM ( 'NONE', ( #3219 ), #6188 ) ;
#2027 = FILL_AREA_STYLE_COLOUR ( '', #3381 ) ;
#2028 = MECHANICAL_DESIGN_GEOMETRIC_PRESENTATION_REPRESENTATION (  '', ( #1277 ), #3275 ) ;
#2029 = ORIENTED_EDGE ( 'NONE', *, *, #2614, .F. ) ;
#2030 = DIRECTION ( 'NONE',  ( 1.000000000000000000, 0.000000000000000000, 0.000000000000000000 ) ) ;
#2031 =( GEOMETRIC_REPRESENTATION_CONTEXT ( 3 ) GLOBAL_UNCERTAINTY_ASSIGNED_CONTEXT ( ( #6213 ) ) GLOBAL_UNIT_ASSIGNED_CONTEXT ( ( #5142, #5638, #2677 ) ) REPRESENTATION_CONTEXT ( 'NONE', 'WORKASPACE' ) );
#2032 = EDGE_CURVE ( 'NONE', #5386, #2661, #1812, .T. ) ;
#2033 = DIRECTION ( 'NONE',  ( -1.000000000000000000, 0.000000000000000000, 5.042800802258159378E-16 ) ) ;
#2034 = DIRECTION ( 'NONE',  ( 1.000000000000000000, 0.000000000000000000, -5.042800802258159378E-16 ) ) ;
#2035 = MECHANICAL_DESIGN_GEOMETRIC_PRESENTATION_REPRESENTATION (  '', ( #598 ), #177 ) ;
#2036 = SURFACE_SIDE_STYLE ('',( #5260 ) ) ;
#2037 = ORIENTED_EDGE ( 'NONE', *, *, #2792, .T. ) ;
#2038 = DIRECTION ( 'NONE',  ( 0.000000000000000000, 0.000000000000000000, 1.000000000000000000 ) ) ;
#2039 = CARTESIAN_POINT ( 'NONE',  ( -1.355080376768301731, 0.9504528463267654104, 1.454532566305128949 ) ) ;
#2040 = EDGE_CURVE ( 'NONE', #2717, #6076, #6389, .T. ) ;
#2041 = CARTESIAN_POINT ( 'NONE',  ( 1.524999999999999911, 0.000000000000000000, 1.424999999999999600 ) ) ;
#2042 = MECHANICAL_DESIGN_GEOMETRIC_PRESENTATION_REPRESENTATION (  '', ( #6123 ), #1503 ) ;
#2043 = ADVANCED_FACE ( 'NONE', ( #3456 ), #5205, .F. ) ;
#2044 =( NAMED_UNIT ( * ) SI_UNIT ( $, .STERADIAN. ) SOLID_ANGLE_UNIT ( ) );
#2045 = CARTESIAN_POINT ( 'NONE',  ( 1.524999999999999911, 0.2800000000000000266, 1.424999999999999600 ) ) ;
#2046 = ORIENTED_EDGE ( 'NONE', *, *, #3679, .F. ) ;
#2047 = EDGE_LOOP ( 'NONE', ( #4595, #5371, #3964, #4891 ) ) ;
#2048 = DIRECTION ( 'NONE',  ( -1.000000000000000000, -0.000000000000000000, 2.521400401129077125E-15 ) ) ;
#2049 = PRESENTATION_STYLE_ASSIGNMENT (( #5470 ) ) ;
#2050 = PRESENTATION_LAYER_ASSIGNMENT (  '', '', ( #1301 ) ) ;
#2051 = LINE ( 'NONE', #4702, #2667 ) ;
#2052 = CLOSED_SHELL ( 'NONE', ( #4277, #4346, #2343, #5298, #2560, #2043, #5825, #157, #1644, #1409, #6262, #1700, #140, #2310, #666, #2245, #4065, #2625, #5593, #5370, #1818, #2219, #2809, #2140, #2277, #4594, #3104, #3333, #1245, #3862, #4576, #5656, #921, #6092, #87, #4151, #6042, #3798, #2411, #2902, #4741, #4640, #3726, #1670, #433, #1115, #1377, #6299, #5547, #2110, #1135, #4082, #2672, #3641, #2875, #3134, #627, #4813, #1756, #3612, #5227, #1594, #3167, #1565, #1627, #3088, #2527, #796, #3399, #1340, #4565, #2077, #1147, #889, #4243, #6158, #5133, #1313, #4713, #208, #4847, #305, #5561, #3367 ) ) ;
#2053 = CARTESIAN_POINT ( 'NONE',  ( 1.644999999999999352, -0.05000000000000000278, 0.4799999999999999822 ) ) ;
#2054 = FACE_OUTER_BOUND ( 'NONE', #3200, .T. ) ;
#2055 = PLANE ( 'NONE',  #3483 ) ;
#2056 = VERTEX_POINT ( 'NONE', #786 ) ;
#2057 =( NAMED_UNIT ( * ) SI_UNIT ( $, .STERADIAN. ) SOLID_ANGLE_UNIT ( ) );
#2058 = MECHANICAL_DESIGN_GEOMETRIC_PRESENTATION_REPRESENTATION (  '', ( #4364 ), #400 ) ;
#2059 = DIRECTION ( 'NONE',  ( -1.000000000000000000, 0.000000000000000000, -0.000000000000000000 ) ) ;
#2060 = LINE ( 'NONE', #1693, #3984 ) ;
#2061 = PRESENTATION_LAYER_ASSIGNMENT (  '', '', ( #6278 ) ) ;
#2062 = DIRECTION ( 'NONE',  ( 2.132856732758369605E-16, 0.000000000000000000, 1.000000000000000000 ) ) ;
#2063 = LINE ( 'NONE', #5576, #3681 ) ;
#2064 = UNCERTAINTY_MEASURE_WITH_UNIT (LENGTH_MEASURE( 1.000000000000000082E-05 ), #1304, 'distance_accuracy_value', 'NONE');
#2065 = PRESENTATION_LAYER_ASSIGNMENT (  '', '', ( #4162 ) ) ;
#2066 = DIRECTION ( 'NONE',  ( 0.3419327100384764173, 0.000000000000000000, -0.9397244392936383584 ) ) ;
#2067 = DIRECTION ( 'NONE',  ( -0.000000000000000000, 1.000000000000000000, -0.000000000000000000 ) ) ;
#2068 = FACE_OUTER_BOUND ( 'NONE', #5332, .T. ) ;
#2069 = EDGE_CURVE ( 'NONE', #5289, #1874, #670, .T. ) ;
#2070 = CARTESIAN_POINT ( 'NONE',  ( -1.525000000000000577, 0.2800000000000000266, -1.424999999999999822 ) ) ;
#2071 = SURFACE_STYLE_FILL_AREA ( #5799 ) ;
#2072 = DIRECTION ( 'NONE',  ( 0.000000000000000000, 0.000000000000000000, -1.000000000000000000 ) ) ;
#2073 = ORIENTED_EDGE ( 'NONE', *, *, #930, .F. ) ;
#2074 = SURFACE_STYLE_FILL_AREA ( #940 ) ;
#2075 = DIRECTION ( 'NONE',  ( -0.000000000000000000, -0.000000000000000000, 1.000000000000000000 ) ) ;
#2076 = CARTESIAN_POINT ( 'NONE',  ( -1.525000000000000577, 0.000000000000000000, -1.524999999999999911 ) ) ;
#2077 = ADVANCED_FACE ( 'NONE', ( #514 ), #5233, .T. ) ;
#2078 = STYLED_ITEM ( 'NONE', ( #3753 ), #3641 ) ;
#2079 = FACE_OUTER_BOUND ( 'NONE', #5906, .T. ) ;
#2080 = VECTOR ( 'NONE', #2364, 1000.000000000000000 ) ;
#2081 = VERTEX_POINT ( 'NONE', #5190 ) ;
#2082 = VECTOR ( 'NONE', #3952, 1000.000000000000000 ) ;
#2083 = DIRECTION ( 'NONE',  ( 1.000000000000000000, 0.000000000000000000, 0.000000000000000000 ) ) ;
#2084 = VECTOR ( 'NONE', #6163, 1000.000000000000000 ) ;
#2085 = COLOUR_RGB ( '',0.000000000000000000, 0.000000000000000000, 0.000000000000000000 ) ;
#2086 =( NAMED_UNIT ( * ) PLANE_ANGLE_UNIT ( ) SI_UNIT ( $, .RADIAN. ) );
#2087 = SURFACE_STYLE_FILL_AREA ( #847 ) ;
#2088 = FILL_AREA_STYLE ('',( #4036 ) ) ;
#2089 = CARTESIAN_POINT ( 'NONE',  ( 0.01499999999999960566, -0.05000000000000000278, -1.054999999999999938 ) ) ;
#2090 = SURFACE_STYLE_USAGE ( .BOTH. , #5548 ) ;
#2091 = VECTOR ( 'NONE', #5492, 1000.000000000000000 ) ;
#2092 = CARTESIAN_POINT ( 'NONE',  ( 1.424999999999998934, 0.000000000000000000, -1.524999999999999911 ) ) ;
#2093 = CARTESIAN_POINT ( 'NONE',  ( -1.245000000000000773, 0.2800000000000000266, 0.1699999999999999012 ) ) ;
#2094 = CARTESIAN_POINT ( 'NONE',  ( 1.214999999999998970, 0.2800000000000000266, 0.000000000000000000 ) ) ;
#2095 =( GEOMETRIC_REPRESENTATION_CONTEXT ( 3 ) GLOBAL_UNCERTAINTY_ASSIGNED_CONTEXT ( ( #3216 ) ) GLOBAL_UNIT_ASSIGNED_CONTEXT ( ( #5403, #4444, #3886 ) ) REPRESENTATION_CONTEXT ( 'NONE', 'WORKASPACE' ) );
#2096 = FACE_OUTER_BOUND ( 'NONE', #1967, .T. ) ;
#2097 = ORIENTED_EDGE ( 'NONE', *, *, #3069, .F. ) ;
#2098 =( NAMED_UNIT ( * ) PLANE_ANGLE_UNIT ( ) SI_UNIT ( $, .RADIAN. ) );
#2099 = EDGE_LOOP ( 'NONE', ( #1080, #3385, #3882, #5509, #2202, #5525, #3295, #2609 ) ) ;
#2100 = COLOUR_RGB ( '',0.000000000000000000, 0.000000000000000000, 0.000000000000000000 ) ;
#2101 = VERTEX_POINT ( 'NONE', #4250 ) ;
#2102 =( NAMED_UNIT ( * ) SI_UNIT ( $, .STERADIAN. ) SOLID_ANGLE_UNIT ( ) );
#2103 =( NAMED_UNIT ( * ) PLANE_ANGLE_UNIT ( ) SI_UNIT ( $, .RADIAN. ) );
#2104 = EDGE_LOOP ( 'NONE', ( #1683, #6141, #1303, #3445 ) ) ;
#2105 = DIRECTION ( 'NONE',  ( 1.000000000000000000, 0.000000000000000000, 0.000000000000000000 ) ) ;
#2106 = MECHANICAL_DESIGN_GEOMETRIC_PRESENTATION_REPRESENTATION (  '', ( #1762 ), #3472 ) ;
#2107 = FILL_AREA_STYLE_COLOUR ( '', #2998 ) ;
#2108 = UNCERTAINTY_MEASURE_WITH_UNIT (LENGTH_MEASURE( 1.000000000000000082E-05 ), #1412, 'distance_accuracy_value', 'NONE');
#2109 = ORIENTED_EDGE ( 'NONE', *, *, #1850, .F. ) ;
#2110 = ADVANCED_FACE ( 'NONE', ( #6140 ), #765, .F. ) ;
#2111 = DIRECTION ( 'NONE',  ( 1.000000000000000000, 0.000000000000000000, 0.000000000000000000 ) ) ;
#2112 =( LENGTH_UNIT ( ) NAMED_UNIT ( * ) SI_UNIT ( .MILLI., .METRE. ) );
#2113 = CARTESIAN_POINT ( 'NONE',  ( 1.524999999999999467, 0.2800000000000000266, -0.4699999999999996958 ) ) ;
#2114 = CARTESIAN_POINT ( 'NONE',  ( 0.3549999999999997602, 0.000000000000000000, -1.149999999999999911 ) ) ;
#2115 = CARTESIAN_POINT ( 'NONE',  ( 1.524999999999999245, 0.000000000000000000, -1.119999999999999885 ) ) ;
#2116 = EDGE_CURVE ( 'NONE', #2937, #6353, #1120, .T. ) ;
#2117 = CARTESIAN_POINT ( 'NONE',  ( -1.245000000000000773, -0.05000000000000000278, 1.129999999999999893 ) ) ;
#2118 = ORIENTED_EDGE ( 'NONE', *, *, #3519, .F. ) ;
#2119 = ORIENTED_EDGE ( 'NONE', *, *, #5355, .T. ) ;
#2120 = CARTESIAN_POINT ( 'NONE',  ( -1.245000000000000551, -0.05000000000000000278, -0.8200000000000000622 ) ) ;
#2121 = ADVANCED_FACE ( 'NONE', ( #3067 ), #4826, .F. ) ;
#2122 = SURFACE_SIDE_STYLE ('',( #5521 ) ) ;
#2123 = FILL_AREA_STYLE ('',( #6023 ) ) ;
#2124 = PRESENTATION_STYLE_ASSIGNMENT (( #4526 ) ) ;
#2125 = DIRECTION ( 'NONE',  ( -1.000000000000000000, 0.000000000000000000, -1.322197771323785883E-16 ) ) ;
#2126 = ORIENTED_EDGE ( 'NONE', *, *, #4867, .F. ) ;
#2127 = ORIENTED_EDGE ( 'NONE', *, *, #256, .F. ) ;
#2128 = PRESENTATION_LAYER_ASSIGNMENT (  '', '', ( #4774 ) ) ;
#2129 = EDGE_CURVE ( 'NONE', #6185, #3115, #594, .T. ) ;
#2130 = FILL_AREA_STYLE ('',( #660 ) ) ;
#2131 = COLOUR_RGB ( '',1.000000000000000000, 1.000000000000000000, 1.000000000000000000 ) ;
#2132 = ORIENTED_EDGE ( 'NONE', *, *, #5272, .F. ) ;
#2133 = ORIENTED_EDGE ( 'NONE', *, *, #2862, .F. ) ;
#2134 = SURFACE_STYLE_FILL_AREA ( #1164 ) ;
#2135 = AXIS2_PLACEMENT_3D ( 'NONE', #5710, #2748, #1733 ) ;
#2136 = DIRECTION ( 'NONE',  ( -0.000000000000000000, 0.000000000000000000, 1.000000000000000000 ) ) ;
#2137 = SURFACE_SIDE_STYLE ('',( #5565 ) ) ;
#2138 = VECTOR ( 'NONE', #3117, 1000.000000000000000 ) ;
#2139 = LINE ( 'NONE', #3874, #4686 ) ;
#2140 = ADVANCED_FACE ( 'NONE', ( #4518 ), #3492, .T. ) ;
#2141 = SURFACE_SIDE_STYLE ('',( #5961 ) ) ;
#2142 = MECHANICAL_DESIGN_GEOMETRIC_PRESENTATION_REPRESENTATION (  '', ( #1799 ), #1520 ) ;
#2143 = CARTESIAN_POINT ( 'NONE',  ( 1.214999999999998970, 0.000000000000000000, -0.8199999999999992850 ) ) ;
#2144 = PLANE ( 'NONE',  #5109 ) ;
#2145 = MECHANICAL_DESIGN_GEOMETRIC_PRESENTATION_REPRESENTATION (  '', ( #3225 ), #4450 ) ;
#2146 = PLANE ( 'NONE',  #4 ) ;
#2147 = DIRECTION ( 'NONE',  ( -1.000000000000000000, -0.000000000000000000, 5.042800802258159378E-16 ) ) ;
#2148 = CARTESIAN_POINT ( 'NONE',  ( 1.214999999999998970, -0.05000000000000000278, -1.119999999999999440 ) ) ;
#2149 = MECHANICAL_DESIGN_GEOMETRIC_PRESENTATION_REPRESENTATION (  '', ( #4921 ), #4125 ) ;
#2150 = COLOUR_RGB ( '',0.000000000000000000, 0.000000000000000000, 0.000000000000000000 ) ;
#2151 = ORIENTED_EDGE ( 'NONE', *, *, #6011, .T. ) ;
#2152 = LINE ( 'NONE', #4245, #5026 ) ;
#2153 = EDGE_CURVE ( 'NONE', #6074, #2414, #427, .T. ) ;
#2154 = VERTEX_POINT ( 'NONE', #2488 ) ;
#2155 = ORIENTED_EDGE ( 'NONE', *, *, #929, .F. ) ;
#2156 = CARTESIAN_POINT ( 'NONE',  ( 0.2927192558403118872, 0.000000000000000000, 1.382434901537152427 ) ) ;
#2157 = ADVANCED_FACE ( 'NONE', ( #4126 ), #6313, .F. ) ;
#2158 =( NAMED_UNIT ( * ) PLANE_ANGLE_UNIT ( ) SI_UNIT ( $, .RADIAN. ) );
#2159 = VECTOR ( 'NONE', #212, 1000.000000000000000 ) ;
#2160 = VECTOR ( 'NONE', #5673, 1000.000000000000000 ) ;
#2161 = FILL_AREA_STYLE_COLOUR ( '', #2234 ) ;
#2162 = VECTOR ( 'NONE', #674, 1000.000000000000000 ) ;
#2163 = SPHERICAL_SURFACE ( 'NONE', #1101, 0.1000000000000000056 ) ;
#2164 = MECHANICAL_DESIGN_GEOMETRIC_PRESENTATION_REPRESENTATION (  '', ( #922 ), #3380 ) ;
#2165 = DIRECTION ( 'NONE',  ( -6.994852725712933200E-16, 0.000000000000000000, -1.000000000000000000 ) ) ;
#2166 = SPHERICAL_SURFACE ( 'NONE', #5938, 0.1000000000000000056 ) ;
#2167 = EDGE_CURVE ( 'NONE', #2101, #3652, #661, .T. ) ;
#2168 = VECTOR ( 'NONE', #2917, 1000.000000000000000 ) ;
#2169 = EDGE_CURVE ( 'NONE', #128, #900, #503, .T. ) ;
#2170 = DIRECTION ( 'NONE',  ( 1.000000000000000000, 0.000000000000000000, 0.000000000000000000 ) ) ;
#2171 = CARTESIAN_POINT ( 'NONE',  ( -1.655000000000000693, -0.05000000000000000278, -0.8200000000000000622 ) ) ;
#2172 = ORIENTED_EDGE ( 'NONE', *, *, #704, .F. ) ;
#2173 =( GEOMETRIC_REPRESENTATION_CONTEXT ( 3 ) GLOBAL_UNCERTAINTY_ASSIGNED_CONTEXT ( ( #2878 ) ) GLOBAL_UNIT_ASSIGNED_CONTEXT ( ( #1307, #2730, #5715 ) ) REPRESENTATION_CONTEXT ( 'NONE', 'WORKASPACE' ) );
#2174 = ORIENTED_EDGE ( 'NONE', *, *, #2443, .T. ) ;
#2175 = COLOUR_RGB ( '',0.000000000000000000, 0.000000000000000000, 0.000000000000000000 ) ;
#2176 = CARTESIAN_POINT ( 'NONE',  ( 1.524999999999999689, 0.2800000000000000266, 1.129999999999999893 ) ) ;
#2177 = EDGE_LOOP ( 'NONE', ( #2801, #5658, #349, #621 ) ) ;
#2178 = SURFACE_SIDE_STYLE ('',( #2938 ) ) ;
#2179 =( GEOMETRIC_REPRESENTATION_CONTEXT ( 3 ) GLOBAL_UNCERTAINTY_ASSIGNED_CONTEXT ( ( #719 ) ) GLOBAL_UNIT_ASSIGNED_CONTEXT ( ( #1692, #6107, #4603 ) ) REPRESENTATION_CONTEXT ( 'NONE', 'WORKASPACE' ) );
#2180 = EDGE_LOOP ( 'NONE', ( #5826, #2506, #2380, #5098 ) ) ;
#2181 = CARTESIAN_POINT ( 'NONE',  ( 0.09728074415968522570, 0.000000000000000000, 1.524999999999999911 ) ) ;
#2182 = PRESENTATION_LAYER_ASSIGNMENT (  '', '', ( #1270 ) ) ;
#2183 = DIRECTION ( 'NONE',  ( 1.000000000000000000, 0.000000000000000000, -1.512840240677446236E-15 ) ) ;
#2184 = UNCERTAINTY_MEASURE_WITH_UNIT (LENGTH_MEASURE( 1.000000000000000082E-05 ), #3196, 'distance_accuracy_value', 'NONE');
#2185 =( NAMED_UNIT ( * ) SI_UNIT ( $, .STERADIAN. ) SOLID_ANGLE_UNIT ( ) );
#2186 = EDGE_CURVE ( 'NONE', #2661, #4504, #4432, .T. ) ;
#2187 = EDGE_LOOP ( 'NONE', ( #1281, #5988, #6183, #2151 ) ) ;
#2188 = CARTESIAN_POINT ( 'NONE',  ( 1.123868105625216756E-17, 0.000000000000000000, 0.1699999999999998179 ) ) ;
#2189 = FILL_AREA_STYLE_COLOUR ( '', #1513 ) ;
#2190 = ORIENTED_EDGE ( 'NONE', *, *, #183, .T. ) ;
#2191 = UNCERTAINTY_MEASURE_WITH_UNIT (LENGTH_MEASURE( 1.000000000000000082E-05 ), #1890, 'distance_accuracy_value', 'NONE');
#2192 = UNCERTAINTY_MEASURE_WITH_UNIT (LENGTH_MEASURE( 1.000000000000000082E-05 ), #414, 'distance_accuracy_value', 'NONE');
#2193 = FILL_AREA_STYLE ('',( #3214 ) ) ;
#2194 = DIRECTION ( 'NONE',  ( -0.1039620511844979167, -0.9891328443778537594, 0.1039620511844979167 ) ) ;
#2195 = MECHANICAL_DESIGN_GEOMETRIC_PRESENTATION_REPRESENTATION (  '', ( #1088 ), #1985 ) ;
#2196 = VERTEX_POINT ( 'NONE', #1068 ) ;
#2197 = DIRECTION ( 'NONE',  ( 1.000000000000000000, 0.000000000000000000, -6.078159177229446441E-16 ) ) ;
#2198 = ORIENTED_EDGE ( 'NONE', *, *, #4937, .F. ) ;
#2199 = VECTOR ( 'NONE', #2452, 1000.000000000000000 ) ;
#2200 = ORIENTED_EDGE ( 'NONE', *, *, #3290, .F. ) ;
#2201 = SURFACE_SIDE_STYLE ('',( #3468 ) ) ;
#2202 = ORIENTED_EDGE ( 'NONE', *, *, #249, .T. ) ;
#2203 = LINE ( 'NONE', #495, #5767 ) ;
#2204 = MECHANICAL_DESIGN_GEOMETRIC_PRESENTATION_REPRESENTATION (  '', ( #3574 ), #6077 ) ;
#2205 =( LENGTH_UNIT ( ) NAMED_UNIT ( * ) SI_UNIT ( .MILLI., .METRE. ) );
#2206 =( NAMED_UNIT ( * ) SI_UNIT ( $, .STERADIAN. ) SOLID_ANGLE_UNIT ( ) );
#2207 = SURFACE_STYLE_FILL_AREA ( #5847 ) ;
#2208 = CARTESIAN_POINT ( 'NONE',  ( 0.09728074415968637756, -0.05000000000000000278, -1.382434901537152649 ) ) ;
#2209 = ORIENTED_EDGE ( 'NONE', *, *, #4778, .F. ) ;
#2210 = STYLED_ITEM ( 'NONE', ( #81 ), #1700 ) ;
#2211 =( NAMED_UNIT ( * ) PLANE_ANGLE_UNIT ( ) SI_UNIT ( $, .RADIAN. ) );
#2212 = EDGE_CURVE ( 'NONE', #3068, #5023, #5390, .T. ) ;
#2213 = DIRECTION ( 'NONE',  ( 0.000000000000000000, 0.000000000000000000, -1.000000000000000000 ) ) ;
#2214 = PRESENTATION_STYLE_ASSIGNMENT (( #6083 ) ) ;
#2215 = CARTESIAN_POINT ( 'NONE',  ( 0.01499999999999960566, 0.000000000000000000, 1.054999999999999938 ) ) ;
#2216 = LINE ( 'NONE', #4481, #3394 ) ;
#2217 = AXIS2_PLACEMENT_3D ( 'NONE', #1999, #2916, #945 ) ;
#2218 = CARTESIAN_POINT ( 'NONE',  ( -1.245000000000000773, 0.2800000000000000266, -1.054999999999999938 ) ) ;
#2219 = ADVANCED_FACE ( 'NONE', ( #2830 ), #3039, .T. ) ;
#2220 = COLOUR_RGB ( '',0.000000000000000000, 0.000000000000000000, 0.000000000000000000 ) ;
#2221 =( NAMED_UNIT ( * ) PLANE_ANGLE_UNIT ( ) SI_UNIT ( $, .RADIAN. ) );
#2222 = ORIENTED_EDGE ( 'NONE', *, *, #604, .T. ) ;
#2223 =( NAMED_UNIT ( * ) SI_UNIT ( $, .STERADIAN. ) SOLID_ANGLE_UNIT ( ) );
#2224 = FACE_OUTER_BOUND ( 'NONE', #4403, .T. ) ;
#2225 = SURFACE_STYLE_USAGE ( .BOTH. , #5201 ) ;
#2226 = PLANE ( 'NONE',  #5772 ) ;
#2227 = COLOUR_RGB ( '',0.000000000000000000, 0.000000000000000000, 0.000000000000000000 ) ;
#2228 = PRESENTATION_STYLE_ASSIGNMENT (( #2755 ) ) ;
#2229 = MECHANICAL_DESIGN_GEOMETRIC_PRESENTATION_REPRESENTATION (  '', ( #5250 ), #3365 ) ;
#2230 =( NAMED_UNIT ( * ) SI_UNIT ( $, .STERADIAN. ) SOLID_ANGLE_UNIT ( ) );
#2231 = VERTEX_POINT ( 'NONE', #2987 ) ;
#2232 = DIRECTION ( 'NONE',  ( 0.000000000000000000, 0.000000000000000000, -1.000000000000000000 ) ) ;
#2233 = FACE_OUTER_BOUND ( 'NONE', #2187, .T. ) ;
#2234 = COLOUR_RGB ( '',0.000000000000000000, 0.000000000000000000, 0.000000000000000000 ) ;
#2235 = LINE ( 'NONE', #2176, #454 ) ;
#2236 = EDGE_CURVE ( 'NONE', #1145, #3824, #1883, .T. ) ;
#2237 = DIRECTION ( 'NONE',  ( 0.000000000000000000, 0.000000000000000000, -1.000000000000000000 ) ) ;
#2238 = COLOUR_RGB ( '',1.000000000000000000, 1.000000000000000000, 1.000000000000000000 ) ;
#2239 = VECTOR ( 'NONE', #107, 1000.000000000000000 ) ;
#2240 = SURFACE_SIDE_STYLE ('',( #1083 ) ) ;
#2241 = SURFACE_STYLE_USAGE ( .BOTH. , #1737 ) ;
#2242 = STYLED_ITEM ( 'NONE', ( #1079 ), #4565 ) ;
#2243 = EDGE_CURVE ( 'NONE', #1598, #1018, #2664, .T. ) ;
#2244 = DIRECTION ( 'NONE',  ( 0.000000000000000000, 0.000000000000000000, 1.000000000000000000 ) ) ;
#2245 = ADVANCED_FACE ( 'NONE', ( #1354 ), #535, .F. ) ;
#2246 = EDGE_CURVE ( 'NONE', #2983, #5681, #4990, .T. ) ;
#2247 = FILL_AREA_STYLE_COLOUR ( '', #1840 ) ;
#2248 = ORIENTED_EDGE ( 'NONE', *, *, #3120, .T. ) ;
#2249 = COLOUR_RGB ( '',0.000000000000000000, 0.000000000000000000, 0.000000000000000000 ) ;
#2250 = CARTESIAN_POINT ( 'NONE',  ( 0.09728074415968530897, -0.05000000000000000278, 1.649999999999999911 ) ) ;
#2251 = DIRECTION ( 'NONE',  ( -0.000000000000000000, 1.000000000000000000, -0.000000000000000000 ) ) ;
#2252 = VERTEX_POINT ( 'NONE', #3498 ) ;
#2253 = AXIS2_PLACEMENT_3D ( 'NONE', #2508, #1522, #2382 ) ;
#2254 = ORIENTED_EDGE ( 'NONE', *, *, #4041, .F. ) ;
#2255 = EDGE_LOOP ( 'NONE', ( #6193, #2434, #6052, #723 ) ) ;
#2256 = CARTESIAN_POINT ( 'NONE',  ( -1.525000000000000577, 0.2800000000000000266, -1.524999999999999911 ) ) ;
#2257 =( LENGTH_UNIT ( ) NAMED_UNIT ( * ) SI_UNIT ( .MILLI., .METRE. ) );
#2258 = PLANE ( 'NONE',  #4579 ) ;
#2259 = VERTEX_POINT ( 'NONE', #32 ) ;
#2260 = SURFACE_STYLE_USAGE ( .BOTH. , #2831 ) ;
#2261 = AXIS2_PLACEMENT_3D ( 'NONE', #4255, #4212, #818 ) ;
#2262 = MECHANICAL_DESIGN_GEOMETRIC_PRESENTATION_REPRESENTATION (  '', ( #1270 ), #3951 ) ;
#2263 = ORIENTED_EDGE ( 'NONE', *, *, #846, .F. ) ;
#2264 = DIRECTION ( 'NONE',  ( 1.000000000000000000, 0.000000000000000000, 0.000000000000000000 ) ) ;
#2265 = CARTESIAN_POINT ( 'NONE',  ( 0.000000000000000000, 0.000000000000000000, 0.000000000000000000 ) ) ;
#2266 = STYLED_ITEM ( 'NONE', ( #475 ), #402 ) ;
#2267 = SURFACE_STYLE_FILL_AREA ( #1984 ) ;
#2268 = EDGE_LOOP ( 'NONE', ( #4023, #1805, #4454, #2652 ) ) ;
#2269 = EDGE_CURVE ( 'NONE', #5735, #1923, #3522, .T. ) ;
#2270 = SURFACE_STYLE_USAGE ( .BOTH. , #1857 ) ;
#2271 = CARTESIAN_POINT ( 'NONE',  ( 1.355080376768301731, 0.9504528463267654104, 1.454532566305128949 ) ) ;
#2272 = PRESENTATION_STYLE_ASSIGNMENT (( #5625 ) ) ;
#2273 = DIRECTION ( 'NONE',  ( -0.000000000000000000, -1.000000000000000000, -0.000000000000000000 ) ) ;
#2274 = CARTESIAN_POINT ( 'NONE',  ( 1.524999999999999467, 0.2800000000000000266, -0.1699999999999998457 ) ) ;
#2275 = ORIENTED_EDGE ( 'NONE', *, *, #4430, .T. ) ;
#2276 = DIRECTION ( 'NONE',  ( -0.000000000000000000, -1.000000000000000000, -0.000000000000000000 ) ) ;
#2277 = ADVANCED_FACE ( 'NONE', ( #6300 ), #4390, .T. ) ;
#2278 = CARTESIAN_POINT ( 'NONE',  ( -1.655000000000000693, -0.05000000000000000278, 0.8199999999999998401 ) ) ;
#2279 = AXIS2_PLACEMENT_3D ( 'NONE', #3517, #3502, #4939 ) ;
#2280 = ORIENTED_EDGE ( 'NONE', *, *, #249, .F. ) ;
#2281 = ORIENTED_EDGE ( 'NONE', *, *, #4099, .T. ) ;
#2282 = LINE ( 'NONE', #6020, #4995 ) ;
#2283 = EDGE_CURVE ( 'NONE', #2563, #3115, #5254, .T. ) ;
#2284 = EDGE_CURVE ( 'NONE', #6133, #1250, #96, .T. ) ;
#2285 = DIRECTION ( 'NONE',  ( -2.521400401129077125E-15, 0.000000000000000000, -1.000000000000000000 ) ) ;
#2286 = VECTOR ( 'NONE', #1714, 1000.000000000000000 ) ;
#2287 = CARTESIAN_POINT ( 'NONE',  ( -1.524998507671344594, 0.2800141985587163984, -1.425546318134516710 ) ) ;
#2288 = CARTESIAN_POINT ( 'NONE',  ( 0.01499999999999960566, 0.2800000000000000266, 1.054999999999999938 ) ) ;
#2289 = CARTESIAN_POINT ( 'NONE',  ( 1.214999999999999192, -0.05000000000000000278, -0.4699999999999996958 ) ) ;
#2290 = LINE ( 'NONE', #2944, #4056 ) ;
#2291 = CARTESIAN_POINT ( 'NONE',  ( -1.245000000000000551, 0.2800000000000000266, -0.4800000000000000377 ) ) ;
#2292 = LINE ( 'NONE', #935, #4765 ) ;
#2293 = DIRECTION ( 'NONE',  ( 1.421904488505579654E-16, 0.000000000000000000, 1.000000000000000000 ) ) ;
#2294 = MECHANICAL_DESIGN_GEOMETRIC_PRESENTATION_REPRESENTATION (  '', ( #2381 ), #2627 ) ;
#2295 =( NAMED_UNIT ( * ) SI_UNIT ( $, .STERADIAN. ) SOLID_ANGLE_UNIT ( ) );
#2296 = LINE ( 'NONE', #2408, #3545 ) ;
#2297 = FILL_AREA_STYLE_COLOUR ( '', #3552 ) ;
#2298 = PRESENTATION_LAYER_ASSIGNMENT (  '', '', ( #5195 ) ) ;
#2299 = DIRECTION ( 'NONE',  ( -2.132856732758369605E-16, -0.000000000000000000, -1.000000000000000000 ) ) ;
#2300 = UNCERTAINTY_MEASURE_WITH_UNIT (LENGTH_MEASURE( 1.000000000000000082E-05 ), #1251, 'distance_accuracy_value', 'NONE');
#2301 = LINE ( 'NONE', #2762, #3915 ) ;
#2302 = ORIENTED_EDGE ( 'NONE', *, *, #5671, .T. ) ;
#2303 = CARTESIAN_POINT ( 'NONE',  ( 1.524999999999999245, 0.000000000000000000, -0.8199999999999997291 ) ) ;
#2304 = LINE ( 'NONE', #3735, #4929 ) ;
#2305 = ORIENTED_EDGE ( 'NONE', *, *, #4894, .T. ) ;
#2306 = ORIENTED_EDGE ( 'NONE', *, *, #1450, .F. ) ;
#2307 = STYLED_ITEM ( 'NONE', ( #5814 ), #828 ) ;
#2308 = SURFACE_STYLE_FILL_AREA ( #5484 ) ;
#2309 = LINE ( 'NONE', #4057, #1543 ) ;
#2310 = ADVANCED_FACE ( 'NONE', ( #1087 ), #963, .F. ) ;
#2311 = PRODUCT_DEFINITION_FORMATION_WITH_SPECIFIED_SOURCE ( 'ANY', '', #5178, .NOT_KNOWN. ) ;
#2312 = PLANE ( 'NONE',  #1144 ) ;
#2313 = VECTOR ( 'NONE', #1330, 1000.000000000000000 ) ;
#2314 = PRESENTATION_STYLE_ASSIGNMENT (( #2760 ) ) ;
#2315 = CARTESIAN_POINT ( 'NONE',  ( -1.525000000000000577, 0.000000000000000000, -1.524999999999999911 ) ) ;
#2316 = FILL_AREA_STYLE ('',( #5282 ) ) ;
#2317 = LINE ( 'NONE', #2877, #387 ) ;
#2318 = STYLED_ITEM ( 'NONE', ( #1462 ), #4065 ) ;
#2319 = CARTESIAN_POINT ( 'NONE',  ( 1.214999999999999192, -0.05000000000000000278, 0.1800000000000000488 ) ) ;
#2320 = FILL_AREA_STYLE_COLOUR ( '', #5091 ) ;
#2321 = PLANE ( 'NONE',  #3507 ) ;
#2322 = VECTOR ( 'NONE', #111, 1000.000000000000227 ) ;
#2323 = DIRECTION ( 'NONE',  ( 1.000000000000000000, 0.000000000000000000, 0.000000000000000000 ) ) ;
#2324 = ORIENTED_EDGE ( 'NONE', *, *, #4667, .T. ) ;
#2325 = SURFACE_SIDE_STYLE ('',( #4555 ) ) ;
#2326 = ORIENTED_EDGE ( 'NONE', *, *, #1556, .T. ) ;
#2327 = UNCERTAINTY_MEASURE_WITH_UNIT (LENGTH_MEASURE( 1.000000000000000082E-05 ), #2370, 'distance_accuracy_value', 'NONE');
#2328 = EDGE_LOOP ( 'NONE', ( #5822, #2912, #2390, #1795 ) ) ;
#2329 = STYLED_ITEM ( 'NONE', ( #2611 ), #1607 ) ;
#2330 = EDGE_CURVE ( 'NONE', #5489, #2464, #1626, .T. ) ;
#2331 = CARTESIAN_POINT ( 'NONE',  ( -1.245000000000000773, 0.2800000000000000266, -0.1700000000000000677 ) ) ;
#2332 = EDGE_CURVE ( 'NONE', #1380, #42, #18, .T. ) ;
#2333 = DIRECTION ( 'NONE',  ( 0.000000000000000000, -0.000000000000000000, -1.000000000000000000 ) ) ;
#2334 = ORIENTED_EDGE ( 'NONE', *, *, #2040, .T. ) ;
#2335 = FILL_AREA_STYLE ('',( #5303 ) ) ;
#2336 = FILL_AREA_STYLE ('',( #3847 ) ) ;
#2337 =( GEOMETRIC_REPRESENTATION_CONTEXT ( 3 ) GLOBAL_UNCERTAINTY_ASSIGNED_CONTEXT ( ( #3684 ) ) GLOBAL_UNIT_ASSIGNED_CONTEXT ( ( #3779, #1770, #2799 ) ) REPRESENTATION_CONTEXT ( 'NONE', 'WORKASPACE' ) );
#2338 =( BOUNDED_CURVE ( )  B_SPLINE_CURVE ( 3, ( #6383, #3929, #981, #3905 ),
 .UNSPECIFIED., .F., .F. ) 
 B_SPLINE_CURVE_WITH_KNOTS ( ( 4, 4 ),
 ( 6.277722098658045979, 6.283185307179586232 ),
 .UNSPECIFIED. ) 
 CURVE ( )  GEOMETRIC_REPRESENTATION_ITEM ( )  RATIONAL_B_SPLINE_CURVE ( ( 1.000000000000000000, 0.9999975127809339615, 0.9999975127809339615, 1.000000000000000000 ) ) 
 REPRESENTATION_ITEM ( '' )  );
#2339 = CARTESIAN_POINT ( 'NONE',  ( 1.214999999999999414, 0.2800000000000000266, 0.8299999999999997380 ) ) ;
#2340 = FILL_AREA_STYLE ('',( #2297 ) ) ;
#2341 = ORIENTED_EDGE ( 'NONE', *, *, #3232, .F. ) ;
#2342 = DIRECTION ( 'NONE',  ( 0.000000000000000000, 0.000000000000000000, 1.000000000000000000 ) ) ;
#2343 = ADVANCED_FACE ( 'NONE', ( #1470 ), #941, .F. ) ;
#2344 = SURFACE_STYLE_FILL_AREA ( #4093 ) ;
#2345 = ORIENTED_EDGE ( 'NONE', *, *, #1593, .T. ) ;
#2346 = CARTESIAN_POINT ( 'NONE',  ( -1.425000000000000488, 0.2800000000000000266, -1.524999999999999911 ) ) ;
#2347 = AXIS2_PLACEMENT_3D ( 'NONE', #943, #3417, #6385 ) ;
#2348 = FACE_OUTER_BOUND ( 'NONE', #5763, .T. ) ;
#2349 =( NAMED_UNIT ( * ) PLANE_ANGLE_UNIT ( ) SI_UNIT ( $, .RADIAN. ) );
#2350 = ORIENTED_EDGE ( 'NONE', *, *, #2599, .T. ) ;
#2351 = VECTOR ( 'NONE', #2431, 1000.000000000000000 ) ;
#2352 = PRESENTATION_LAYER_ASSIGNMENT (  '', '', ( #364 ) ) ;
#2353 = ORIENTED_EDGE ( 'NONE', *, *, #4778, .T. ) ;
#2354 = CARTESIAN_POINT ( 'NONE',  ( -1.245000000000000773, 0.000000000000000000, 0.4799999999999999822 ) ) ;
#2355 = AXIS2_PLACEMENT_3D ( 'NONE', #1608, #3147, #4116 ) ;
#2356 = PLANE ( 'NONE',  #482 ) ;
#2357 = ORIENTED_EDGE ( 'NONE', *, *, #6210, .T. ) ;
#2358 = AXIS2_PLACEMENT_3D ( 'NONE', #1122, #1231, #1269 ) ;
#2359 = EDGE_CURVE ( 'NONE', #4203, #6302, #2783, .T. ) ;
#2360 = ORIENTED_EDGE ( 'NONE', *, *, #3043, .F. ) ;
#2361 = DIRECTION ( 'NONE',  ( 0.000000000000000000, 0.000000000000000000, -1.000000000000000000 ) ) ;
#2362 = LINE ( 'NONE', #2053, #1053 ) ;
#2363 = DIRECTION ( 'NONE',  ( 1.000000000000000000, 0.000000000000000000, -5.042800802258159378E-16 ) ) ;
#2364 = DIRECTION ( 'NONE',  ( 0.000000000000000000, 1.000000000000000000, 0.000000000000000000 ) ) ;
#2365 = ORIENTED_EDGE ( 'NONE', *, *, #5228, .T. ) ;
#2366 = VECTOR ( 'NONE', #2194, 1000.000000000000227 ) ;
#2367 = DIRECTION ( 'NONE',  ( -0.000000000000000000, 1.000000000000000000, -0.000000000000000000 ) ) ;
#2368 =( NAMED_UNIT ( * ) PLANE_ANGLE_UNIT ( ) SI_UNIT ( $, .RADIAN. ) );
#2369 = AXIS2_PLACEMENT_3D ( 'NONE', #1381, #3836, #5269 ) ;
#2370 =( LENGTH_UNIT ( ) NAMED_UNIT ( * ) SI_UNIT ( .MILLI., .METRE. ) );
#2371 =( NAMED_UNIT ( * ) SI_UNIT ( $, .STERADIAN. ) SOLID_ANGLE_UNIT ( ) );
#2372 = COLOUR_RGB ( '',1.000000000000000000, 1.000000000000000000, 1.000000000000000000 ) ;
#2373 = EDGE_CURVE ( 'NONE', #1071, #550, #4873, .T. ) ;
#2374 =( GEOMETRIC_REPRESENTATION_CONTEXT ( 3 ) GLOBAL_UNCERTAINTY_ASSIGNED_CONTEXT ( ( #1913 ) ) GLOBAL_UNIT_ASSIGNED_CONTEXT ( ( #3291, #321, #5823 ) ) REPRESENTATION_CONTEXT ( 'NONE', 'WORKASPACE' ) );
#2375 = FACE_OUTER_BOUND ( 'NONE', #3423, .T. ) ;
#2376 = CARTESIAN_POINT ( 'NONE',  ( 1.644999999999999574, -0.05000000000000000278, 1.129999999999999671 ) ) ;
#2377 = PLANE ( 'NONE',  #639 ) ;
#2378 = ADVANCED_FACE ( 'NONE', ( #2468 ), #4930, .F. ) ;
#2379 = SPHERICAL_SURFACE ( 'NONE', #3706, 0.1000000000000000056 ) ;
#2380 = ORIENTED_EDGE ( 'NONE', *, *, #2886, .F. ) ;
#2381 = STYLED_ITEM ( 'NONE', ( #5573 ), #1274 ) ;
#2382 = DIRECTION ( 'NONE',  ( -1.000000000000000000, 0.000000000000000000, -0.000000000000000000 ) ) ;
#2383 = EDGE_LOOP ( 'NONE', ( #3865, #613, #5529, #583 ) ) ;
#2384 = UNCERTAINTY_MEASURE_WITH_UNIT (LENGTH_MEASURE( 1.000000000000000082E-05 ), #956, 'distance_accuracy_value', 'NONE');
#2385 = COLOUR_RGB ( '',1.000000000000000000, 1.000000000000000000, 1.000000000000000000 ) ;
#2386 = DIRECTION ( 'NONE',  ( -2.132856732758369358E-16, 0.000000000000000000, -1.000000000000000000 ) ) ;
#2387 = PRESENTATION_STYLE_ASSIGNMENT (( #1254 ) ) ;
#2388 = COLOUR_RGB ( '',0.000000000000000000, 0.000000000000000000, 0.000000000000000000 ) ;
#2389 = AXIS2_PLACEMENT_3D ( 'NONE', #4622, #204, #3649 ) ;
#2390 = ORIENTED_EDGE ( 'NONE', *, *, #4317, .F. ) ;
#2391 = DIRECTION ( 'NONE',  ( 1.000000000000000000, 0.000000000000000000, 0.000000000000000000 ) ) ;
#2392 = LINE ( 'NONE', #1994, #3015 ) ;
#2393 = CARTESIAN_POINT ( 'NONE',  ( 1.524999999999999245, 0.2800000000000000266, -1.524999999999999911 ) ) ;
#2394 = VECTOR ( 'NONE', #5132, 1000.000000000000000 ) ;
#2395 = UNCERTAINTY_MEASURE_WITH_UNIT (LENGTH_MEASURE( 1.000000000000000082E-05 ), #718, 'distance_accuracy_value', 'NONE');
#2396 = VECTOR ( 'NONE', #2754, 1000.000000000000000 ) ;
#2397 = UNCERTAINTY_MEASURE_WITH_UNIT (LENGTH_MEASURE( 1.000000000000000082E-05 ), #5442, 'distance_accuracy_value', 'NONE');
#2398 = SURFACE_SIDE_STYLE ('',( #3237 ) ) ;
#2399 = EDGE_CURVE ( 'NONE', #257, #2976, #2392, .T. ) ;
#2400 = COLOUR_RGB ( '',1.000000000000000000, 1.000000000000000000, 1.000000000000000000 ) ;
#2401 = LINE ( 'NONE', #2339, #4878 ) ;
#2402 = FACE_OUTER_BOUND ( 'NONE', #5123, .T. ) ;
#2403 = CARTESIAN_POINT ( 'NONE',  ( 1.483617856335786911, 0.2830327265747156207, -1.524681247592594602 ) ) ;
#2404 = ORIENTED_EDGE ( 'NONE', *, *, #2004, .T. ) ;
#2405 = VECTOR ( 'NONE', #6038, 1000.000000000000000 ) ;
#2406 =( GEOMETRIC_REPRESENTATION_CONTEXT ( 3 ) GLOBAL_UNCERTAINTY_ASSIGNED_CONTEXT ( ( #4139 ) ) GLOBAL_UNIT_ASSIGNED_CONTEXT ( ( #774, #2221, #730 ) ) REPRESENTATION_CONTEXT ( 'NONE', 'WORKASPACE' ) );
#2407 = DIRECTION ( 'NONE',  ( -1.000000000000000000, -0.000000000000000000, 5.042800802258159378E-16 ) ) ;
#2408 = CARTESIAN_POINT ( 'NONE',  ( -1.525000000000000355, 0.2800000000000000266, -0.4799999999999999822 ) ) ;
#2409 = FILL_AREA_STYLE_COLOUR ( '', #5256 ) ;
#2410 = FILL_AREA_STYLE_COLOUR ( '', #209 ) ;
#2411 = ADVANCED_FACE ( 'NONE', ( #1081 ), #2163, .T. ) ;
#2412 = ORIENTED_EDGE ( 'NONE', *, *, #3408, .F. ) ;
#2413 = SURFACE_SIDE_STYLE ('',( #1197 ) ) ;
#2414 = VERTEX_POINT ( 'NONE', #462 ) ;
#2415 = SURFACE_SIDE_STYLE ('',( #637 ) ) ;
#2416 = ORIENTED_EDGE ( 'NONE', *, *, #284, .F. ) ;
#2417 = DIRECTION ( 'NONE',  ( 1.000000000000000000, 0.000000000000000000, 0.000000000000000000 ) ) ;
#2418 = MECHANICAL_DESIGN_GEOMETRIC_PRESENTATION_REPRESENTATION (  '', ( #2003 ), #5645 ) ;
#2419 = SURFACE_SIDE_STYLE ('',( #2446 ) ) ;
#2420 = DIRECTION ( 'NONE',  ( -1.000000000000000000, -0.000000000000000000, -0.000000000000000000 ) ) ;
#2421 = AXIS2_PLACEMENT_3D ( 'NONE', #4559, #2595, #3019 ) ;
#2422 = ORIENTED_EDGE ( 'NONE', *, *, #2153, .T. ) ;
#2423 = FACE_OUTER_BOUND ( 'NONE', #682, .T. ) ;
#2424 = FILL_AREA_STYLE ('',( #3829 ) ) ;
#2425 = ORIENTED_EDGE ( 'NONE', *, *, #5171, .F. ) ;
#2426 = DIRECTION ( 'NONE',  ( 2.132856732758369605E-16, 0.000000000000000000, 1.000000000000000000 ) ) ;
#2427 = SURFACE_SIDE_STYLE ('',( #4707 ) ) ;
#2428 = SURFACE_STYLE_USAGE ( .BOTH. , #483 ) ;
#2429 =( GEOMETRIC_REPRESENTATION_CONTEXT ( 3 ) GLOBAL_UNCERTAINTY_ASSIGNED_CONTEXT ( ( #6025 ) ) GLOBAL_UNIT_ASSIGNED_CONTEXT ( ( #6347, #2454, #2430 ) ) REPRESENTATION_CONTEXT ( 'NONE', 'WORKASPACE' ) );
#2430 =( NAMED_UNIT ( * ) SI_UNIT ( $, .STERADIAN. ) SOLID_ANGLE_UNIT ( ) );
#2431 = DIRECTION ( 'NONE',  ( -1.000000000000000000, 0.000000000000000000, 0.000000000000000000 ) ) ;
#2432 = VECTOR ( 'NONE', #6231, 1000.000000000000000 ) ;
#2433 = ORIENTED_EDGE ( 'NONE', *, *, #2614, .T. ) ;
#2434 = ORIENTED_EDGE ( 'NONE', *, *, #3540, .T. ) ;
#2435 =( NAMED_UNIT ( * ) PLANE_ANGLE_UNIT ( ) SI_UNIT ( $, .RADIAN. ) );
#2436 = DIRECTION ( 'NONE',  ( -0.000000000000000000, -1.000000000000000000, -0.000000000000000000 ) ) ;
#2437 = ORIENTED_EDGE ( 'NONE', *, *, #3611, .F. ) ;
#2438 = SURFACE_STYLE_FILL_AREA ( #4236 ) ;
#2439 = EDGE_LOOP ( 'NONE', ( #2623, #4665, #3598, #2500 ) ) ;
#2440 = SURFACE_STYLE_USAGE ( .BOTH. , #3463 ) ;
#2441 = LINE ( 'NONE', #3881, #1517 ) ;
#2442 =( GEOMETRIC_REPRESENTATION_CONTEXT ( 3 ) GLOBAL_UNCERTAINTY_ASSIGNED_CONTEXT ( ( #4673 ) ) GLOBAL_UNIT_ASSIGNED_CONTEXT ( ( #5066, #2098, #4113 ) ) REPRESENTATION_CONTEXT ( 'NONE', 'WORKASPACE' ) );
#2443 = EDGE_CURVE ( 'NONE', #1807, #5760, #300, .T. ) ;
#2444 = CARTESIAN_POINT ( 'NONE',  ( -1.245000000000000551, 0.2800000000000000266, -1.129999999999999893 ) ) ;
#2445 = FACE_OUTER_BOUND ( 'NONE', #5136, .T. ) ;
#2446 = SURFACE_STYLE_FILL_AREA ( #1851 ) ;
#2447 =( NAMED_UNIT ( * ) PLANE_ANGLE_UNIT ( ) SI_UNIT ( $, .RADIAN. ) );
#2448 = SURFACE_STYLE_FILL_AREA ( #2336 ) ;
#2449 = DIRECTION ( 'NONE',  ( -2.132856732758369605E-16, -0.000000000000000000, -1.000000000000000000 ) ) ;
#2450 = PLANE ( 'NONE',  #1440 ) ;
#2451 = PRESENTATION_LAYER_ASSIGNMENT (  '', '', ( #217 ) ) ;
#2452 = DIRECTION ( 'NONE',  ( -1.000000000000000000, -0.000000000000000000, -0.000000000000000000 ) ) ;
#2453 = VECTOR ( 'NONE', #4900, 1000.000000000000000 ) ;
#2454 =( NAMED_UNIT ( * ) PLANE_ANGLE_UNIT ( ) SI_UNIT ( $, .RADIAN. ) );
#2455 = SURFACE_STYLE_USAGE ( .BOTH. , #4391 ) ;
#2456 = CARTESIAN_POINT ( 'NONE',  ( 1.214999999999999192, 0.000000000000000000, 0.000000000000000000 ) ) ;
#2457 = EDGE_CURVE ( 'NONE', #1590, #3848, #2338, .T. ) ;
#2458 = EDGE_CURVE ( 'NONE', #4750, #790, #5558, .T. ) ;
#2459 = DIRECTION ( 'NONE',  ( 1.000000000000000000, 0.000000000000000000, -1.421904488505579654E-16 ) ) ;
#2460 = ORIENTED_EDGE ( 'NONE', *, *, #2778, .T. ) ;
#2461 = ORIENTED_EDGE ( 'NONE', *, *, #4717, .F. ) ;
#2462 = SURFACE_STYLE_FILL_AREA ( #3578 ) ;
#2463 = STYLED_ITEM ( 'NONE', ( #1892 ), #2121 ) ;
#2464 = VERTEX_POINT ( 'NONE', #572 ) ;
#2465 = VECTOR ( 'NONE', #2694, 1000.000000000000000 ) ;
#2466 = SURFACE_STYLE_USAGE ( .BOTH. , #3901 ) ;
#2467 = LINE ( 'NONE', #1586, #5418 ) ;
#2468 = FACE_OUTER_BOUND ( 'NONE', #3544, .T. ) ;
#2469 = CARTESIAN_POINT ( 'NONE',  ( -1.525000000000000133, 0.2800000000000000266, 1.524999999999999911 ) ) ;
#2470 = UNCERTAINTY_MEASURE_WITH_UNIT (LENGTH_MEASURE( 1.000000000000000082E-05 ), #4248, 'distance_accuracy_value', 'NONE');
#2471 = VECTOR ( 'NONE', #5311, 1000.000000000000000 ) ;
#2472 = DIRECTION ( 'NONE',  ( 1.000000000000000000, 0.000000000000000000, -1.512840240677446236E-15 ) ) ;
#2473 = COLOUR_RGB ( '',0.000000000000000000, 0.000000000000000000, 0.000000000000000000 ) ;
#2474 = SURFACE_SIDE_STYLE ('',( #4237 ) ) ;
#2475 = LINE ( 'NONE', #4318, #3487 ) ;
#2476 = AXIS2_PLACEMENT_3D ( 'NONE', #4991, #3030, #3543 ) ;
#2477 = SURFACE_STYLE_FILL_AREA ( #2517 ) ;
#2478 = CARTESIAN_POINT ( 'NONE',  ( -1.245000000000000773, 0.2800000000000000266, -1.054999999999999938 ) ) ;
#2479 = VERTEX_POINT ( 'NONE', #4494 ) ;
#2480 = LINE ( 'NONE', #5087, #317 ) ;
#2481 = SURFACE_SIDE_STYLE ('',( #5154 ) ) ;
#2482 = UNCERTAINTY_MEASURE_WITH_UNIT (LENGTH_MEASURE( 1.000000000000000082E-05 ), #3383, 'distance_accuracy_value', 'NONE');
#2483 = EDGE_CURVE ( 'NONE', #5048, #11, #2936, .T. ) ;
#2484 = CARTESIAN_POINT ( 'NONE',  ( 1.644999999999999574, -0.05000000000000000278, -0.8200000000000003952 ) ) ;
#2485 = ORIENTED_EDGE ( 'NONE', *, *, #5513, .F. ) ;
#2486 = SURFACE_STYLE_USAGE ( .BOTH. , #1039 ) ;
#2487 = EDGE_LOOP ( 'NONE', ( #5994, #4734, #658, #2907 ) ) ;
#2488 = CARTESIAN_POINT ( 'NONE',  ( -1.655000000000000693, -0.05000000000000000278, -0.4800000000000000377 ) ) ;
#2489 = STYLED_ITEM ( 'NONE', ( #2629 ), #4277 ) ;
#2490 = ORIENTED_EDGE ( 'NONE', *, *, #846, .T. ) ;
#2491 = DIRECTION ( 'NONE',  ( 0.000000000000000000, 0.000000000000000000, -1.000000000000000000 ) ) ;
#2492 = FILL_AREA_STYLE ('',( #4899 ) ) ;
#2493 = CARTESIAN_POINT ( 'NONE',  ( 1.214999999999999414, 0.2800000000000000266, 0.000000000000000000 ) ) ;
#2494 = EDGE_CURVE ( 'NONE', #2634, #1041, #6014, .T. ) ;
#2495 = EDGE_CURVE ( 'NONE', #4706, #5289, #620, .T. ) ;
#2496 = DIRECTION ( 'NONE',  ( -0.000000000000000000, 1.000000000000000000, -0.000000000000000000 ) ) ;
#2497 = PLANE ( 'NONE',  #5817 ) ;
#2498 = ORIENTED_EDGE ( 'NONE', *, *, #3128, .F. ) ;
#2499 = PRESENTATION_STYLE_ASSIGNMENT (( #2486 ) ) ;
#2500 = ORIENTED_EDGE ( 'NONE', *, *, #831, .F. ) ;
#2501 = PRESENTATION_LAYER_ASSIGNMENT (  '', '', ( #2381 ) ) ;
#2502 = ORIENTED_EDGE ( 'NONE', *, *, #5210, .T. ) ;
#2503 = EDGE_LOOP ( 'NONE', ( #2433, #3530, #3801, #3719 ) ) ;
#2504 = ORIENTED_EDGE ( 'NONE', *, *, #99, .F. ) ;
#2505 =( LENGTH_UNIT ( ) NAMED_UNIT ( * ) SI_UNIT ( .MILLI., .METRE. ) );
#2506 = ORIENTED_EDGE ( 'NONE', *, *, #5671, .F. ) ;
#2507 = MECHANICAL_DESIGN_GEOMETRIC_PRESENTATION_REPRESENTATION (  '', ( #2849 ), #5050 ) ;
#2508 = CARTESIAN_POINT ( 'NONE',  ( -1.655000000000000693, 0.2800000000000000266, 0.8199999999999998401 ) ) ;
#2509 = PLANE ( 'NONE',  #4027 ) ;
#2510 = EDGE_LOOP ( 'NONE', ( #2804, #2616, #331, #5789 ) ) ;
#2511 = AXIS2_PLACEMENT_3D ( 'NONE', #3048, #582, #116 ) ;
#2512 = ORIENTED_EDGE ( 'NONE', *, *, #5228, .F. ) ;
#2513 = DIRECTION ( 'NONE',  ( 0.3419327100384695339, 0.000000000000000000, 0.9397244392936409119 ) ) ;
#2514 = VECTOR ( 'NONE', #2075, 1000.000000000000000 ) ;
#2515 =( LENGTH_UNIT ( ) NAMED_UNIT ( * ) SI_UNIT ( .MILLI., .METRE. ) );
#2516 = MECHANICAL_DESIGN_GEOMETRIC_PRESENTATION_REPRESENTATION (  '', ( #3106 ), #2429 ) ;
#2517 = FILL_AREA_STYLE ('',( #3976 ) ) ;
#2518 = DIRECTION ( 'NONE',  ( 1.445602896647339706E-15, -0.000000000000000000, 1.000000000000000000 ) ) ;
#2519 = ORIENTED_EDGE ( 'NONE', *, *, #3815, .T. ) ;
#2520 = EDGE_CURVE ( 'NONE', #1803, #5922, #4868, .T. ) ;
#2521 = VECTOR ( 'NONE', #3982, 1000.000000000000000 ) ;
#2522 = CARTESIAN_POINT ( 'NONE',  ( -1.355080376768301953, 0.9400000000000000577, 1.355080376768301731 ) ) ;
#2523 = LINE ( 'NONE', #4547, #2845 ) ;
#2524 =( NAMED_UNIT ( * ) SI_UNIT ( $, .STERADIAN. ) SOLID_ANGLE_UNIT ( ) );
#2525 = UNCERTAINTY_MEASURE_WITH_UNIT (LENGTH_MEASURE( 1.000000000000000082E-05 ), #3921, 'distance_accuracy_value', 'NONE');
#2526 = LINE ( 'NONE', #3020, #1609 ) ;
#2527 = ADVANCED_FACE ( 'NONE', ( #2233 ), #3534, .T. ) ;
#2528 = PRESENTATION_LAYER_ASSIGNMENT (  '', '', ( #1088 ) ) ;
#2529 = PRESENTATION_STYLE_ASSIGNMENT (( #5073 ) ) ;
#2530 = PRESENTATION_STYLE_ASSIGNMENT (( #5369 ) ) ;
#2531 = DIRECTION ( 'NONE',  ( 0.9945218953682734009, 0.1045284632676537068, -2.121172720411836635E-16 ) ) ;
#2532 = CARTESIAN_POINT ( 'NONE',  ( -3.000466477343560072E-16, 0.2800000000000000266, -0.1699999999999974309 ) ) ;
#2533 = ORIENTED_EDGE ( 'NONE', *, *, #4456, .F. ) ;
#2534 = DIRECTION ( 'NONE',  ( 2.026053059076482065E-16, -0.000000000000000000, 1.000000000000000000 ) ) ;
#2535 = DIRECTION ( 'NONE',  ( -0.000000000000000000, -1.000000000000000000, -0.000000000000000000 ) ) ;
#2536 = ORIENTED_EDGE ( 'NONE', *, *, #2283, .F. ) ;
#2537 =( GEOMETRIC_REPRESENTATION_CONTEXT ( 3 ) GLOBAL_UNCERTAINTY_ASSIGNED_CONTEXT ( ( #6021 ) ) GLOBAL_UNIT_ASSIGNED_CONTEXT ( ( #3430, #1397, #4852 ) ) REPRESENTATION_CONTEXT ( 'NONE', 'WORKASPACE' ) );
#2538 = CARTESIAN_POINT ( 'NONE',  ( 1.355080376768301065, 0.9400000000000000577, -1.355080376768301731 ) ) ;
#2539 = UNCERTAINTY_MEASURE_WITH_UNIT (LENGTH_MEASURE( 1.000000000000000082E-05 ), #1345, 'distance_accuracy_value', 'NONE');
#2540 =( NAMED_UNIT ( * ) SI_UNIT ( $, .STERADIAN. ) SOLID_ANGLE_UNIT ( ) );
#2541 = LINE ( 'NONE', #3358, #3407 ) ;
#2542 = EDGE_CURVE ( 'NONE', #790, #3049, #4628, .T. ) ;
#2543 = LINE ( 'NONE', #3025, #4625 ) ;
#2544 = EDGE_LOOP ( 'NONE', ( #2519, #2357, #1262, #2200 ) ) ;
#2545 = EDGE_CURVE ( 'NONE', #4519, #5456, #3334, .T. ) ;
#2546 = CARTESIAN_POINT ( 'NONE',  ( -1.245000000000000773, 0.2800000000000000266, -1.054999999999999938 ) ) ;
#2547 = LINE ( 'NONE', #4185, #6167 ) ;
#2548 = DIRECTION ( 'NONE',  ( -0.000000000000000000, -1.000000000000000000, -0.000000000000000000 ) ) ;
#2549 = FILL_AREA_STYLE ('',( #4487 ) ) ;
#2550 = MECHANICAL_DESIGN_GEOMETRIC_PRESENTATION_REPRESENTATION (  '', ( #525 ), #979 ) ;
#2551 = PRESENTATION_STYLE_ASSIGNMENT (( #1953 ) ) ;
#2552 = COLOUR_RGB ( '',0.000000000000000000, 0.000000000000000000, 0.000000000000000000 ) ;
#2553 = VECTOR ( 'NONE', #4233, 1000.000000000000000 ) ;
#2554 = LINE ( 'NONE', #2784, #4879 ) ;
#2555 = SURFACE_STYLE_USAGE ( .BOTH. , #5068 ) ;
#2556 = CARTESIAN_POINT ( 'NONE',  ( 1.524999999999999467, 0.000000000000000000, 0.1800000000000000488 ) ) ;
#2557 =( GEOMETRIC_REPRESENTATION_CONTEXT ( 3 ) GLOBAL_UNCERTAINTY_ASSIGNED_CONTEXT ( ( #1323 ) ) GLOBAL_UNIT_ASSIGNED_CONTEXT ( ( #5742, #3740, #5655 ) ) REPRESENTATION_CONTEXT ( 'NONE', 'WORKASPACE' ) );
#2558 = CARTESIAN_POINT ( 'NONE',  ( -1.655000000000000693, 0.2800000000000000266, 1.129999999999999893 ) ) ;
#2559 = ORIENTED_EDGE ( 'NONE', *, *, #5324, .F. ) ;
#2560 = ADVANCED_FACE ( 'NONE', ( #5636 ), #4054, .F. ) ;
#2561 = PLANE ( 'NONE',  #1978 ) ;
#2562 = DIRECTION ( 'NONE',  ( 0.000000000000000000, -1.000000000000000000, 0.000000000000000000 ) ) ;
#2563 = VERTEX_POINT ( 'NONE', #2556 ) ;
#2564 =( NAMED_UNIT ( * ) SI_UNIT ( $, .STERADIAN. ) SOLID_ANGLE_UNIT ( ) );
#2565 = STYLED_ITEM ( 'NONE', ( #5610 ), #5227 ) ;
#2566 = EDGE_CURVE ( 'NONE', #952, #1071, #4700, .T. ) ;
#2567 = DIRECTION ( 'NONE',  ( 0.000000000000000000, 0.000000000000000000, -1.000000000000000000 ) ) ;
#2568 =( LENGTH_UNIT ( ) NAMED_UNIT ( * ) SI_UNIT ( .MILLI., .METRE. ) );
#2569 = ORIENTED_EDGE ( 'NONE', *, *, #1501, .F. ) ;
#2570 = PRESENTATION_LAYER_ASSIGNMENT (  '', '', ( #598 ) ) ;
#2571 = CARTESIAN_POINT ( 'NONE',  ( 1.355080376768301065, 1.040000000000000036, -1.445120781198085735 ) ) ;
#2572 = DIRECTION ( 'NONE',  ( 0.2588190451025173533, 0.000000000000000000, 0.9659258262890692004 ) ) ;
#2573 = EDGE_CURVE ( 'NONE', #3137, #4893, #5022, .T. ) ;
#2574 = VERTEX_POINT ( 'NONE', #5524 ) ;
#2575 = CARTESIAN_POINT ( 'NONE',  ( 1.214999999999999192, -0.05000000000000000278, 0.1800000000000000488 ) ) ;
#2576 = EDGE_CURVE ( 'NONE', #5072, #1777, #2615, .T. ) ;
#2577 = UNCERTAINTY_MEASURE_WITH_UNIT (LENGTH_MEASURE( 1.000000000000000082E-05 ), #1825, 'distance_accuracy_value', 'NONE');
#2578 = LINE ( 'NONE', #2076, #3286 ) ;
#2579 =( LENGTH_UNIT ( ) NAMED_UNIT ( * ) SI_UNIT ( .MILLI., .METRE. ) );
#2580 = ORIENTED_EDGE ( 'NONE', *, *, #4805, .T. ) ;
#2581 =( GEOMETRIC_REPRESENTATION_CONTEXT ( 3 ) GLOBAL_UNCERTAINTY_ASSIGNED_CONTEXT ( ( #108 ) ) GLOBAL_UNIT_ASSIGNED_CONTEXT ( ( #4646, #2211, #3193 ) ) REPRESENTATION_CONTEXT ( 'NONE', 'WORKASPACE' ) );
#2582 = DIRECTION ( 'NONE',  ( -2.132856732758369605E-16, -0.000000000000000000, -1.000000000000000000 ) ) ;
#2583 = DIRECTION ( 'NONE',  ( -0.000000000000000000, 1.000000000000000000, -0.000000000000000000 ) ) ;
#2584 = ORIENTED_EDGE ( 'NONE', *, *, #5035, .F. ) ;
#2585 = ORIENTED_EDGE ( 'NONE', *, *, #4683, .F. ) ;
#2586 = ORIENTED_EDGE ( 'NONE', *, *, #2129, .T. ) ;
#2587 = UNCERTAINTY_MEASURE_WITH_UNIT (LENGTH_MEASURE( 1.000000000000000082E-05 ), #5221, 'distance_accuracy_value', 'NONE');
#2588 = ADVANCED_FACE ( 'NONE', ( #4860 ), #3086, .F. ) ;
#2589 = ORIENTED_EDGE ( 'NONE', *, *, #6198, .F. ) ;
#2590 = CARTESIAN_POINT ( 'NONE',  ( -1.245000000000000773, 0.000000000000000000, 1.129999999999999893 ) ) ;
#2591 = PRESENTATION_LAYER_ASSIGNMENT (  '', '', ( #2719 ) ) ;
#2592 = ORIENTED_EDGE ( 'NONE', *, *, #2520, .F. ) ;
#2593 =( NAMED_UNIT ( * ) PLANE_ANGLE_UNIT ( ) SI_UNIT ( $, .RADIAN. ) );
#2594 = VECTOR ( 'NONE', #678, 1000.000000000000000 ) ;
#2595 = DIRECTION ( 'NONE',  ( 0.000000000000000000, 0.000000000000000000, 1.000000000000000000 ) ) ;
#2596 = SURFACE_SIDE_STYLE ('',( #752 ) ) ;
#2597 =( GEOMETRIC_REPRESENTATION_CONTEXT ( 3 ) GLOBAL_UNCERTAINTY_ASSIGNED_CONTEXT ( ( #769 ) ) GLOBAL_UNIT_ASSIGNED_CONTEXT ( ( #599, #3633, #163 ) ) REPRESENTATION_CONTEXT ( 'NONE', 'WORKASPACE' ) );
#2598 = CARTESIAN_POINT ( 'NONE',  ( 5.925290942653333227E-17, 0.000000000000000000, -0.4699999999999998623 ) ) ;
#2599 = EDGE_CURVE ( 'NONE', #1637, #1250, #4459, .T. ) ;
#2600 =( NAMED_UNIT ( * ) PLANE_ANGLE_UNIT ( ) SI_UNIT ( $, .RADIAN. ) );
#2601 = VECTOR ( 'NONE', #5411, 1000.000000000000000 ) ;
#2602 = CARTESIAN_POINT ( 'NONE',  ( -1.525000000000000577, 0.000000000000000000, 0.4799999999999999267 ) ) ;
#2603 = SURFACE_SIDE_STYLE ('',( #603 ) ) ;
#2604 = SURFACE_STYLE_FILL_AREA ( #3913 ) ;
#2605 = PRESENTATION_STYLE_ASSIGNMENT (( #4362 ) ) ;
#2606 = DIRECTION ( 'NONE',  ( -0.000000000000000000, -1.000000000000000000, -0.000000000000000000 ) ) ;
#2607 = PRESENTATION_LAYER_ASSIGNMENT (  '', '', ( #2489 ) ) ;
#2608 = LINE ( 'NONE', #295, #1690 ) ;
#2609 = ORIENTED_EDGE ( 'NONE', *, *, #408, .T. ) ;
#2610 = FILL_AREA_STYLE_COLOUR ( '', #1855 ) ;
#2611 = PRESENTATION_STYLE_ASSIGNMENT (( #4142 ) ) ;
#2612 = LINE ( 'NONE', #3688, #6237 ) ;
#2613 = ORIENTED_EDGE ( 'NONE', *, *, #1467, .T. ) ;
#2614 = EDGE_CURVE ( 'NONE', #3068, #119, #5984, .T. ) ;
#2615 = LINE ( 'NONE', #602, #4934 ) ;
#2616 = ORIENTED_EDGE ( 'NONE', *, *, #77, .T. ) ;
#2617 = EDGE_CURVE ( 'NONE', #1096, #5698, #1687, .T. ) ;
#2618 = CARTESIAN_POINT ( 'NONE',  ( 0.2927192558403129974, 0.2800000000000000266, -1.650000000000000133 ) ) ;
#2619 = FILL_AREA_STYLE ('',( #3696 ) ) ;
#2620 = VECTOR ( 'NONE', #4094, 1000.000000000000000 ) ;
#2621 = VECTOR ( 'NONE', #795, 1000.000000000000000 ) ;
#2622 = PLANE ( 'NONE',  #474 ) ;
#2623 = ORIENTED_EDGE ( 'NONE', *, *, #1170, .F. ) ;
#2624 = VECTOR ( 'NONE', #4957, 1000.000000000000000 ) ;
#2625 = ADVANCED_FACE ( 'NONE', ( #1458 ), #2146, .F. ) ;
#2626 = CARTESIAN_POINT ( 'NONE',  ( -1.245000000000000773, 0.2800000000000000266, -0.1700000000000000677 ) ) ;
#2627 =( GEOMETRIC_REPRESENTATION_CONTEXT ( 3 ) GLOBAL_UNCERTAINTY_ASSIGNED_CONTEXT ( ( #1051 ) ) GLOBAL_UNIT_ASSIGNED_CONTEXT ( ( #3883, #5868, #939 ) ) REPRESENTATION_CONTEXT ( 'NONE', 'WORKASPACE' ) );
#2628 = VECTOR ( 'NONE', #1546, 1000.000000000000114 ) ;
#2629 = PRESENTATION_STYLE_ASSIGNMENT (( #2455 ) ) ;
#2630 = SURFACE_STYLE_USAGE ( .BOTH. , #2693 ) ;
#2631 = DIRECTION ( 'NONE',  ( -1.000000000000000000, -0.000000000000000000, 2.521400401129077125E-15 ) ) ;
#2632 = PRESENTATION_LAYER_ASSIGNMENT (  '', '', ( #5983 ) ) ;
#2633 = COLOUR_RGB ( '',0.000000000000000000, 0.000000000000000000, 0.000000000000000000 ) ;
#2634 = VERTEX_POINT ( 'NONE', #165 ) ;
#2635 = CARTESIAN_POINT ( 'NONE',  ( 0.01499999999999937668, -0.05000000000000000278, -1.156304952865601310 ) ) ;
#2636 = PRESENTATION_LAYER_ASSIGNMENT (  '', '', ( #4837 ) ) ;
#2637 = EDGE_LOOP ( 'NONE', ( #420, #4507, #3645, #4634 ) ) ;
#2638 = SURFACE_STYLE_FILL_AREA ( #5776 ) ;
#2639 = ADVANCED_FACE ( 'NONE', ( #2224 ), #3172, .F. ) ;
#2640 = SURFACE_SIDE_STYLE ('',( #2344 ) ) ;
#2641 = FILL_AREA_STYLE_COLOUR ( '', #761 ) ;
#2642 = ORIENTED_EDGE ( 'NONE', *, *, #1450, .T. ) ;
#2643 = AXIS2_PLACEMENT_3D ( 'NONE', #5094, #5838, #6329 ) ;
#2644 = FILL_AREA_STYLE_COLOUR ( '', #1062 ) ;
#2645 = PLANE ( 'NONE',  #739 ) ;
#2646 = ORIENTED_EDGE ( 'NONE', *, *, #1956, .T. ) ;
#2647 = DIRECTION ( 'NONE',  ( -1.000000000000000000, 0.000000000000000000, 0.000000000000000000 ) ) ;
#2648 = PRESENTATION_LAYER_ASSIGNMENT (  '', '', ( #4506 ) ) ;
#2649 =( NAMED_UNIT ( * ) SI_UNIT ( $, .STERADIAN. ) SOLID_ANGLE_UNIT ( ) );
#2650 = EDGE_LOOP ( 'NONE', ( #1119, #2964, #1505 ) ) ;
#2651 = COLOUR_RGB ( '',1.000000000000000000, 1.000000000000000000, 1.000000000000000000 ) ;
#2652 = ORIENTED_EDGE ( 'NONE', *, *, #2960, .T. ) ;
#2653 = CARTESIAN_POINT ( 'NONE',  ( 1.644999999999999352, -0.05000000000000000278, -0.1700000000000003453 ) ) ;
#2654 = AXIS2_PLACEMENT_3D ( 'NONE', #2731, #227, #1241 ) ;
#2655 = CARTESIAN_POINT ( 'NONE',  ( -1.525000000000000577, 0.2800000000000000266, -1.524999999999999911 ) ) ;
#2656 = ORIENTED_EDGE ( 'NONE', *, *, #6375, .T. ) ;
#2657 = VECTOR ( 'NONE', #2367, 1000.000000000000000 ) ;
#2658 =( NAMED_UNIT ( * ) PLANE_ANGLE_UNIT ( ) SI_UNIT ( $, .RADIAN. ) );
#2659 = ORIENTED_EDGE ( 'NONE', *, *, #1469, .F. ) ;
#2660 = EDGE_CURVE ( 'NONE', #1807, #1803, #1539, .T. ) ;
#2661 = VERTEX_POINT ( 'NONE', #2208 ) ;
#2662 = DIRECTION ( 'NONE',  ( 6.994852725712935172E-16, 0.000000000000000000, -1.000000000000000000 ) ) ;
#2663 = EDGE_CURVE ( 'NONE', #3428, #4051, #1836, .T. ) ;
#2664 = LINE ( 'NONE', #1415, #2199 ) ;
#2665 = UNCERTAINTY_MEASURE_WITH_UNIT (LENGTH_MEASURE( 1.000000000000000082E-05 ), #3716, 'distance_accuracy_value', 'NONE');
#2666 = VERTEX_POINT ( 'NONE', #676 ) ;
#2667 = VECTOR ( 'NONE', #4742, 1000.000000000000227 ) ;
#2668 = UNCERTAINTY_MEASURE_WITH_UNIT (LENGTH_MEASURE( 1.000000000000000082E-05 ), #5888, 'distance_accuracy_value', 'NONE');
#2669 = ORIENTED_EDGE ( 'NONE', *, *, #4903, .F. ) ;
#2670 = PRESENTATION_LAYER_ASSIGNMENT (  '', '', ( #154 ) ) ;
#2671 = CARTESIAN_POINT ( 'NONE',  ( -1.245000000000000773, -0.05000000000000000278, 0.4799999999999999822 ) ) ;
#2672 = ADVANCED_FACE ( 'NONE', ( #3007 ), #5149, .T. ) ;
#2673 = PLANE ( 'NONE',  #5011 ) ;
#2674 = VECTOR ( 'NONE', #4180, 1000.000000000000000 ) ;
#2675 = FILL_AREA_STYLE ('',( #3238 ) ) ;
#2676 = VECTOR ( 'NONE', #4055, 1000.000000000000000 ) ;
#2677 =( NAMED_UNIT ( * ) SI_UNIT ( $, .STERADIAN. ) SOLID_ANGLE_UNIT ( ) );
#2678 = MECHANICAL_DESIGN_GEOMETRIC_PRESENTATION_REPRESENTATION (  '', ( #2763 ), #3107 ) ;
#2679 =( NAMED_UNIT ( * ) SI_UNIT ( $, .STERADIAN. ) SOLID_ANGLE_UNIT ( ) );
#2680 = CARTESIAN_POINT ( 'NONE',  ( 0.2927192558403119427, -0.05000000000000000278, 1.649999999999999911 ) ) ;
#2681 = LINE ( 'NONE', #4712, #523 ) ;
#2682 = CARTESIAN_POINT ( 'NONE',  ( -1.483617856335787799, 0.2830327265747146215, 1.524681247592594602 ) ) ;
#2683 = CARTESIAN_POINT ( 'NONE',  ( 0.2927192558403129974, 0.2800000000000000266, -1.382434901537152649 ) ) ;
#2684 = LINE ( 'NONE', #1849, #526 ) ;
#2685 = STYLED_ITEM ( 'NONE', ( #5668 ), #333 ) ;
#2686 = LINE ( 'NONE', #4345, #4453 ) ;
#2687 = ORIENTED_EDGE ( 'NONE', *, *, #1490, .F. ) ;
#2688 =( GEOMETRIC_REPRESENTATION_CONTEXT ( 3 ) GLOBAL_UNCERTAINTY_ASSIGNED_CONTEXT ( ( #2108 ) ) GLOBAL_UNIT_ASSIGNED_CONTEXT ( ( #1412, #3925, #4360 ) ) REPRESENTATION_CONTEXT ( 'NONE', 'WORKASPACE' ) );
#2689 = EDGE_CURVE ( 'NONE', #4504, #1995, #616, .T. ) ;
#2690 = CARTESIAN_POINT ( 'NONE',  ( 1.214999999999999414, 0.000000000000000000, 0.8299999999999997380 ) ) ;
#2691 = ORIENTED_EDGE ( 'NONE', *, *, #5773, .T. ) ;
#2692 = FILL_AREA_STYLE ('',( #3235 ) ) ;
#2693 = SURFACE_SIDE_STYLE ('',( #3070 ) ) ;
#2694 = DIRECTION ( 'NONE',  ( -0.000000000000000000, 1.000000000000000000, -0.000000000000000000 ) ) ;
#2695 = FACE_OUTER_BOUND ( 'NONE', #741, .T. ) ;
#2696 = VERTEX_POINT ( 'NONE', #1256 ) ;
#2697 = MECHANICAL_DESIGN_GEOMETRIC_PRESENTATION_REPRESENTATION (  '', ( #3287 ), #3040 ) ;
#2698 = FACE_OUTER_BOUND ( 'NONE', #5279, .T. ) ;
#2699 =( LENGTH_UNIT ( ) NAMED_UNIT ( * ) SI_UNIT ( .MILLI., .METRE. ) );
#2700 = CIRCLE ( 'NONE', #2643, 0.1000000000000000472 ) ;
#2701 = EDGE_CURVE ( 'NONE', #4756, #3662, #3, .T. ) ;
#2702 = ADVANCED_FACE ( 'NONE', ( #4382 ), #5280, .F. ) ;
#2703 = EDGE_CURVE ( 'NONE', #2252, #2634, #4925, .T. ) ;
#2704 = DIRECTION ( 'NONE',  ( -1.000000000000000000, 0.000000000000000000, 1.764980280790356078E-15 ) ) ;
#2705 =( NAMED_UNIT ( * ) PLANE_ANGLE_UNIT ( ) SI_UNIT ( $, .RADIAN. ) );
#2706 = PRESENTATION_STYLE_ASSIGNMENT (( #5439 ) ) ;
#2707 =( NAMED_UNIT ( * ) SI_UNIT ( $, .STERADIAN. ) SOLID_ANGLE_UNIT ( ) );
#2708 = LINE ( 'NONE', #560, #100 ) ;
#2709 = PLANE ( 'NONE',  #5044 ) ;
#2710 = CARTESIAN_POINT ( 'NONE',  ( -1.245000000000000551, -0.05000000000000000278, -1.129999999999999893 ) ) ;
#2711 = LINE ( 'NONE', #4270, #6173 ) ;
#2712 =( GEOMETRIC_REPRESENTATION_CONTEXT ( 3 ) GLOBAL_UNCERTAINTY_ASSIGNED_CONTEXT ( ( #1719 ) ) GLOBAL_UNIT_ASSIGNED_CONTEXT ( ( #3903, #4443, #1971 ) ) REPRESENTATION_CONTEXT ( 'NONE', 'WORKASPACE' ) );
#2713 =( NAMED_UNIT ( * ) PLANE_ANGLE_UNIT ( ) SI_UNIT ( $, .RADIAN. ) );
#2714 = VECTOR ( 'NONE', #4919, 1000.000000000000000 ) ;
#2715 = FILL_AREA_STYLE_COLOUR ( '', #3171 ) ;
#2716 =( LENGTH_UNIT ( ) NAMED_UNIT ( * ) SI_UNIT ( .MILLI., .METRE. ) );
#2717 = VERTEX_POINT ( 'NONE', #6243 ) ;
#2718 = SURFACE_SIDE_STYLE ('',( #995 ) ) ;
#2719 = STYLED_ITEM ( 'NONE', ( #4475 ), #2734 ) ;
#2720 = VERTEX_POINT ( 'NONE', #1344 ) ;
#2721 = MECHANICAL_DESIGN_GEOMETRIC_PRESENTATION_REPRESENTATION (  '', ( #198 ), #531 ) ;
#2722 = CARTESIAN_POINT ( 'NONE',  ( 0.2927192558403129974, -0.05000000000000000278, -1.650000000000000133 ) ) ;
#2723 = FILL_AREA_STYLE_COLOUR ( '', #2855 ) ;
#2724 = STYLED_ITEM ( 'NONE', ( #5654 ), #627 ) ;
#2725 =( NAMED_UNIT ( * ) PLANE_ANGLE_UNIT ( ) SI_UNIT ( $, .RADIAN. ) );
#2726 = EDGE_CURVE ( 'NONE', #6071, #2081, #5884, .T. ) ;
#2727 = DIRECTION ( 'NONE',  ( -0.000000000000000000, 1.000000000000000000, -0.000000000000000000 ) ) ;
#2728 = CARTESIAN_POINT ( 'NONE',  ( -1.245000000000000773, 0.2800000000000000266, 0.4799999999999999822 ) ) ;
#2729 = ORIENTED_EDGE ( 'NONE', *, *, #5598, .F. ) ;
#2730 =( NAMED_UNIT ( * ) PLANE_ANGLE_UNIT ( ) SI_UNIT ( $, .RADIAN. ) );
#2731 = CARTESIAN_POINT ( 'NONE',  ( 0.000000000000000000, 0.2800000000000000266, 0.8299999999999997380 ) ) ;
#2732 = VERTEX_POINT ( 'NONE', #3251 ) ;
#2733 = CARTESIAN_POINT ( 'NONE',  ( 0.3549999999999997602, 0.2800000000000000266, 1.149999999999999911 ) ) ;
#2734 = ADVANCED_FACE ( 'NONE', ( #3255 ), #5706, .F. ) ;
#2735 = DIRECTION ( 'NONE',  ( 1.000000000000000000, 0.000000000000000000, 0.000000000000000000 ) ) ;
#2736 = PRESENTATION_LAYER_ASSIGNMENT (  '', '', ( #6380 ) ) ;
#2737 = VERTEX_POINT ( 'NONE', #4226 ) ;
#2738 = FILL_AREA_STYLE_COLOUR ( '', #4231 ) ;
#2739 = PRESENTATION_STYLE_ASSIGNMENT (( #5174 ) ) ;
#2740 = ORIENTED_EDGE ( 'NONE', *, *, #1341, .T. ) ;
#2741 = EDGE_LOOP ( 'NONE', ( #5659, #4035, #6050, #6054 ) ) ;
#2742 = PRESENTATION_STYLE_ASSIGNMENT (( #5516 ) ) ;
#2743 = DIRECTION ( 'NONE',  ( -1.421904488505579654E-16, 0.000000000000000000, -1.000000000000000000 ) ) ;
#2744 = CARTESIAN_POINT ( 'NONE',  ( 0.09728074415968530897, -0.05000000000000000278, 1.649999999999999911 ) ) ;
#2745 = ORIENTED_EDGE ( 'NONE', *, *, #2886, .T. ) ;
#2746 = AXIS2_PLACEMENT_3D ( 'NONE', #5973, #3109, #3580 ) ;
#2747 = VERTEX_POINT ( 'NONE', #4266 ) ;
#2748 = DIRECTION ( 'NONE',  ( 1.000000000000000000, 0.000000000000000000, -1.421904488505579654E-16 ) ) ;
#2749 = CARTESIAN_POINT ( 'NONE',  ( 1.355080376768301731, 0.9400000000000000577, 1.355080376768301509 ) ) ;
#2750 = LINE ( 'NONE', #2188, #2594 ) ;
#2751 =( NAMED_UNIT ( * ) SI_UNIT ( $, .STERADIAN. ) SOLID_ANGLE_UNIT ( ) );
#2752 = CARTESIAN_POINT ( 'NONE',  ( 1.214999999999999192, 0.2800000000000000266, 0.1800000000000000488 ) ) ;
#2753 = MANIFOLD_SOLID_BREP ( 'Boss-Extrude3[4]', #5793 ) ;
#2754 = DIRECTION ( 'NONE',  ( 1.421904488505579654E-16, 0.000000000000000000, 1.000000000000000000 ) ) ;
#2755 = SURFACE_STYLE_USAGE ( .BOTH. , #6229 ) ;
#2756 = FILL_AREA_STYLE_COLOUR ( '', #3601 ) ;
#2757 = CARTESIAN_POINT ( 'NONE',  ( 0.09728074415968637756, -0.05000000000000000278, -1.382434901537152649 ) ) ;
#2758 = VECTOR ( 'NONE', #794, 1000.000000000000000 ) ;
#2759 = COLOUR_RGB ( '',1.000000000000000000, 1.000000000000000000, 1.000000000000000000 ) ;
#2760 = SURFACE_STYLE_USAGE ( .BOTH. , #3243 ) ;
#2761 = STYLED_ITEM ( 'NONE', ( #1563 ), #593 ) ;
#2762 = CARTESIAN_POINT ( 'NONE',  ( 0.01499999999999986067, -0.05000000000000000278, 1.156304952865600644 ) ) ;
#2763 = STYLED_ITEM ( 'NONE', ( #1138 ), #3572 ) ;
#2764 = VECTOR ( 'NONE', #2293, 1000.000000000000000 ) ;
#2765 = ADVANCED_FACE ( 'NONE', ( #635 ), #2312, .T. ) ;
#2766 = DIRECTION ( 'NONE',  ( 0.000000000000000000, 1.000000000000000000, 0.000000000000000000 ) ) ;
#2767 = SURFACE_STYLE_FILL_AREA ( #5747 ) ;
#2768 = MECHANICAL_DESIGN_GEOMETRIC_PRESENTATION_REPRESENTATION (  '', ( #4966 ), #4752 ) ;
#2769 = VECTOR ( 'NONE', #4168, 1000.000000000000000 ) ;
#2770 = ORIENTED_EDGE ( 'NONE', *, *, #6084, .T. ) ;
#2771 = DIRECTION ( 'NONE',  ( 1.421904488505579654E-16, 0.000000000000000000, 1.000000000000000000 ) ) ;
#2772 = DIRECTION ( 'NONE',  ( -1.000000000000000000, 2.168404344971007685E-15, 0.000000000000000000 ) ) ;
#2773 = COLOUR_RGB ( '',1.000000000000000000, 1.000000000000000000, 1.000000000000000000 ) ;
#2774 = ORIENTED_EDGE ( 'NONE', *, *, #4598, .T. ) ;
#2775 = MECHANICAL_DESIGN_GEOMETRIC_PRESENTATION_REPRESENTATION (  '', ( #5354 ), #912 ) ;
#2776 = LINE ( 'NONE', #3625, #4232 ) ;
#2777 = FILL_AREA_STYLE ('',( #5739 ) ) ;
#2778 = EDGE_CURVE ( 'NONE', #2696, #1165, #2475, .T. ) ;
#2779 = CARTESIAN_POINT ( 'NONE',  ( -1.245000000000000773, -0.000000000000000000, -0.1700000000000000677 ) ) ;
#2780 = PRESENTATION_STYLE_ASSIGNMENT (( #1752 ) ) ;
#2781 = SURFACE_STYLE_USAGE ( .BOTH. , #748 ) ;
#2782 = UNCERTAINTY_MEASURE_WITH_UNIT (LENGTH_MEASURE( 1.000000000000000082E-05 ), #492, 'distance_accuracy_value', 'NONE');
#2783 = LINE ( 'NONE', #1025, #2624 ) ;
#2784 = CARTESIAN_POINT ( 'NONE',  ( -1.655000000000000693, 0.2800000000000000266, -0.4800000000000000377 ) ) ;
#2785 = VECTOR ( 'NONE', #6205, 1000.000000000000000 ) ;
#2786 = LINE ( 'NONE', #5744, #311 ) ;
#2787 = PRESENTATION_LAYER_ASSIGNMENT (  '', '', ( #1549 ) ) ;
#2788 = VECTOR ( 'NONE', #5806, 1000.000000000000114 ) ;
#2789 = FILL_AREA_STYLE ('',( #4284 ) ) ;
#2790 = CARTESIAN_POINT ( 'NONE',  ( 1.524999999999999467, 0.2800000000000000266, 0.4800000000000000933 ) ) ;
#2791 =( GEOMETRIC_REPRESENTATION_CONTEXT ( 3 ) GLOBAL_UNCERTAINTY_ASSIGNED_CONTEXT ( ( #3546 ) ) GLOBAL_UNIT_ASSIGNED_CONTEXT ( ( #4538, #2022, #1028 ) ) REPRESENTATION_CONTEXT ( 'NONE', 'WORKASPACE' ) );
#2792 = EDGE_CURVE ( 'NONE', #3449, #3966, #1163, .T. ) ;
#2793 = DIRECTION ( 'NONE',  ( -0.000000000000000000, 0.000000000000000000, 1.000000000000000000 ) ) ;
#2794 = EDGE_CURVE ( 'NONE', #550, #4519, #4084, .T. ) ;
#2795 = DIRECTION ( 'NONE',  ( -0.000000000000000000, 1.000000000000000000, -0.000000000000000000 ) ) ;
#2796 = DIRECTION ( 'NONE',  ( -0.000000000000000000, 1.000000000000000000, -0.000000000000000000 ) ) ;
#2797 = ORIENTED_EDGE ( 'NONE', *, *, #1219, .T. ) ;
#2798 = LINE ( 'NONE', #2013, #1638 ) ;
#2799 =( NAMED_UNIT ( * ) SI_UNIT ( $, .STERADIAN. ) SOLID_ANGLE_UNIT ( ) );
#2800 = CARTESIAN_POINT ( 'NONE',  ( -1.245000000000000773, -0.05000000000000000278, 0.4799999999999999822 ) ) ;
#2801 = ORIENTED_EDGE ( 'NONE', *, *, #3386, .T. ) ;
#2802 = STYLED_ITEM ( 'NONE', ( #5852 ), #2140 ) ;
#2803 = VECTOR ( 'NONE', #6148, 1000.000000000000000 ) ;
#2804 = ORIENTED_EDGE ( 'NONE', *, *, #170, .T. ) ;
#2805 = CARTESIAN_POINT ( 'NONE',  ( 1.524999999999999245, 0.2800000000000000266, -1.119999999999999440 ) ) ;
#2806 = PLANE ( 'NONE',  #3453 ) ;
#2807 = SURFACE_SIDE_STYLE ('',( #1157 ) ) ;
#2808 = CARTESIAN_POINT ( 'NONE',  ( -1.245000000000000551, -0.05000000000000000278, -0.4800000000000000377 ) ) ;
#2809 = ADVANCED_FACE ( 'NONE', ( #3935 ), #2356, .T. ) ;
#2810 = ORIENTED_EDGE ( 'NONE', *, *, #3192, .F. ) ;
#2811 = DIRECTION ( 'NONE',  ( 1.000000000000000000, 0.000000000000000000, 0.000000000000000000 ) ) ;
#2812 =( GEOMETRIC_REPRESENTATION_CONTEXT ( 3 ) GLOBAL_UNCERTAINTY_ASSIGNED_CONTEXT ( ( #6099 ) ) GLOBAL_UNIT_ASSIGNED_CONTEXT ( ( #4344, #3785, #5325 ) ) REPRESENTATION_CONTEXT ( 'NONE', 'WORKASPACE' ) );
#2813 = UNCERTAINTY_MEASURE_WITH_UNIT (LENGTH_MEASURE( 1.000000000000000082E-05 ), #879, 'distance_accuracy_value', 'NONE');
#2814 = DIRECTION ( 'NONE',  ( 0.000000000000000000, 1.000000000000000000, 0.000000000000000000 ) ) ;
#2815 = CARTESIAN_POINT ( 'NONE',  ( -1.245000000000000773, 0.2800000000000000266, -0.1700000000000000677 ) ) ;
#2816 =( GEOMETRIC_REPRESENTATION_CONTEXT ( 3 ) GLOBAL_UNCERTAINTY_ASSIGNED_CONTEXT ( ( #25 ) ) GLOBAL_UNIT_ASSIGNED_CONTEXT ( ( #1225, #4672, #4588 ) ) REPRESENTATION_CONTEXT ( 'NONE', 'WORKASPACE' ) );
#2817 = ORIENTED_EDGE ( 'NONE', *, *, #2246, .F. ) ;
#2818 = DIRECTION ( 'NONE',  ( 0.000000000000000000, 0.000000000000000000, -1.000000000000000000 ) ) ;
#2819 = DIRECTION ( 'NONE',  ( 1.000000000000000000, 0.000000000000000000, -0.000000000000000000 ) ) ;
#2820 = MECHANICAL_DESIGN_GEOMETRIC_PRESENTATION_REPRESENTATION (  '', ( #1942 ), #2597 ) ;
#2821 = ORIENTED_EDGE ( 'NONE', *, *, #4431, .T. ) ;
#2822 = FILL_AREA_STYLE_COLOUR ( '', #6175 ) ;
#2823 = EDGE_CURVE ( 'NONE', #424, #3821, #308, .T. ) ;
#2824 = CARTESIAN_POINT ( 'NONE',  ( 1.214999999999999414, -0.05000000000000000278, 0.8299999999999997380 ) ) ;
#2825 = CARTESIAN_POINT ( 'NONE',  ( -1.655000000000000693, 0.2800000000000000266, -0.4800000000000000377 ) ) ;
#2826 = ORIENTED_EDGE ( 'NONE', *, *, #5570, .F. ) ;
#2827 = DIRECTION ( 'NONE',  ( 1.421904488505579654E-16, 0.000000000000000000, 1.000000000000000000 ) ) ;
#2828 = VERTEX_POINT ( 'NONE', #2848 ) ;
#2829 = FILL_AREA_STYLE ('',( #4276 ) ) ;
#2830 = FACE_OUTER_BOUND ( 'NONE', #5414, .T. ) ;
#2831 = SURFACE_SIDE_STYLE ('',( #5095 ) ) ;
#2832 = ORIENTED_EDGE ( 'NONE', *, *, #3344, .F. ) ;
#2833 = FACE_OUTER_BOUND ( 'NONE', #991, .T. ) ;
#2834 = EDGE_CURVE ( 'NONE', #42, #1121, #2947, .T. ) ;
#2835 = EDGE_CURVE ( 'NONE', #2574, #5922, #4008, .T. ) ;
#2836 = LINE ( 'NONE', #3227, #5467 ) ;
#2837 = CARTESIAN_POINT ( 'NONE',  ( -1.245000000000000773, 0.2800000000000000266, 1.129999999999999893 ) ) ;
#2838 = ADVANCED_FACE ( 'NONE', ( #1002 ), #2321, .F. ) ;
#2839 = FILL_AREA_STYLE ('',( #5804 ) ) ;
#2840 = VECTOR ( 'NONE', #3962, 1000.000000000000000 ) ;
#2841 = SURFACE_STYLE_USAGE ( .BOTH. , #3348 ) ;
#2842 = AXIS2_PLACEMENT_3D ( 'NONE', #4264, #4779, #2333 ) ;
#2843 = DIRECTION ( 'NONE',  ( -2.891205793294679411E-15, 0.000000000000000000, 1.000000000000000000 ) ) ;
#2844 =( LENGTH_UNIT ( ) NAMED_UNIT ( * ) SI_UNIT ( .MILLI., .METRE. ) );
#2845 = VECTOR ( 'NONE', #5530, 1000.000000000000000 ) ;
#2846 = LINE ( 'NONE', #3514, #5620 ) ;
#2847 = LINE ( 'NONE', #3222, #1747 ) ;
#2848 = CARTESIAN_POINT ( 'NONE',  ( 0.01499999999999986067, 0.000000000000000000, 1.156304952865600644 ) ) ;
#2849 = STYLED_ITEM ( 'NONE', ( #1754 ), #2702 ) ;
#2850 = CARTESIAN_POINT ( 'NONE',  ( -1.655000000000000471, -0.05000000000000000278, -1.129999999999999893 ) ) ;
#2851 = LINE ( 'NONE', #5472, #4301 ) ;
#2852 = LINE ( 'NONE', #4422, #5159 ) ;
#2853 = ORIENTED_EDGE ( 'NONE', *, *, #3815, .F. ) ;
#2854 = SURFACE_SIDE_STYLE ('',( #1558 ) ) ;
#2855 = COLOUR_RGB ( '',0.000000000000000000, 0.000000000000000000, 0.000000000000000000 ) ;
#2856 = STYLED_ITEM ( 'NONE', ( #5693 ), #5998 ) ;
#2857 = FACE_OUTER_BOUND ( 'NONE', #6013, .T. ) ;
#2858 = COLOUR_RGB ( '',0.000000000000000000, 0.000000000000000000, 0.000000000000000000 ) ;
#2859 = VERTEX_POINT ( 'NONE', #4876 ) ;
#2860 = STYLED_ITEM ( 'NONE', ( #5502 ), #666 ) ;
#2861 = DIRECTION ( 'NONE',  ( -0.000000000000000000, -1.000000000000000000, -0.000000000000000000 ) ) ;
#2862 = EDGE_CURVE ( 'NONE', #2720, #4104, #5105, .T. ) ;
#2863 = SURFACE_STYLE_USAGE ( .BOTH. , #2419 ) ;
#2864 = DIRECTION ( 'NONE',  ( -1.000000000000000000, 0.000000000000000000, 0.000000000000000000 ) ) ;
#2865 = PRESENTATION_STYLE_ASSIGNMENT (( #3378 ) ) ;
#2866 = LINE ( 'NONE', #5248, #5346 ) ;
#2867 = SURFACE_STYLE_USAGE ( .BOTH. , #6289 ) ;
#2868 = DIRECTION ( 'NONE',  ( 0.000000000000000000, -0.000000000000000000, -1.000000000000000000 ) ) ;
#2869 = VECTOR ( 'NONE', #2067, 1000.000000000000000 ) ;
#2870 =( BOUNDED_CURVE ( )  B_SPLINE_CURVE ( 3, ( #2908, #4896, #1925, #3413 ),
 .UNSPECIFIED., .F., .F. ) 
 B_SPLINE_CURVE_WITH_KNOTS ( ( 4, 4 ),
 ( -2.664535259100375697E-15, 0.005463208521538163130 ),
 .UNSPECIFIED. ) 
 CURVE ( )  GEOMETRIC_REPRESENTATION_ITEM ( )  RATIONAL_B_SPLINE_CURVE ( ( 1.000000000000000000, 0.9999975127809339615, 0.9999975127809339615, 1.000000000000000000 ) ) 
 REPRESENTATION_ITEM ( '' )  );
#2871 = CARTESIAN_POINT ( 'NONE',  ( 1.214999999999999192, -0.05000000000000000278, -0.4699999999999996958 ) ) ;
#2872 = CARTESIAN_POINT ( 'NONE',  ( -1.525000000000000577, 0.2800000000000000266, -0.8200000000000000622 ) ) ;
#2873 = DIRECTION ( 'NONE',  ( -0.000000000000000000, 0.000000000000000000, -1.000000000000000000 ) ) ;
#2874 = LINE ( 'NONE', #3536, #4718 ) ;
#2875 = ADVANCED_FACE ( 'NONE', ( #1630 ), #6255, .T. ) ;
#2876 = PRESENTATION_STYLE_ASSIGNMENT (( #3415 ) ) ;
#2877 = CARTESIAN_POINT ( 'NONE',  ( 1.644999999999999352, -0.05000000000000000278, 0.4799999999999999822 ) ) ;
#2878 = UNCERTAINTY_MEASURE_WITH_UNIT (LENGTH_MEASURE( 1.000000000000000082E-05 ), #1307, 'distance_accuracy_value', 'NONE');
#2879 = EDGE_LOOP ( 'NONE', ( #5969, #5758, #3409, #4597 ) ) ;
#2880 = VECTOR ( 'NONE', #4244, 1000.000000000000000 ) ;
#2881 = AXIS2_PLACEMENT_3D ( 'NONE', #277, #5276, #6189 ) ;
#2882 = VERTEX_POINT ( 'NONE', #3308 ) ;
#2883 = CARTESIAN_POINT ( 'NONE',  ( 0.3549999999999997602, -0.05000000000000000278, 1.149999999999999911 ) ) ;
#2884 = PRESENTATION_LAYER_ASSIGNMENT (  '', '', ( #219 ) ) ;
#2885 = DIRECTION ( 'NONE',  ( 0.000000000000000000, -1.000000000000000000, 0.000000000000000000 ) ) ;
#2886 = EDGE_CURVE ( 'NONE', #4387, #820, #691, .T. ) ;
#2887 = ORIENTED_EDGE ( 'NONE', *, *, #4416, .F. ) ;
#2888 = CARTESIAN_POINT ( 'NONE',  ( 1.214999999999998970, 0.2800000000000000266, -1.119999999999999440 ) ) ;
#2889 = DIRECTION ( 'NONE',  ( -1.421904488505579654E-16, -4.877816304877807229E-34, -1.000000000000000000 ) ) ;
#2890 =( NAMED_UNIT ( * ) PLANE_ANGLE_UNIT ( ) SI_UNIT ( $, .RADIAN. ) );
#2891 = SURFACE_SIDE_STYLE ('',( #5015 ) ) ;
#2892 = VECTOR ( 'NONE', #5147, 1000.000000000000000 ) ;
#2893 = ORIENTED_EDGE ( 'NONE', *, *, #3539, .T. ) ;
#2894 = CARTESIAN_POINT ( 'NONE',  ( -1.245000000000000551, 0.2800000000000000266, -1.129999999999999893 ) ) ;
#2895 = DIRECTION ( 'NONE',  ( -1.000000000000000000, 0.000000000000000000, 2.132856732758369851E-16 ) ) ;
#2896 = PRESENTATION_LAYER_ASSIGNMENT (  '', '', ( #4330 ) ) ;
#2897 = DIRECTION ( 'NONE',  ( 0.000000000000000000, -0.000000000000000000, -1.000000000000000000 ) ) ;
#2898 = ORIENTED_EDGE ( 'NONE', *, *, #4987, .T. ) ;
#2899 = FILL_AREA_STYLE_COLOUR ( '', #3229 ) ;
#2900 = ORIENTED_EDGE ( 'NONE', *, *, #4340, .T. ) ;
#2901 = AXIS2_PLACEMENT_3D ( 'NONE', #1239, #2232, #1694 ) ;
#2902 = ADVANCED_FACE ( 'NONE', ( #3337 ), #1472, .T. ) ;
#2903 = ORIENTED_EDGE ( 'NONE', *, *, #3814, .F. ) ;
#2904 = PRESENTATION_LAYER_ASSIGNMENT (  '', '', ( #5130 ) ) ;
#2905 = EDGE_CURVE ( 'NONE', #5270, #6270, #5344, .T. ) ;
#2906 = ORIENTED_EDGE ( 'NONE', *, *, #4340, .F. ) ;
#2907 = ORIENTED_EDGE ( 'NONE', *, *, #2948, .F. ) ;
#2908 = CARTESIAN_POINT ( 'NONE',  ( -1.525000000000000133, 0.2800000000000000266, 1.424999999999999600 ) ) ;
#2909 = CARTESIAN_POINT ( 'NONE',  ( -1.525000000000000577, 0.000000000000000000, 0.8199999999999998401 ) ) ;
#2910 = CARTESIAN_POINT ( 'NONE',  ( 1.644999999999999130, -0.05000000000000000278, 0.8299999999999997380 ) ) ;
#2911 = EDGE_LOOP ( 'NONE', ( #4150, #729, #117, #490 ) ) ;
#2912 = ORIENTED_EDGE ( 'NONE', *, *, #1707, .T. ) ;
#2913 = CARTESIAN_POINT ( 'NONE',  ( 0.09728074415968514244, 0.2800000000000000266, 1.382434901537152427 ) ) ;
#2914 = FACE_OUTER_BOUND ( 'NONE', #3198, .T. ) ;
#2915 = PRESENTATION_LAYER_ASSIGNMENT (  '', '', ( #3287 ) ) ;
#2916 = DIRECTION ( 'NONE',  ( 0.000000000000000000, 1.000000000000000000, 0.000000000000000000 ) ) ;
#2917 = DIRECTION ( 'NONE',  ( -0.000000000000000000, 1.000000000000000000, -0.000000000000000000 ) ) ;
#2918 =( NAMED_UNIT ( * ) SI_UNIT ( $, .STERADIAN. ) SOLID_ANGLE_UNIT ( ) );
#2919 = PRESENTATION_STYLE_ASSIGNMENT (( #709 ) ) ;
#2920 = EDGE_CURVE ( 'NONE', #11, #6074, #161, .T. ) ;
#2921 = EDGE_CURVE ( 'NONE', #4961, #823, #3018, .T. ) ;
#2922 = VECTOR ( 'NONE', #5395, 1000.000000000000114 ) ;
#2923 = FILL_AREA_STYLE_COLOUR ( '', #3908 ) ;
#2924 = CARTESIAN_POINT ( 'NONE',  ( 1.644999999999999574, -0.05000000000000000278, -0.8200000000000003952 ) ) ;
#2925 = PRESENTATION_LAYER_ASSIGNMENT (  '', '', ( #2012 ) ) ;
#2926 = LINE ( 'NONE', #4941, #6317 ) ;
#2927 = PLANE ( 'NONE',  #6197 ) ;
#2928 = VECTOR ( 'NONE', #236, 1000.000000000000000 ) ;
#2929 = VECTOR ( 'NONE', #1817, 1000.000000000000000 ) ;
#2930 = FILL_AREA_STYLE_COLOUR ( '', #4159 ) ;
#2931 = DIRECTION ( 'NONE',  ( -0.000000000000000000, 1.000000000000000000, -0.000000000000000000 ) ) ;
#2932 = VECTOR ( 'NONE', #123, 1000.000000000000000 ) ;
#2933 = FILL_AREA_STYLE_COLOUR ( '', #4015 ) ;
#2934 = MECHANICAL_DESIGN_GEOMETRIC_PRESENTATION_REPRESENTATION (  '', ( #6053 ), #2179 ) ;
#2935 = ORIENTED_EDGE ( 'NONE', *, *, #1240, .F. ) ;
#2936 = LINE ( 'NONE', #8, #2082 ) ;
#2937 = VERTEX_POINT ( 'NONE', #3158 ) ;
#2938 = SURFACE_STYLE_FILL_AREA ( #4676 ) ;
#2939 = DIRECTION ( 'NONE',  ( -2.891205793294679411E-15, 0.000000000000000000, 1.000000000000000000 ) ) ;
#2940 =( NAMED_UNIT ( * ) PLANE_ANGLE_UNIT ( ) SI_UNIT ( $, .RADIAN. ) );
#2941 = CARTESIAN_POINT ( 'NONE',  ( 1.424999999999999822, 0.2800000000000000266, 1.524999999999999911 ) ) ;
#2942 = AXIS2_PLACEMENT_3D ( 'NONE', #2522, #6034, #3568 ) ;
#2943 = VECTOR ( 'NONE', #4211, 1000.000000000000000 ) ;
#2944 = CARTESIAN_POINT ( 'NONE',  ( 0.09728074415968637756, 0.2800000000000000266, -1.382434901537152649 ) ) ;
#2945 = MECHANICAL_DESIGN_GEOMETRIC_PRESENTATION_REPRESENTATION (  '', ( #2685 ), #3368 ) ;
#2946 = CARTESIAN_POINT ( 'NONE',  ( -1.525000000000000577, 0.2800000000000000266, -1.524999999999999911 ) ) ;
#2947 = LINE ( 'NONE', #417, #2471 ) ;
#2948 = EDGE_CURVE ( 'NONE', #1165, #1659, #3924, .T. ) ;
#2949 = DIRECTION ( 'NONE',  ( -0.2588190451025219607, 0.000000000000000000, 0.9659258262890678681 ) ) ;
#2950 = VECTOR ( 'NONE', #4791, 1000.000000000000000 ) ;
#2951 = CARTESIAN_POINT ( 'NONE',  ( -1.525000000000000577, 0.2800000000000000266, -1.524999999999999911 ) ) ;
#2952 = LINE ( 'NONE', #6388, #2714 ) ;
#2953 = EDGE_LOOP ( 'NONE', ( #1015, #2302, #1560, #63 ) ) ;
#2954 = AXIS2_PLACEMENT_3D ( 'NONE', #2757, #3336, #3310 ) ;
#2955 = DIRECTION ( 'NONE',  ( 1.000000000000000000, 0.000000000000000000, 1.322197771323785883E-16 ) ) ;
#2956 = CARTESIAN_POINT ( 'NONE',  ( 5.925290942653333227E-17, 0.2800000000000000266, -0.4699999999999998623 ) ) ;
#2957 = VERTEX_POINT ( 'NONE', #1179 ) ;
#2958 = EDGE_CURVE ( 'NONE', #5698, #5197, #6166, .T. ) ;
#2959 = FILL_AREA_STYLE ('',( #510 ) ) ;
#2960 = EDGE_CURVE ( 'NONE', #5760, #4815, #2235, .T. ) ;
#2961 = ORIENTED_EDGE ( 'NONE', *, *, #5648, .T. ) ;
#2962 = FILL_AREA_STYLE_COLOUR ( '', #1394 ) ;
#2963 =( NAMED_UNIT ( * ) PLANE_ANGLE_UNIT ( ) SI_UNIT ( $, .RADIAN. ) );
#2964 = ORIENTED_EDGE ( 'NONE', *, *, #3168, .T. ) ;
#2965 = DIRECTION ( 'NONE',  ( 0.000000000000000000, 0.000000000000000000, -1.000000000000000000 ) ) ;
#2966 = STYLED_ITEM ( 'NONE', ( #3771 ), #1409 ) ;
#2967 = CARTESIAN_POINT ( 'NONE',  ( 0.000000000000000000, 0.000000000000000000, 0.000000000000000000 ) ) ;
#2968 = VERTEX_POINT ( 'NONE', #2156 ) ;
#2969 = LINE ( 'NONE', #5599, #4191 ) ;
#2970 = VERTEX_POINT ( 'NONE', #156 ) ;
#2971 = AXIS2_PLACEMENT_3D ( 'NONE', #988, #2417, #2072 ) ;
#2972 = CARTESIAN_POINT ( 'NONE',  ( -1.355080376768302397, 0.9400000000000000577, -1.355080376768301731 ) ) ;
#2973 = CARTESIAN_POINT ( 'NONE',  ( 1.214999999999999414, -0.05000000000000000278, 1.129999999999999893 ) ) ;
#2974 = STYLED_ITEM ( 'NONE', ( #4320 ), #889 ) ;
#2975 = CARTESIAN_POINT ( 'NONE',  ( 0.09728074415968639144, -0.05000000000000000278, -1.650000000000000133 ) ) ;
#2976 = VERTEX_POINT ( 'NONE', #2602 ) ;
#2977 = EDGE_LOOP ( 'NONE', ( #6055, #5836, #4112, #2498 ) ) ;
#2978 = VERTEX_POINT ( 'NONE', #6067 ) ;
#2979 =( BOUNDED_CURVE ( )  B_SPLINE_CURVE ( 3, ( #1393, #3038, #4462, #5481 ),
 .UNSPECIFIED., .F., .F. ) 
 B_SPLINE_CURVE_WITH_KNOTS ( ( 4, 4 ),
 ( 2.361657698713885534, 3.921527608465700698 ),
 .UNSPECIFIED. ) 
 CURVE ( )  GEOMETRIC_REPRESENTATION_ITEM ( )  RATIONAL_B_SPLINE_CURVE ( ( 1.000000000000000000, 0.8073061876036318196, 0.8073061876036318196, 1.000000000000000000 ) ) 
 REPRESENTATION_ITEM ( '' )  );
#2980 = DIRECTION ( 'NONE',  ( 1.000000000000000000, 0.000000000000000000, 0.000000000000000000 ) ) ;
#2981 =( NAMED_UNIT ( * ) PLANE_ANGLE_UNIT ( ) SI_UNIT ( $, .RADIAN. ) );
#2982 = ORIENTED_EDGE ( 'NONE', *, *, #2663, .T. ) ;
#2983 = VERTEX_POINT ( 'NONE', #2671 ) ;
#2984 = LINE ( 'NONE', #2117, #2514 ) ;
#2985 =( NAMED_UNIT ( * ) SI_UNIT ( $, .STERADIAN. ) SOLID_ANGLE_UNIT ( ) );
#2986 = STYLED_ITEM ( 'NONE', ( #1745 ), #3612 ) ;
#2987 = CARTESIAN_POINT ( 'NONE',  ( 1.644999999999999352, 0.2800000000000000266, -0.1700000000000003453 ) ) ;
#2988 = CARTESIAN_POINT ( 'NONE',  ( 1.214999999999999192, -0.05000000000000000278, -0.1699999999999995681 ) ) ;
#2989 = VECTOR ( 'NONE', #5436, 1000.000000000000000 ) ;
#2990 = LINE ( 'NONE', #2575, #1822 ) ;
#2991 = FILL_AREA_STYLE ('',( #2933 ) ) ;
#2992 = SURFACE_SIDE_STYLE ('',( #4146 ) ) ;
#2993 = AXIS2_PLACEMENT_3D ( 'NONE', #6029, #4668, #5716 ) ;
#2994 = CARTESIAN_POINT ( 'NONE',  ( -1.245000000000000773, -0.05000000000000000278, 0.4799999999999999822 ) ) ;
#2995 = PRESENTATION_STYLE_ASSIGNMENT (( #3953 ) ) ;
#2996 = CARTESIAN_POINT ( 'NONE',  ( 1.524999999999999467, 0.2800000000000000266, -0.4699999999999994738 ) ) ;
#2997 = CARTESIAN_POINT ( 'NONE',  ( 0.000000000000000000, 0.000000000000000000, -0.4800000000000000377 ) ) ;
#2998 = COLOUR_RGB ( '',1.000000000000000000, 1.000000000000000000, 1.000000000000000000 ) ;
#2999 = MECHANICAL_DESIGN_GEOMETRIC_PRESENTATION_REPRESENTATION (  '', ( #219 ), #341 ) ;
#3000 = EDGE_CURVE ( 'NONE', #5922, #3496, #3411, .T. ) ;
#3001 = EDGE_CURVE ( 'NONE', #5197, #4727, #1924, .T. ) ;
#3002 = PRESENTATION_STYLE_ASSIGNMENT (( #1943 ) ) ;
#3003 = CYLINDRICAL_SURFACE ( 'NONE', #573, 0.09999999999999996392 ) ;
#3004 = ORIENTED_EDGE ( 'NONE', *, *, #4761, .T. ) ;
#3005 =( NAMED_UNIT ( * ) PLANE_ANGLE_UNIT ( ) SI_UNIT ( $, .RADIAN. ) );
#3006 =( NAMED_UNIT ( * ) SI_UNIT ( $, .STERADIAN. ) SOLID_ANGLE_UNIT ( ) );
#3007 = FACE_OUTER_BOUND ( 'NONE', #4739, .T. ) ;
#3008 = MECHANICAL_DESIGN_GEOMETRIC_PRESENTATION_REPRESENTATION (  '', ( #6090 ), #2337 ) ;
#3009 = ORIENTED_EDGE ( 'NONE', *, *, #1382, .F. ) ;
#3010 = UNCERTAINTY_MEASURE_WITH_UNIT (LENGTH_MEASURE( 1.000000000000000082E-05 ), #5790, 'distance_accuracy_value', 'NONE');
#3011 = COLOUR_RGB ( '',0.000000000000000000, 0.000000000000000000, 0.000000000000000000 ) ;
#3012 = FILL_AREA_STYLE ('',( #1583 ) ) ;
#3013 = FACE_OUTER_BOUND ( 'NONE', #1478, .T. ) ;
#3014 = LINE ( 'NONE', #1573, #5635 ) ;
#3015 = VECTOR ( 'NONE', #4421, 1000.000000000000000 ) ;
#3016 = CARTESIAN_POINT ( 'NONE',  ( -3.000466477343560072E-16, 0.000000000000000000, -0.1699999999999974309 ) ) ;
#3017 = PLANE ( 'NONE',  #1553 ) ;
#3018 = LINE ( 'NONE', #207, #5796 ) ;
#3019 = DIRECTION ( 'NONE',  ( 1.000000000000000000, 0.000000000000000000, -0.000000000000000000 ) ) ;
#3020 = CARTESIAN_POINT ( 'NONE',  ( 0.3549999999999997602, 0.2800000000000000266, 1.149999999999999911 ) ) ;
#3021 = SURFACE_STYLE_FILL_AREA ( #1401 ) ;
#3022 = SURFACE_SIDE_STYLE ('',( #1680 ) ) ;
#3023 = UNCERTAINTY_MEASURE_WITH_UNIT (LENGTH_MEASURE( 1.000000000000000082E-05 ), #1132, 'distance_accuracy_value', 'NONE');
#3024 = DIRECTION ( 'NONE',  ( 0.000000000000000000, -1.000000000000000000, 0.000000000000000000 ) ) ;
#3025 = CARTESIAN_POINT ( 'NONE',  ( -1.525000000000000133, 0.2800000000000000266, 1.524999999999999911 ) ) ;
#3026 = STYLED_ITEM ( 'NONE', ( #5211 ), #6262 ) ;
#3027 = VERTEX_POINT ( 'NONE', #4131 ) ;
#3028 = FACE_OUTER_BOUND ( 'NONE', #5437, .T. ) ;
#3029 = PRESENTATION_LAYER_ASSIGNMENT (  '', '', ( #2685 ) ) ;
#3030 = DIRECTION ( 'NONE',  ( 1.000000000000000000, 0.000000000000000000, 0.000000000000000000 ) ) ;
#3031 = PRESENTATION_LAYER_ASSIGNMENT (  '', '', ( #2565 ) ) ;
#3032 = EDGE_CURVE ( 'NONE', #1731, #1540, #5032, .T. ) ;
#3033 = CARTESIAN_POINT ( 'NONE',  ( -1.245000000000000773, -0.05000000000000000278, 0.1699999999999999012 ) ) ;
#3034 = VERTEX_POINT ( 'NONE', #708 ) ;
#3035 = DIRECTION ( 'NONE',  ( -0.000000000000000000, 1.000000000000000000, -0.000000000000000000 ) ) ;
#3036 = LINE ( 'NONE', #2894, #6180 ) ;
#3037 = EDGE_LOOP ( 'NONE', ( #451, #2485, #6269, #3359 ) ) ;
#3038 = CARTESIAN_POINT ( 'NONE',  ( 1.483617856335787577, 0.2830327265747157317, 1.524681247592594158 ) ) ;
#3039 = PLANE ( 'NONE',  #1676 ) ;
#3040 =( GEOMETRIC_REPRESENTATION_CONTEXT ( 3 ) GLOBAL_UNCERTAINTY_ASSIGNED_CONTEXT ( ( #2813 ) ) GLOBAL_UNIT_ASSIGNED_CONTEXT ( ( #879, #3762, #3361 ) ) REPRESENTATION_CONTEXT ( 'NONE', 'WORKASPACE' ) );
#3041 = ORIENTED_EDGE ( 'NONE', *, *, #5921, .T. ) ;
#3042 =( NAMED_UNIT ( * ) SI_UNIT ( $, .STERADIAN. ) SOLID_ANGLE_UNIT ( ) );
#3043 = EDGE_CURVE ( 'NONE', #5755, #6185, #4393, .T. ) ;
#3044 = EDGE_CURVE ( 'NONE', #11, #4756, #2776, .T. ) ;
#3045 = DIRECTION ( 'NONE',  ( 2.525088288725319983E-15, 0.000000000000000000, 1.000000000000000000 ) ) ;
#3046 = CARTESIAN_POINT ( 'NONE',  ( -1.245000000000000551, 0.2800000000000000266, -1.129999999999999893 ) ) ;
#3047 = CARTESIAN_POINT ( 'NONE',  ( -1.525000000000000355, 0.2800000000000000266, -1.129999999999999893 ) ) ;
#3048 = CARTESIAN_POINT ( 'NONE',  ( 1.355080376768301065, 0.9400000000000000577, -1.355080376768301509 ) ) ;
#3049 = VERTEX_POINT ( 'NONE', #4106 ) ;
#3050 = MECHANICAL_DESIGN_GEOMETRIC_PRESENTATION_REPRESENTATION (  '', ( #4399 ), #3392 ) ;
#3051 = DIRECTION ( 'NONE',  ( 0.000000000000000000, 0.000000000000000000, -1.000000000000000000 ) ) ;
#3052 = VERTEX_POINT ( 'NONE', #5060 ) ;
#3053 = FACE_OUTER_BOUND ( 'NONE', #4566, .T. ) ;
#3054 = VERTEX_POINT ( 'NONE', #2092 ) ;
#3055 = AXIS2_PLACEMENT_3D ( 'NONE', #283, #3730, #1768 ) ;
#3056 = SURFACE_SIDE_STYLE ('',( #1308 ) ) ;
#3057 = VERTEX_POINT ( 'NONE', #2114 ) ;
#3058 = AXIS2_PLACEMENT_3D ( 'NONE', #5678, #4242, #6165 ) ;
#3059 = SURFACE_STYLE_USAGE ( .BOTH. , #1569 ) ;
#3060 = ORIENTED_EDGE ( 'NONE', *, *, #4867, .T. ) ;
#3061 = DIRECTION ( 'NONE',  ( 0.000000000000000000, 0.000000000000000000, 1.000000000000000000 ) ) ;
#3062 = SURFACE_STYLE_USAGE ( .BOTH. , #5997 ) ;
#3063 = UNCERTAINTY_MEASURE_WITH_UNIT (LENGTH_MEASURE( 1.000000000000000082E-05 ), #5200, 'distance_accuracy_value', 'NONE');
#3064 =( GEOMETRIC_REPRESENTATION_CONTEXT ( 3 ) GLOBAL_UNCERTAINTY_ASSIGNED_CONTEXT ( ( #2587 ) ) GLOBAL_UNIT_ASSIGNED_CONTEXT ( ( #5221, #4819, #1848 ) ) REPRESENTATION_CONTEXT ( 'NONE', 'WORKASPACE' ) );
#3065 = DIRECTION ( 'NONE',  ( 1.000000000000000000, 0.000000000000000000, 0.000000000000000000 ) ) ;
#3066 = DIRECTION ( 'NONE',  ( -1.000000000000000000, 0.000000000000000000, 5.042800802258159378E-16 ) ) ;
#3067 = FACE_OUTER_BOUND ( 'NONE', #2544, .T. ) ;
#3068 = VERTEX_POINT ( 'NONE', #3116 ) ;
#3069 = EDGE_CURVE ( 'NONE', #2479, #2732, #4709, .T. ) ;
#3070 = SURFACE_STYLE_FILL_AREA ( #5657 ) ;
#3071 = ORIENTED_EDGE ( 'NONE', *, *, #149, .T. ) ;
#3072 = CARTESIAN_POINT ( 'NONE',  ( -1.245000000000000773, -0.000000000000000000, -1.054999999999999938 ) ) ;
#3073 = DIRECTION ( 'NONE',  ( -0.000000000000000000, -1.000000000000000000, -0.000000000000000000 ) ) ;
#3074 = VECTOR ( 'NONE', #166, 1000.000000000000000 ) ;
#3075 = UNCERTAINTY_MEASURE_WITH_UNIT (LENGTH_MEASURE( 1.000000000000000082E-05 ), #1614, 'distance_accuracy_value', 'NONE');
#3076 = VECTOR ( 'NONE', #3406, 1000.000000000000000 ) ;
#3077 = FACE_OUTER_BOUND ( 'NONE', #3142, .T. ) ;
#3078 =( GEOMETRIC_REPRESENTATION_CONTEXT ( 3 ) GLOBAL_UNCERTAINTY_ASSIGNED_CONTEXT ( ( #1656 ) ) GLOBAL_UNIT_ASSIGNED_CONTEXT ( ( #4355, #1408, #6356 ) ) REPRESENTATION_CONTEXT ( 'NONE', 'WORKASPACE' ) );
#3079 = VECTOR ( 'NONE', #5251, 1000.000000000000227 ) ;
#3080 =( NAMED_UNIT ( * ) PLANE_ANGLE_UNIT ( ) SI_UNIT ( $, .RADIAN. ) );
#3081 = FACE_OUTER_BOUND ( 'NONE', #4121, .T. ) ;
#3082 = SURFACE_SIDE_STYLE ('',( #3589 ) ) ;
#3083 = FACE_OUTER_BOUND ( 'NONE', #6282, .T. ) ;
#3084 = CARTESIAN_POINT ( 'NONE',  ( -1.245000000000000551, 0.2800000000000000266, -0.4800000000000000377 ) ) ;
#3085 = VECTOR ( 'NONE', #4254, 1000.000000000000000 ) ;
#3086 = PLANE ( 'NONE',  #5083 ) ;
#3087 =( NAMED_UNIT ( * ) SI_UNIT ( $, .STERADIAN. ) SOLID_ANGLE_UNIT ( ) );
#3088 = ADVANCED_FACE ( 'NONE', ( #3478 ), #3586, .T. ) ;
#3089 =( NAMED_UNIT ( * ) PLANE_ANGLE_UNIT ( ) SI_UNIT ( $, .RADIAN. ) );
#3090 = CARTESIAN_POINT ( 'NONE',  ( 1.454532566305128949, 0.9504528463267654104, 1.445120781198085735 ) ) ;
#3091 = MECHANICAL_DESIGN_GEOMETRIC_PRESENTATION_REPRESENTATION (  '', ( #4774 ), #2791 ) ;
#3092 = ORIENTED_EDGE ( 'NONE', *, *, #76, .T. ) ;
#3093 = CARTESIAN_POINT ( 'NONE',  ( 1.214999999999999192, 0.2800000000000000266, 0.000000000000000000 ) ) ;
#3094 = VERTEX_POINT ( 'NONE', #1643 ) ;
#3095 = FILL_AREA_STYLE ('',( #3604 ) ) ;
#3096 = FILL_AREA_STYLE ('',( #6016 ) ) ;
#3097 = FACE_OUTER_BOUND ( 'NONE', #1734, .T. ) ;
#3098 = VECTOR ( 'NONE', #4671, 1000.000000000000000 ) ;
#3099 = CIRCLE ( 'NONE', #1717, 0.1000000000000000472 ) ;
#3100 = DIRECTION ( 'NONE',  ( 2.026053059076482065E-16, -0.000000000000000000, 1.000000000000000000 ) ) ;
#3101 = VECTOR ( 'NONE', #4955, 1000.000000000000000 ) ;
#3102 = PRESENTATION_LAYER_ASSIGNMENT (  '', '', ( #5741 ) ) ;
#3103 = CARTESIAN_POINT ( 'NONE',  ( -1.525000000000000577, 0.2800000000000000266, -1.524999999999999911 ) ) ;
#3104 = ADVANCED_FACE ( 'NONE', ( #3770 ), #3245, .T. ) ;
#3105 = DIRECTION ( 'NONE',  ( -0.000000000000000000, -1.000000000000000000, -0.000000000000000000 ) ) ;
#3106 = STYLED_ITEM ( 'NONE', ( #3108 ), #559 ) ;
#3107 =( GEOMETRIC_REPRESENTATION_CONTEXT ( 3 ) GLOBAL_UNCERTAINTY_ASSIGNED_CONTEXT ( ( #2191 ) ) GLOBAL_UNIT_ASSIGNED_CONTEXT ( ( #1890, #2435, #5878 ) ) REPRESENTATION_CONTEXT ( 'NONE', 'WORKASPACE' ) );
#3108 = PRESENTATION_STYLE_ASSIGNMENT (( #5619 ) ) ;
#3109 = DIRECTION ( 'NONE',  ( 0.000000000000000000, -1.000000000000000000, 0.000000000000000000 ) ) ;
#3110 = CLOSED_SHELL ( 'NONE', ( #828, #4115, #2121, #182, #4777, #1103 ) ) ;
#3111 = LINE ( 'NONE', #2590, #2405 ) ;
#3112 = CARTESIAN_POINT ( 'NONE',  ( -1.425000000000000044, 0.2800000000000000266, 1.524999999999999911 ) ) ;
#3113 = PRODUCT_RELATED_PRODUCT_CATEGORY ( 'part', '', ( #5178 ) ) ;
#3115 = VERTEX_POINT ( 'NONE', #5179 ) ;
#3114 = SURFACE_SIDE_STYLE ('',( #191 ) ) ;
#3116 = CARTESIAN_POINT ( 'NONE',  ( -1.524998507671344372, 0.2800141985587165649, 1.425546318134516710 ) ) ;
#3117 = DIRECTION ( 'NONE',  ( -0.000000000000000000, 1.000000000000000000, -0.000000000000000000 ) ) ;
#3118 = ORIENTED_EDGE ( 'NONE', *, *, #3120, .F. ) ;
#3119 = AXIS2_PLACEMENT_3D ( 'NONE', #998, #5500, #524 ) ;
#3120 = EDGE_CURVE ( 'NONE', #2859, #3449, #997, .T. ) ;
#3121 = SURFACE_SIDE_STYLE ('',( #3665 ) ) ;
#3122 = ORIENTED_EDGE ( 'NONE', *, *, #2905, .F. ) ;
#3123 =( NAMED_UNIT ( * ) SI_UNIT ( $, .STERADIAN. ) SOLID_ANGLE_UNIT ( ) );
#3124 = AXIS2_PLACEMENT_3D ( 'NONE', #6343, #1907, #5378 ) ;
#3125 = CARTESIAN_POINT ( 'NONE',  ( 0.2927192558403129974, 0.2800000000000000266, -1.650000000000000133 ) ) ;
#3126 = DIRECTION ( 'NONE',  ( 1.000000000000000000, 0.000000000000000000, 0.000000000000000000 ) ) ;
#3127 = PRESENTATION_LAYER_ASSIGNMENT (  '', '', ( #6171 ) ) ;
#3128 = EDGE_CURVE ( 'NONE', #5532, #5510, #1149, .T. ) ;
#3129 = ORIENTED_EDGE ( 'NONE', *, *, #3157, .T. ) ;
#3130 = EDGE_CURVE ( 'NONE', #823, #3744, #6079, .T. ) ;
#3131 = SURFACE_SIDE_STYLE ('',( #699 ) ) ;
#3132 = ORIENTED_EDGE ( 'NONE', *, *, #3443, .T. ) ;
#3133 = MECHANICAL_DESIGN_GEOMETRIC_PRESENTATION_REPRESENTATION (  '', ( #2802 ), #1259 ) ;
#3134 = ADVANCED_FACE ( 'NONE', ( #4869 ), #5215, .T. ) ;
#3135 = CARTESIAN_POINT ( 'NONE',  ( -1.245000000000000773, -0.05000000000000000278, 0.8199999999999998401 ) ) ;
#3136 = VECTOR ( 'NONE', #1599, 1000.000000000000000 ) ;
#3137 = VERTEX_POINT ( 'NONE', #5196 ) ;
#3138 = ORIENTED_EDGE ( 'NONE', *, *, #2458, .F. ) ;
#3139 = DIRECTION ( 'NONE',  ( -0.000000000000000000, 1.000000000000000000, -0.000000000000000000 ) ) ;
#3140 = ORIENTED_EDGE ( 'NONE', *, *, #5821, .F. ) ;
#3141 = VECTOR ( 'NONE', #5356, 1000.000000000000000 ) ;
#3142 = EDGE_LOOP ( 'NONE', ( #4838, #5939, #1779, #4426, #868, #5748, #4807, #6377, #4434, #5296, #1327, #5677, #132, #2745, #2691, #5266, #340, #4389, #2345, #1875, #5892, #2422, #4992, #3525, #3553, #1661, #4172, #320, #1426, #4643, #1641, #1725 ) ) ;
#3143 = DIRECTION ( 'NONE',  ( 1.000000000000000000, 0.000000000000000000, -1.421904488505579654E-16 ) ) ;
#3144 = FACE_OUTER_BOUND ( 'NONE', #2911, .T. ) ;
#3145 = STYLED_ITEM ( 'NONE', ( #5714 ), #3104 ) ;
#3146 = ORIENTED_EDGE ( 'NONE', *, *, #2542, .T. ) ;
#3147 = DIRECTION ( 'NONE',  ( -5.042800802258159378E-16, 0.000000000000000000, -1.000000000000000000 ) ) ;
#3148 =( LENGTH_UNIT ( ) NAMED_UNIT ( * ) SI_UNIT ( .MILLI., .METRE. ) );
#3149 = PRESENTATION_STYLE_ASSIGNMENT (( #3947 ) ) ;
#3150 = SURFACE_STYLE_FILL_AREA ( #1324 ) ;
#3151 = AXIS2_PLACEMENT_3D ( 'NONE', #5061, #6003, #5120 ) ;
#3152 = SURFACE_SIDE_STYLE ('',( #914 ) ) ;
#3153 =( LENGTH_UNIT ( ) NAMED_UNIT ( * ) SI_UNIT ( .MILLI., .METRE. ) );
#3154 =( GEOMETRIC_REPRESENTATION_CONTEXT ( 3 ) GLOBAL_UNCERTAINTY_ASSIGNED_CONTEXT ( ( #6286 ) ) GLOBAL_UNIT_ASSIGNED_CONTEXT ( ( #3603, #2600, #5572 ) ) REPRESENTATION_CONTEXT ( 'NONE', 'WORKASPACE' ) );
#3155 = FACE_OUTER_BOUND ( 'NONE', #3590, .T. ) ;
#3156 = UNCERTAINTY_MEASURE_WITH_UNIT (LENGTH_MEASURE( 1.000000000000000082E-05 ), #920, 'distance_accuracy_value', 'NONE');
#3157 = EDGE_CURVE ( 'NONE', #823, #1278, #2608, .T. ) ;
#3158 = CARTESIAN_POINT ( 'NONE',  ( -1.655000000000000693, 0.2800000000000000266, -0.1700000000000001232 ) ) ;
#3159 = VECTOR ( 'NONE', #2818, 1000.000000000000000 ) ;
#3160 = DIRECTION ( 'NONE',  ( 1.000000000000000000, 0.000000000000000000, 0.000000000000000000 ) ) ;
#3161 =( GEOMETRIC_REPRESENTATION_CONTEXT ( 3 ) GLOBAL_UNCERTAINTY_ASSIGNED_CONTEXT ( ( #5971 ) ) GLOBAL_UNIT_ASSIGNED_CONTEXT ( ( #1740, #751, #4193 ) ) REPRESENTATION_CONTEXT ( 'NONE', 'WORKASPACE' ) );
#3162 = ORIENTED_EDGE ( 'NONE', *, *, #6259, .T. ) ;
#3163 = CARTESIAN_POINT ( 'NONE',  ( 1.214999999999999192, 0.2800000000000000266, -0.1699999999999995681 ) ) ;
#3164 = ORIENTED_EDGE ( 'NONE', *, *, #3712, .F. ) ;
#3165 = EDGE_CURVE ( 'NONE', #5485, #476, #1298, .T. ) ;
#3166 = ORIENTED_EDGE ( 'NONE', *, *, #1501, .T. ) ;
#3167 = ADVANCED_FACE ( 'NONE', ( #1388 ), #231, .F. ) ;
#3168 = EDGE_CURVE ( 'NONE', #3824, #878, #5493, .T. ) ;
#3169 = DIRECTION ( 'NONE',  ( 0.000000000000000000, -0.000000000000000000, -1.000000000000000000 ) ) ;
#3170 = FILL_AREA_STYLE ('',( #3669 ) ) ;
#3171 = COLOUR_RGB ( '',1.000000000000000000, 1.000000000000000000, 1.000000000000000000 ) ;
#3172 = PLANE ( 'NONE',  #4238 ) ;
#3173 = FACE_OUTER_BOUND ( 'NONE', #4122, .T. ) ;
#3174 = EDGE_LOOP ( 'NONE', ( #1972, #3624, #2037, #4488 ) ) ;
#3175 = FILL_AREA_STYLE ('',( #3228 ) ) ;
#3176 = FACE_OUTER_BOUND ( 'NONE', #2268, .T. ) ;
#3177 = LINE ( 'NONE', #4836, #1846 ) ;
#3178 = CARTESIAN_POINT ( 'NONE',  ( -1.355080376768302397, 0.9400000000000000577, -1.355080376768301731 ) ) ;
#3179 = CARTESIAN_POINT ( 'NONE',  ( 1.214999999999999192, 0.000000000000000000, -0.1699999999999995681 ) ) ;
#3180 = DIRECTION ( 'NONE',  ( 1.000000000000000000, 0.000000000000000000, 0.000000000000000000 ) ) ;
#3181 = MECHANICAL_DESIGN_GEOMETRIC_PRESENTATION_REPRESENTATION (  '', ( #5910 ), #6233 ) ;
#3182 = PRESENTATION_STYLE_ASSIGNMENT (( #79 ) ) ;
#3183 = ORIENTED_EDGE ( 'NONE', *, *, #2167, .F. ) ;
#3184 = VECTOR ( 'NONE', #2165, 1000.000000000000000 ) ;
#3185 = CARTESIAN_POINT ( 'NONE',  ( 1.644999999999999574, -0.05000000000000000278, -0.4699999999999996403 ) ) ;
#3186 = MECHANICAL_DESIGN_GEOMETRIC_PRESENTATION_REPRESENTATION (  '', ( #6278 ), #4493 ) ;
#3187 = EDGE_LOOP ( 'NONE', ( #6384, #3766, #4907 ) ) ;
#3188 = SURFACE_STYLE_USAGE ( .BOTH. , #782 ) ;
#3189 =( LENGTH_UNIT ( ) NAMED_UNIT ( * ) SI_UNIT ( .MILLI., .METRE. ) );
#3190 = ORIENTED_EDGE ( 'NONE', *, *, #2576, .F. ) ;
#3191 = AXIS2_PLACEMENT_3D ( 'NONE', #1342, #1320, #2819 ) ;
#3192 = EDGE_CURVE ( 'NONE', #957, #5197, #4542, .T. ) ;
#3193 =( NAMED_UNIT ( * ) SI_UNIT ( $, .STERADIAN. ) SOLID_ANGLE_UNIT ( ) );
#3194 = ORIENTED_EDGE ( 'NONE', *, *, #3600, .F. ) ;
#3195 = ADVANCED_FACE ( 'NONE', ( #617 ), #3379, .F. ) ;
#3196 =( LENGTH_UNIT ( ) NAMED_UNIT ( * ) SI_UNIT ( .MILLI., .METRE. ) );
#3197 = FACE_OUTER_BOUND ( 'NONE', #4916, .T. ) ;
#3198 = EDGE_LOOP ( 'NONE', ( #4897, #45, #1582, #5358 ) ) ;
#3199 = PLANE ( 'NONE',  #3402 ) ;
#3200 = EDGE_LOOP ( 'NONE', ( #4147, #867, #893, #2832 ) ) ;
#3201 = PRESENTATION_LAYER_ASSIGNMENT (  '', '', ( #1211 ) ) ;
#3202 = SURFACE_SIDE_STYLE ('',( #4407 ) ) ;
#3203 = FACE_OUTER_BOUND ( 'NONE', #5062, .T. ) ;
#3204 = ORIENTED_EDGE ( 'NONE', *, *, #5648, .F. ) ;
#3205 = CARTESIAN_POINT ( 'NONE',  ( 1.524999999999999911, 0.2800000000000000266, 1.424999999999999600 ) ) ;
#3206 =( GEOMETRIC_REPRESENTATION_CONTEXT ( 3 ) GLOBAL_UNCERTAINTY_ASSIGNED_CONTEXT ( ( #4681 ) ) GLOBAL_UNIT_ASSIGNED_CONTEXT ( ( #1530, #3998, #3087 ) ) REPRESENTATION_CONTEXT ( 'NONE', 'WORKASPACE' ) );
#3207 = EDGE_CURVE ( 'NONE', #5386, #651, #2541, .T. ) ;
#3208 = CARTESIAN_POINT ( 'NONE',  ( -1.655000000000000693, -0.05000000000000000278, 0.8199999999999998401 ) ) ;
#3209 = EDGE_CURVE ( 'NONE', #4592, #2828, #3695, .T. ) ;
#3210 = DIRECTION ( 'NONE',  ( -2.891205793294679805E-15, 0.000000000000000000, 1.000000000000000000 ) ) ;
#3211 = DIRECTION ( 'NONE',  ( 0.000000000000000000, -1.000000000000000000, 0.000000000000000000 ) ) ;
#3212 = ORIENTED_EDGE ( 'NONE', *, *, #2483, .T. ) ;
#3213 = PRESENTATION_LAYER_ASSIGNMENT (  '', '', ( #5614 ) ) ;
#3214 = FILL_AREA_STYLE_COLOUR ( '', #6252 ) ;
#3215 =( NAMED_UNIT ( * ) SI_UNIT ( $, .STERADIAN. ) SOLID_ANGLE_UNIT ( ) );
#3216 = UNCERTAINTY_MEASURE_WITH_UNIT (LENGTH_MEASURE( 1.000000000000000082E-05 ), #5403, 'distance_accuracy_value', 'NONE');
#3217 = ORIENTED_EDGE ( 'NONE', *, *, #561, .T. ) ;
#3218 = DIRECTION ( 'NONE',  ( 0.000000000000000000, 0.000000000000000000, -1.000000000000000000 ) ) ;
#3219 = PRESENTATION_STYLE_ASSIGNMENT (( #2781 ) ) ;
#3220 = LINE ( 'NONE', #4315, #4366 ) ;
#3221 = MECHANICAL_DESIGN_GEOMETRIC_PRESENTATION_REPRESENTATION (  '', ( #4330 ), #3557 ) ;
#3222 = CARTESIAN_POINT ( 'NONE',  ( 0.01499999999999986067, -0.05000000000000000278, 1.156304952865600644 ) ) ;
#3223 = DIRECTION ( 'NONE',  ( 0.000000000000000000, 0.000000000000000000, -1.000000000000000000 ) ) ;
#3224 = CARTESIAN_POINT ( 'NONE',  ( -1.245000000000000773, -0.05000000000000000278, -1.054999999999999938 ) ) ;
#3225 = STYLED_ITEM ( 'NONE', ( #3734 ), #6299 ) ;
#3226 = SURFACE_SIDE_STYLE ('',( #5577 ) ) ;
#3227 = CARTESIAN_POINT ( 'NONE',  ( 0.09728074415968514244, 0.000000000000000000, 1.382434901537152427 ) ) ;
#3228 = FILL_AREA_STYLE_COLOUR ( '', #1117 ) ;
#3229 = COLOUR_RGB ( '',1.000000000000000000, 1.000000000000000000, 1.000000000000000000 ) ;
#3230 = ORIENTED_EDGE ( 'NONE', *, *, #5598, .T. ) ;
#3231 = DIRECTION ( 'NONE',  ( -1.000000000000000000, 0.000000000000000000, 0.000000000000000000 ) ) ;
#3232 = EDGE_CURVE ( 'NONE', #3821, #3351, #1453, .T. ) ;
#3233 = PLANE ( 'NONE',  #2654 ) ;
#3234 = COLOUR_RGB ( '',1.000000000000000000, 1.000000000000000000, 1.000000000000000000 ) ;
#3235 = FILL_AREA_STYLE_COLOUR ( '', #3011 ) ;
#3236 = DIRECTION ( 'NONE',  ( 1.445602896647339706E-15, -0.000000000000000000, 1.000000000000000000 ) ) ;
#3237 = SURFACE_STYLE_FILL_AREA ( #338 ) ;
#3238 = FILL_AREA_STYLE_COLOUR ( '', #6251 ) ;
#3239 = LINE ( 'NONE', #1775, #3919 ) ;
#3240 = ORIENTED_EDGE ( 'NONE', *, *, #5355, .F. ) ;
#3241 = ORIENTED_EDGE ( 'NONE', *, *, #6152, .T. ) ;
#3242 = PRESENTATION_STYLE_ASSIGNMENT (( #272 ) ) ;
#3243 = SURFACE_SIDE_STYLE ('',( #4553 ) ) ;
#3244 = DIRECTION ( 'NONE',  ( 0.000000000000000000, 0.000000000000000000, -1.000000000000000000 ) ) ;
#3245 = CYLINDRICAL_SURFACE ( 'NONE', #3995, 0.1000000000000000472 ) ;
#3246 = LINE ( 'NONE', #3469, #770 ) ;
#3247 = EDGE_CURVE ( 'NONE', #1663, #4592, #4384, .T. ) ;
#3248 = CARTESIAN_POINT ( 'NONE',  ( 1.526074890013951801, 0.2697731046590569060, 1.426622700477124361 ) ) ;
#3249 = EDGE_CURVE ( 'NONE', #1735, #5960, #5024, .T. ) ;
#3250 = FILL_AREA_STYLE_COLOUR ( '', #3369 ) ;
#3251 = CARTESIAN_POINT ( 'NONE',  ( 1.644999999999999574, 0.2800000000000000266, -1.120000000000000107 ) ) ;
#3252 = LINE ( 'NONE', #5726, #632 ) ;
#3253 = FILL_AREA_STYLE_COLOUR ( '', #5082 ) ;
#3254 = SURFACE_SIDE_STYLE ('',( #587 ) ) ;
#3255 = FACE_OUTER_BOUND ( 'NONE', #3354, .T. ) ;
#3256 = DIRECTION ( 'NONE',  ( 1.000000000000000000, 0.000000000000000000, 0.000000000000000000 ) ) ;
#3257 = FILL_AREA_STYLE ('',( #3618 ) ) ;
#3258 = DIRECTION ( 'NONE',  ( 0.000000000000000000, 0.000000000000000000, 1.000000000000000000 ) ) ;
#3259 = ADVANCED_FACE ( 'NONE', ( #6162 ), #5287, .F. ) ;
#3260 = UNCERTAINTY_MEASURE_WITH_UNIT (LENGTH_MEASURE( 1.000000000000000082E-05 ), #3551, 'distance_accuracy_value', 'NONE');
#3261 = ORIENTED_EDGE ( 'NONE', *, *, #5018, .T. ) ;
#3262 = CARTESIAN_POINT ( 'NONE',  ( 1.214999999999999192, -0.05000000000000000278, 0.4800000000000001488 ) ) ;
#3263 = PRESENTATION_LAYER_ASSIGNMENT (  '', '', ( #4364 ) ) ;
#3264 = ORIENTED_EDGE ( 'NONE', *, *, #1773, .T. ) ;
#3265 = ORIENTED_EDGE ( 'NONE', *, *, #5686, .F. ) ;
#3266 = VERTEX_POINT ( 'NONE', #6275 ) ;
#3267 = DIRECTION ( 'NONE',  ( 0.000000000000000000, -1.000000000000000000, 0.000000000000000000 ) ) ;
#3268 = DIRECTION ( 'NONE',  ( -1.000000000000000000, 0.000000000000000000, -1.322197771323785883E-16 ) ) ;
#3269 = MECHANICAL_DESIGN_GEOMETRIC_PRESENTATION_REPRESENTATION (  '', ( #2856 ), #3596 ) ;
#3270 = UNCERTAINTY_MEASURE_WITH_UNIT (LENGTH_MEASURE( 1.000000000000000082E-05 ), #2579, 'distance_accuracy_value', 'NONE');
#3271 = CARTESIAN_POINT ( 'NONE',  ( 0.2927192558403129974, 0.2800000000000000266, -1.382434901537152649 ) ) ;
#3272 = DIRECTION ( 'NONE',  ( 1.000000000000000000, 0.000000000000000000, 1.260700200564539352E-16 ) ) ;
#3273 = DIRECTION ( 'NONE',  ( -1.000000000000000000, 0.000000000000000000, -0.000000000000000000 ) ) ;
#3274 = EDGE_LOOP ( 'NONE', ( #5942, #1712, #429, #968 ) ) ;
#3275 =( GEOMETRIC_REPRESENTATION_CONTEXT ( 3 ) GLOBAL_UNCERTAINTY_ASSIGNED_CONTEXT ( ( #4400 ) ) GLOBAL_UNIT_ASSIGNED_CONTEXT ( ( #1105, #5067, #2102 ) ) REPRESENTATION_CONTEXT ( 'NONE', 'WORKASPACE' ) );
#3276 = CARTESIAN_POINT ( 'NONE',  ( -1.525000000000000577, 0.2800000000000000266, -1.524999999999999911 ) ) ;
#3277 = EDGE_CURVE ( 'NONE', #4696, #5028, #4855, .T. ) ;
#3278 = FILL_AREA_STYLE ('',( #3253 ) ) ;
#3279 = CARTESIAN_POINT ( 'NONE',  ( -1.483617856335788243, 0.2830327265747145105, -1.524681247592594602 ) ) ;
#3280 = SURFACE_STYLE_USAGE ( .BOTH. , #328 ) ;
#3281 = CARTESIAN_POINT ( 'NONE',  ( 5.925290942653333227E-17, 0.2800000000000000266, -0.4699999999999998623 ) ) ;
#3282 = CARTESIAN_POINT ( 'NONE',  ( -1.655000000000000693, -0.05000000000000000278, -0.8200000000000000622 ) ) ;
#3283 = ORIENTED_EDGE ( 'NONE', *, *, #3408, .T. ) ;
#3284 =( NAMED_UNIT ( * ) PLANE_ANGLE_UNIT ( ) SI_UNIT ( $, .RADIAN. ) );
#3285 =( NAMED_UNIT ( * ) SI_UNIT ( $, .STERADIAN. ) SOLID_ANGLE_UNIT ( ) );
#3286 = VECTOR ( 'NONE', #85, 1000.000000000000000 ) ;
#3287 = STYLED_ITEM ( 'NONE', ( #1933 ), #4243 ) ;
#3288 = ORIENTED_EDGE ( 'NONE', *, *, #5842, .F. ) ;
#3289 = EDGE_CURVE ( 'NONE', #378, #4338, #612, .T. ) ;
#3290 = EDGE_CURVE ( 'NONE', #4782, #5766, #2686, .T. ) ;
#3291 =( LENGTH_UNIT ( ) NAMED_UNIT ( * ) SI_UNIT ( .MILLI., .METRE. ) );
#3292 = COLOUR_RGB ( '',0.000000000000000000, 0.000000000000000000, 0.000000000000000000 ) ;
#3293 = FILL_AREA_STYLE ('',( #5249 ) ) ;
#3294 = ORIENTED_EDGE ( 'NONE', *, *, #2494, .F. ) ;
#3295 = ORIENTED_EDGE ( 'NONE', *, *, #6113, .T. ) ;
#3296 =( NAMED_UNIT ( * ) PLANE_ANGLE_UNIT ( ) SI_UNIT ( $, .RADIAN. ) );
#3297 = ADVANCED_FACE ( 'NONE', ( #5866 ), #3309, .F. ) ;
#3298 = SURFACE_SIDE_STYLE ('',( #4402 ) ) ;
#3299 = FILL_AREA_STYLE ('',( #2822 ) ) ;
#3300 = EDGE_LOOP ( 'NONE', ( #5076, #5161, #3118, #2275 ) ) ;
#3301 = AXIS2_PLACEMENT_3D ( 'NONE', #2532, #28, #3928 ) ;
#3302 = ORIENTED_EDGE ( 'NONE', *, *, #1407, .T. ) ;
#3303 = CARTESIAN_POINT ( 'NONE',  ( 0.09728074415968522570, 0.2800000000000000266, 1.524999999999999911 ) ) ;
#3304 = CARTESIAN_POINT ( 'NONE',  ( -1.425546318134517376, 0.2800141985587164539, -1.524998507671344372 ) ) ;
#3305 = VECTOR ( 'NONE', #548, 1000.000000000000000 ) ;
#3306 = VECTOR ( 'NONE', #1791, 1000.000000000000000 ) ;
#3307 =( NAMED_UNIT ( * ) PLANE_ANGLE_UNIT ( ) SI_UNIT ( $, .RADIAN. ) );
#3308 = CARTESIAN_POINT ( 'NONE',  ( -1.655000000000000693, -0.05000000000000000278, -0.1700000000000001232 ) ) ;
#3309 = PLANE ( 'NONE',  #2347 ) ;
#3310 = DIRECTION ( 'NONE',  ( 5.065132647691205162E-17, 0.000000000000000000, -1.000000000000000000 ) ) ;
#3311 = PRESENTATION_STYLE_ASSIGNMENT (( #4124 ) ) ;
#3312 =( GEOMETRIC_REPRESENTATION_CONTEXT ( 3 ) GLOBAL_UNCERTAINTY_ASSIGNED_CONTEXT ( ( #2300 ) ) GLOBAL_UNIT_ASSIGNED_CONTEXT ( ( #1251, #802, #2223 ) ) REPRESENTATION_CONTEXT ( 'NONE', 'WORKASPACE' ) );
#3313 =( LENGTH_UNIT ( ) NAMED_UNIT ( * ) SI_UNIT ( .MILLI., .METRE. ) );
#3314 = AXIS2_PLACEMENT_3D ( 'NONE', #3816, #2285, #5317 ) ;
#3315 = SURFACE_STYLE_USAGE ( .BOTH. , #2398 ) ;
#3316 = DIRECTION ( 'NONE',  ( 0.2588190451025173533, 0.000000000000000000, 0.9659258262890692004 ) ) ;
#3317 = SURFACE_STYLE_USAGE ( .BOTH. , #2137 ) ;
#3318 = LINE ( 'NONE', #4156, #4539 ) ;
#3319 = SURFACE_STYLE_FILL_AREA ( #4405 ) ;
#3320 = FILL_AREA_STYLE ('',( #657 ) ) ;
#3321 = EDGE_LOOP ( 'NONE', ( #701, #1649, #6010, #3129 ) ) ;
#3322 = SURFACE_STYLE_FILL_AREA ( #1718 ) ;
#3323 = EDGE_LOOP ( 'NONE', ( #2248, #5297, #5595, #3993 ) ) ;
#3324 = SURFACE_STYLE_USAGE ( .BOTH. , #4736 ) ;
#3325 =( NAMED_UNIT ( * ) PLANE_ANGLE_UNIT ( ) SI_UNIT ( $, .RADIAN. ) );
#3326 = ORIENTED_EDGE ( 'NONE', *, *, #4472, .T. ) ;
#3327 = LINE ( 'NONE', #5633, #3855 ) ;
#3328 = MECHANICAL_DESIGN_GEOMETRIC_PRESENTATION_REPRESENTATION (  '', ( #2986 ), #1541 ) ;
#3329 = PRESENTATION_STYLE_ASSIGNMENT (( #6157 ) ) ;
#3330 = FILL_AREA_STYLE ('',( #1813 ) ) ;
#3331 = VECTOR ( 'NONE', #3594, 1000.000000000000000 ) ;
#3332 =( LENGTH_UNIT ( ) NAMED_UNIT ( * ) SI_UNIT ( .MILLI., .METRE. ) );
#3333 = ADVANCED_FACE ( 'NONE', ( #1141 ), #3003, .T. ) ;
#3334 = LINE ( 'NONE', #5564, #2008 ) ;
#3335 = UNCERTAINTY_MEASURE_WITH_UNIT (LENGTH_MEASURE( 1.000000000000000082E-05 ), #3541, 'distance_accuracy_value', 'NONE');
#3336 = DIRECTION ( 'NONE',  ( 1.000000000000000000, 0.000000000000000000, 5.065132647691205162E-17 ) ) ;
#3337 = FACE_OUTER_BOUND ( 'NONE', #3425, .T. ) ;
#3338 = LINE ( 'NONE', #985, #3632 ) ;
#3339 =( GEOMETRIC_REPRESENTATION_CONTEXT ( 3 ) GLOBAL_UNCERTAINTY_ASSIGNED_CONTEXT ( ( #1636 ) ) GLOBAL_UNIT_ASSIGNED_CONTEXT ( ( #5672, #2713, #4184 ) ) REPRESENTATION_CONTEXT ( 'NONE', 'WORKASPACE' ) );
#3340 = SURFACE_SIDE_STYLE ('',( #2087 ) ) ;
#3341 = PRESENTATION_LAYER_ASSIGNMENT (  '', '', ( #4986 ) ) ;
#3342 = EDGE_CURVE ( 'NONE', #2231, #5539, #2852, .T. ) ;
#3343 = DIRECTION ( 'NONE',  ( -7.228014483236712333E-16, -0.000000000000000000, 1.000000000000000000 ) ) ;
#3344 = EDGE_CURVE ( 'NONE', #2882, #2154, #4695, .T. ) ;
#3345 =( NAMED_UNIT ( * ) SI_UNIT ( $, .STERADIAN. ) SOLID_ANGLE_UNIT ( ) );
#3346 = SURFACE_STYLE_FILL_AREA ( #4737 ) ;
#3347 = VERTEX_POINT ( 'NONE', #1480 ) ;
#3348 = SURFACE_SIDE_STYLE ('',( #6094 ) ) ;
#3349 = CARTESIAN_POINT ( 'NONE',  ( -1.245000000000000773, 0.2800000000000000266, 1.129999999999999893 ) ) ;
#3350 = SURFACE_STYLE_USAGE ( .BOTH. , #5779 ) ;
#3351 = VERTEX_POINT ( 'NONE', #3432 ) ;
#3352 = PRESENTATION_LAYER_ASSIGNMENT (  '', '', ( #2463 ) ) ;
#3353 = COLOUR_RGB ( '',1.000000000000000000, 1.000000000000000000, 1.000000000000000000 ) ;
#3354 = EDGE_LOOP ( 'NONE', ( #3943, #5731, #4998, #56 ) ) ;
#3355 =( NAMED_UNIT ( * ) PLANE_ANGLE_UNIT ( ) SI_UNIT ( $, .RADIAN. ) );
#3356 = CARTESIAN_POINT ( 'NONE',  ( 1.524999999999999467, 0.000000000000000000, -0.4699999999999996958 ) ) ;
#3357 =( NAMED_UNIT ( * ) SI_UNIT ( $, .STERADIAN. ) SOLID_ANGLE_UNIT ( ) );
#3358 = CARTESIAN_POINT ( 'NONE',  ( 0.01499999999999937668, -0.05000000000000000278, -1.156304952865601310 ) ) ;
#3359 = ORIENTED_EDGE ( 'NONE', *, *, #1054, .T. ) ;
#3360 = UNCERTAINTY_MEASURE_WITH_UNIT (LENGTH_MEASURE( 1.000000000000000082E-05 ), #445, 'distance_accuracy_value', 'NONE');
#3361 =( NAMED_UNIT ( * ) SI_UNIT ( $, .STERADIAN. ) SOLID_ANGLE_UNIT ( ) );
#3362 = STYLED_ITEM ( 'NONE', ( #3329 ), #3134 ) ;
#3363 = UNCERTAINTY_MEASURE_WITH_UNIT (LENGTH_MEASURE( 1.000000000000000082E-05 ), #4097, 'distance_accuracy_value', 'NONE');
#3364 = SURFACE_STYLE_USAGE ( .BOTH. , #4772 ) ;
#3365 =( GEOMETRIC_REPRESENTATION_CONTEXT ( 3 ) GLOBAL_UNCERTAINTY_ASSIGNED_CONTEXT ( ( #2184 ) ) GLOBAL_UNIT_ASSIGNED_CONTEXT ( ( #3196, #728, #4171 ) ) REPRESENTATION_CONTEXT ( 'NONE', 'WORKASPACE' ) );
#3366 = DIRECTION ( 'NONE',  ( -1.000000000000000000, 0.000000000000000000, -0.000000000000000000 ) ) ;
#3367 = ADVANCED_FACE ( 'NONE', ( #910 ), #962, .T. ) ;
#3368 =( GEOMETRIC_REPRESENTATION_CONTEXT ( 3 ) GLOBAL_UNCERTAINTY_ASSIGNED_CONTEXT ( ( #575 ) ) GLOBAL_UNIT_ASSIGNED_CONTEXT ( ( #3693, #1186, #6191 ) ) REPRESENTATION_CONTEXT ( 'NONE', 'WORKASPACE' ) );
#3369 = COLOUR_RGB ( '',0.7921568627450980005, 0.8196078431372548767, 0.9333333333333333481 ) ;
#3370 = ORIENTED_EDGE ( 'NONE', *, *, #4717, .T. ) ;
#3371 = DIRECTION ( 'NONE',  ( 0.000000000000000000, -1.000000000000000000, 0.000000000000000000 ) ) ;
#3372 = PRESENTATION_LAYER_ASSIGNMENT (  '', '', ( #453 ) ) ;
#3373 = EDGE_CURVE ( 'NONE', #1432, #2666, #6242, .T. ) ;
#3374 = CARTESIAN_POINT ( 'NONE',  ( -1.524681247592595490, 0.2830327265747145105, -1.483617856335787577 ) ) ;
#3375 = DIRECTION ( 'NONE',  ( 1.000000000000000000, 0.000000000000000000, 1.260700200564539352E-16 ) ) ;
#3376 = EDGE_LOOP ( 'NONE', ( #318, #4333, #1123, #1841 ) ) ;
#3377 = SURFACE_STYLE_USAGE ( .BOTH. , #4788 ) ;
#3378 = SURFACE_STYLE_USAGE ( .BOTH. , #4831 ) ;
#3379 = PLANE ( 'NONE',  #4445 ) ;
#3380 =( GEOMETRIC_REPRESENTATION_CONTEXT ( 3 ) GLOBAL_UNCERTAINTY_ASSIGNED_CONTEXT ( ( #509 ) ) GLOBAL_UNIT_ASSIGNED_CONTEXT ( ( #385, #1778, #865 ) ) REPRESENTATION_CONTEXT ( 'NONE', 'WORKASPACE' ) );
#3381 = COLOUR_RGB ( '',0.7921568627450980005, 0.8196078431372548767, 0.9333333333333333481 ) ;
#3382 =( NAMED_UNIT ( * ) PLANE_ANGLE_UNIT ( ) SI_UNIT ( $, .RADIAN. ) );
#3383 =( LENGTH_UNIT ( ) NAMED_UNIT ( * ) SI_UNIT ( .MILLI., .METRE. ) );
#3384 = VECTOR ( 'NONE', #2213, 1000.000000000000000 ) ;
#3385 = ORIENTED_EDGE ( 'NONE', *, *, #2269, .F. ) ;
#3386 = EDGE_CURVE ( 'NONE', #2737, #3424, #362, .T. ) ;
#3387 = EDGE_CURVE ( 'NONE', #1777, #5966, #5783, .T. ) ;
#3388 =( LENGTH_UNIT ( ) NAMED_UNIT ( * ) SI_UNIT ( .MILLI., .METRE. ) );
#3389 = EDGE_LOOP ( 'NONE', ( #2646, #1511, #2073, #2155 ) ) ;
#3390 = FILL_AREA_STYLE ('',( #5844 ) ) ;
#3391 = LINE ( 'NONE', #1945, #5151 ) ;
#3392 =( GEOMETRIC_REPRESENTATION_CONTEXT ( 3 ) GLOBAL_UNCERTAINTY_ASSIGNED_CONTEXT ( ( #6312 ) ) GLOBAL_UNIT_ASSIGNED_CONTEXT ( ( #3992, #2447, #3042 ) ) REPRESENTATION_CONTEXT ( 'NONE', 'WORKASPACE' ) );
#3393 = CARTESIAN_POINT ( 'NONE',  ( 0.09728074415968514244, -0.05000000000000000278, 1.382434901537152427 ) ) ;
#3394 = VECTOR ( 'NONE', #2030, 1000.000000000000000 ) ;
#3395 = FILL_AREA_STYLE_COLOUR ( '', #4239 ) ;
#3396 = PLANE ( 'NONE',  #3124 ) ;
#3397 = LINE ( 'NONE', #129, #1446 ) ;
#3398 = FILL_AREA_STYLE ('',( #6310 ) ) ;
#3399 = ADVANCED_FACE ( 'NONE', ( #3083 ), #2450, .F. ) ;
#3400 = VERTEX_POINT ( 'NONE', #5465 ) ;
#3401 = DIRECTION ( 'NONE',  ( 2.132856732758369851E-16, 0.000000000000000000, 1.000000000000000000 ) ) ;
#3402 = AXIS2_PLACEMENT_3D ( 'NONE', #3749, #778, #6187 ) ;
#3403 = LINE ( 'NONE', #1827, #4529 ) ;
#3404 = CARTESIAN_POINT ( 'NONE',  ( -1.245000000000000773, 0.000000000000000000, 0.1699999999999999012 ) ) ;
#3405 =( GEOMETRIC_REPRESENTATION_CONTEXT ( 3 ) GLOBAL_UNCERTAINTY_ASSIGNED_CONTEXT ( ( #3270 ) ) GLOBAL_UNIT_ASSIGNED_CONTEXT ( ( #2579, #513, #5999 ) ) REPRESENTATION_CONTEXT ( 'NONE', 'WORKASPACE' ) );
#3406 = DIRECTION ( 'NONE',  ( -0.000000000000000000, 1.000000000000000000, -0.000000000000000000 ) ) ;
#3407 = VECTOR ( 'NONE', #5361, 1000.000000000000000 ) ;
#3408 = EDGE_CURVE ( 'NONE', #5873, #4003, #1678, .T. ) ;
#3409 = ORIENTED_EDGE ( 'NONE', *, *, #3000, .T. ) ;
#3410 = FACE_OUTER_BOUND ( 'NONE', #3321, .T. ) ;
#3411 = LINE ( 'NONE', #4587, #2394 ) ;
#3412 = LINE ( 'NONE', #3702, #1233 ) ;
#3413 = CARTESIAN_POINT ( 'NONE',  ( -1.524998507671344372, 0.2800141985587165649, 1.425546318134516710 ) ) ;
#3414 = PRESENTATION_LAYER_ASSIGNMENT (  '', '', ( #1328 ) ) ;
#3415 = SURFACE_STYLE_USAGE ( .BOTH. , #4721 ) ;
#3416 = CARTESIAN_POINT ( 'NONE',  ( 0.2927192558403119427, -0.05000000000000000278, 1.649999999999999911 ) ) ;
#3417 = DIRECTION ( 'NONE',  ( -1.000000000000000000, 0.000000000000000000, -0.000000000000000000 ) ) ;
#3418 = SURFACE_STYLE_USAGE ( .BOTH. , #1885 ) ;
#3419 = FILL_AREA_STYLE_COLOUR ( '', #2759 ) ;
#3420 = LINE ( 'NONE', #3889, #4560 ) ;
#3421 = ORIENTED_EDGE ( 'NONE', *, *, #562, .T. ) ;
#3422 = MECHANICAL_DESIGN_GEOMETRIC_PRESENTATION_REPRESENTATION (  '', ( #6134 ), #5077 ) ;
#3423 = EDGE_LOOP ( 'NONE', ( #975, #301, #1837, #4654 ) ) ;
#3424 = VERTEX_POINT ( 'NONE', #5952 ) ;
#3425 = EDGE_LOOP ( 'NONE', ( #3041, #2982, #4856 ) ) ;
#3426 = PLANE ( 'NONE',  #6336 ) ;
#3427 = MECHANICAL_DESIGN_GEOMETRIC_PRESENTATION_REPRESENTATION (  '', ( #5741 ), #4063 ) ;
#3428 = VERTEX_POINT ( 'NONE', #2039 ) ;
#3429 = CARTESIAN_POINT ( 'NONE',  ( 0.2927192558403119427, -0.05000000000000000278, 1.649999999999999911 ) ) ;
#3430 =( LENGTH_UNIT ( ) NAMED_UNIT ( * ) SI_UNIT ( .MILLI., .METRE. ) );
#3431 = FILL_AREA_STYLE_COLOUR ( '', #3561 ) ;
#3432 = CARTESIAN_POINT ( 'NONE',  ( -1.425000000000000488, 0.2800000000000000266, -1.524999999999999911 ) ) ;
#3433 = DIRECTION ( 'NONE',  ( 0.000000000000000000, 0.000000000000000000, -1.000000000000000000 ) ) ;
#3434 = DIRECTION ( 'NONE',  ( 0.1039620511844979028, -0.9891328443778537594, -0.1039620511844979167 ) ) ;
#3435 =( NAMED_UNIT ( * ) SI_UNIT ( $, .STERADIAN. ) SOLID_ANGLE_UNIT ( ) );
#3436 = FILL_AREA_STYLE ('',( #6390 ) ) ;
#3437 =( GEOMETRIC_REPRESENTATION_CONTEXT ( 3 ) GLOBAL_UNCERTAINTY_ASSIGNED_CONTEXT ( ( #2665 ) ) GLOBAL_UNIT_ASSIGNED_CONTEXT ( ( #3716, #3284, #315 ) ) REPRESENTATION_CONTEXT ( 'NONE', 'WORKASPACE' ) );
#3438 = ORIENTED_EDGE ( 'NONE', *, *, #3460, .F. ) ;
#3439 = CARTESIAN_POINT ( 'NONE',  ( -2.067548328925833887E-15, 0.000000000000000000, -0.8199999999999962874 ) ) ;
#3440 = ORIENTED_EDGE ( 'NONE', *, *, #4101, .T. ) ;
#3441 = CARTESIAN_POINT ( 'NONE',  ( 0.09728074415968637756, 0.2800000000000000266, -1.382434901537152649 ) ) ;
#3442 = COLOUR_RGB ( '',0.000000000000000000, 0.000000000000000000, 0.000000000000000000 ) ;
#3443 = EDGE_CURVE ( 'NONE', #3997, #1968, #4141, .T. ) ;
#3444 = COLOUR_RGB ( '',0.7921568627450980005, 0.8196078431372548767, 0.9333333333333333481 ) ;
#3445 = ORIENTED_EDGE ( 'NONE', *, *, #4818, .F. ) ;
#3446 = VERTEX_POINT ( 'NONE', #5486 ) ;
#3447 = CARTESIAN_POINT ( 'NONE',  ( -1.525000000000000577, 0.2800000000000000266, -1.524999999999999911 ) ) ;
#3448 = SURFACE_SIDE_STYLE ('',( #159 ) ) ;
#3449 = VERTEX_POINT ( 'NONE', #5995 ) ;
#3450 = SURFACE_SIDE_STYLE ('',( #5349 ) ) ;
#3451 = ORIENTED_EDGE ( 'NONE', *, *, #2284, .T. ) ;
#3452 = LINE ( 'NONE', #5578, #1668 ) ;
#3453 = AXIS2_PLACEMENT_3D ( 'NONE', #3281, #312, #5812 ) ;
#3454 = DIRECTION ( 'NONE',  ( -1.000000000000000000, 0.000000000000000000, -1.322197771323786623E-16 ) ) ;
#3455 = FILL_AREA_STYLE_COLOUR ( '', #4638 ) ;
#3456 = FACE_OUTER_BOUND ( 'NONE', #6265, .T. ) ;
#3457 = SURFACE_STYLE_USAGE ( .BOTH. , #4392 ) ;
#3458 = FILL_AREA_STYLE ('',( #3419 ) ) ;
#3459 = AXIS2_PLACEMENT_3D ( 'NONE', #5008, #626, #1109 ) ;
#3460 = EDGE_CURVE ( 'NONE', #6382, #550, #2526, .T. ) ;
#3461 = UNCERTAINTY_MEASURE_WITH_UNIT (LENGTH_MEASURE( 1.000000000000000082E-05 ), #232, 'distance_accuracy_value', 'NONE');
#3462 = FACE_OUTER_BOUND ( 'NONE', #1879, .T. ) ;
#3463 = SURFACE_SIDE_STYLE ('',( #5000 ) ) ;
#3464 = DIRECTION ( 'NONE',  ( 1.000000000000000000, 0.000000000000000000, -1.421904488505579654E-16 ) ) ;
#3465 =( GEOMETRIC_REPRESENTATION_CONTEXT ( 3 ) GLOBAL_UNCERTAINTY_ASSIGNED_CONTEXT ( ( #1188 ) ) GLOBAL_UNIT_ASSIGNED_CONTEXT ( ( #1810, #4757, #743 ) ) REPRESENTATION_CONTEXT ( 'NONE', 'WORKASPACE' ) );
#3466 = VECTOR ( 'NONE', #3567, 1000.000000000000000 ) ;
#3467 = CARTESIAN_POINT ( 'NONE',  ( 1.524681247592593936, 0.2830327265747156207, -1.483617856335787577 ) ) ;
#3468 = SURFACE_STYLE_FILL_AREA ( #3293 ) ;
#3469 = CARTESIAN_POINT ( 'NONE',  ( 0.01499999999999960566, -0.05000000000000000278, 1.054999999999999938 ) ) ;
#3470 = EDGE_LOOP ( 'NONE', ( #4068, #415, #4892, #5582 ) ) ;
#3471 = FACE_OUTER_BOUND ( 'NONE', #1655, .T. ) ;
#3472 =( GEOMETRIC_REPRESENTATION_CONTEXT ( 3 ) GLOBAL_UNCERTAINTY_ASSIGNED_CONTEXT ( ( #3360 ) ) GLOBAL_UNIT_ASSIGNED_CONTEXT ( ( #445, #5899, #5861 ) ) REPRESENTATION_CONTEXT ( 'NONE', 'WORKASPACE' ) );
#3473 = ORIENTED_EDGE ( 'NONE', *, *, #2794, .F. ) ;
#3474 = DIRECTION ( 'NONE',  ( 0.000000000000000000, 0.1045284632676538733, -0.9945218953682734009 ) ) ;
#3475 = VERTEX_POINT ( 'NONE', #5508 ) ;
#3476 = CARTESIAN_POINT ( 'NONE',  ( 0.000000000000000000, 0.000000000000000000, 0.000000000000000000 ) ) ;
#3477 = DIRECTION ( 'NONE',  ( -1.000000000000000000, 0.000000000000000000, 0.000000000000000000 ) ) ;
#3478 = FACE_OUTER_BOUND ( 'NONE', #3619, .T. ) ;
#3479 = PRESENTATION_LAYER_ASSIGNMENT (  '', '', ( #242 ) ) ;
#3480 = VECTOR ( 'NONE', #6058, 1000.000000000000000 ) ;
#3481 = CARTESIAN_POINT ( 'NONE',  ( 0.3549999999999997602, 0.000000000000000000, 1.149999999999999911 ) ) ;
#3482 = SURFACE_STYLE_FILL_AREA ( #5004 ) ;
#3483 = AXIS2_PLACEMENT_3D ( 'NONE', #5517, #3464, #1019 ) ;
#3484 = EDGE_CURVE ( 'NONE', #5510, #3446, #288, .T. ) ;
#3485 = FILL_AREA_STYLE ('',( #3942 ) ) ;
#3486 = UNCERTAINTY_MEASURE_WITH_UNIT (LENGTH_MEASURE( 1.000000000000000082E-05 ), #1064, 'distance_accuracy_value', 'NONE');
#3487 = VECTOR ( 'NONE', #4824, 1000.000000000000000 ) ;
#3488 = DIRECTION ( 'NONE',  ( 6.994852725712935172E-16, 0.000000000000000000, -1.000000000000000000 ) ) ;
#3489 = PRESENTATION_STYLE_ASSIGNMENT (( #5691 ) ) ;
#3490 = ORIENTED_EDGE ( 'NONE', *, *, #1133, .T. ) ;
#3491 = SURFACE_STYLE_FILL_AREA ( #1104 ) ;
#3492 = PLANE ( 'NONE',  #4105 ) ;
#3493 = STYLED_ITEM ( 'NONE', ( #4947 ), #4346 ) ;
#3494 =( LENGTH_UNIT ( ) NAMED_UNIT ( * ) SI_UNIT ( .MILLI., .METRE. ) );
#3495 = DIRECTION ( 'NONE',  ( -0.000000000000000000, 1.000000000000000000, -0.000000000000000000 ) ) ;
#3496 = VERTEX_POINT ( 'NONE', #4470 ) ;
#3497 = EDGE_CURVE ( 'NONE', #1968, #1024, #521, .T. ) ;
#3498 = CARTESIAN_POINT ( 'NONE',  ( 0.2927192558403119427, -0.05000000000000000278, 1.649999999999999911 ) ) ;
#3499 = EDGE_CURVE ( 'NONE', #1564, #178, #2846, .T. ) ;
#3500 = ORIENTED_EDGE ( 'NONE', *, *, #2330, .F. ) ;
#3501 = UNCERTAINTY_MEASURE_WITH_UNIT (LENGTH_MEASURE( 1.000000000000000082E-05 ), #352, 'distance_accuracy_value', 'NONE');
#3502 = DIRECTION ( 'NONE',  ( 1.000000000000000000, 0.000000000000000000, -2.257529264754410598E-15 ) ) ;
#3503 = ORIENTED_EDGE ( 'NONE', *, *, #3579, .F. ) ;
#3504 = SURFACE_STYLE_USAGE ( .BOTH. , #2603 ) ;
#3505 = STYLED_ITEM ( 'NONE', ( #6338 ), #1115 ) ;
#3506 = ADVANCED_FACE ( 'NONE', ( #5407 ), #1529, .F. ) ;
#3507 = AXIS2_PLACEMENT_3D ( 'NONE', #5831, #2873, #330 ) ;
#3508 = VERTEX_POINT ( 'NONE', #3894 ) ;
#3509 =( LENGTH_UNIT ( ) NAMED_UNIT ( * ) SI_UNIT ( .MILLI., .METRE. ) );
#3510 = LINE ( 'NONE', #5729, #6118 ) ;
#3511 = CARTESIAN_POINT ( 'NONE',  ( 0.01499999999999960566, 0.2800000000000000266, -1.054999999999999938 ) ) ;
#3512 = ORIENTED_EDGE ( 'NONE', *, *, #2689, .F. ) ;
#3513 = STYLED_ITEM ( 'NONE', ( #1297 ), #5656 ) ;
#3514 = CARTESIAN_POINT ( 'NONE',  ( 0.01499999999999960566, 0.2800000000000000266, 1.054999999999999938 ) ) ;
#3515 = CARTESIAN_POINT ( 'NONE',  ( -1.655000000000000693, 0.2800000000000000266, 1.129999999999999893 ) ) ;
#3516 =( LENGTH_UNIT ( ) NAMED_UNIT ( * ) SI_UNIT ( .MILLI., .METRE. ) );
#3517 = CARTESIAN_POINT ( 'NONE',  ( 0.01499999999999960566, -0.05000000000000000278, -1.054999999999999938 ) ) ;
#3518 = ORIENTED_EDGE ( 'NONE', *, *, #5171, .T. ) ;
#3519 = EDGE_CURVE ( 'NONE', #5485, #1380, #4219, .T. ) ;
#3520 = ORIENTED_EDGE ( 'NONE', *, *, #4905, .T. ) ;
#3521 =( NAMED_UNIT ( * ) SI_UNIT ( $, .STERADIAN. ) SOLID_ANGLE_UNIT ( ) );
#3522 = LINE ( 'NONE', #50, #1901 ) ;
#3523 = DIRECTION ( 'NONE',  ( 0.000000000000000000, -0.000000000000000000, -1.000000000000000000 ) ) ;
#3524 = PRODUCT_DEFINITION ( 'UNKNOWN', '', #2311, #5944 ) ;
#3525 = ORIENTED_EDGE ( 'NONE', *, *, #3519, .T. ) ;
#3526 = ORIENTED_EDGE ( 'NONE', *, *, #2566, .F. ) ;
#3527 =( NAMED_UNIT ( * ) PLANE_ANGLE_UNIT ( ) SI_UNIT ( $, .RADIAN. ) );
#3528 = SURFACE_SIDE_STYLE ('',( #120 ) ) ;
#3529 = AXIS2_PLACEMENT_3D ( 'NONE', #3721, #3160, #3218 ) ;
#3530 = ORIENTED_EDGE ( 'NONE', *, *, #6113, .F. ) ;
#3531 =( LENGTH_UNIT ( ) NAMED_UNIT ( * ) SI_UNIT ( .MILLI., .METRE. ) );
#3532 = DIRECTION ( 'NONE',  ( 0.1039620511844979028, 0.9891328443778537594, -0.1039620511844979167 ) ) ;
#3533 = FACE_OUTER_BOUND ( 'NONE', #1507, .T. ) ;
#3534 = PLANE ( 'NONE',  #567 ) ;
#3535 = UNCERTAINTY_MEASURE_WITH_UNIT (LENGTH_MEASURE( 1.000000000000000082E-05 ), #255, 'distance_accuracy_value', 'NONE');
#3536 = CARTESIAN_POINT ( 'NONE',  ( 0.01499999999999937668, 0.000000000000000000, -1.156304952865601310 ) ) ;
#3537 = FACE_OUTER_BOUND ( 'NONE', #4976, .T. ) ;
#3538 = AXIS2_PLACEMENT_3D ( 'NONE', #2265, #2766, #1126 ) ;
#3539 = EDGE_CURVE ( 'NONE', #1176, #4104, #5157, .T. ) ;
#3540 = EDGE_CURVE ( 'NONE', #5138, #5289, #2926, .T. ) ;
#3541 =( LENGTH_UNIT ( ) NAMED_UNIT ( * ) SI_UNIT ( .MILLI., .METRE. ) );
#3542 = PRESENTATION_STYLE_ASSIGNMENT (( #4286 ) ) ;
#3543 = DIRECTION ( 'NONE',  ( 0.000000000000000000, 0.000000000000000000, -1.000000000000000000 ) ) ;
#3544 = EDGE_LOOP ( 'NONE', ( #3004, #5438, #5977, #6136 ) ) ;
#3545 = VECTOR ( 'NONE', #4776, 1000.000000000000000 ) ;
#3546 = UNCERTAINTY_MEASURE_WITH_UNIT (LENGTH_MEASURE( 1.000000000000000082E-05 ), #4538, 'distance_accuracy_value', 'NONE');
#3547 = FILL_AREA_STYLE_COLOUR ( '', #5850 ) ;
#3548 = UNCERTAINTY_MEASURE_WITH_UNIT (LENGTH_MEASURE( 1.000000000000000082E-05 ), #1787, 'distance_accuracy_value', 'NONE');
#3549 = DIRECTION ( 'NONE',  ( 1.421904488505579654E-16, 0.000000000000000000, 1.000000000000000000 ) ) ;
#3550 = MECHANICAL_DESIGN_GEOMETRIC_PRESENTATION_REPRESENTATION (  '', ( #1428 ), #5420 ) ;
#3551 =( LENGTH_UNIT ( ) NAMED_UNIT ( * ) SI_UNIT ( .MILLI., .METRE. ) );
#3552 = COLOUR_RGB ( '',0.000000000000000000, 0.000000000000000000, 0.000000000000000000 ) ;
#3553 = ORIENTED_EDGE ( 'NONE', *, *, #2332, .T. ) ;
#3554 = VECTOR ( 'NONE', #4073, 1000.000000000000000 ) ;
#3555 = SURFACE_STYLE_USAGE ( .BOTH. , #3056 ) ;
#3556 = SURFACE_STYLE_FILL_AREA ( #1286 ) ;
#3557 =( GEOMETRIC_REPRESENTATION_CONTEXT ( 3 ) GLOBAL_UNCERTAINTY_ASSIGNED_CONTEXT ( ( #854 ) ) GLOBAL_UNIT_ASSIGNED_CONTEXT ( ( #4365, #6256, #48 ) ) REPRESENTATION_CONTEXT ( 'NONE', 'WORKASPACE' ) );
#3558 = LINE ( 'NONE', #1244, #303 ) ;
#3559 = VECTOR ( 'NONE', #5, 1000.000000000000000 ) ;
#3560 = FILL_AREA_STYLE_COLOUR ( '', #1374 ) ;
#3561 = COLOUR_RGB ( '',1.000000000000000000, 1.000000000000000000, 1.000000000000000000 ) ;
#3562 = DIRECTION ( 'NONE',  ( 0.9659258262890692004, 0.000000000000000000, -0.2588190451025173533 ) ) ;
#3563 = PLANE ( 'NONE',  #2279 ) ;
#3564 = MECHANICAL_DESIGN_GEOMETRIC_PRESENTATION_REPRESENTATION (  '', ( #4796 ), #3877 ) ;
#3565 = FACE_OUTER_BOUND ( 'NONE', #3623, .T. ) ;
#3566 = COLOUR_RGB ( '',0.000000000000000000, 0.000000000000000000, 0.000000000000000000 ) ;
#3567 = DIRECTION ( 'NONE',  ( 0.000000000000000000, 0.000000000000000000, -1.000000000000000000 ) ) ;
#3568 = DIRECTION ( 'NONE',  ( 0.000000000000000000, 0.1045284632676538733, 0.9945218953682734009 ) ) ;
#3569 =( GEOMETRIC_REPRESENTATION_CONTEXT ( 3 ) GLOBAL_UNCERTAINTY_ASSIGNED_CONTEXT ( ( #2384 ) ) GLOBAL_UNIT_ASSIGNED_CONTEXT ( ( #956, #6340, #1949 ) ) REPRESENTATION_CONTEXT ( 'NONE', 'WORKASPACE' ) );
#3570 = EDGE_CURVE ( 'NONE', #3658, #1221, #3909, .T. ) ;
#3571 = ORIENTED_EDGE ( 'NONE', *, *, #3931, .T. ) ;
#3572 = ADVANCED_FACE ( 'NONE', ( #1291 ), #610, .T. ) ;
#3573 = ORIENTED_EDGE ( 'NONE', *, *, #1944, .F. ) ;
#3574 = STYLED_ITEM ( 'NONE', ( #2780 ), #4576 ) ;
#3575 = VERTEX_POINT ( 'NONE', #1097 ) ;
#3576 = CARTESIAN_POINT ( 'NONE',  ( 1.214999999999999192, 0.000000000000000000, -0.4699999999999996958 ) ) ;
#3577 = ORIENTED_EDGE ( 'NONE', *, *, #4019, .T. ) ;
#3578 = FILL_AREA_STYLE ('',( #125 ) ) ;
#3579 = EDGE_CURVE ( 'NONE', #3657, #4706, #5229, .T. ) ;
#3580 = DIRECTION ( 'NONE',  ( 0.000000000000000000, -0.000000000000000000, -1.000000000000000000 ) ) ;
#3581 = EDGE_CURVE ( 'NONE', #1121, #424, #436, .T. ) ;
#3582 = VERTEX_POINT ( 'NONE', #1939 ) ;
#3583 = CARTESIAN_POINT ( 'NONE',  ( -1.245000000000000773, 0.000000000000000000, 0.8199999999999998401 ) ) ;
#3584 = CARTESIAN_POINT ( 'NONE',  ( -1.525000000000000133, 0.2800000000000000266, 1.129999999999999893 ) ) ;
#3585 = CARTESIAN_POINT ( 'NONE',  ( -1.655000000000000693, -0.05000000000000000278, -0.4800000000000000377 ) ) ;
#3586 = PLANE ( 'NONE',  #2261 ) ;
#3587 = DIRECTION ( 'NONE',  ( 1.445602896647339706E-15, -0.000000000000000000, 1.000000000000000000 ) ) ;
#3588 = ORIENTED_EDGE ( 'NONE', *, *, #5885, .F. ) ;
#3589 = SURFACE_STYLE_FILL_AREA ( #6103 ) ;
#3590 = EDGE_LOOP ( 'NONE', ( #4486, #705, #4123, #2817 ) ) ;
#3591 = CARTESIAN_POINT ( 'NONE',  ( 0.3549999999999997602, 0.2800000000000000266, 1.149999999999999911 ) ) ;
#3592 = PRESENTATION_LAYER_ASSIGNMENT (  '', '', ( #822 ) ) ;
#3593 = DIRECTION ( 'NONE',  ( -2.132856732758369358E-16, -0.000000000000000000, -1.000000000000000000 ) ) ;
#3594 = DIRECTION ( 'NONE',  ( -1.000000000000000000, 0.000000000000000000, 0.000000000000000000 ) ) ;
#3595 = VECTOR ( 'NONE', #114, 1000.000000000000000 ) ;
#3596 =( GEOMETRIC_REPRESENTATION_CONTEXT ( 3 ) GLOBAL_UNCERTAINTY_ASSIGNED_CONTEXT ( ( #5554 ) ) GLOBAL_UNIT_ASSIGNED_CONTEXT ( ( #4503, #1099, #2564 ) ) REPRESENTATION_CONTEXT ( 'NONE', 'WORKASPACE' ) );
#3597 =( LENGTH_UNIT ( ) NAMED_UNIT ( * ) SI_UNIT ( .MILLI., .METRE. ) );
#3598 = ORIENTED_EDGE ( 'NONE', *, *, #3689, .F. ) ;
#3599 = ORIENTED_EDGE ( 'NONE', *, *, #5225, .F. ) ;
#3600 = EDGE_CURVE ( 'NONE', #1781, #1995, #2290, .T. ) ;
#3601 = COLOUR_RGB ( '',1.000000000000000000, 1.000000000000000000, 1.000000000000000000 ) ;
#3602 = ORIENTED_EDGE ( 'NONE', *, *, #5272, .T. ) ;
#3603 =( LENGTH_UNIT ( ) NAMED_UNIT ( * ) SI_UNIT ( .MILLI., .METRE. ) );
#3604 = FILL_AREA_STYLE_COLOUR ( '', #2085 ) ;
#3605 = CARTESIAN_POINT ( 'NONE',  ( -1.425000000000000044, 0.2800000000000000266, 1.424999999999999822 ) ) ;
#3606 = LINE ( 'NONE', #222, #2286 ) ;
#3607 =( LENGTH_UNIT ( ) NAMED_UNIT ( * ) SI_UNIT ( .MILLI., .METRE. ) );
#3608 = VECTOR ( 'NONE', #3523, 1000.000000000000000 ) ;
#3609 = LINE ( 'NONE', #721, #3074 ) ;
#3610 = FACE_OUTER_BOUND ( 'NONE', #1646, .T. ) ;
#3611 = EDGE_CURVE ( 'NONE', #5557, #4727, #2139, .T. ) ;
#3612 = ADVANCED_FACE ( 'NONE', ( #2375 ), #6369, .F. ) ;
#3613 = EDGE_CURVE ( 'NONE', #6370, #4051, #1134, .T. ) ;
#3614 = CARTESIAN_POINT ( 'NONE',  ( -1.245000000000000773, 0.2800000000000000266, 0.4799999999999999822 ) ) ;
#3615 = DIRECTION ( 'NONE',  ( 2.132856732758369851E-16, 0.000000000000000000, 1.000000000000000000 ) ) ;
#3616 = CARTESIAN_POINT ( 'NONE',  ( -1.525000000000000577, 0.000000000000000000, 0.1699999999999999289 ) ) ;
#3617 = LINE ( 'NONE', #6208, #297 ) ;
#3618 = FILL_AREA_STYLE_COLOUR ( '', #6019 ) ;
#3619 = EDGE_LOOP ( 'NONE', ( #5585, #5634, #186, #2613 ) ) ;
#3620 = SURFACE_STYLE_FILL_AREA ( #3170 ) ;
#3621 = MECHANICAL_DESIGN_GEOMETRIC_PRESENTATION_REPRESENTATION (  '', ( #5827 ), #855 ) ;
#3622 = LINE ( 'NONE', #1350, #2080 ) ;
#3623 = EDGE_LOOP ( 'NONE', ( #5652, #554, #3132, #30 ) ) ;
#3624 = ORIENTED_EDGE ( 'NONE', *, *, #4599, .T. ) ;
#3625 = CARTESIAN_POINT ( 'NONE',  ( -1.525000000000000577, 0.2800000000000000266, -1.524999999999999911 ) ) ;
#3626 = CARTESIAN_POINT ( 'NONE',  ( 0.2927192558403119427, 0.2800000000000000266, 1.649999999999999911 ) ) ;
#3627 = VECTOR ( 'NONE', #2582, 1000.000000000000000 ) ;
#3628 = PLANE ( 'NONE',  #749 ) ;
#3629 = FACE_OUTER_BOUND ( 'NONE', #419, .T. ) ;
#3630 = AXIS2_PLACEMENT_3D ( 'NONE', #4408, #1955, #5424 ) ;
#3631 = CARTESIAN_POINT ( 'NONE',  ( 0.2927192558403119427, 0.2800000000000000266, 1.649999999999999911 ) ) ;
#3632 = VECTOR ( 'NONE', #4349, 1000.000000000000000 ) ;
#3633 =( NAMED_UNIT ( * ) PLANE_ANGLE_UNIT ( ) SI_UNIT ( $, .RADIAN. ) );
#3634 = FILL_AREA_STYLE ('',( #6080 ) ) ;
#3635 = COLOUR_RGB ( '',0.000000000000000000, 0.000000000000000000, 0.000000000000000000 ) ;
#3636 = CARTESIAN_POINT ( 'NONE',  ( -1.525000000000000133, 0.2800000000000000266, 1.524999999999999911 ) ) ;
#3637 = ORIENTED_EDGE ( 'NONE', *, *, #4259, .T. ) ;
#3638 = AXIS2_PLACEMENT_3D ( 'NONE', #1418, #1886, #925 ) ;
#3639 = ORIENTED_EDGE ( 'NONE', *, *, #1056, .F. ) ;
#3640 = CARTESIAN_POINT ( 'NONE',  ( -1.245000000000000551, -0.05000000000000000278, -1.129999999999999893 ) ) ;
#3641 = ADVANCED_FACE ( 'NONE', ( #3077 ), #4336, .T. ) ;
#3642 = CARTESIAN_POINT ( 'NONE',  ( 1.214999999999998970, 0.2800000000000000266, -0.8199999999999992850 ) ) ;
#3643 = ORIENTED_EDGE ( 'NONE', *, *, #181, .F. ) ;
#3644 = STYLED_ITEM ( 'NONE', ( #1060 ), #3726 ) ;
#3645 = ORIENTED_EDGE ( 'NONE', *, *, #3757, .T. ) ;
#3646 = FILL_AREA_STYLE ('',( #2610 ) ) ;
#3647 = AXIS2_PLACEMENT_3D ( 'NONE', #5334, #5262, #4830 ) ;
#3648 = DIRECTION ( 'NONE',  ( -1.764980280790356078E-15, 0.000000000000000000, -1.000000000000000000 ) ) ;
#3649 = DIRECTION ( 'NONE',  ( 0.000000000000000000, 0.000000000000000000, 1.000000000000000000 ) ) ;
#3650 = AXIS2_PLACEMENT_3D ( 'NONE', #2538, #95, #576 ) ;
#3651 = EDGE_CURVE ( 'NONE', #5141, #6293, #1905, .T. ) ;
#3652 = VERTEX_POINT ( 'NONE', #2837 ) ;
#3653 = DIRECTION ( 'NONE',  ( -0.000000000000000000, -1.000000000000000000, -0.000000000000000000 ) ) ;
#3654 = EDGE_CURVE ( 'NONE', #2968, #83, #4215, .T. ) ;
#3655 = FILL_AREA_STYLE_COLOUR ( '', #1049 ) ;
#3656 = FACE_OUTER_BOUND ( 'NONE', #3973, .T. ) ;
#3657 = VERTEX_POINT ( 'NONE', #1391 ) ;
#3658 = VERTEX_POINT ( 'NONE', #5864 ) ;
#3659 = SURFACE_STYLE_USAGE ( .BOTH. , #2718 ) ;
#3660 = VERTEX_POINT ( 'NONE', #2331 ) ;
#3661 = EDGE_LOOP ( 'NONE', ( #3826, #2404, #4784, #339 ) ) ;
#3662 = VERTEX_POINT ( 'NONE', #4822 ) ;
#3663 = SURFACE_STYLE_USAGE ( .BOTH. , #2201 ) ;
#3664 = ORIENTED_EDGE ( 'NONE', *, *, #374, .F. ) ;
#3665 = SURFACE_STYLE_FILL_AREA ( #4062 ) ;
#3666 = UNCERTAINTY_MEASURE_WITH_UNIT (LENGTH_MEASURE( 1.000000000000000082E-05 ), #3957, 'distance_accuracy_value', 'NONE');
#3667 = ADVANCED_FACE ( 'NONE', ( #4764 ), #3822, .F. ) ;
#3668 = FILL_AREA_STYLE ('',( #3250 ) ) ;
#3669 = FILL_AREA_STYLE_COLOUR ( '', #1992 ) ;
#3670 = AXIS2_PLACEMENT_3D ( 'NONE', #2749, #787, #722 ) ;
#3671 = DIRECTION ( 'NONE',  ( 0.000000000000000000, -1.000000000000000000, 0.000000000000000000 ) ) ;
#3672 = ORIENTED_EDGE ( 'NONE', *, *, #4009, .T. ) ;
#3673 = SURFACE_STYLE_FILL_AREA ( #1645 ) ;
#3674 = DIRECTION ( 'NONE',  ( 1.000000000000000000, 0.000000000000000000, 0.000000000000000000 ) ) ;
#3675 =( NAMED_UNIT ( * ) SI_UNIT ( $, .STERADIAN. ) SOLID_ANGLE_UNIT ( ) );
#3676 = LINE ( 'NONE', #2484, #1898 ) ;
#3677 = PRESENTATION_LAYER_ASSIGNMENT (  '', '', ( #1942 ) ) ;
#3678 =( GEOMETRIC_REPRESENTATION_CONTEXT ( 3 ) GLOBAL_UNCERTAINTY_ASSIGNED_CONTEXT ( ( #4886 ) ) GLOBAL_UNIT_ASSIGNED_CONTEXT ( ( #2505, #3080, #1566 ) ) REPRESENTATION_CONTEXT ( 'NONE', 'WORKASPACE' ) );
#3679 = EDGE_CURVE ( 'NONE', #1667, #2056, #597, .T. ) ;
#3680 = CARTESIAN_POINT ( 'NONE',  ( 0.01499999999999986067, -0.05000000000000000278, 1.156304952865600644 ) ) ;
#3681 = VECTOR ( 'NONE', #5080, 1000.000000000000000 ) ;
#3682 = DIRECTION ( 'NONE',  ( -1.000000000000000000, 0.000000000000000000, 0.000000000000000000 ) ) ;
#3683 = FILL_AREA_STYLE ('',( #6093 ) ) ;
#3684 = UNCERTAINTY_MEASURE_WITH_UNIT (LENGTH_MEASURE( 1.000000000000000082E-05 ), #3779, 'distance_accuracy_value', 'NONE');
#3685 = COLOUR_RGB ( '',1.000000000000000000, 1.000000000000000000, 1.000000000000000000 ) ;
#3686 = MECHANICAL_DESIGN_GEOMETRIC_PRESENTATION_REPRESENTATION (  '', ( #2489 ), #6008 ) ;
#3687 = ORIENTED_EDGE ( 'NONE', *, *, #1616, .F. ) ;
#3688 = CARTESIAN_POINT ( 'NONE',  ( 0.2927192558403129974, 0.000000000000000000, 0.000000000000000000 ) ) ;
#3689 = EDGE_CURVE ( 'NONE', #3508, #2231, #3391, .T. ) ;
#3690 = PRESENTATION_STYLE_ASSIGNMENT (( #4096 ) ) ;
#3691 = ORIENTED_EDGE ( 'NONE', *, *, #1253, .F. ) ;
#3692 = EDGE_CURVE ( 'NONE', #2828, #1024, #5313, .T. ) ;
#3693 =( LENGTH_UNIT ( ) NAMED_UNIT ( * ) SI_UNIT ( .MILLI., .METRE. ) );
#3694 = PLANE ( 'NONE',  #5976 ) ;
#3695 = LINE ( 'NONE', #6321, #2929 ) ;
#3696 = FILL_AREA_STYLE_COLOUR ( '', #5488 ) ;
#3697 = SURFACE_STYLE_FILL_AREA ( #5621 ) ;
#3698 = FACE_OUTER_BOUND ( 'NONE', #4088, .T. ) ;
#3699 = VERTEX_POINT ( 'NONE', #5351 ) ;
#3700 = SURFACE_SIDE_STYLE ('',( #3150 ) ) ;
#3701 = LINE ( 'NONE', #2988, #3559 ) ;
#3702 = CARTESIAN_POINT ( 'NONE',  ( -1.655000000000000471, -0.05000000000000000278, -1.129999999999999893 ) ) ;
#3703 = DIRECTION ( 'NONE',  ( -0.000000000000000000, 0.000000000000000000, 1.000000000000000000 ) ) ;
#3704 = VECTOR ( 'NONE', #3065, 1000.000000000000000 ) ;
#3705 = DIRECTION ( 'NONE',  ( 1.000000000000000000, 0.000000000000000000, 0.000000000000000000 ) ) ;
#3706 = AXIS2_PLACEMENT_3D ( 'NONE', #5162, #5319, #6330 ) ;
#3707 = PLANE ( 'NONE',  #2881 ) ;
#3708 =( NAMED_UNIT ( * ) SI_UNIT ( $, .STERADIAN. ) SOLID_ANGLE_UNIT ( ) );
#3709 =( NAMED_UNIT ( * ) SI_UNIT ( $, .STERADIAN. ) SOLID_ANGLE_UNIT ( ) );
#3710 = ORIENTED_EDGE ( 'NONE', *, *, #4818, .T. ) ;
#3711 =( NAMED_UNIT ( * ) PLANE_ANGLE_UNIT ( ) SI_UNIT ( $, .RADIAN. ) );
#3712 = EDGE_CURVE ( 'NONE', #900, #5028, #1434, .T. ) ;
#3713 = CARTESIAN_POINT ( 'NONE',  ( 1.214999999999999192, 0.2800000000000000266, 0.1800000000000000488 ) ) ;
#3714 = EDGE_LOOP ( 'NONE', ( #2642, #4952, #538, #1481 ) ) ;
#3715 = PLANE ( 'NONE',  #4267 ) ;
#3716 =( LENGTH_UNIT ( ) NAMED_UNIT ( * ) SI_UNIT ( .MILLI., .METRE. ) );
#3717 = CARTESIAN_POINT ( 'NONE',  ( -1.245000000000000773, -0.05000000000000000278, 0.1699999999999999012 ) ) ;
#3718 = UNCERTAINTY_MEASURE_WITH_UNIT (LENGTH_MEASURE( 1.000000000000000082E-05 ), #5759, 'distance_accuracy_value', 'NONE');
#3719 = ORIENTED_EDGE ( 'NONE', *, *, #2212, .F. ) ;
#3720 = STYLED_ITEM ( 'NONE', ( #6137 ), #3834 ) ;
#3721 = CARTESIAN_POINT ( 'NONE',  ( -1.655000000000000693, -0.05000000000000000278, -0.1700000000000001232 ) ) ;
#3722 = FILL_AREA_STYLE_COLOUR ( '', #2227 ) ;
#3723 = UNCERTAINTY_MEASURE_WITH_UNIT (LENGTH_MEASURE( 1.000000000000000082E-05 ), #278, 'distance_accuracy_value', 'NONE');
#3724 = ORIENTED_EDGE ( 'NONE', *, *, #1616, .T. ) ;
#3725 = DIRECTION ( 'NONE',  ( -0.000000000000000000, 1.000000000000000000, -0.000000000000000000 ) ) ;
#3726 = ADVANCED_FACE ( 'NONE', ( #1675 ), #2377, .F. ) ;
#3727 =( NAMED_UNIT ( * ) PLANE_ANGLE_UNIT ( ) SI_UNIT ( $, .RADIAN. ) );
#3728 =( NAMED_UNIT ( * ) PLANE_ANGLE_UNIT ( ) SI_UNIT ( $, .RADIAN. ) );
#3729 = ORIENTED_EDGE ( 'NONE', *, *, #1784, .F. ) ;
#3730 = DIRECTION ( 'NONE',  ( -1.000000000000000000, 0.000000000000000000, -7.228014483236712333E-16 ) ) ;
#3731 = CARTESIAN_POINT ( 'NONE',  ( -1.655000000000000693, -0.05000000000000000278, -0.8200000000000000622 ) ) ;
#3732 = ORIENTED_EDGE ( 'NONE', *, *, #5568, .T. ) ;
#3733 = FILL_AREA_STYLE_COLOUR ( '', #101 ) ;
#3734 = PRESENTATION_STYLE_ASSIGNMENT (( #4663 ) ) ;
#3735 = CARTESIAN_POINT ( 'NONE',  ( -1.245000000000000551, 0.2800000000000000266, -0.8200000000000000622 ) ) ;
#3736 = EDGE_LOOP ( 'NONE', ( #5294, #3190, #3884, #1205 ) ) ;
#3737 = ORIENTED_EDGE ( 'NONE', *, *, #3773, .F. ) ;
#3738 = CARTESIAN_POINT ( 'NONE',  ( 0.09728074415968514244, 0.000000000000000000, 1.382434901537152427 ) ) ;
#3739 = PRESENTATION_LAYER_ASSIGNMENT (  '', '', ( #1428 ) ) ;
#3740 =( NAMED_UNIT ( * ) PLANE_ANGLE_UNIT ( ) SI_UNIT ( $, .RADIAN. ) );
#3741 = CARTESIAN_POINT ( 'NONE',  ( 0.000000000000000000, 0.2800000000000000266, 0.000000000000000000 ) ) ;
#3742 = EDGE_LOOP ( 'NONE', ( #3831, #5165, #5051, #9 ) ) ;
#3743 = CARTESIAN_POINT ( 'NONE',  ( 1.644999999999999574, 0.2800000000000000266, -0.8200000000000003952 ) ) ;
#3744 = VERTEX_POINT ( 'NONE', #2354 ) ;
#3745 = COLOUR_RGB ( '',0.000000000000000000, 0.000000000000000000, 0.000000000000000000 ) ;
#3746 = CARTESIAN_POINT ( 'NONE',  ( -1.525000000000000133, 0.2800000000000000266, 0.8199999999999999512 ) ) ;
#3747 =( GEOMETRIC_REPRESENTATION_CONTEXT ( 3 ) GLOBAL_UNCERTAINTY_ASSIGNED_CONTEXT ( ( #2397 ) ) GLOBAL_UNIT_ASSIGNED_CONTEXT ( ( #5442, #1957, #1935 ) ) REPRESENTATION_CONTEXT ( 'NONE', 'WORKASPACE' ) );
#3748 = VECTOR ( 'NONE', #5778, 1000.000000000000227 ) ;
#3749 = CARTESIAN_POINT ( 'NONE',  ( 0.000000000000000000, 0.2800000000000000266, 0.1800000000000000488 ) ) ;
#3750 =( GEOMETRIC_REPRESENTATION_CONTEXT ( 3 ) GLOBAL_UNCERTAINTY_ASSIGNED_CONTEXT ( ( #4967 ) ) GLOBAL_UNIT_ASSIGNED_CONTEXT ( ( #1975, #4388, #5872 ) ) REPRESENTATION_CONTEXT ( 'NONE', 'WORKASPACE' ) );
#3751 = VECTOR ( 'NONE', #2048, 1000.000000000000000 ) ;
#3752 = CARTESIAN_POINT ( 'NONE',  ( -1.525000000000000577, 0.000000000000000000, -1.524999999999999911 ) ) ;
#3753 = PRESENTATION_STYLE_ASSIGNMENT (( #2863 ) ) ;
#3754 = DIRECTION ( 'NONE',  ( 2.026053059076482065E-16, 0.000000000000000000, 1.000000000000000000 ) ) ;
#3755 = AXIS2_PLACEMENT_3D ( 'NONE', #3103, #3143, #180 ) ;
#3756 = CARTESIAN_POINT ( 'NONE',  ( -1.245000000000000551, -0.05000000000000000278, -1.129999999999999893 ) ) ;
#3757 = EDGE_CURVE ( 'NONE', #5966, #2720, #3220, .T. ) ;
#3758 = CARTESIAN_POINT ( 'NONE',  ( 1.524999999999999467, 0.000000000000000000, 0.4800000000000000933 ) ) ;
#3759 = ADVANCED_FACE ( 'NONE', ( #2914 ), #1473, .F. ) ;
#3760 = PRESENTATION_STYLE_ASSIGNMENT (( #2260 ) ) ;
#3761 = ORIENTED_EDGE ( 'NONE', *, *, #3895, .T. ) ;
#3762 =( NAMED_UNIT ( * ) PLANE_ANGLE_UNIT ( ) SI_UNIT ( $, .RADIAN. ) );
#3763 = SURFACE_STYLE_FILL_AREA ( #1610 ) ;
#3764 = FACE_OUTER_BOUND ( 'NONE', #1358, .T. ) ;
#3765 = ORIENTED_EDGE ( 'NONE', *, *, #5447, .T. ) ;
#3766 = ORIENTED_EDGE ( 'NONE', *, *, #2905, .T. ) ;
#3767 = LINE ( 'NONE', #1679, #4548 ) ;
#3768 = FILL_AREA_STYLE_COLOUR ( '', #2238 ) ;
#3769 =( LENGTH_UNIT ( ) NAMED_UNIT ( * ) SI_UNIT ( .MILLI., .METRE. ) );
#3770 = FACE_OUTER_BOUND ( 'NONE', #891, .T. ) ;
#3771 = PRESENTATION_STYLE_ASSIGNMENT (( #44 ) ) ;
#3772 = STYLED_ITEM ( 'NONE', ( #141 ), #1785 ) ;
#3773 = EDGE_CURVE ( 'NONE', #4545, #2563, #1208, .T. ) ;
#3774 = FILL_AREA_STYLE ('',( #781 ) ) ;
#3775 = EDGE_CURVE ( 'NONE', #3582, #2957, #3676, .T. ) ;
#3776 = FILL_AREA_STYLE_COLOUR ( '', #547 ) ;
#3777 = COLOUR_RGB ( '',1.000000000000000000, 1.000000000000000000, 1.000000000000000000 ) ;
#3778 = PRESENTATION_STYLE_ASSIGNMENT (( #1334 ) ) ;
#3779 =( LENGTH_UNIT ( ) NAMED_UNIT ( * ) SI_UNIT ( .MILLI., .METRE. ) );
#3780 = CARTESIAN_POINT ( 'NONE',  ( 1.524999999999999245, 0.2800000000000000266, -1.119999999999999885 ) ) ;
#3781 = AXIS2_PLACEMENT_3D ( 'NONE', #832, #5281, #6247 ) ;
#3782 = VECTOR ( 'NONE', #6195, 1000.000000000000000 ) ;
#3783 = CARTESIAN_POINT ( 'NONE',  ( -1.525000000000000577, 0.000000000000000000, -1.524999999999999911 ) ) ;
#3784 =( LENGTH_UNIT ( ) NAMED_UNIT ( * ) SI_UNIT ( .MILLI., .METRE. ) );
#3785 =( NAMED_UNIT ( * ) PLANE_ANGLE_UNIT ( ) SI_UNIT ( $, .RADIAN. ) );
#3786 =( NAMED_UNIT ( * ) PLANE_ANGLE_UNIT ( ) SI_UNIT ( $, .RADIAN. ) );
#3787 = ORIENTED_EDGE ( 'NONE', *, *, #5901, .T. ) ;
#3788 = VECTOR ( 'NONE', #142, 1000.000000000000000 ) ;
#3789 = FILL_AREA_STYLE ('',( #711 ) ) ;
#3790 = PRESENTATION_LAYER_ASSIGNMENT (  '', '', ( #3362 ) ) ;
#3791 = VERTEX_POINT ( 'NONE', #39 ) ;
#3792 = VECTOR ( 'NONE', #4160, 1000.000000000000000 ) ;
#3793 = ORIENTED_EDGE ( 'NONE', *, *, #1915, .F. ) ;
#3794 = CARTESIAN_POINT ( 'NONE',  ( 1.524999999999999245, 0.2800000000000000266, -0.8199999999999997291 ) ) ;
#3795 =( LENGTH_UNIT ( ) NAMED_UNIT ( * ) SI_UNIT ( .MILLI., .METRE. ) );
#3796 = AXIS2_PLACEMENT_3D ( 'NONE', #3741, #296, #6182 ) ;
#3797 = DIRECTION ( 'NONE',  ( 0.3419327100384764173, 0.000000000000000000, -0.9397244392936383584 ) ) ;
#3798 = ADVANCED_FACE ( 'NONE', ( #358 ), #1521, .T. ) ;
#3799 = CARTESIAN_POINT ( 'NONE',  ( -1.425000000000000044, 0.2800000000000000266, 1.524999999999999911 ) ) ;
#3800 = STYLED_ITEM ( 'NONE', ( #1265 ), #168 ) ;
#3801 = ORIENTED_EDGE ( 'NONE', *, *, #5921, .F. ) ;
#3802 = DIRECTION ( 'NONE',  ( -1.000000000000000000, -0.000000000000000000, -0.000000000000000000 ) ) ;
#3803 = EDGE_CURVE ( 'NONE', #6204, #3819, #5469, .T. ) ;
#3804 = PLANE ( 'NONE',  #4128 ) ;
#3805 = CARTESIAN_POINT ( 'NONE',  ( -1.355080376768301953, 0.9400000000000000577, 1.926794870012680602E-16 ) ) ;
#3806 = SURFACE_STYLE_USAGE ( .BOTH. , #918 ) ;
#3807 = ORIENTED_EDGE ( 'NONE', *, *, #4684, .F. ) ;
#3808 =( NAMED_UNIT ( * ) SI_UNIT ( $, .STERADIAN. ) SOLID_ANGLE_UNIT ( ) );
#3809 = COLOUR_RGB ( '',0.000000000000000000, 0.000000000000000000, 0.000000000000000000 ) ;
#3810 = STYLED_ITEM ( 'NONE', ( #4396 ), #4377 ) ;
#3811 = ORIENTED_EDGE ( 'NONE', *, *, #3168, .F. ) ;
#3812 = UNCERTAINTY_MEASURE_WITH_UNIT (LENGTH_MEASURE( 1.000000000000000082E-05 ), #4446, 'distance_accuracy_value', 'NONE');
#3813 = UNCERTAINTY_MEASURE_WITH_UNIT (LENGTH_MEASURE( 1.000000000000000082E-05 ), #643, 'distance_accuracy_value', 'NONE');
#3814 = EDGE_CURVE ( 'NONE', #5604, #1420, #2203, .T. ) ;
#3815 = EDGE_CURVE ( 'NONE', #4782, #3347, #5996, .T. ) ;
#3816 = CARTESIAN_POINT ( 'NONE',  ( -2.067548328925833887E-15, 0.2800000000000000266, -0.8199999999999962874 ) ) ;
#3817 =( NAMED_UNIT ( * ) SI_UNIT ( $, .STERADIAN. ) SOLID_ANGLE_UNIT ( ) );
#3818 = EDGE_LOOP ( 'NONE', ( #3370, #638, #5457, #946 ) ) ;
#3819 = VERTEX_POINT ( 'NONE', #1965 ) ;
#3820 = ORIENTED_EDGE ( 'NONE', *, *, #5551, .T. ) ;
#3821 = VERTEX_POINT ( 'NONE', #5923 ) ;
#3822 = PLANE ( 'NONE',  #327 ) ;
#3823 = CARTESIAN_POINT ( 'NONE',  ( 0.000000000000000000, -0.05000000000000000278, 0.000000000000000000 ) ) ;
#3824 = VERTEX_POINT ( 'NONE', #21 ) ;
#3825 = MECHANICAL_DESIGN_GEOMETRIC_PRESENTATION_REPRESENTATION (  '', ( #5413 ), #309 ) ;
#3826 = ORIENTED_EDGE ( 'NONE', *, *, #4523, .F. ) ;
#3827 = SURFACE_SIDE_STYLE ('',( #4048 ) ) ;
#3828 = SURFACE_SIDE_STYLE ('',( #2448 ) ) ;
#3829 = FILL_AREA_STYLE_COLOUR ( '', #1631 ) ;
#3830 = CARTESIAN_POINT ( 'NONE',  ( 1.214999999999999192, 0.2800000000000000266, -0.4699999999999996958 ) ) ;
#3831 = ORIENTED_EDGE ( 'NONE', *, *, #1037, .T. ) ;
#3832 = DIRECTION ( 'NONE',  ( 0.000000000000000000, 0.9945218953682734009, 0.1045284632676537068 ) ) ;
#3833 = PRESENTATION_LAYER_ASSIGNMENT (  '', '', ( #5501 ) ) ;
#3834 = ADVANCED_FACE ( 'NONE', ( #4437 ), #5963, .F. ) ;
#3835 = COLOUR_RGB ( '',0.000000000000000000, 0.000000000000000000, 0.000000000000000000 ) ;
#3836 = DIRECTION ( 'NONE',  ( -1.512840240677446236E-15, 0.000000000000000000, -1.000000000000000000 ) ) ;
#3837 = FACE_OUTER_BOUND ( 'NONE', #2099, .T. ) ;
#3838 = PRESENTATION_LAYER_ASSIGNMENT (  '', '', ( #198 ) ) ;
#3839 = LINE ( 'NONE', #38, #3076 ) ;
#3840 = CARTESIAN_POINT ( 'NONE',  ( -1.425000000000000044, 0.2800000000000000266, 1.524999999999999911 ) ) ;
#3841 = EDGE_CURVE ( 'NONE', #3575, #2859, #4283, .T. ) ;
#3842 = DIRECTION ( 'NONE',  ( 0.000000000000000000, -0.000000000000000000, -1.000000000000000000 ) ) ;
#3843 = SURFACE_STYLE_FILL_AREA ( #5840 ) ;
#3844 = ORIENTED_EDGE ( 'NONE', *, *, #5367, .T. ) ;
#3845 = LINE ( 'NONE', #5360, #146 ) ;
#3846 = FILL_AREA_STYLE ('',( #394 ) ) ;
#3847 = FILL_AREA_STYLE_COLOUR ( '', #5473 ) ;
#3848 = VERTEX_POINT ( 'NONE', #4550 ) ;
#3849 = MECHANICAL_DESIGN_GEOMETRIC_PRESENTATION_REPRESENTATION (  '', ( #2318 ), #4047 ) ;
#3850 = CARTESIAN_POINT ( 'NONE',  ( 1.214999999999998970, 0.000000000000000000, 0.000000000000000000 ) ) ;
#3851 = CARTESIAN_POINT ( 'NONE',  ( 1.214999999999999192, -0.05000000000000000278, -0.1699999999999995681 ) ) ;
#3852 = FACE_OUTER_BOUND ( 'NONE', #3323, .T. ) ;
#3853 = LINE ( 'NONE', #3584, #2621 ) ;
#3854 = ORIENTED_EDGE ( 'NONE', *, *, #4431, .F. ) ;
#3855 = VECTOR ( 'NONE', #5724, 1000.000000000000114 ) ;
#3856 =( LENGTH_UNIT ( ) NAMED_UNIT ( * ) SI_UNIT ( .MILLI., .METRE. ) );
#3857 = AXIS2_PLACEMENT_3D ( 'NONE', #6314, #6268, #2772 ) ;
#3858 = CARTESIAN_POINT ( 'NONE',  ( 1.214999999999999192, -0.05000000000000000278, 0.1800000000000000488 ) ) ;
#3859 = AXIS2_PLACEMENT_3D ( 'NONE', #2655, #5705, #2743 ) ;
#3860 = EDGE_CURVE ( 'NONE', #3052, #3400, #3452, .T. ) ;
#3861 = SURFACE_STYLE_USAGE ( .BOTH. , #409 ) ;
#3862 = ADVANCED_FACE ( 'NONE', ( #2833 ), #5144, .T. ) ;
#3863 = EDGE_CURVE ( 'NONE', #2259, #2983, #1359, .T. ) ;
#3864 = CARTESIAN_POINT ( 'NONE',  ( 0.2927192558403129974, -0.05000000000000000278, -1.382434901537152649 ) ) ;
#3865 = ORIENTED_EDGE ( 'NONE', *, *, #4163, .T. ) ;
#3866 = FILL_AREA_STYLE_COLOUR ( '', #1451 ) ;
#3867 = CARTESIAN_POINT ( 'NONE',  ( 1.524999999999999245, 0.2800000000000000266, -1.424999999999999822 ) ) ;
#3868 = DIRECTION ( 'NONE',  ( 1.000000000000000000, 0.000000000000000000, 0.000000000000000000 ) ) ;
#3869 = PRESENTATION_STYLE_ASSIGNMENT (( #3188 ) ) ;
#3870 = ORIENTED_EDGE ( 'NONE', *, *, #3860, .T. ) ;
#3871 =( NAMED_UNIT ( * ) SI_UNIT ( $, .STERADIAN. ) SOLID_ANGLE_UNIT ( ) );
#3872 = FILL_AREA_STYLE ('',( #15 ) ) ;
#3873 = PRESENTATION_LAYER_ASSIGNMENT (  '', '', ( #5877 ) ) ;
#3874 = CARTESIAN_POINT ( 'NONE',  ( 1.524999999999999467, 0.2800000000000000266, 0.4800000000000000933 ) ) ;
#3875 = ORIENTED_EDGE ( 'NONE', *, *, #284, .T. ) ;
#3876 =( NAMED_UNIT ( * ) PLANE_ANGLE_UNIT ( ) SI_UNIT ( $, .RADIAN. ) );
#3877 =( GEOMETRIC_REPRESENTATION_CONTEXT ( 3 ) GLOBAL_UNCERTAINTY_ASSIGNED_CONTEXT ( ( #1904 ) ) GLOBAL_UNIT_ASSIGNED_CONTEXT ( ( #1175, #5128, #5734 ) ) REPRESENTATION_CONTEXT ( 'NONE', 'WORKASPACE' ) );
#3878 =( NAMED_UNIT ( * ) SI_UNIT ( $, .STERADIAN. ) SOLID_ANGLE_UNIT ( ) );
#3879 = ORIENTED_EDGE ( 'NONE', *, *, #5491, .T. ) ;
#3880 = EDGE_CURVE ( 'NONE', #1018, #1667, #2984, .T. ) ;
#3881 = CARTESIAN_POINT ( 'NONE',  ( 0.01499999999999960566, -0.05000000000000000278, -1.054999999999999938 ) ) ;
#3882 = ORIENTED_EDGE ( 'NONE', *, *, #4500, .T. ) ;
#3883 =( LENGTH_UNIT ( ) NAMED_UNIT ( * ) SI_UNIT ( .MILLI., .METRE. ) );
#3884 = ORIENTED_EDGE ( 'NONE', *, *, #4022, .F. ) ;
#3885 = CARTESIAN_POINT ( 'NONE',  ( 0.000000000000000000, -0.05000000000000000278, 0.000000000000000000 ) ) ;
#3886 =( NAMED_UNIT ( * ) SI_UNIT ( $, .STERADIAN. ) SOLID_ANGLE_UNIT ( ) );
#3887 = DIRECTION ( 'NONE',  ( 0.000000000000000000, -1.000000000000000000, 0.000000000000000000 ) ) ;
#3888 = MECHANICAL_DESIGN_GEOMETRIC_PRESENTATION_REPRESENTATION (  '', ( #4176 ), #4556 ) ;
#3889 = CARTESIAN_POINT ( 'NONE',  ( -1.245000000000000773, 0.000000000000000000, 0.4799999999999999822 ) ) ;
#3890 = FILL_AREA_STYLE_COLOUR ( '', #4871 ) ;
#3891 = DIRECTION ( 'NONE',  ( 0.000000000000000000, 0.000000000000000000, -1.000000000000000000 ) ) ;
#3892 = VECTOR ( 'NONE', #4204, 1000.000000000000000 ) ;
#3893 = EDGE_LOOP ( 'NONE', ( #3923, #187, #6002, #3870 ) ) ;
#3894 = CARTESIAN_POINT ( 'NONE',  ( 1.644999999999999574, 0.2800000000000000266, -0.4699999999999996403 ) ) ;
#3895 = EDGE_CURVE ( 'NONE', #3582, #1716, #65, .T. ) ;
#3896 = EDGE_CURVE ( 'NONE', #1716, #1637, #2282, .T. ) ;
#3897 = ORIENTED_EDGE ( 'NONE', *, *, #3192, .T. ) ;
#3898 = ORIENTED_EDGE ( 'NONE', *, *, #5445, .T. ) ;
#3899 = CARTESIAN_POINT ( 'NONE',  ( -1.655000000000000693, -0.05000000000000000278, 1.129999999999999893 ) ) ;
#3900 = PRESENTATION_LAYER_ASSIGNMENT (  '', '', ( #6090 ) ) ;
#3901 = SURFACE_SIDE_STYLE ('',( #512 ) ) ;
#3902 = VECTOR ( 'NONE', #6376, 1000.000000000000000 ) ;
#3903 =( LENGTH_UNIT ( ) NAMED_UNIT ( * ) SI_UNIT ( .MILLI., .METRE. ) );
#3904 = CARTESIAN_POINT ( 'NONE',  ( 0.09728074415968514244, -0.05000000000000000278, 1.382434901537152427 ) ) ;
#3905 = CARTESIAN_POINT ( 'NONE',  ( 1.424999999999998934, 0.2800000000000000266, -1.524999999999999911 ) ) ;
#3906 = MECHANICAL_DESIGN_GEOMETRIC_PRESENTATION_REPRESENTATION (  '', ( #5501 ), #1268 ) ;
#3907 = DIRECTION ( 'NONE',  ( 1.000000000000000000, 0.000000000000000000, 0.000000000000000000 ) ) ;
#3908 = COLOUR_RGB ( '',1.000000000000000000, 1.000000000000000000, 1.000000000000000000 ) ;
#3909 = LINE ( 'NONE', #2456, #3466 ) ;
#3910 = PLANE ( 'NONE',  #3927 ) ;
#3911 =( NAMED_UNIT ( * ) PLANE_ANGLE_UNIT ( ) SI_UNIT ( $, .RADIAN. ) );
#3912 = AXIS2_PLACEMENT_3D ( 'NONE', #5919, #1421, #4943 ) ;
#3913 = FILL_AREA_STYLE ('',( #115 ) ) ;
#3914 = UNCERTAINTY_MEASURE_WITH_UNIT (LENGTH_MEASURE( 1.000000000000000082E-05 ), #5828, 'distance_accuracy_value', 'NONE');
#3915 = VECTOR ( 'NONE', #4748, 1000.000000000000000 ) ;
#3916 = MECHANICAL_DESIGN_GEOMETRIC_PRESENTATION_REPRESENTATION (  '', ( #4004 ), #5013 ) ;
#3917 = FILL_AREA_STYLE_COLOUR ( '', #2372 ) ;
#3918 = EDGE_CURVE ( 'NONE', #5532, #3094, #2362, .T. ) ;
#3919 = VECTOR ( 'NONE', #354, 1000.000000000000000 ) ;
#3920 = ORIENTED_EDGE ( 'NONE', *, *, #1784, .T. ) ;
#3921 =( LENGTH_UNIT ( ) NAMED_UNIT ( * ) SI_UNIT ( .MILLI., .METRE. ) );
#3922 = SURFACE_STYLE_FILL_AREA ( #2619 ) ;
#3923 = ORIENTED_EDGE ( 'NONE', *, *, #1873, .T. ) ;
#3924 = LINE ( 'NONE', #3640, #1761 ) ;
#3925 =( NAMED_UNIT ( * ) PLANE_ANGLE_UNIT ( ) SI_UNIT ( $, .RADIAN. ) );
#3926 = VECTOR ( 'NONE', #4234, 1000.000000000000000 ) ;
#3927 = AXIS2_PLACEMENT_3D ( 'NONE', #4882, #5342, #442 ) ;
#3928 = DIRECTION ( 'NONE',  ( -1.000000000000000000, 0.000000000000000000, 1.764980280790355881E-15 ) ) ;
#3929 = CARTESIAN_POINT ( 'NONE',  ( 1.425364213674965352, 0.2800047328646773637, -1.524999502555877573 ) ) ;
#3930 = LINE ( 'NONE', #4467, #2628 ) ;
#3931 = EDGE_CURVE ( 'NONE', #2968, #2574, #4839, .T. ) ;
#3932 = COLOUR_RGB ( '',0.000000000000000000, 0.000000000000000000, 0.000000000000000000 ) ;
#3933 =( NAMED_UNIT ( * ) PLANE_ANGLE_UNIT ( ) SI_UNIT ( $, .RADIAN. ) );
#3934 = EDGE_CURVE ( 'NONE', #4246, #3475, #1201, .T. ) ;
#3935 = FACE_OUTER_BOUND ( 'NONE', #1587, .T. ) ;
#3936 = DIRECTION ( 'NONE',  ( -0.000000000000000000, 1.000000000000000000, -0.000000000000000000 ) ) ;
#3937 = SURFACE_SIDE_STYLE ('',( #6395 ) ) ;
#3938 = VECTOR ( 'NONE', #6253, 1000.000000000000000 ) ;
#3939 = ORIENTED_EDGE ( 'NONE', *, *, #5513, .T. ) ;
#3940 = DIRECTION ( 'NONE',  ( -1.421904488505579654E-16, 0.000000000000000000, -1.000000000000000000 ) ) ;
#3941 = MECHANICAL_DESIGN_GEOMETRIC_PRESENTATION_REPRESENTATION (  '', ( #1301 ), #1640 ) ;
#3942 = FILL_AREA_STYLE_COLOUR ( '', #1516 ) ;
#3943 = ORIENTED_EDGE ( 'NONE', *, *, #5393, .T. ) ;
#3944 = FACE_OUTER_BOUND ( 'NONE', #2439, .T. ) ;
#3945 = UNCERTAINTY_MEASURE_WITH_UNIT (LENGTH_MEASURE( 1.000000000000000082E-05 ), #2257, 'distance_accuracy_value', 'NONE');
#3946 = EDGE_LOOP ( 'NONE', ( #4187, #4911, #5129, #4049 ) ) ;
#3947 = SURFACE_STYLE_USAGE ( .BOTH. , #122 ) ;
#3948 = CARTESIAN_POINT ( 'NONE',  ( -1.525000000000000577, 0.2800000000000000266, -1.524999999999999911 ) ) ;
#3949 = ORIENTED_EDGE ( 'NONE', *, *, #3499, .F. ) ;
#3950 = CARTESIAN_POINT ( 'NONE',  ( -1.245000000000000773, 0.2800000000000000266, -0.1700000000000000677 ) ) ;
#3951 =( GEOMETRIC_REPRESENTATION_CONTEXT ( 3 ) GLOBAL_UNCERTAINTY_ASSIGNED_CONTEXT ( ( #1429 ) ) GLOBAL_UNIT_ASSIGNED_CONTEXT ( ( #1017, #3876, #4965 ) ) REPRESENTATION_CONTEXT ( 'NONE', 'WORKASPACE' ) );
#3952 = DIRECTION ( 'NONE',  ( 0.000000000000000000, 1.000000000000000000, 0.000000000000000000 ) ) ;
#3953 = SURFACE_STYLE_USAGE ( .BOTH. , #10 ) ;
#3954 = CARTESIAN_POINT ( 'NONE',  ( 1.214999999999999192, -0.05000000000000000278, -0.1699999999999995681 ) ) ;
#3955 = STYLED_ITEM ( 'NONE', ( #3778 ), #921 ) ;
#3956 = SURFACE_SIDE_STYLE ('',( #706 ) ) ;
#3957 =( LENGTH_UNIT ( ) NAMED_UNIT ( * ) SI_UNIT ( .MILLI., .METRE. ) );
#3958 = ORIENTED_EDGE ( 'NONE', *, *, #1956, .F. ) ;
#3959 = LINE ( 'NONE', #3986, #1797 ) ;
#3960 = DIRECTION ( 'NONE',  ( 2.168404344971007685E-15, 0.000000000000000000, 1.000000000000000000 ) ) ;
#3961 = VERTEX_POINT ( 'NONE', #589 ) ;
#3962 = DIRECTION ( 'NONE',  ( -0.000000000000000000, 1.000000000000000000, -0.000000000000000000 ) ) ;
#3963 = MECHANICAL_DESIGN_GEOMETRIC_PRESENTATION_REPRESENTATION (  '', ( #6380 ), #298 ) ;
#3964 = ORIENTED_EDGE ( 'NONE', *, *, #2823, .T. ) ;
#3965 = PRESENTATION_STYLE_ASSIGNMENT (( #3457 ) ) ;
#3966 = VERTEX_POINT ( 'NONE', #4028 ) ;
#3967 = DIRECTION ( 'NONE',  ( 1.421904488505579654E-16, 0.000000000000000000, 1.000000000000000000 ) ) ;
#3968 = FILL_AREA_STYLE_COLOUR ( '', #2131 ) ;
#3969 =( NAMED_UNIT ( * ) SI_UNIT ( $, .STERADIAN. ) SOLID_ANGLE_UNIT ( ) );
#3970 = ORIENTED_EDGE ( 'NONE', *, *, #3803, .F. ) ;
#3971 = FACE_OUTER_BOUND ( 'NONE', #5629, .T. ) ;
#3972 = DIRECTION ( 'NONE',  ( 0.000000000000000000, 1.000000000000000000, 0.000000000000000000 ) ) ;
#3973 = EDGE_LOOP ( 'NONE', ( #3071, #1223, #3146, #5908 ) ) ;
#3974 = COLOUR_RGB ( '',0.000000000000000000, 0.000000000000000000, 0.000000000000000000 ) ;
#3975 = MECHANICAL_DESIGN_GEOMETRIC_PRESENTATION_REPRESENTATION (  '', ( #5894 ), #4308 ) ;
#3976 = FILL_AREA_STYLE_COLOUR ( '', #2552 ) ;
#3977 = CARTESIAN_POINT ( 'NONE',  ( -1.245000000000000773, 0.2800000000000000266, 0.1699999999999999012 ) ) ;
#3978 = PRESENTATION_LAYER_ASSIGNMENT (  '', '', ( #2329 ) ) ;
#3979 = EDGE_CURVE ( 'NONE', #6, #476, #1891, .T. ) ;
#3980 = VECTOR ( 'NONE', #870, 1000.000000000000000 ) ;
#3981 = SURFACE_SIDE_STYLE ('',( #881 ) ) ;
#3982 = DIRECTION ( 'NONE',  ( -0.000000000000000000, -1.000000000000000000, -0.000000000000000000 ) ) ;
#3983 = COLOUR_RGB ( '',0.000000000000000000, 0.000000000000000000, 0.000000000000000000 ) ;
#3984 = VECTOR ( 'NONE', #244, 1000.000000000000000 ) ;
#3985 = DIRECTION ( 'NONE',  ( -6.994852725712934186E-16, 0.000000000000000000, -1.000000000000000000 ) ) ;
#3986 = CARTESIAN_POINT ( 'NONE',  ( -1.245000000000000773, -0.05000000000000000278, -1.054999999999999938 ) ) ;
#3987 = PRESENTATION_LAYER_ASSIGNMENT (  '', '', ( #6223 ) ) ;
#3988 = SURFACE_STYLE_FILL_AREA ( #29 ) ;
#3989 = LINE ( 'NONE', #4288, #5479 ) ;
#3990 = DIRECTION ( 'NONE',  ( 0.000000000000000000, 0.000000000000000000, -1.000000000000000000 ) ) ;
#3991 = FILL_AREA_STYLE ('',( #4509 ) ) ;
#3992 =( LENGTH_UNIT ( ) NAMED_UNIT ( * ) SI_UNIT ( .MILLI., .METRE. ) );
#3993 = ORIENTED_EDGE ( 'NONE', *, *, #3841, .T. ) ;
#3994 = PRESENTATION_STYLE_ASSIGNMENT (( #916 ) ) ;
#3995 = AXIS2_PLACEMENT_3D ( 'NONE', #772, #4170, #1263 ) ;
#3996 = DIRECTION ( 'NONE',  ( -6.078159177229446441E-16, -0.000000000000000000, -1.000000000000000000 ) ) ;
#3997 = VERTEX_POINT ( 'NONE', #1579 ) ;
#3998 =( NAMED_UNIT ( * ) PLANE_ANGLE_UNIT ( ) SI_UNIT ( $, .RADIAN. ) );
#3999 = UNCERTAINTY_MEASURE_WITH_UNIT (LENGTH_MEASURE( 1.000000000000000082E-05 ), #245, 'distance_accuracy_value', 'NONE');
#4000 = FILL_AREA_STYLE_COLOUR ( '', #2175 ) ;
#4001 = STYLED_ITEM ( 'NONE', ( #1042 ), #6364 ) ;
#4002 = VECTOR ( 'NONE', #1093, 1000.000000000000000 ) ;
#4003 = VERTEX_POINT ( 'NONE', #1662 ) ;
#4004 = STYLED_ITEM ( 'NONE', ( #4502 ), #346 ) ;
#4005 = CARTESIAN_POINT ( 'NONE',  ( 1.425546318134516710, 0.2800141985587185633, 1.524998507671343928 ) ) ;
#4006 = UNCERTAINTY_MEASURE_WITH_UNIT (LENGTH_MEASURE( 1.000000000000000082E-05 ), #3332, 'distance_accuracy_value', 'NONE');
#4007 = STYLED_ITEM ( 'NONE', ( #27 ), #5533 ) ;
#4008 = LINE ( 'NONE', #5338, #1838 ) ;
#4009 = EDGE_CURVE ( 'NONE', #2634, #5873, #4514, .T. ) ;
#4010 = UNCERTAINTY_MEASURE_WITH_UNIT (LENGTH_MEASURE( 1.000000000000000082E-05 ), #3148, 'distance_accuracy_value', 'NONE');
#4011 = FILL_AREA_STYLE_COLOUR ( '', #4677 ) ;
#4012 = VECTOR ( 'NONE', #1430, 1000.000000000000000 ) ;
#4013 = PRESENTATION_STYLE_ASSIGNMENT (( #733 ) ) ;
#4014 = SURFACE_SIDE_STYLE ('',( #5134 ) ) ;
#4015 = COLOUR_RGB ( '',0.000000000000000000, 0.000000000000000000, 0.000000000000000000 ) ;
#4016 = CARTESIAN_POINT ( 'NONE',  ( 0.01499999999999960566, 0.000000000000000000, -1.054999999999999938 ) ) ;
#4017 = CARTESIAN_POINT ( 'NONE',  ( 0.01499999999999937668, 0.2800000000000000266, -1.156304952865601310 ) ) ;
#4018 = DIRECTION ( 'NONE',  ( -2.525088288725319983E-15, 0.000000000000000000, -1.000000000000000000 ) ) ;
#4019 = EDGE_CURVE ( 'NONE', #4127, #3094, #5682, .T. ) ;
#4020 = VECTOR ( 'NONE', #3434, 1000.000000000000227 ) ;
#4021 = CARTESIAN_POINT ( 'NONE',  ( 1.644999999999998908, -0.05000000000000000278, 0.1800000000000000488 ) ) ;
#4022 = EDGE_CURVE ( 'NONE', #128, #5072, #4198, .T. ) ;
#4023 = ORIENTED_EDGE ( 'NONE', *, *, #4989, .F. ) ;
#4024 = DIRECTION ( 'NONE',  ( 0.000000000000000000, -0.000000000000000000, 1.000000000000000000 ) ) ;
#4025 = AXIS2_PLACEMENT_3D ( 'NONE', #4293, #5482, #5948 ) ;
#4026 = ORIENTED_EDGE ( 'NONE', *, *, #5597, .F. ) ;
#4027 = AXIS2_PLACEMENT_3D ( 'NONE', #3950, #528, #2955 ) ;
#4028 = CARTESIAN_POINT ( 'NONE',  ( -1.525000000000000355, 0.000000000000000000, -0.8200000000000000622 ) ) ;
#4029 = MECHANICAL_DESIGN_GEOMETRIC_PRESENTATION_REPRESENTATION (  '', ( #4490 ), #2812 ) ;
#4030 = COLOUR_RGB ( '',1.000000000000000000, 1.000000000000000000, 1.000000000000000000 ) ;
#4031 = DIRECTION ( 'NONE',  ( 1.000000000000000000, -0.000000000000000000, -0.000000000000000000 ) ) ;
#4032 = ORIENTED_EDGE ( 'NONE', *, *, #4351, .F. ) ;
#4033 = AXIS2_PLACEMENT_3D ( 'NONE', #2883, #4261, #363 ) ;
#4034 =( NAMED_UNIT ( * ) PLANE_ANGLE_UNIT ( ) SI_UNIT ( $, .RADIAN. ) );
#4035 = ORIENTED_EDGE ( 'NONE', *, *, #4209, .T. ) ;
#4036 = FILL_AREA_STYLE_COLOUR ( '', #5480 ) ;
#4037 = ADVANCED_FACE ( 'NONE', ( #2054 ), #4108, .F. ) ;
#4038 = CIRCLE ( 'NONE', #1806, 0.1000000000000000472 ) ;
#4039 = FILL_AREA_STYLE ('',( #5512 ) ) ;
#4040 = ORIENTED_EDGE ( 'NONE', *, *, #5707, .T. ) ;
#4041 = EDGE_CURVE ( 'NONE', #1326, #4387, #1622, .T. ) ;
#4042 = CARTESIAN_POINT ( 'NONE',  ( -1.655000000000000693, -0.05000000000000000278, 0.1699999999999999289 ) ) ;
#4043 = DIRECTION ( 'NONE',  ( 0.000000000000000000, -1.000000000000000000, 0.000000000000000000 ) ) ;
#4044 = ORIENTED_EDGE ( 'NONE', *, *, #4456, .T. ) ;
#4045 = ORIENTED_EDGE ( 'NONE', *, *, #6337, .T. ) ;
#4046 = SURFACE_SIDE_STYLE ('',( #2134 ) ) ;
#4047 =( GEOMETRIC_REPRESENTATION_CONTEXT ( 3 ) GLOBAL_UNCERTAINTY_ASSIGNED_CONTEXT ( ( #707 ) ) GLOBAL_UNIT_ASSIGNED_CONTEXT ( ( #5612, #4653, #2649 ) ) REPRESENTATION_CONTEXT ( 'NONE', 'WORKASPACE' ) );
#4048 = SURFACE_STYLE_FILL_AREA ( #2335 ) ;
#4049 = ORIENTED_EDGE ( 'NONE', *, *, #1469, .T. ) ;
#4050 = CARTESIAN_POINT ( 'NONE',  ( 1.214999999999999192, -0.05000000000000000278, 0.4800000000000001488 ) ) ;
#4051 = VERTEX_POINT ( 'NONE', #1206 ) ;
#4052 = DIRECTION ( 'NONE',  ( -1.000000000000000000, 0.000000000000000000, 0.000000000000000000 ) ) ;
#4053 = VECTOR ( 'NONE', #5025, 1000.000000000000000 ) ;
#4054 = PLANE ( 'NONE',  #2421 ) ;
#4055 = DIRECTION ( 'NONE',  ( 0.000000000000000000, 0.000000000000000000, -1.000000000000000000 ) ) ;
#4056 = VECTOR ( 'NONE', #1465, 1000.000000000000000 ) ;
#4057 = CARTESIAN_POINT ( 'NONE',  ( 1.214999999999999192, -0.05000000000000000278, 0.1800000000000000488 ) ) ;
#4058 = MECHANICAL_DESIGN_GEOMETRIC_PRESENTATION_REPRESENTATION (  '', ( #1512 ), #4697 ) ;
#4059 = PLANE ( 'NONE',  #1613 ) ;
#4060 = SURFACE_SIDE_STYLE ('',( #6018 ) ) ;
#4061 = VECTOR ( 'NONE', #4404, 1000.000000000000000 ) ;
#4062 = FILL_AREA_STYLE ('',( #1647 ) ) ;
#4063 =( GEOMETRIC_REPRESENTATION_CONTEXT ( 3 ) GLOBAL_UNCERTAINTY_ASSIGNED_CONTEXT ( ( #1861 ) ) GLOBAL_UNIT_ASSIGNED_CONTEXT ( ( #4644, #2658, #2185 ) ) REPRESENTATION_CONTEXT ( 'NONE', 'WORKASPACE' ) );
#4064 = LINE ( 'NONE', #5699, #6160 ) ;
#4065 = ADVANCED_FACE ( 'NONE', ( #3410 ), #3628, .F. ) ;
#4066 = SURFACE_STYLE_USAGE ( .BOTH. , #4613 ) ;
#4067 = COLOUR_RGB ( '',0.000000000000000000, 0.000000000000000000, 0.000000000000000000 ) ;
#4068 = ORIENTED_EDGE ( 'NONE', *, *, #2960, .F. ) ;
#4069 = ORIENTED_EDGE ( 'NONE', *, *, #2726, .F. ) ;
#4070 = CARTESIAN_POINT ( 'NONE',  ( -1.245000000000000773, 0.2800000000000000266, 0.8199999999999998401 ) ) ;
#4071 = MECHANICAL_DESIGN_GEOMETRIC_PRESENTATION_REPRESENTATION (  '', ( #2974 ), #3064 ) ;
#4072 = VECTOR ( 'NONE', #189, 1000.000000000000000 ) ;
#4073 = DIRECTION ( 'NONE',  ( 1.000000000000000000, 0.000000000000000000, 1.260700200564539352E-16 ) ) ;
#4074 = LINE ( 'NONE', #4117, #2620 ) ;
#4075 = SURFACE_STYLE_USAGE ( .BOTH. , #3340 ) ;
#4076 = SURFACE_STYLE_FILL_AREA ( #267 ) ;
#4077 =( NAMED_UNIT ( * ) SI_UNIT ( $, .STERADIAN. ) SOLID_ANGLE_UNIT ( ) );
#4078 = DIRECTION ( 'NONE',  ( 0.000000000000000000, 0.000000000000000000, -1.000000000000000000 ) ) ;
#4079 =( GEOMETRIC_REPRESENTATION_CONTEXT ( 3 ) GLOBAL_UNCERTAINTY_ASSIGNED_CONTEXT ( ( #2482 ) ) GLOBAL_UNIT_ASSIGNED_CONTEXT ( ( #3383, #1464, #2371 ) ) REPRESENTATION_CONTEXT ( 'NONE', 'WORKASPACE' ) );
#4080 = LINE ( 'NONE', #3743, #5352 ) ;
#4081 = DIRECTION ( 'NONE',  ( -0.9945218953682734009, 0.1045284632676538733, 0.000000000000000000 ) ) ;
#4082 = ADVANCED_FACE ( 'NONE', ( #1082 ), #1721, .T. ) ;
#4083 = PLANE ( 'NONE',  #3796 ) ;
#4084 = LINE ( 'NONE', #6170, #2788 ) ;
#4085 = AXIS2_PLACEMENT_3D ( 'NONE', #4552, #1666, #4596 ) ;
#4086 = EDGE_CURVE ( 'NONE', #1540, #957, #3767, .T. ) ;
#4087 = CARTESIAN_POINT ( 'NONE',  ( -1.245000000000000773, -0.05000000000000000278, 0.8199999999999998401 ) ) ;
#4088 = EDGE_LOOP ( 'NONE', ( #3897, #4754, #4348, #2656 ) ) ;
#4089 = PRESENTATION_STYLE_ASSIGNMENT (( #4066 ) ) ;
#4090 = DIRECTION ( 'NONE',  ( 1.000000000000000000, 0.000000000000000000, 0.000000000000000000 ) ) ;
#4091 = ORIENTED_EDGE ( 'NONE', *, *, #4138, .T. ) ;
#4092 = COLOUR_RGB ( '',1.000000000000000000, 1.000000000000000000, 1.000000000000000000 ) ;
#4093 = FILL_AREA_STYLE ('',( #622 ) ) ;
#4094 = DIRECTION ( 'NONE',  ( 6.994852725712935172E-16, 0.000000000000000000, -1.000000000000000000 ) ) ;
#4095 = ORIENTED_EDGE ( 'NONE', *, *, #4022, .T. ) ;
#4096 = SURFACE_STYLE_USAGE ( .BOTH. , #3152 ) ;
#4097 =( LENGTH_UNIT ( ) NAMED_UNIT ( * ) SI_UNIT ( .MILLI., .METRE. ) );
#4098 = MECHANICAL_DESIGN_GEOMETRIC_PRESENTATION_REPRESENTATION (  '', ( #113 ), #1871 ) ;
#4099 = EDGE_CURVE ( 'NONE', #3652, #1741, #6017, .T. ) ;
#4100 = CARTESIAN_POINT ( 'NONE',  ( -1.245000000000000773, 0.2800000000000000266, 0.1699999999999999012 ) ) ;
#4101 = EDGE_CURVE ( 'NONE', #5766, #3266, #12, .T. ) ;
#4102 = ORIENTED_EDGE ( 'NONE', *, *, #1823, .T. ) ;
#4103 = SURFACE_STYLE_USAGE ( .BOTH. , #3131 ) ;
#4104 = VERTEX_POINT ( 'NONE', #1267 ) ;
#4105 = AXIS2_PLACEMENT_3D ( 'NONE', #3948, #856, #2016 ) ;
#4106 = CARTESIAN_POINT ( 'NONE',  ( 1.524999999999999467, 0.2800000000000000266, -0.1699999999999998457 ) ) ;
#4107 = CARTESIAN_POINT ( 'NONE',  ( 0.01499999999999986067, 0.2800000000000000266, 1.156304952865600644 ) ) ;
#4108 = PLANE ( 'NONE',  #3529 ) ;
#4109 = ORIENTED_EDGE ( 'NONE', *, *, #2701, .T. ) ;
#4110 = UNCERTAINTY_MEASURE_WITH_UNIT (LENGTH_MEASURE( 1.000000000000000082E-05 ), #1794, 'distance_accuracy_value', 'NONE');
#4111 = VECTOR ( 'NONE', #1671, 1000.000000000000000 ) ;
#4112 = ORIENTED_EDGE ( 'NONE', *, *, #3484, .F. ) ;
#4113 =( NAMED_UNIT ( * ) SI_UNIT ( $, .STERADIAN. ) SOLID_ANGLE_UNIT ( ) );
#4114 =( GEOMETRIC_REPRESENTATION_CONTEXT ( 3 ) GLOBAL_UNCERTAINTY_ASSIGNED_CONTEXT ( ( #1525 ) ) GLOBAL_UNIT_ASSIGNED_CONTEXT ( ( #1866, #3786, #401 ) ) REPRESENTATION_CONTEXT ( 'NONE', 'WORKASPACE' ) );
#4115 = ADVANCED_FACE ( 'NONE', ( #2698 ), #4632, .F. ) ;
#4116 = DIRECTION ( 'NONE',  ( -1.000000000000000000, 0.000000000000000000, 5.042800802258159378E-16 ) ) ;
#4117 = CARTESIAN_POINT ( 'NONE',  ( -1.655000000000000693, -0.05000000000000000278, -0.8200000000000000622 ) ) ;
#4118 = VECTOR ( 'NONE', #1509, 1000.000000000000000 ) ;
#4119 = ORIENTED_EDGE ( 'NONE', *, *, #5210, .F. ) ;
#4120 =( GEOMETRIC_REPRESENTATION_CONTEXT ( 3 ) GLOBAL_UNCERTAINTY_ASSIGNED_CONTEXT ( ( #1040 ) ) GLOBAL_UNIT_ASSIGNED_CONTEXT ( ( #1757, #4724, #3285 ) ) REPRESENTATION_CONTEXT ( 'NONE', 'WORKASPACE' ) );
#4121 = EDGE_LOOP ( 'NONE', ( #4617, #1831, #411, #588 ) ) ;
#4122 = EDGE_LOOP ( 'NONE', ( #2580, #1321, #2729, #2669 ) ) ;
#4123 = ORIENTED_EDGE ( 'NONE', *, *, #715, .F. ) ;
#4124 = SURFACE_STYLE_USAGE ( .BOTH. , #1152 ) ;
#4125 =( GEOMETRIC_REPRESENTATION_CONTEXT ( 3 ) GLOBAL_UNCERTAINTY_ASSIGNED_CONTEXT ( ( #4895 ) ) GLOBAL_UNIT_ASSIGNED_CONTEXT ( ( #1086, #5965, #3006 ) ) REPRESENTATION_CONTEXT ( 'NONE', 'WORKASPACE' ) );
#4126 = FACE_OUTER_BOUND ( 'NONE', #1112, .T. ) ;
#4127 = VERTEX_POINT ( 'NONE', #5695 ) ;
#4128 = AXIS2_PLACEMENT_3D ( 'NONE', #2800, #5304, #4251 ) ;
#4129 = EDGE_CURVE ( 'NONE', #1192, #5121, #4620, .T. ) ;
#4130 = ORIENTED_EDGE ( 'NONE', *, *, #149, .F. ) ;
#4131 = CARTESIAN_POINT ( 'NONE',  ( 0.01499999999999937668, 0.000000000000000000, -1.156304952865601310 ) ) ;
#4132 = SURFACE_SIDE_STYLE ('',( #205 ) ) ;
#4133 = VECTOR ( 'NONE', #895, 1000.000000000000000 ) ;
#4134 = VECTOR ( 'NONE', #4719, 1000.000000000000000 ) ;
#4135 = DIRECTION ( 'NONE',  ( 0.000000000000000000, -0.000000000000000000, 1.000000000000000000 ) ) ;
#4136 = SURFACE_STYLE_USAGE ( .BOTH. , #690 ) ;
#4137 = COLOUR_RGB ( '',0.000000000000000000, 0.000000000000000000, 0.000000000000000000 ) ;
#4138 = EDGE_CURVE ( 'NONE', #1071, #6105, #3327, .T. ) ;
#4139 = UNCERTAINTY_MEASURE_WITH_UNIT (LENGTH_MEASURE( 1.000000000000000082E-05 ), #774, 'distance_accuracy_value', 'NONE');
#4140 = EDGE_CURVE ( 'NONE', #6185, #334, #452, .T. ) ;
#4141 = LINE ( 'NONE', #5970, #4924 ) ;
#4142 = SURFACE_STYLE_USAGE ( .BOTH. , #1213 ) ;
#4143 = SURFACE_SIDE_STYLE ('',( #5794 ) ) ;
#4144 = FILL_AREA_STYLE ('',( #3655 ) ) ;
#4145 = SURFACE_STYLE_FILL_AREA ( #1870 ) ;
#4146 = SURFACE_STYLE_FILL_AREA ( #1457 ) ;
#4147 = ORIENTED_EDGE ( 'NONE', *, *, #6309, .T. ) ;
#4148 =( GEOMETRIC_REPRESENTATION_CONTEXT ( 3 ) GLOBAL_UNCERTAINTY_ASSIGNED_CONTEXT ( ( #5845 ) ) GLOBAL_UNIT_ASSIGNED_CONTEXT ( ( #5784, #5283, #5209 ) ) REPRESENTATION_CONTEXT ( 'NONE', 'WORKASPACE' ) );
#4149 = CYLINDRICAL_SURFACE ( 'NONE', #5316, 0.1000000000000000472 ) ;
#4150 = ORIENTED_EDGE ( 'NONE', *, *, #930, .T. ) ;
#4151 = ADVANCED_FACE ( 'NONE', ( #3097 ), #5883, .T. ) ;
#4152 = CARTESIAN_POINT ( 'NONE',  ( 0.2927192558403118872, -0.05000000000000000278, 1.382434901537152427 ) ) ;
#4153 = UNCERTAINTY_MEASURE_WITH_UNIT (LENGTH_MEASURE( 1.000000000000000082E-05 ), #243, 'distance_accuracy_value', 'NONE');
#4154 = DIRECTION ( 'NONE',  ( 0.000000000000000000, 1.000000000000000000, 0.000000000000000000 ) ) ;
#4155 = AXIS2_PLACEMENT_3D ( 'NONE', #2744, #307, #5732 ) ;
#4156 = CARTESIAN_POINT ( 'NONE',  ( -1.245000000000000773, -0.05000000000000000278, 1.054999999999999938 ) ) ;
#4157 = PRESENTATION_LAYER_ASSIGNMENT (  '', '', ( #2856 ) ) ;
#4158 = LINE ( 'NONE', #3282, #2943 ) ;
#4159 = COLOUR_RGB ( '',0.000000000000000000, 0.000000000000000000, 0.000000000000000000 ) ;
#4160 = DIRECTION ( 'NONE',  ( 1.000000000000000000, 0.000000000000000000, 0.000000000000000000 ) ) ;
#4161 = DIRECTION ( 'NONE',  ( 0.000000000000000000, 0.000000000000000000, 1.000000000000000000 ) ) ;
#4162 = STYLED_ITEM ( 'NONE', ( #172 ), #433 ) ;
#4163 = EDGE_CURVE ( 'NONE', #5510, #1146, #4240, .T. ) ;
#4164 = FILL_AREA_STYLE ('',( #2644 ) ) ;
#4165 =( LENGTH_UNIT ( ) NAMED_UNIT ( * ) SI_UNIT ( .MILLI., .METRE. ) );
#4166 = LINE ( 'NONE', #2256, #2553 ) ;
#4167 = COLOUR_RGB ( '',1.000000000000000000, 1.000000000000000000, 1.000000000000000000 ) ;
#4168 = DIRECTION ( 'NONE',  ( 1.000000000000000000, 0.000000000000000000, 1.260700200564539352E-16 ) ) ;
#4169 = ORIENTED_EDGE ( 'NONE', *, *, #1056, .T. ) ;
#4170 = DIRECTION ( 'NONE',  ( 0.000000000000000000, -1.000000000000000000, 0.000000000000000000 ) ) ;
#4171 =( NAMED_UNIT ( * ) SI_UNIT ( $, .STERADIAN. ) SOLID_ANGLE_UNIT ( ) );
#4172 = ORIENTED_EDGE ( 'NONE', *, *, #1490, .T. ) ;
#4173 = MECHANICAL_DESIGN_GEOMETRIC_PRESENTATION_REPRESENTATION (  '', ( #1413 ), #2406 ) ;
#4174 = FILL_AREA_STYLE ('',( #2161 ) ) ;
#4175 = ORIENTED_EDGE ( 'NONE', *, *, #2457, .T. ) ;
#4176 = STYLED_ITEM ( 'NONE', ( #365 ), #5039 ) ;
#4177 =( NAMED_UNIT ( * ) PLANE_ANGLE_UNIT ( ) SI_UNIT ( $, .RADIAN. ) );
#4178 = SURFACE_SIDE_STYLE ('',( #3697 ) ) ;
#4179 = PRESENTATION_LAYER_ASSIGNMENT (  '', '', ( #2210 ) ) ;
#4180 = DIRECTION ( 'NONE',  ( 1.421904488505579654E-16, 0.000000000000000000, 1.000000000000000000 ) ) ;
#4181 = EDGE_CURVE ( 'NONE', #2574, #5735, #2786, .T. ) ;
#4182 = FILL_AREA_STYLE ('',( #2189 ) ) ;
#4183 = ORIENTED_EDGE ( 'NONE', *, *, #562, .F. ) ;
#4184 =( NAMED_UNIT ( * ) SI_UNIT ( $, .STERADIAN. ) SOLID_ANGLE_UNIT ( ) );
#4185 = CARTESIAN_POINT ( 'NONE',  ( 0.2927192558403129974, -0.05000000000000000278, -1.650000000000000133 ) ) ;
#4186 = MECHANICAL_DESIGN_GEOMETRIC_PRESENTATION_REPRESENTATION (  '', ( #6223 ), #771 ) ;
#4187 = ORIENTED_EDGE ( 'NONE', *, *, #742, .T. ) ;
#4188 = FILL_AREA_STYLE_COLOUR ( '', #4621 ) ;
#4189 = CARTESIAN_POINT ( 'NONE',  ( 5.698364906551722997E-16, 0.2800000000000000266, 1.130000000000000560 ) ) ;
#4190 = UNCERTAINTY_MEASURE_WITH_UNIT (LENGTH_MEASURE( 1.000000000000000082E-05 ), #5667, 'distance_accuracy_value', 'NONE');
#4191 = VECTOR ( 'NONE', #2083, 1000.000000000000000 ) ;
#4192 = ORIENTED_EDGE ( 'NONE', *, *, #6352, .T. ) ;
#4193 =( NAMED_UNIT ( * ) SI_UNIT ( $, .STERADIAN. ) SOLID_ANGLE_UNIT ( ) );
#4194 = ORIENTED_EDGE ( 'NONE', *, *, #3880, .T. ) ;
#4195 = MECHANICAL_DESIGN_GEOMETRIC_PRESENTATION_REPRESENTATION (  '', ( #5877 ), #3750 ) ;
#4196 = ORIENTED_EDGE ( 'NONE', *, *, #3931, .F. ) ;
#4197 = UNCERTAINTY_MEASURE_WITH_UNIT (LENGTH_MEASURE( 1.000000000000000082E-05 ), #4962, 'distance_accuracy_value', 'NONE');
#4198 = LINE ( 'NONE', #2094, #6056 ) ;
#4199 = CARTESIAN_POINT ( 'NONE',  ( 1.214999999999999192, -0.05000000000000000278, -0.1699999999999995681 ) ) ;
#4200 = CARTESIAN_POINT ( 'NONE',  ( -1.245000000000000773, 0.2800000000000000266, 1.129999999999999893 ) ) ;
#4201 = SURFACE_STYLE_USAGE ( .BOTH. , #4143 ) ;
#4202 = EDGE_LOOP ( 'NONE', ( #3787, #3264, #798 ) ) ;
#4203 = VERTEX_POINT ( 'NONE', #6142 ) ;
#4204 = DIRECTION ( 'NONE',  ( -2.132856732758369605E-16, -0.000000000000000000, -1.000000000000000000 ) ) ;
#4205 = PRESENTATION_STYLE_ASSIGNMENT (( #1559 ) ) ;
#4206 = AXIS2_PLACEMENT_3D ( 'NONE', #4827, #1305, #1792 ) ;
#4207 = VECTOR ( 'NONE', #3653, 1000.000000000000000 ) ;
#4208 = DIRECTION ( 'NONE',  ( 0.000000000000000000, 0.000000000000000000, -1.000000000000000000 ) ) ;
#4209 = EDGE_CURVE ( 'NONE', #2732, #2957, #4080, .T. ) ;
#4210 = DIRECTION ( 'NONE',  ( 0.000000000000000000, 0.000000000000000000, -1.000000000000000000 ) ) ;
#4211 = DIRECTION ( 'NONE',  ( -0.000000000000000000, 1.000000000000000000, -0.000000000000000000 ) ) ;
#4212 = DIRECTION ( 'NONE',  ( 0.000000000000000000, 0.000000000000000000, -1.000000000000000000 ) ) ;
#4213 = ADVANCED_FACE ( 'NONE', ( #777 ), #1289, .F. ) ;
#4214 = PLANE ( 'NONE',  #6194 ) ;
#4215 = LINE ( 'NONE', #955, #2922 ) ;
#4216 = CIRCLE ( 'NONE', #3857, 0.1000000000000000472 ) ;
#4217 = DIRECTION ( 'NONE',  ( -0.000000000000000000, 0.000000000000000000, 1.000000000000000000 ) ) ;
#4218 = STYLED_ITEM ( 'NONE', ( #6073 ), #4594 ) ;
#4219 = LINE ( 'NONE', #4429, #144 ) ;
#4220 = SURFACE_SIDE_STYLE ('',( #2767 ) ) ;
#4221 = EDGE_CURVE ( 'NONE', #128, #274, #5423, .T. ) ;
#4222 = SURFACE_SIDE_STYLE ('',( #4688 ) ) ;
#4223 = EDGE_CURVE ( 'NONE', #3662, #3575, #2554, .T. ) ;
#4224 = CARTESIAN_POINT ( 'NONE',  ( -1.245000000000000773, 0.2800000000000000266, 0.4799999999999999822 ) ) ;
#4225 = CARTESIAN_POINT ( 'NONE',  ( 0.01499999999999960566, -0.05000000000000000278, 1.054999999999999938 ) ) ;
#4226 = CARTESIAN_POINT ( 'NONE',  ( 1.214999999999999414, -0.05000000000000000278, 1.129999999999999893 ) ) ;
#4227 = ORIENTED_EDGE ( 'NONE', *, *, #1578, .F. ) ;
#4228 =( NAMED_UNIT ( * ) SI_UNIT ( $, .STERADIAN. ) SOLID_ANGLE_UNIT ( ) );
#4229 = MECHANICAL_DESIGN_GEOMETRIC_PRESENTATION_REPRESENTATION (  '', ( #684 ), #4785 ) ;
#4230 = ORIENTED_EDGE ( 'NONE', *, *, #1078, .T. ) ;
#4231 = COLOUR_RGB ( '',0.000000000000000000, 0.000000000000000000, 0.000000000000000000 ) ;
#4232 = VECTOR ( 'NONE', #4651, 1000.000000000000000 ) ;
#4233 = DIRECTION ( 'NONE',  ( 1.421904488505579654E-16, 0.000000000000000000, 1.000000000000000000 ) ) ;
#4234 = DIRECTION ( 'NONE',  ( -2.132856732758369605E-16, -0.000000000000000000, -1.000000000000000000 ) ) ;
#4235 = CARTESIAN_POINT ( 'NONE',  ( 0.01499999999999960566, 0.2800000000000000266, -1.054999999999999938 ) ) ;
#4236 = FILL_AREA_STYLE ('',( #2756 ) ) ;
#4237 = SURFACE_STYLE_FILL_AREA ( #2959 ) ;
#4238 = AXIS2_PLACEMENT_3D ( 'NONE', #1713, #4689, #2170 ) ;
#4239 = COLOUR_RGB ( '',1.000000000000000000, 1.000000000000000000, 1.000000000000000000 ) ;
#4240 = LINE ( 'NONE', #3262, #2950 ) ;
#4241 = SURFACE_STYLE_FILL_AREA ( #853 ) ;
#4242 = DIRECTION ( 'NONE',  ( 0.000000000000000000, 0.000000000000000000, 1.000000000000000000 ) ) ;
#4243 = ADVANCED_FACE ( 'NONE', ( #3028 ), #5818, .F. ) ;
#4244 = DIRECTION ( 'NONE',  ( -1.000000000000000000, -0.000000000000000000, -0.000000000000000000 ) ) ;
#4245 = CARTESIAN_POINT ( 'NONE',  ( 1.214999999999998970, -0.05000000000000000278, -0.8199999999999992850 ) ) ;
#4246 = VERTEX_POINT ( 'NONE', #6232 ) ;
#4247 = AXIS2_PLACEMENT_3D ( 'NONE', #1235, #717, #3169 ) ;
#4248 =( LENGTH_UNIT ( ) NAMED_UNIT ( * ) SI_UNIT ( .MILLI., .METRE. ) );
#4249 = EDGE_CURVE ( 'NONE', #3351, #5834, #49, .T. ) ;
#4250 = CARTESIAN_POINT ( 'NONE',  ( -1.245000000000000773, 0.2800000000000000266, 1.054999999999999938 ) ) ;
#4251 = DIRECTION ( 'NONE',  ( -1.000000000000000000, 0.000000000000000000, -1.322197771323786623E-16 ) ) ;
#4252 = ORIENTED_EDGE ( 'NONE', *, *, #2169, .F. ) ;
#4253 = ORIENTED_EDGE ( 'NONE', *, *, #4140, .F. ) ;
#4254 = DIRECTION ( 'NONE',  ( 0.000000000000000000, 0.000000000000000000, -1.000000000000000000 ) ) ;
#4255 = CARTESIAN_POINT ( 'NONE',  ( -1.245000000000000773, 0.2800000000000000266, 1.054999999999999938 ) ) ;
#4256 = ORIENTED_EDGE ( 'NONE', *, *, #6258, .F. ) ;
#4257 = PRESENTATION_LAYER_ASSIGNMENT (  '', '', ( #3810 ) ) ;
#4258 = EDGE_CURVE ( 'NONE', #6298, #257, #5043, .T. ) ;
#4259 = EDGE_CURVE ( 'NONE', #681, #4675, #4329, .T. ) ;
#4260 = DIRECTION ( 'NONE',  ( 6.610988856618930648E-17, 0.000000000000000000, 1.000000000000000000 ) ) ;
#4261 = DIRECTION ( 'NONE',  ( -1.000000000000000000, 0.000000000000000000, -0.000000000000000000 ) ) ;
#4262 = ORIENTED_EDGE ( 'NONE', *, *, #6211, .T. ) ;
#4263 = CARTESIAN_POINT ( 'NONE',  ( -1.245000000000000773, 0.2800000000000000266, 1.129999999999999893 ) ) ;
#4264 = CARTESIAN_POINT ( 'NONE',  ( 0.000000000000000000, 0.2800000000000000266, 0.000000000000000000 ) ) ;
#4265 = ORIENTED_EDGE ( 'NONE', *, *, #4249, .F. ) ;
#4266 = CARTESIAN_POINT ( 'NONE',  ( -1.525000000000000577, 0.000000000000000000, -0.4800000000000000377 ) ) ;
#4267 = AXIS2_PLACEMENT_3D ( 'NONE', #2871, #6318, #3375 ) ;
#4268 = CARTESIAN_POINT ( 'NONE',  ( 0.01499999999999937668, -0.05000000000000000278, -1.156304952865601310 ) ) ;
#4269 = CARTESIAN_POINT ( 'NONE',  ( 1.214999999999998970, 0.2800000000000000266, -1.119999999999999440 ) ) ;
#4270 = CARTESIAN_POINT ( 'NONE',  ( 1.214999999999999192, 0.2800000000000000266, -0.1699999999999995681 ) ) ;
#4271 = EDGE_LOOP ( 'NONE', ( #3875, #3737, #6155, #6201 ) ) ;
#4272 = FILL_AREA_STYLE_COLOUR ( '', #763 ) ;
#4273 = EDGE_LOOP ( 'NONE', ( #6305, #1108, #3729, #1058 ) ) ;
#4274 = CARTESIAN_POINT ( 'NONE',  ( -1.245000000000000773, 0.2800000000000000266, 0.1699999999999999012 ) ) ;
#4275 = ORIENTED_EDGE ( 'NONE', *, *, #2542, .F. ) ;
#4276 = FILL_AREA_STYLE_COLOUR ( '', #4302 ) ;
#4277 = ADVANCED_FACE ( 'NONE', ( #2402 ), #1868, .F. ) ;
#4278 = UNCERTAINTY_MEASURE_WITH_UNIT (LENGTH_MEASURE( 1.000000000000000082E-05 ), #5231, 'distance_accuracy_value', 'NONE');
#4279 = ORIENTED_EDGE ( 'NONE', *, *, #1217, .T. ) ;
#4280 = DIRECTION ( 'NONE',  ( 0.000000000000000000, 1.000000000000000000, 0.000000000000000000 ) ) ;
#4281 = MECHANICAL_DESIGN_GEOMETRIC_PRESENTATION_REPRESENTATION (  '', ( #5053 ), #6147 ) ;
#4282 = CLOSED_SHELL ( 'NONE', ( #3259, #1852, #3667, #5788, #3572, #3506 ) ) ;
#4283 = LINE ( 'NONE', #671, #4670 ) ;
#4284 = FILL_AREA_STYLE_COLOUR ( '', #2010 ) ;
#4285 = MECHANICAL_DESIGN_GEOMETRIC_PRESENTATION_REPRESENTATION (  '', ( #3955 ), #2374 ) ;
#4286 = SURFACE_STYLE_USAGE ( .BOTH. , #869 ) ;
#4287 = SURFACE_STYLE_FILL_AREA ( #3683 ) ;
#4288 = CARTESIAN_POINT ( 'NONE',  ( 5.698364906551722997E-16, 0.000000000000000000, 1.130000000000000560 ) ) ;
#4289 = SURFACE_SIDE_STYLE ('',( #2638 ) ) ;
#4290 = VECTOR ( 'NONE', #5323, 1000.000000000000114 ) ;
#4291 =( LENGTH_UNIT ( ) NAMED_UNIT ( * ) SI_UNIT ( .MILLI., .METRE. ) );
#4292 = PRESENTATION_STYLE_ASSIGNMENT (( #4582 ) ) ;
#4293 = CARTESIAN_POINT ( 'NONE',  ( 1.644999999999999574, -0.05000000000000000278, 1.129999999999999671 ) ) ;
#4294 = PRESENTATION_STYLE_ASSIGNMENT (( #5388 ) ) ;
#4295 = MECHANICAL_DESIGN_GEOMETRIC_PRESENTATION_REPRESENTATION (  '', ( #3644 ), #3078 ) ;
#4296 = PLANE ( 'NONE',  #724 ) ;
#4297 = FACE_OUTER_BOUND ( 'NONE', #4935, .T. ) ;
#4298 = LINE ( 'NONE', #4021, #5321 ) ;
#4299 = FILL_AREA_STYLE_COLOUR ( '', #5808 ) ;
#4300 = FILL_AREA_STYLE_COLOUR ( '', #2385 ) ;
#4301 = VECTOR ( 'NONE', #2436, 1000.000000000000000 ) ;
#4302 = COLOUR_RGB ( '',1.000000000000000000, 1.000000000000000000, 1.000000000000000000 ) ;
#4303 = VERTEX_POINT ( 'NONE', #4368 ) ;
#4304 = FILL_AREA_STYLE ('',( #5218 ) ) ;
#4305 = PRESENTATION_STYLE_ASSIGNMENT (( #280 ) ) ;
#4306 = PRESENTATION_STYLE_ASSIGNMENT (( #3377 ) ) ;
#4307 = EDGE_LOOP ( 'NONE', ( #3265, #5363, #2029, #4119, #431, #33 ) ) ;
#4308 =( GEOMETRIC_REPRESENTATION_CONTEXT ( 3 ) GLOBAL_UNCERTAINTY_ASSIGNED_CONTEXT ( ( #958 ) ) GLOBAL_UNIT_ASSIGNED_CONTEXT ( ( #3784, #836, #1373 ) ) REPRESENTATION_CONTEXT ( 'NONE', 'WORKASPACE' ) );
#4309 = DIRECTION ( 'NONE',  ( 1.000000000000000000, 0.000000000000000000, -6.610988856618930648E-17 ) ) ;
#4310 = CARTESIAN_POINT ( 'NONE',  ( 1.524999999999999689, 0.2800000000000000266, 0.8299999999999996270 ) ) ;
#4311 = VECTOR ( 'NONE', #2391, 1000.000000000000000 ) ;
#4312 =( GEOMETRIC_REPRESENTATION_CONTEXT ( 3 ) GLOBAL_UNCERTAINTY_ASSIGNED_CONTEXT ( ( #3813 ) ) GLOBAL_UNIT_ASSIGNED_CONTEXT ( ( #643, #2103, #5584 ) ) REPRESENTATION_CONTEXT ( 'NONE', 'WORKASPACE' ) );
#4313 = EDGE_CURVE ( 'NONE', #3966, #2747, #5954, .T. ) ;
#4314 = SURFACE_STYLE_FILL_AREA ( #53 ) ;
#4315 = CARTESIAN_POINT ( 'NONE',  ( 1.524999999999999245, 0.000000000000000000, -1.524999999999999911 ) ) ;
#4316 = ADVANCED_FACE ( 'NONE', ( #545 ), #3910, .F. ) ;
#4317 = EDGE_CURVE ( 'NONE', #5531, #378, #6089, .T. ) ;
#4318 = CARTESIAN_POINT ( 'NONE',  ( -1.655000000000000471, -0.05000000000000000278, -1.129999999999999893 ) ) ;
#4319 = COLOUR_RGB ( '',0.000000000000000000, 0.000000000000000000, 0.000000000000000000 ) ;
#4320 = PRESENTATION_STYLE_ASSIGNMENT (( #1317 ) ) ;
#4321 =( NAMED_UNIT ( * ) SI_UNIT ( $, .STERADIAN. ) SOLID_ANGLE_UNIT ( ) );
#4322 = PLANE ( 'NONE',  #4206 ) ;
#4323 = VECTOR ( 'NONE', #2363, 1000.000000000000000 ) ;
#4324 = STYLED_ITEM ( 'NONE', ( #4292 ), #1818 ) ;
#4325 = CARTESIAN_POINT ( 'NONE',  ( 1.524999999999999467, 0.2800000000000000266, -3.252606517456512316E-16 ) ) ;
#4326 = DIRECTION ( 'NONE',  ( -0.000000000000000000, 1.000000000000000000, -0.000000000000000000 ) ) ;
#4327 = DIRECTION ( 'NONE',  ( 0.000000000000000000, 0.000000000000000000, -1.000000000000000000 ) ) ;
#4328 = ORIENTED_EDGE ( 'NONE', *, *, #793, .F. ) ;
#4329 = LINE ( 'NONE', #948, #5504 ) ;
#4330 = STYLED_ITEM ( 'NONE', ( #1829 ), #3297 ) ;
#4331 = ORIENTED_EDGE ( 'NONE', *, *, #2186, .F. ) ;
#4332 = LINE ( 'NONE', #3752, #2880 ) ;
#4333 = ORIENTED_EDGE ( 'NONE', *, *, #4350, .T. ) ;
#4334 = FILL_AREA_STYLE_COLOUR ( '', #1004 ) ;
#4335 = AXIS2_PLACEMENT_3D ( 'NONE', #1684, #6235, #5660 ) ;
#4336 = PLANE ( 'NONE',  #5851 ) ;
#4337 = AXIS2_PLACEMENT_3D ( 'NONE', #4199, #3648, #2704 ) ;
#4338 = VERTEX_POINT ( 'NONE', #965 ) ;
#4339 = MECHANICAL_DESIGN_GEOMETRIC_PRESENTATION_REPRESENTATION (  '', ( #1368 ), #3678 ) ;
#4340 = EDGE_CURVE ( 'NONE', #6209, #424, #3338, .T. ) ;
#4341 = SURFACE_STYLE_USAGE ( .BOTH. , #1988 ) ;
#4342 = FILL_AREA_STYLE ('',( #477 ) ) ;
#4343 = FILL_AREA_STYLE_COLOUR ( '', #1751 ) ;
#4344 =( LENGTH_UNIT ( ) NAMED_UNIT ( * ) SI_UNIT ( .MILLI., .METRE. ) );
#4345 = CARTESIAN_POINT ( 'NONE',  ( 1.644999999999999574, -0.05000000000000000278, 1.129999999999999671 ) ) ;
#4346 = ADVANCED_FACE ( 'NONE', ( #229 ), #6324, .F. ) ;
#4347 =( GEOMETRIC_REPRESENTATION_CONTEXT ( 3 ) GLOBAL_UNCERTAINTY_ASSIGNED_CONTEXT ( ( #2327 ) ) GLOBAL_UNIT_ASSIGNED_CONTEXT ( ( #2370, #3382, #4920 ) ) REPRESENTATION_CONTEXT ( 'NONE', 'WORKASPACE' ) );
#4348 = ORIENTED_EDGE ( 'NONE', *, *, #2617, .F. ) ;
#4349 = DIRECTION ( 'NONE',  ( 5.065132647691205162E-17, 0.000000000000000000, -1.000000000000000000 ) ) ;
#4350 = EDGE_CURVE ( 'NONE', #4959, #3034, #3177, .T. ) ;
#4351 = EDGE_CURVE ( 'NONE', #1098, #3660, #694, .T. ) ;
#4352 = UNCERTAINTY_MEASURE_WITH_UNIT (LENGTH_MEASURE( 1.000000000000000082E-05 ), #983, 'distance_accuracy_value', 'NONE');
#4353 = FILL_AREA_STYLE_COLOUR ( '', #6322 ) ;
#4354 = EDGE_LOOP ( 'NONE', ( #5214, #710, #3854, #2569 ) ) ;
#4355 =( LENGTH_UNIT ( ) NAMED_UNIT ( * ) SI_UNIT ( .MILLI., .METRE. ) );
#4356 = LINE ( 'NONE', #4501, #4118 ) ;
#4357 = VECTOR ( 'NONE', #2251, 1000.000000000000000 ) ;
#4358 = VERTEX_POINT ( 'NONE', #2001 ) ;
#4359 = ORIENTED_EDGE ( 'NONE', *, *, #742, .F. ) ;
#4360 =( NAMED_UNIT ( * ) SI_UNIT ( $, .STERADIAN. ) SOLID_ANGLE_UNIT ( ) );
#4361 = CARTESIAN_POINT ( 'NONE',  ( 1.214999999999999192, 0.000000000000000000, 0.1800000000000000488 ) ) ;
#4362 = SURFACE_STYLE_USAGE ( .BOTH. , #461 ) ;
#4363 = EDGE_LOOP ( 'NONE', ( #6129, #3732, #5446, #1035 ) ) ;
#4364 = STYLED_ITEM ( 'NONE', ( #1008 ), #2753 ) ;
#4365 =( LENGTH_UNIT ( ) NAMED_UNIT ( * ) SI_UNIT ( .MILLI., .METRE. ) );
#4366 = VECTOR ( 'NONE', #5452, 1000.000000000000000 ) ;
#4367 = FILL_AREA_STYLE_COLOUR ( '', #196 ) ;
#4368 = CARTESIAN_POINT ( 'NONE',  ( 0.2927192558403129974, 0.000000000000000000, -1.524999999999999911 ) ) ;
#4369 = DIRECTION ( 'NONE',  ( -1.000000000000000000, 0.000000000000000000, -0.000000000000000000 ) ) ;
#4370 = STYLED_ITEM ( 'NONE', ( #3542 ), #5750 ) ;
#4371 = DIRECTION ( 'NONE',  ( 0.000000000000000000, -1.000000000000000000, 0.000000000000000000 ) ) ;
#4372 = PRESENTATION_STYLE_ASSIGNMENT (( #517 ) ) ;
#4373 = STYLED_ITEM ( 'NONE', ( #1801 ), #87 ) ;
#4374 = SURFACE_STYLE_FILL_AREA ( #5730 ) ;
#4375 = ADVANCED_BREP_SHAPE_REPRESENTATION ( 'SI7617DN-T1-GE3', ( #5616, #346, #1, #5533, #2753, #6188, #3638 ), #4079 ) ;
#4376 = EDGE_CURVE ( 'NONE', #3791, #5532, #2317, .T. ) ;
#4377 = ADVANCED_FACE ( 'NONE', ( #1926 ), #2497, .F. ) ;
#4378 = LINE ( 'NONE', #323, #5405 ) ;
#4379 = VECTOR ( 'NONE', #2020, 1000.000000000000000 ) ;
#4380 = EDGE_LOOP ( 'NONE', ( #5916, #595, #2353, #5937 ) ) ;
#4381 = DIRECTION ( 'NONE',  ( 0.000000000000000000, 0.000000000000000000, 1.000000000000000000 ) ) ;
#4382 = FACE_OUTER_BOUND ( 'NONE', #4821, .T. ) ;
#4383 =( GEOMETRIC_REPRESENTATION_CONTEXT ( 3 ) GLOBAL_UNCERTAINTY_ASSIGNED_CONTEXT ( ( #5106 ) ) GLOBAL_UNIT_ASSIGNED_CONTEXT ( ( #1897, #4866, #3878 ) ) REPRESENTATION_CONTEXT ( 'NONE', 'WORKASPACE' ) );
#4384 = LINE ( 'NONE', #5263, #5800 ) ;
#4385 = CARTESIAN_POINT ( 'NONE',  ( -1.525000000000000133, 0.2800000000000000266, 1.424999999999999600 ) ) ;
#4386 = DIRECTION ( 'NONE',  ( 0.000000000000000000, -1.000000000000000000, 0.000000000000000000 ) ) ;
#4387 = VERTEX_POINT ( 'NONE', #3977 ) ;
#4388 =( NAMED_UNIT ( * ) PLANE_ANGLE_UNIT ( ) SI_UNIT ( $, .RADIAN. ) );
#4389 = ORIENTED_EDGE ( 'NONE', *, *, #6245, .T. ) ;
#4390 = PLANE ( 'NONE',  #6274 ) ;
#4391 = SURFACE_SIDE_STYLE ('',( #1704 ) ) ;
#4392 = SURFACE_SIDE_STYLE ('',( #814 ) ) ;
#4393 = LINE ( 'NONE', #6114, #5943 ) ;
#4394 = FACE_OUTER_BOUND ( 'NONE', #2104, .T. ) ;
#4395 = CARTESIAN_POINT ( 'NONE',  ( 0.000000000000000000, -0.05000000000000000278, 0.000000000000000000 ) ) ;
#4396 = PRESENTATION_STYLE_ASSIGNMENT (( #5957 ) ) ;
#4397 =( BOUNDED_CURVE ( )  B_SPLINE_CURVE ( 3, ( #3304, #3279, #3374, #5811 ),
 .UNSPECIFIED., .F., .F. ) 
 B_SPLINE_CURVE_WITH_KNOTS ( ( 4, 4 ),
 ( 2.361657698713882869, 3.921527608465702919 ),
 .UNSPECIFIED. ) 
 CURVE ( )  GEOMETRIC_REPRESENTATION_ITEM ( )  RATIONAL_B_SPLINE_CURVE ( ( 1.000000000000000000, 0.8073061876036307094, 0.8073061876036307094, 1.000000000000000000 ) ) 
 REPRESENTATION_ITEM ( '' )  );
#4398 = CARTESIAN_POINT ( 'NONE',  ( 1.524999999999999689, 0.2800000000000000266, 1.129999999999999893 ) ) ;
#4399 = STYLED_ITEM ( 'NONE', ( #928 ), #1377 ) ;
#4400 = UNCERTAINTY_MEASURE_WITH_UNIT (LENGTH_MEASURE( 1.000000000000000082E-05 ), #1105, 'distance_accuracy_value', 'NONE');
#4401 = MECHANICAL_DESIGN_GEOMETRIC_PRESENTATION_REPRESENTATION (  '', ( #5983 ), #5537 ) ;
#4402 = SURFACE_STYLE_FILL_AREA ( #2839 ) ;
#4403 = EDGE_LOOP ( 'NONE', ( #397, #6360, #808, #2826 ) ) ;
#4404 = DIRECTION ( 'NONE',  ( -0.000000000000000000, 1.000000000000000000, -0.000000000000000000 ) ) ;
#4405 = FILL_AREA_STYLE ('',( #5404 ) ) ;
#4406 = ORIENTED_EDGE ( 'NONE', *, *, #2284, .F. ) ;
#4407 = SURFACE_STYLE_FILL_AREA ( #737 ) ;
#4408 = CARTESIAN_POINT ( 'NONE',  ( 0.000000000000000000, 0.000000000000000000, 0.000000000000000000 ) ) ;
#4409 = ORIENTED_EDGE ( 'NONE', *, *, #3581, .F. ) ;
#4410 = DIRECTION ( 'NONE',  ( 0.000000000000000000, 0.000000000000000000, -1.000000000000000000 ) ) ;
#4411 =( GEOMETRIC_REPRESENTATION_CONTEXT ( 3 ) GLOBAL_UNCERTAINTY_ASSIGNED_CONTEXT ( ( #3156 ) ) GLOBAL_UNIT_ASSIGNED_CONTEXT ( ( #920, #2368, #3808 ) ) REPRESENTATION_CONTEXT ( 'NONE', 'WORKASPACE' ) );
#4412 = ORIENTED_EDGE ( 'NONE', *, *, #1219, .F. ) ;
#4413 = FILL_AREA_STYLE ('',( #2923 ) ) ;
#4414 = DIRECTION ( 'NONE',  ( 0.000000000000000000, -0.1045284632676538733, -0.9945218953682734009 ) ) ;
#4415 = STYLED_ITEM ( 'NONE', ( #938 ), #5547 ) ;
#4416 = EDGE_CURVE ( 'NONE', #1731, #1096, #3014, .T. ) ;
#4417 = SURFACE_SIDE_STYLE ('',( #206 ) ) ;
#4418 = ORIENTED_EDGE ( 'NONE', *, *, #5110, .T. ) ;
#4419 = CARTESIAN_POINT ( 'NONE',  ( 0.01499999999999937668, 0.2800000000000000266, -1.156304952865601310 ) ) ;
#4420 = ORIENTED_EDGE ( 'NONE', *, *, #1279, .T. ) ;
#4421 = DIRECTION ( 'NONE',  ( 0.000000000000000000, -1.000000000000000000, 0.000000000000000000 ) ) ;
#4422 = CARTESIAN_POINT ( 'NONE',  ( 1.214999999999999192, 0.2800000000000000266, -0.1699999999999995681 ) ) ;
#4423 = MECHANICAL_DESIGN_GEOMETRIC_PRESENTATION_REPRESENTATION (  '', ( #1460 ), #6303 ) ;
#4424 = CARTESIAN_POINT ( 'NONE',  ( -1.245000000000000551, -0.000000000000000000, -1.129999999999999893 ) ) ;
#4425 = CARTESIAN_POINT ( 'NONE',  ( 1.425546318134516710, 0.2800141985587185633, 1.524998507671343928 ) ) ;
#4426 = ORIENTED_EDGE ( 'NONE', *, *, #631, .F. ) ;
#4427 = LINE ( 'NONE', #6325, #2351 ) ;
#4428 = ORIENTED_EDGE ( 'NONE', *, *, #913, .T. ) ;
#4429 = CARTESIAN_POINT ( 'NONE',  ( 0.01499999999999960566, 0.2800000000000000266, -1.054999999999999938 ) ) ;
#4430 = EDGE_CURVE ( 'NONE', #2859, #2747, #1468, .T. ) ;
#4431 = EDGE_CURVE ( 'NONE', #952, #6382, #5337, .T. ) ;
#4432 = LINE ( 'NONE', #1856, #3141 ) ;
#4433 = CARTESIAN_POINT ( 'NONE',  ( -1.425546318134517376, 0.2800141985587164539, -1.524998507671344372 ) ) ;
#4434 = ORIENTED_EDGE ( 'NONE', *, *, #806, .T. ) ;
#4435 = ORIENTED_EDGE ( 'NONE', *, *, #99, .T. ) ;
#4436 = FILL_AREA_STYLE ('',( #4011 ) ) ;
#4437 = FACE_OUTER_BOUND ( 'NONE', #264, .T. ) ;
#4438 = CARTESIAN_POINT ( 'NONE',  ( 1.214999999999999414, -0.05000000000000000278, 1.129999999999999893 ) ) ;
#4439 = MECHANICAL_DESIGN_GEOMETRIC_PRESENTATION_REPRESENTATION (  '', ( #4324 ), #2581 ) ;
#4440 = LINE ( 'NONE', #24, #4133 ) ;
#4441 = PRESENTATION_STYLE_ASSIGNMENT (( #3324 ) ) ;
#4442 = CARTESIAN_POINT ( 'NONE',  ( -1.525000000000000577, 0.2800000000000000266, -1.524999999999999911 ) ) ;
#4443 =( NAMED_UNIT ( * ) PLANE_ANGLE_UNIT ( ) SI_UNIT ( $, .RADIAN. ) );
#4444 =( NAMED_UNIT ( * ) PLANE_ANGLE_UNIT ( ) SI_UNIT ( $, .RADIAN. ) );
#4445 = AXIS2_PLACEMENT_3D ( 'NONE', #2850, #1376, #3868 ) ;
#4446 =( LENGTH_UNIT ( ) NAMED_UNIT ( * ) SI_UNIT ( .MILLI., .METRE. ) );
#4447 =( NAMED_UNIT ( * ) PLANE_ANGLE_UNIT ( ) SI_UNIT ( $, .RADIAN. ) );
#4448 = CARTESIAN_POINT ( 'NONE',  ( 1.524999999999999245, 0.2800000000000000266, -1.424999999999999822 ) ) ;
#4449 = CARTESIAN_POINT ( 'NONE',  ( -1.655000000000000471, 0.2800000000000000266, 0.4799999999999999267 ) ) ;
#4450 =( GEOMETRIC_REPRESENTATION_CONTEXT ( 3 ) GLOBAL_UNCERTAINTY_ASSIGNED_CONTEXT ( ( #4190 ) ) GLOBAL_UNIT_ASSIGNED_CONTEXT ( ( #5667, #5711, #6154 ) ) REPRESENTATION_CONTEXT ( 'NONE', 'WORKASPACE' ) );
#4451 = PRESENTATION_LAYER_ASSIGNMENT (  '', '', ( #5589 ) ) ;
#4452 = CARTESIAN_POINT ( 'NONE',  ( -1.355080376768302175, 0.9400000000000000577, -1.355080376768301509 ) ) ;
#4453 = VECTOR ( 'NONE', #6345, 1000.000000000000000 ) ;
#4454 = ORIENTED_EDGE ( 'NONE', *, *, #6198, .T. ) ;
#4455 = PRESENTATION_LAYER_ASSIGNMENT (  '', '', ( #1771 ) ) ;
#4456 = EDGE_CURVE ( 'NONE', #6074, #4887, #220, .T. ) ;
#4457 = VERTEX_POINT ( 'NONE', #4449 ) ;
#4458 =( NAMED_UNIT ( * ) PLANE_ANGLE_UNIT ( ) SI_UNIT ( $, .RADIAN. ) );
#4459 = LINE ( 'NONE', #1652, #6327 ) ;
#4460 = ORIENTED_EDGE ( 'NONE', *, *, #5475, .T. ) ;
#4461 = PRESENTATION_STYLE_ASSIGNMENT (( #5787 ) ) ;
#4462 = CARTESIAN_POINT ( 'NONE',  ( 1.524681247592594158, 0.2830327265747157317, 1.483617856335787577 ) ) ;
#4463 = COLOUR_RGB ( '',0.000000000000000000, 0.000000000000000000, 0.000000000000000000 ) ;
#4464 = PRESENTATION_STYLE_ASSIGNMENT (( #5909 ) ) ;
#4465 = SURFACE_STYLE_USAGE ( .BOTH. , #3827 ) ;
#4466 = MECHANICAL_DESIGN_GEOMETRIC_PRESENTATION_REPRESENTATION (  '', ( #3810 ), #5926 ) ;
#4467 = CARTESIAN_POINT ( 'NONE',  ( 0.2927192558403129974, 0.2800000000000000266, -1.382434901537152649 ) ) ;
#4468 = SURFACE_STYLE_FILL_AREA ( #875 ) ;
#4469 = DIRECTION ( 'NONE',  ( 2.026053059076482065E-16, 0.000000000000000000, 1.000000000000000000 ) ) ;
#4470 = CARTESIAN_POINT ( 'NONE',  ( 1.424999999999999822, 0.2800000000000000266, 1.524999999999999911 ) ) ;
#4471 = FACE_OUTER_BOUND ( 'NONE', #4354, .T. ) ;
#4472 = EDGE_CURVE ( 'NONE', #883, #1807, #1385, .T. ) ;
#4473 = DIRECTION ( 'NONE',  ( -6.994852725712933200E-16, 0.000000000000000000, -1.000000000000000000 ) ) ;
#4474 = EDGE_CURVE ( 'NONE', #2081, #3819, #380, .T. ) ;
#4475 = PRESENTATION_STYLE_ASSIGNMENT (( #4753 ) ) ;
#4476 = DIRECTION ( 'NONE',  ( -5.042800802258159378E-16, 0.000000000000000000, -1.000000000000000000 ) ) ;
#4477 = VECTOR ( 'NONE', #3024, 1000.000000000000000 ) ;
#4478 = COLOUR_RGB ( '',1.000000000000000000, 1.000000000000000000, 1.000000000000000000 ) ;
#4479 = ORIENTED_EDGE ( 'NONE', *, *, #342, .T. ) ;
#4480 = VECTOR ( 'NONE', #2034, 1000.000000000000000 ) ;
#4481 = CARTESIAN_POINT ( 'NONE',  ( -1.245000000000000773, -0.05000000000000000278, -1.054999999999999938 ) ) ;
#4482 = UNCERTAINTY_MEASURE_WITH_UNIT (LENGTH_MEASURE( 1.000000000000000082E-05 ), #982, 'distance_accuracy_value', 'NONE');
#4483 = PRESENTATION_LAYER_ASSIGNMENT (  '', '', ( #1512 ) ) ;
#4484 = UNCERTAINTY_MEASURE_WITH_UNIT (LENGTH_MEASURE( 1.000000000000000082E-05 ), #6214, 'distance_accuracy_value', 'NONE');
#4485 = FILL_AREA_STYLE ('',( #5020 ) ) ;
#4486 = ORIENTED_EDGE ( 'NONE', *, *, #1697, .T. ) ;
#4487 = FILL_AREA_STYLE_COLOUR ( '', #2651 ) ;
#4488 = ORIENTED_EDGE ( 'NONE', *, *, #913, .F. ) ;
#4489 = CARTESIAN_POINT ( 'NONE',  ( 2.420544385083920190E-16, 0.2800000000000000266, 0.4800000000000007594 ) ) ;
#4490 = STYLED_ITEM ( 'NONE', ( #2865 ), #2902 ) ;
#4491 = SURFACE_SIDE_STYLE ('',( #5603 ) ) ;
#4492 = ORIENTED_EDGE ( 'NONE', *, *, #2373, .F. ) ;
#4493 =( GEOMETRIC_REPRESENTATION_CONTEXT ( 3 ) GLOBAL_UNCERTAINTY_ASSIGNED_CONTEXT ( ( #2782 ) ) GLOBAL_UNIT_ASSIGNED_CONTEXT ( ( #492, #2981, #953 ) ) REPRESENTATION_CONTEXT ( 'NONE', 'WORKASPACE' ) );
#4494 = CARTESIAN_POINT ( 'NONE',  ( 1.644999999999999574, -0.05000000000000000278, -1.120000000000000107 ) ) ;
#4495 = DIRECTION ( 'NONE',  ( 0.000000000000000000, 0.000000000000000000, -1.000000000000000000 ) ) ;
#4496 = ADVANCED_FACE ( 'NONE', ( #2695 ), #3563, .F. ) ;
#4497 = AXIS2_PLACEMENT_3D ( 'NONE', #5408, #485, #5859 ) ;
#4498 = CARTESIAN_POINT ( 'NONE',  ( 0.01499999999999960566, 0.2800000000000000266, 1.054999999999999938 ) ) ;
#4499 = SURFACE_STYLE_USAGE ( .BOTH. , #1077 ) ;
#4500 = EDGE_CURVE ( 'NONE', #5735, #3496, #2543, .T. ) ;
#4501 = CARTESIAN_POINT ( 'NONE',  ( -1.525000000000000133, 0.2800000000000000266, 1.424999999999999600 ) ) ;
#4502 = PRESENTATION_STYLE_ASSIGNMENT (( #2225 ) ) ;
#4503 =( LENGTH_UNIT ( ) NAMED_UNIT ( * ) SI_UNIT ( .MILLI., .METRE. ) );
#4504 = VERTEX_POINT ( 'NONE', #2975 ) ;
#4505 = DIRECTION ( 'NONE',  ( -0.1039620511844979306, -0.9891328443778539814, 0.1039620511844979445 ) ) ;
#4506 = STYLED_ITEM ( 'NONE', ( #4205 ), #3759 ) ;
#4507 = ORIENTED_EDGE ( 'NONE', *, *, #5131, .T. ) ;
#4508 = FILL_AREA_STYLE_COLOUR ( '', #1742 ) ;
#4509 = FILL_AREA_STYLE_COLOUR ( '', #270 ) ;
#4510 = FILL_AREA_STYLE_COLOUR ( '', #4463 ) ;
#4511 = FACE_OUTER_BOUND ( 'NONE', #2879, .T. ) ;
#4512 = CARTESIAN_POINT ( 'NONE',  ( -1.245000000000000773, 0.2800000000000000266, 1.054999999999999938 ) ) ;
#4513 = ORIENTED_EDGE ( 'NONE', *, *, #3044, .T. ) ;
#4514 = LINE ( 'NONE', #615, #591 ) ;
#4515 = PRESENTATION_LAYER_ASSIGNMENT (  '', '', ( #4176 ) ) ;
#4516 = CARTESIAN_POINT ( 'NONE',  ( 1.524999999999999911, 0.2800000000000000266, 1.424999999999999600 ) ) ;
#4517 = PLANE ( 'NONE',  #5956 ) ;
#4518 = FACE_OUTER_BOUND ( 'NONE', #6217, .T. ) ;
#4519 = VERTEX_POINT ( 'NONE', #5975 ) ;
#4520 = PRESENTATION_LAYER_ASSIGNMENT (  '', '', ( #3772 ) ) ;
#4521 = COLOUR_RGB ( '',0.7921568627450980005, 0.8196078431372548767, 0.9333333333333333481 ) ;
#4522 = EDGE_CURVE ( 'NONE', #1146, #4612, #2309, .T. ) ;
#4523 = EDGE_CURVE ( 'NONE', #3699, #6076, #3853, .T. ) ;
#4524 = VECTOR ( 'NONE', #5982, 1000.000000000000000 ) ;
#4525 = CARTESIAN_POINT ( 'NONE',  ( -1.524999502555878239, 0.2800047328646773637, -1.425364213674966019 ) ) ;
#4526 = SURFACE_STYLE_USAGE ( .BOTH. , #4014 ) ;
#4527 = MECHANICAL_DESIGN_GEOMETRIC_PRESENTATION_REPRESENTATION (  '', ( #5614 ), #6316 ) ;
#4528 = COLOUR_RGB ( '',0.000000000000000000, 0.000000000000000000, 0.000000000000000000 ) ;
#4529 = VECTOR ( 'NONE', #805, 1000.000000000000000 ) ;
#4530 = FACE_OUTER_BOUND ( 'NONE', #2383, .T. ) ;
#4531 = SURFACE_STYLE_USAGE ( .BOTH. , #4971 ) ;
#4532 = CARTESIAN_POINT ( 'NONE',  ( 0.000000000000000000, 0.2800000000000000266, 0.000000000000000000 ) ) ;
#4533 = PRESENTATION_STYLE_ASSIGNMENT (( #2428 ) ) ;
#4534 = CARTESIAN_POINT ( 'NONE',  ( 1.214999999999999414, 0.000000000000000000, 1.129999999999999893 ) ) ;
#4535 = ORIENTED_EDGE ( 'NONE', *, *, #843, .T. ) ;
#4536 = DIRECTION ( 'NONE',  ( -0.000000000000000000, -1.000000000000000000, -0.000000000000000000 ) ) ;
#4537 = AXIS2_PLACEMENT_3D ( 'NONE', #903, #838, #4327 ) ;
#4538 =( LENGTH_UNIT ( ) NAMED_UNIT ( * ) SI_UNIT ( .MILLI., .METRE. ) );
#4539 = VECTOR ( 'NONE', #1209, 1000.000000000000000 ) ;
#4540 =( NAMED_UNIT ( * ) PLANE_ANGLE_UNIT ( ) SI_UNIT ( $, .RADIAN. ) );
#4541 = FILL_AREA_STYLE_COLOUR ( '', #2005 ) ;
#4542 = LINE ( 'NONE', #269, #4311 ) ;
#4543 = MECHANICAL_DESIGN_GEOMETRIC_PRESENTATION_REPRESENTATION (  '', ( #4001 ), #4889 ) ;
#4544 = VECTOR ( 'NONE', #4601, 1000.000000000000000 ) ;
#4545 = VERTEX_POINT ( 'NONE', #131 ) ;
#4546 = EDGE_LOOP ( 'NONE', ( #5594, #470, #642, #2774 ) ) ;
#4547 = CARTESIAN_POINT ( 'NONE',  ( 1.524999999999999245, 0.2800000000000000266, -1.524999999999999911 ) ) ;
#4548 = VECTOR ( 'NONE', #5137, 1000.000000000000000 ) ;
#4549 = EDGE_CURVE ( 'NONE', #5078, #3824, #5172, .T. ) ;
#4550 = CARTESIAN_POINT ( 'NONE',  ( 1.424999999999998934, 0.2800000000000000266, -1.524999999999999911 ) ) ;
#4551 = VECTOR ( 'NONE', #5912, 1000.000000000000000 ) ;
#4552 = CARTESIAN_POINT ( 'NONE',  ( 1.424999999999998934, 0.000000000000000000, -1.424999999999999822 ) ) ;
#4553 = SURFACE_STYLE_FILL_AREA ( #5745 ) ;
#4554 = CYLINDRICAL_SURFACE ( 'NONE', #1964, 0.1000000000000000472 ) ;
#4555 = SURFACE_STYLE_FILL_AREA ( #4304 ) ;
#4556 =( GEOMETRIC_REPRESENTATION_CONTEXT ( 3 ) GLOBAL_UNCERTAINTY_ASSIGNED_CONTEXT ( ( #3914 ) ) GLOBAL_UNIT_ASSIGNED_CONTEXT ( ( #5828, #3325, #2295 ) ) REPRESENTATION_CONTEXT ( 'NONE', 'WORKASPACE' ) );
#4557 = DIRECTION ( 'NONE',  ( -0.1039620511844979445, 0.9891328443778537594, -0.1039620511844979167 ) ) ;
#4558 = CARTESIAN_POINT ( 'NONE',  ( 0.09728074415968637756, 0.2800000000000000266, -1.382434901537152649 ) ) ;
#4559 = CARTESIAN_POINT ( 'NONE',  ( -1.525000000000000577, 0.2800000000000000266, -1.524999999999999911 ) ) ;
#4560 = VECTOR ( 'NONE', #4938, 1000.000000000000000 ) ;
#4561 = PLANE ( 'NONE',  #2746 ) ;
#4562 = EDGE_CURVE ( 'NONE', #1803, #4815, #1228, .T. ) ;
#4563 = ORIENTED_EDGE ( 'NONE', *, *, #5059, .T. ) ;
#4564 = SURFACE_STYLE_FILL_AREA ( #3646 ) ;
#4565 = ADVANCED_FACE ( 'NONE', ( #3698 ), #3233, .F. ) ;
#4566 = EDGE_LOOP ( 'NONE', ( #5326, #2906, #4359, #2559, #5016, #664, #4192, #3643, #2490 ) ) ;
#4567 = PRESENTATION_LAYER_ASSIGNMENT (  '', '', ( #5690 ) ) ;
#4568 = FACE_OUTER_BOUND ( 'NONE', #3174, .T. ) ;
#4569 = SURFACE_STYLE_USAGE ( .BOTH. , #4060 ) ;
#4570 = EDGE_LOOP ( 'NONE', ( #4931, #529, #1576, #2172, #2133, #1142 ) ) ;
#4571 = ORIENTED_EDGE ( 'NONE', *, *, #3613, .F. ) ;
#4572 =( NAMED_UNIT ( * ) PLANE_ANGLE_UNIT ( ) SI_UNIT ( $, .RADIAN. ) );
#4573 = EDGE_LOOP ( 'NONE', ( #1950, #5202, #4040, #2589 ) ) ;
#4574 = CARTESIAN_POINT ( 'NONE',  ( 1.644999999999999574, -0.05000000000000000278, -0.8200000000000003952 ) ) ;
#4575 = MECHANICAL_DESIGN_GEOMETRIC_PRESENTATION_REPRESENTATION (  '', ( #2719 ), #5832 ) ;
#4576 = ADVANCED_FACE ( 'NONE', ( #5419 ), #4615, .T. ) ;
#4577 = PLANE ( 'NONE',  #4337 ) ;
#4578 = CARTESIAN_POINT ( 'NONE',  ( -1.245000000000000551, 0.2800000000000000266, -0.8200000000000000622 ) ) ;
#4579 = AXIS2_PLACEMENT_3D ( 'NONE', #2710, #224, #3210 ) ;
#4580 = SURFACE_SIDE_STYLE ('',( #2462 ) ) ;
#4581 = EDGE_LOOP ( 'NONE', ( #5669, #3879, #1888, #944, #403, #1390, #6358, #4230, #1045 ) ) ;
#4582 = SURFACE_STYLE_USAGE ( .BOTH. , #5666 ) ;
#4583 = PRESENTATION_LAYER_ASSIGNMENT (  '', '', ( #2266 ) ) ;
#4584 = CARTESIAN_POINT ( 'NONE',  ( 1.214999999999999192, 0.2800000000000000266, -0.4699999999999996958 ) ) ;
#4585 = ORIENTED_EDGE ( 'NONE', *, *, #4474, .T. ) ;
#4586 = EDGE_CURVE ( 'NONE', #334, #4696, #5097, .T. ) ;
#4587 = CARTESIAN_POINT ( 'NONE',  ( 1.424999999999999822, 0.2800000000000000266, 1.524999999999999911 ) ) ;
#4588 =( NAMED_UNIT ( * ) SI_UNIT ( $, .STERADIAN. ) SOLID_ANGLE_UNIT ( ) );
#4589 = LINE ( 'NONE', #1095, #3136 ) ;
#4590 = EDGE_LOOP ( 'NONE', ( #3140, #5213, #871, #240 ) ) ;
#4591 = CARTESIAN_POINT ( 'NONE',  ( 0.2927192558403116096, 0.000000000000000000, -5.930647437458546846E-17 ) ) ;
#4592 = VERTEX_POINT ( 'NONE', #2215 ) ;
#4593 = UNCERTAINTY_MEASURE_WITH_UNIT (LENGTH_MEASURE( 1.000000000000000082E-05 ), #971, 'distance_accuracy_value', 'NONE');
#4594 = ADVANCED_FACE ( 'NONE', ( #1302 ), #5791, .T. ) ;
#4595 = ORIENTED_EDGE ( 'NONE', *, *, #5809, .F. ) ;
#4596 = DIRECTION ( 'NONE',  ( 0.000000000000000000, 0.000000000000000000, 1.000000000000000000 ) ) ;
#4597 = ORIENTED_EDGE ( 'NONE', *, *, #4500, .F. ) ;
#4598 = EDGE_CURVE ( 'NONE', #1968, #1923, #1833, .T. ) ;
#4599 = EDGE_CURVE ( 'NONE', #1619, #3449, #2304, .T. ) ;
#4600 = DIRECTION ( 'NONE',  ( 0.000000000000000000, -1.000000000000000000, 0.000000000000000000 ) ) ;
#4601 = DIRECTION ( 'NONE',  ( 1.000000000000000000, 0.000000000000000000, 0.000000000000000000 ) ) ;
#4602 = LINE ( 'NONE', #285, #3306 ) ;
#4603 =( NAMED_UNIT ( * ) SI_UNIT ( $, .STERADIAN. ) SOLID_ANGLE_UNIT ( ) );
#4604 =( NAMED_UNIT ( * ) PLANE_ANGLE_UNIT ( ) SI_UNIT ( $, .RADIAN. ) );
#4605 = FILL_AREA_STYLE_COLOUR ( '', #359 ) ;
#4606 = DIRECTION ( 'NONE',  ( -1.000000000000000000, 0.000000000000000000, -1.322197771323786623E-16 ) ) ;
#4607 = LINE ( 'NONE', #3447, #1983 ) ;
#4608 = COLOUR_RGB ( '',1.000000000000000000, 1.000000000000000000, 1.000000000000000000 ) ;
#4609 = SURFACE_STYLE_FILL_AREA ( #5962 ) ;
#4610 = SURFACE_STYLE_FILL_AREA ( #6221 ) ;
#4611 = AXIS2_PLACEMENT_3D ( 'NONE', #3416, #4978, #4469 ) ;
#4612 = VERTEX_POINT ( 'NONE', #2752 ) ;
#4613 = SURFACE_SIDE_STYLE ('',( #3491 ) ) ;
#4614 = PRESENTATION_LAYER_ASSIGNMENT (  '', '', ( #3513 ) ) ;
#4615 = CYLINDRICAL_SURFACE ( 'NONE', #2993, 0.1000000000000000472 ) ;
#4616 = ORIENTED_EDGE ( 'NONE', *, *, #890, .F. ) ;
#4617 = ORIENTED_EDGE ( 'NONE', *, *, #6082, .T. ) ;
#4618 = UNCERTAINTY_MEASURE_WITH_UNIT (LENGTH_MEASURE( 1.000000000000000082E-05 ), #467, 'distance_accuracy_value', 'NONE');
#4619 = CARTESIAN_POINT ( 'NONE',  ( 0.01499999999999960566, -0.05000000000000000278, 1.054999999999999938 ) ) ;
#4620 = CIRCLE ( 'NONE', #5362, 0.1000000000000000472 ) ;
#4621 = COLOUR_RGB ( '',0.000000000000000000, 0.000000000000000000, 0.000000000000000000 ) ;
#4622 = CARTESIAN_POINT ( 'NONE',  ( -1.355080376768301731, 0.9400000000000000577, 1.355080376768301731 ) ) ;
#4623 = LINE ( 'NONE', #623, #3480 ) ;
#4624 = CARTESIAN_POINT ( 'NONE',  ( 1.214999999999999414, 0.2800000000000000266, 1.129999999999999893 ) ) ;
#4625 = VECTOR ( 'NONE', #630, 1000.000000000000000 ) ;
#4626 = DIRECTION ( 'NONE',  ( 0.000000000000000000, 0.1045284632676537068, 0.9945218953682734009 ) ) ;
#4627 = SURFACE_STYLE_USAGE ( .BOTH. , #5191 ) ;
#4628 = LINE ( 'NONE', #5070, #689 ) ;
#4629 = DIRECTION ( 'NONE',  ( 0.000000000000000000, 0.000000000000000000, -1.000000000000000000 ) ) ;
#4630 = UNCERTAINTY_MEASURE_WITH_UNIT (LENGTH_MEASURE( 1.000000000000000082E-05 ), #3597, 'distance_accuracy_value', 'NONE');
#4631 = PRESENTATION_LAYER_ASSIGNMENT (  '', '', ( #2986 ) ) ;
#4632 = PLANE ( 'NONE',  #5030 ) ;
#4633 = LINE ( 'NONE', #4810, #3938 ) ;
#4634 = ORIENTED_EDGE ( 'NONE', *, *, #2862, .T. ) ;
#4635 = LINE ( 'NONE', #4574, #864 ) ;
#4636 = SURFACE_STYLE_USAGE ( .BOTH. , #2141 ) ;
#4637 = ORIENTED_EDGE ( 'NONE', *, *, #5366, .T. ) ;
#4638 = COLOUR_RGB ( '',1.000000000000000000, 1.000000000000000000, 1.000000000000000000 ) ;
#4639 = STYLED_ITEM ( 'NONE', ( #4306 ), #4713 ) ;
#4640 = ADVANCED_FACE ( 'NONE', ( #4783 ), #5239, .F. ) ;
#4641 = DIRECTION ( 'NONE',  ( 1.000000000000000000, 0.000000000000000000, 0.000000000000000000 ) ) ;
#4642 = DIRECTION ( 'NONE',  ( -0.3419327100384695894, 0.000000000000000000, -0.9397244392936410229 ) ) ;
#4643 = ORIENTED_EDGE ( 'NONE', *, *, #494, .F. ) ;
#4644 =( LENGTH_UNIT ( ) NAMED_UNIT ( * ) SI_UNIT ( .MILLI., .METRE. ) );
#4645 =( GEOMETRIC_REPRESENTATION_CONTEXT ( 3 ) GLOBAL_UNCERTAINTY_ASSIGNED_CONTEXT ( ( #5164 ) ) GLOBAL_UNIT_ASSIGNED_CONTEXT ( ( #3494, #552, #3969 ) ) REPRESENTATION_CONTEXT ( 'NONE', 'WORKASPACE' ) );
#4646 =( LENGTH_UNIT ( ) NAMED_UNIT ( * ) SI_UNIT ( .MILLI., .METRE. ) );
#4647 = EDGE_CURVE ( 'NONE', #1874, #1326, #3622, .T. ) ;
#4648 = SURFACE_SIDE_STYLE ('',( #892 ) ) ;
#4649 = ORIENTED_EDGE ( 'NONE', *, *, #2948, .T. ) ;
#4650 = PRESENTATION_LAYER_ASSIGNMENT (  '', '', ( #4324 ) ) ;
#4651 = DIRECTION ( 'NONE',  ( 1.421904488505579654E-16, 0.000000000000000000, 1.000000000000000000 ) ) ;
#4652 = DIRECTION ( 'NONE',  ( -0.3419327100384695339, -0.000000000000000000, -0.9397244392936409119 ) ) ;
#4653 =( NAMED_UNIT ( * ) PLANE_ANGLE_UNIT ( ) SI_UNIT ( $, .RADIAN. ) );
#4654 = ORIENTED_EDGE ( 'NONE', *, *, #5900, .T. ) ;
#4655 = FILL_AREA_STYLE_COLOUR ( '', #1987 ) ;
#4656 = PRESENTATION_LAYER_ASSIGNMENT (  '', '', ( #5124 ) ) ;
#4657 = CARTESIAN_POINT ( 'NONE',  ( -1.425546318134516932, 0.2800141985587165649, 1.524998507671344150 ) ) ;
#4658 = LINE ( 'NONE', #2113, #812 ) ;
#4659 = EDGE_LOOP ( 'NONE', ( #4904, #2119, #845, #990 ) ) ;
#4660 = AXIS2_PLACEMENT_3D ( 'NONE', #3605, #6139, #4629 ) ;
#4661 = DIRECTION ( 'NONE',  ( 0.000000000000000000, -1.000000000000000000, 0.000000000000000000 ) ) ;
#4662 = CARTESIAN_POINT ( 'NONE',  ( 0.09728074415968639144, 0.2800000000000000266, -1.650000000000000133 ) ) ;
#4663 = SURFACE_STYLE_USAGE ( .BOTH. , #4648 ) ;
#4664 = PRESENTATION_LAYER_ASSIGNMENT (  '', '', ( #4004 ) ) ;
#4665 = ORIENTED_EDGE ( 'NONE', *, *, #3342, .F. ) ;
#4666 = MECHANICAL_DESIGN_GEOMETRIC_PRESENTATION_REPRESENTATION (  '', ( #1771 ), #2442 ) ;
#4667 = EDGE_CURVE ( 'NONE', #3049, #3115, #448, .T. ) ;
#4668 = DIRECTION ( 'NONE',  ( 0.000000000000000000, -1.000000000000000000, 0.000000000000000000 ) ) ;
#4669 = VERTEX_POINT ( 'NONE', #1284 ) ;
#4670 = VECTOR ( 'NONE', #2548, 1000.000000000000000 ) ;
#4671 = DIRECTION ( 'NONE',  ( 0.000000000000000000, 0.000000000000000000, -1.000000000000000000 ) ) ;
#4672 =( NAMED_UNIT ( * ) PLANE_ANGLE_UNIT ( ) SI_UNIT ( $, .RADIAN. ) );
#4673 = UNCERTAINTY_MEASURE_WITH_UNIT (LENGTH_MEASURE( 1.000000000000000082E-05 ), #5066, 'distance_accuracy_value', 'NONE');
#4674 = PRESENTATION_STYLE_ASSIGNMENT (( #4341 ) ) ;
#4675 = VERTEX_POINT ( 'NONE', #5830 ) ;
#4676 = FILL_AREA_STYLE ('',( #2738 ) ) ;
#4677 = COLOUR_RGB ( '',1.000000000000000000, 1.000000000000000000, 1.000000000000000000 ) ;
#4678 = PRESENTATION_LAYER_ASSIGNMENT (  '', '', ( #1378 ) ) ;
#4679 = VECTOR ( 'NONE', #6248, 1000.000000000000000 ) ;
#4680 = SURFACE_STYLE_USAGE ( .BOTH. , #4220 ) ;
#4681 = UNCERTAINTY_MEASURE_WITH_UNIT (LENGTH_MEASURE( 1.000000000000000082E-05 ), #1530, 'distance_accuracy_value', 'NONE');
#4682 = UNCERTAINTY_MEASURE_WITH_UNIT (LENGTH_MEASURE( 1.000000000000000082E-05 ), #2568, 'distance_accuracy_value', 'NONE');
#4683 = EDGE_CURVE ( 'NONE', #1145, #3428, #7, .T. ) ;
#4684 = EDGE_CURVE ( 'NONE', #3094, #3446, #3239, .T. ) ;
#4685 = PLANE ( 'NONE',  #5511 ) ;
#4686 = VECTOR ( 'NONE', #425, 1000.000000000000000 ) ;
#4687 = SURFACE_SIDE_STYLE ('',( #373 ) ) ;
#4688 = SURFACE_STYLE_FILL_AREA ( #3774 ) ;
#4689 = DIRECTION ( 'NONE',  ( -0.000000000000000000, 0.000000000000000000, 1.000000000000000000 ) ) ;
#4690 = LINE ( 'NONE', #2291, #2758 ) ;
#4691 = CARTESIAN_POINT ( 'NONE',  ( -1.525000000000000577, 0.2800000000000000266, -1.524999999999999911 ) ) ;
#4692 = CARTESIAN_POINT ( 'NONE',  ( -1.454532566305129615, 0.9504528463267654104, -1.355080376768301509 ) ) ;
#4693 = FACE_OUTER_BOUND ( 'NONE', #216, .T. ) ;
#4694 = AXIS2_PLACEMENT_3D ( 'NONE', #2171, #5624, #2662 ) ;
#4695 = LINE ( 'NONE', #463, #1069 ) ;
#4696 = VERTEX_POINT ( 'NONE', #3356 ) ;
#4697 =( GEOMETRIC_REPRESENTATION_CONTEXT ( 3 ) GLOBAL_UNCERTAINTY_ASSIGNED_CONTEXT ( ( #2668 ) ) GLOBAL_UNIT_ASSIGNED_CONTEXT ( ( #5888, #5829, #898 ) ) REPRESENTATION_CONTEXT ( 'NONE', 'WORKASPACE' ) );
#4698 = SURFACE_STYLE_USAGE ( .BOTH. , #250 ) ;
#4699 = CARTESIAN_POINT ( 'NONE',  ( 0.3549999999999997602, -0.05000000000000000278, -1.149999999999999911 ) ) ;
#4700 = LINE ( 'NONE', #73, #1383 ) ;
#4701 = SURFACE_STYLE_USAGE ( .BOTH. , #2240 ) ;
#4702 = CARTESIAN_POINT ( 'NONE',  ( -1.393657970813336089, 0.5834115568152662412, -1.493110160350163085 ) ) ;
#4703 = DIRECTION ( 'NONE',  ( -6.078159177229446441E-16, 0.000000000000000000, -1.000000000000000000 ) ) ;
#4704 = SURFACE_STYLE_FILL_AREA ( #6104 ) ;
#4705 = AXIS2_PLACEMENT_3D ( 'NONE', #4789, #5786, #6240 ) ;
#4706 = VERTEX_POINT ( 'NONE', #2779 ) ;
#4707 = SURFACE_STYLE_FILL_AREA ( #2492 ) ;
#4708 = CARTESIAN_POINT ( 'NONE',  ( -1.245000000000000773, 0.2800000000000000266, -0.1700000000000000677 ) ) ;
#4709 = LINE ( 'NONE', #1114, #5417 ) ;
#4710 =( GEOMETRIC_REPRESENTATION_CONTEXT ( 3 ) GLOBAL_UNCERTAINTY_ASSIGNED_CONTEXT ( ( #3535 ) ) GLOBAL_UNIT_ASSIGNED_CONTEXT ( ( #255, #1743, #755 ) ) REPRESENTATION_CONTEXT ( 'NONE', 'WORKASPACE' ) );
#4711 = LINE ( 'NONE', #6009, #5879 ) ;
#4712 = CARTESIAN_POINT ( 'NONE',  ( 1.214999999999999192, 0.2800000000000000266, 0.4800000000000001488 ) ) ;
#4713 = ADVANCED_FACE ( 'NONE', ( #3764 ), #2806, .F. ) ;
#4714 = FILL_AREA_STYLE_COLOUR ( '', #4092 ) ;
#4715 = SURFACE_STYLE_USAGE ( .BOTH. , #4687 ) ;
#4716 =( GEOMETRIC_REPRESENTATION_CONTEXT ( 3 ) GLOBAL_UNCERTAINTY_ASSIGNED_CONTEXT ( ( #4682 ) ) GLOBAL_UNIT_ASSIGNED_CONTEXT ( ( #2568, #22, #2524 ) ) REPRESENTATION_CONTEXT ( 'NONE', 'WORKASPACE' ) );
#4717 = EDGE_CURVE ( 'NONE', #2464, #2970, #4773, .T. ) ;
#4718 = VECTOR ( 'NONE', #2066, 1000.000000000000227 ) ;
#4719 = DIRECTION ( 'NONE',  ( 1.421904488505579654E-16, 0.000000000000000000, 1.000000000000000000 ) ) ;
#4720 = PLANE ( 'NONE',  #6236 ) ;
#4721 = SURFACE_SIDE_STYLE ('',( #2014 ) ) ;
#4722 = FACE_OUTER_BOUND ( 'NONE', #171, .T. ) ;
#4723 =( LENGTH_UNIT ( ) NAMED_UNIT ( * ) SI_UNIT ( .MILLI., .METRE. ) );
#4724 =( NAMED_UNIT ( * ) PLANE_ANGLE_UNIT ( ) SI_UNIT ( $, .RADIAN. ) );
#4725 = EDGE_LOOP ( 'NONE', ( #2961, #994, #1052, #192 ) ) ;
#4726 = CARTESIAN_POINT ( 'NONE',  ( 0.000000000000000000, 0.000000000000000000, 0.000000000000000000 ) ) ;
#4727 = VERTEX_POINT ( 'NONE', #3758 ) ;
#4728 = ORIENTED_EDGE ( 'NONE', *, *, #3277, .T. ) ;
#4729 = EDGE_LOOP ( 'NONE', ( #247, #1688, #4460, #3761 ) ) ;
#4730 = CARTESIAN_POINT ( 'NONE',  ( -1.245000000000000551, -0.05000000000000000278, -1.129999999999999893 ) ) ;
#4731 = CARTESIAN_POINT ( 'NONE',  ( -1.655000000000000693, -0.05000000000000000278, -0.4800000000000000377 ) ) ;
#4732 = PLANE ( 'NONE',  #4247 ) ;
#4733 =( NAMED_UNIT ( * ) PLANE_ANGLE_UNIT ( ) SI_UNIT ( $, .RADIAN. ) );
#4734 = ORIENTED_EDGE ( 'NONE', *, *, #586, .T. ) ;
#4735 = PRESENTATION_LAYER_ASSIGNMENT (  '', '', ( #2966 ) ) ;
#4736 = SURFACE_SIDE_STYLE ('',( #5222 ) ) ;
#4737 = FILL_AREA_STYLE ('',( #3733 ) ) ;
#4738 = DIRECTION ( 'NONE',  ( 0.3419327100384764173, 0.000000000000000000, -0.9397244392936383584 ) ) ;
#4739 = EDGE_LOOP ( 'NONE', ( #571, #2770, #3261, #3571 ) ) ;
#4740 = SURFACE_SIDE_STYLE ('',( #3556 ) ) ;
#4741 = ADVANCED_FACE ( 'NONE', ( #2857 ), #4149, .T. ) ;
#4742 = DIRECTION ( 'NONE',  ( 0.1039620511844979306, 0.9891328443778537594, 0.1039620511844979167 ) ) ;
#4743 = ORIENTED_EDGE ( 'NONE', *, *, #606, .T. ) ;
#4744 = DIRECTION ( 'NONE',  ( 0.000000000000000000, 0.000000000000000000, 1.000000000000000000 ) ) ;
#4745 = FILL_AREA_STYLE_COLOUR ( '', #1315 ) ;
#4746 = PRESENTATION_LAYER_ASSIGNMENT (  '', '', ( #2761 ) ) ;
#4747 = VECTOR ( 'NONE', #4948, 1000.000000000000000 ) ;
#4748 = DIRECTION ( 'NONE',  ( -0.000000000000000000, 1.000000000000000000, -0.000000000000000000 ) ) ;
#4749 = MECHANICAL_DESIGN_GEOMETRIC_PRESENTATION_REPRESENTATION (  '', ( #692 ), #444 ) ;
#4750 = VERTEX_POINT ( 'NONE', #3830 ) ;
#4751 = ORIENTED_EDGE ( 'NONE', *, *, #61, .T. ) ;
#4752 =( GEOMETRIC_REPRESENTATION_CONTEXT ( 3 ) GLOBAL_UNCERTAINTY_ASSIGNED_CONTEXT ( ( #4977 ) ) GLOBAL_UNIT_ASSIGNED_CONTEXT ( ( #3856, #443, #487 ) ) REPRESENTATION_CONTEXT ( 'NONE', 'WORKASPACE' ) );
#4753 = SURFACE_STYLE_USAGE ( .BOTH. , #3226 ) ;
#4754 = ORIENTED_EDGE ( 'NONE', *, *, #2958, .F. ) ;
#4755 = FACE_OUTER_BOUND ( 'NONE', #947, .T. ) ;
#4756 = VERTEX_POINT ( 'NONE', #2872 ) ;
#4757 =( NAMED_UNIT ( * ) PLANE_ANGLE_UNIT ( ) SI_UNIT ( $, .RADIAN. ) );
#4758 = VECTOR ( 'NONE', #6036, 1000.000000000000000 ) ;
#4759 = PRESENTATION_STYLE_ASSIGNMENT (( #1750 ) ) ;
#4760 = DIRECTION ( 'NONE',  ( 0.000000000000000000, 0.000000000000000000, -1.000000000000000000 ) ) ;
#4761 = EDGE_CURVE ( 'NONE', #6105, #4519, #614, .T. ) ;
#4762 = SURFACE_SIDE_STYLE ('',( #1143 ) ) ;
#4763 = CARTESIAN_POINT ( 'NONE',  ( -1.245000000000000551, 0.2800000000000000266, -0.8200000000000000622 ) ) ;
#4764 = FACE_OUTER_BOUND ( 'NONE', #2741, .T. ) ;
#4765 = VECTOR ( 'NONE', #1876, 1000.000000000000000 ) ;
#4766 = CARTESIAN_POINT ( 'NONE',  ( 0.000000000000000000, 0.9400000000000000577, -1.355080376768301509 ) ) ;
#4767 = LINE ( 'NONE', #5903, #907 ) ;
#4768 =( GEOMETRIC_REPRESENTATION_CONTEXT ( 3 ) GLOBAL_UNCERTAINTY_ASSIGNED_CONTEXT ( ( #4110 ) ) GLOBAL_UNIT_ASSIGNED_CONTEXT ( ( #1794, #5740, #1814 ) ) REPRESENTATION_CONTEXT ( 'NONE', 'WORKASPACE' ) );
#4769 = VECTOR ( 'NONE', #3996, 1000.000000000000000 ) ;
#4770 = CARTESIAN_POINT ( 'NONE',  ( -1.245000000000000773, -0.05000000000000000278, -0.1700000000000000677 ) ) ;
#4771 =( NAMED_UNIT ( * ) PLANE_ANGLE_UNIT ( ) SI_UNIT ( $, .RADIAN. ) );
#4772 = SURFACE_SIDE_STYLE ('',( #2071 ) ) ;
#4773 = LINE ( 'NONE', #3851, #3085 ) ;
#4774 = STYLED_ITEM ( 'NONE', ( #5696 ), #1756 ) ;
#4775 = EDGE_CURVE ( 'NONE', #4545, #5557, #214, .T. ) ;
#4776 = DIRECTION ( 'NONE',  ( 0.000000000000000000, 1.000000000000000000, 0.000000000000000000 ) ) ;
#4777 = ADVANCED_FACE ( 'NONE', ( #290 ), #961, .T. ) ;
#4778 = EDGE_CURVE ( 'NONE', #4051, #878, #3845, .T. ) ;
#4779 = DIRECTION ( 'NONE',  ( 0.000000000000000000, -1.000000000000000000, 0.000000000000000000 ) ) ;
#4780 = VECTOR ( 'NONE', #5312, 1000.000000000000000 ) ;
#4781 = SURFACE_STYLE_USAGE ( .BOTH. , #1322 ) ;
#4782 = VERTEX_POINT ( 'NONE', #2910 ) ;
#4783 = FACE_OUTER_BOUND ( 'NONE', #5843, .T. ) ;
#4784 = ORIENTED_EDGE ( 'NONE', *, *, #35, .T. ) ;
#4785 =( GEOMETRIC_REPRESENTATION_CONTEXT ( 3 ) GLOBAL_UNCERTAINTY_ASSIGNED_CONTEXT ( ( #2539 ) ) GLOBAL_UNIT_ASSIGNED_CONTEXT ( ( #1345, #1000, #70 ) ) REPRESENTATION_CONTEXT ( 'NONE', 'WORKASPACE' ) );
#4786 = ORIENTED_EDGE ( 'NONE', *, *, #2920, .F. ) ;
#4787 = PLANE ( 'NONE',  #973 ) ;
#4788 = SURFACE_SIDE_STYLE ('',( #5708 ) ) ;
#4789 = CARTESIAN_POINT ( 'NONE',  ( -1.355080376768301953, 0.9400000000000000577, 1.355080376768301731 ) ) ;
#4790 = VECTOR ( 'NONE', #5054, 1000.000000000000000 ) ;
#4791 = DIRECTION ( 'NONE',  ( 0.000000000000000000, 0.000000000000000000, -1.000000000000000000 ) ) ;
#4792 = VECTOR ( 'NONE', #6344, 1000.000000000000000 ) ;
#4793 = STYLED_ITEM ( 'NONE', ( #4533 ), #3333 ) ;
#4794 = LINE ( 'NONE', #5797, #162 ) ;
#4795 = SURFACE_SIDE_STYLE ('',( #3843 ) ) ;
#4796 = STYLED_ITEM ( 'NONE', ( #2739 ), #6335 ) ;
#4797 = LINE ( 'NONE', #130, #5350 ) ;
#4798 = PLANE ( 'NONE',  #5768 ) ;
#4799 = CARTESIAN_POINT ( 'NONE',  ( 1.214999999999999414, -0.05000000000000000278, 1.129999999999999893 ) ) ;
#4800 = VECTOR ( 'NONE', #834, 1000.000000000000000 ) ;
#4801 = ORIENTED_EDGE ( 'NONE', *, *, #3344, .T. ) ;
#4802 = FACE_OUTER_BOUND ( 'NONE', #1759, .T. ) ;
#4803 = CARTESIAN_POINT ( 'NONE',  ( -1.655000000000000693, -0.05000000000000000278, 0.1699999999999999289 ) ) ;
#4804 = STYLED_ITEM ( 'NONE', ( #4013 ), #5561 ) ;
#4805 = EDGE_CURVE ( 'NONE', #1041, #4003, #5701, .T. ) ;
#4806 =( NAMED_UNIT ( * ) PLANE_ANGLE_UNIT ( ) SI_UNIT ( $, .RADIAN. ) );
#4807 = ORIENTED_EDGE ( 'NONE', *, *, #1116, .F. ) ;
#4808 = VECTOR ( 'NONE', #1212, 1000.000000000000000 ) ;
#4809 = ORIENTED_EDGE ( 'NONE', *, *, #3373, .F. ) ;
#4810 = CARTESIAN_POINT ( 'NONE',  ( -1.655000000000000693, 0.2800000000000000266, 1.129999999999999893 ) ) ;
#4811 =( NAMED_UNIT ( * ) SI_UNIT ( $, .STERADIAN. ) SOLID_ANGLE_UNIT ( ) );
#4812 = FILL_AREA_STYLE ('',( #4300 ) ) ;
#4813 = ADVANCED_FACE ( 'NONE', ( #5019 ), #3396, .F. ) ;
#4814 = STYLED_ITEM ( 'NONE', ( #1310 ), #4496 ) ;
#4815 = VERTEX_POINT ( 'NONE', #4898 ) ;
#4816 =( NAMED_UNIT ( * ) PLANE_ANGLE_UNIT ( ) SI_UNIT ( $, .RADIAN. ) );
#4817 = EDGE_CURVE ( 'NONE', #5023, #6270, #986, .T. ) ;
#4818 = EDGE_CURVE ( 'NONE', #2747, #3662, #2296, .T. ) ;
#4819 =( NAMED_UNIT ( * ) PLANE_ANGLE_UNIT ( ) SI_UNIT ( $, .RADIAN. ) );
#4820 =( NAMED_UNIT ( * ) PLANE_ANGLE_UNIT ( ) SI_UNIT ( $, .RADIAN. ) );
#4821 = EDGE_LOOP ( 'NONE', ( #5207, #1272, #1300, #5096 ) ) ;
#4822 = CARTESIAN_POINT ( 'NONE',  ( -1.525000000000000355, 0.2800000000000000266, -0.4800000000000000377 ) ) ;
#4823 = ORIENTED_EDGE ( 'NONE', *, *, #1252, .F. ) ;
#4824 = DIRECTION ( 'NONE',  ( 1.000000000000000000, 0.000000000000000000, 0.000000000000000000 ) ) ;
#4825 = MECHANICAL_DESIGN_GEOMETRIC_PRESENTATION_REPRESENTATION (  '', ( #3505 ), #2173 ) ;
#4826 = PLANE ( 'NONE',  #4025 ) ;
#4827 = CARTESIAN_POINT ( 'NONE',  ( 1.644999999999999352, -0.05000000000000000278, 0.4799999999999999822 ) ) ;
#4828 = UNCERTAINTY_MEASURE_WITH_UNIT (LENGTH_MEASURE( 1.000000000000000082E-05 ), #4857, 'distance_accuracy_value', 'NONE');
#4829 = ORIENTED_EDGE ( 'NONE', *, *, #148, .T. ) ;
#4830 = DIRECTION ( 'NONE',  ( 0.000000000000000000, 0.000000000000000000, -1.000000000000000000 ) ) ;
#4831 = SURFACE_SIDE_STYLE ('',( #4468 ) ) ;
#4832 = ORIENTED_EDGE ( 'NONE', *, *, #5487, .F. ) ;
#4833 = MECHANICAL_DESIGN_GEOMETRIC_PRESENTATION_REPRESENTATION (  '', ( #618 ), #273 ) ;
#4834 = VECTOR ( 'NONE', #3454, 1000.000000000000000 ) ;
#4835 = ORIENTED_EDGE ( 'NONE', *, *, #3342, .T. ) ;
#4836 = CARTESIAN_POINT ( 'NONE',  ( 1.214999999999999414, 0.2800000000000000266, 1.129999999999999893 ) ) ;
#4837 = STYLED_ITEM ( 'NONE', ( #4862 ), #5593 ) ;
#4838 = ORIENTED_EDGE ( 'NONE', *, *, #2269, .T. ) ;
#4839 = LINE ( 'NONE', #4591, #896 ) ;
#4840 = UNCERTAINTY_MEASURE_WITH_UNIT (LENGTH_MEASURE( 1.000000000000000082E-05 ), #4973, 'distance_accuracy_value', 'NONE');
#4841 =( GEOMETRIC_REPRESENTATION_CONTEXT ( 3 ) GLOBAL_UNCERTAINTY_ASSIGNED_CONTEXT ( ( #4197 ) ) GLOBAL_UNIT_ASSIGNED_CONTEXT ( ( #4962, #4540, #2540 ) ) REPRESENTATION_CONTEXT ( 'NONE', 'WORKASPACE' ) );
#4842 = COLOUR_RGB ( '',0.000000000000000000, 0.000000000000000000, 0.000000000000000000 ) ;
#4843 =( NAMED_UNIT ( * ) PLANE_ANGLE_UNIT ( ) SI_UNIT ( $, .RADIAN. ) );
#4844 = ORIENTED_EDGE ( 'NONE', *, *, #3651, .F. ) ;
#4845 = EDGE_CURVE ( 'NONE', #5456, #5873, #3403, .T. ) ;
#4846 = SURFACE_STYLE_USAGE ( .BOTH. , #6283 ) ;
#4847 = ADVANCED_FACE ( 'NONE', ( #6151 ), #3707, .F. ) ;
#4848 = DIRECTION ( 'NONE',  ( -1.000000000000000000, 0.000000000000000000, 0.000000000000000000 ) ) ;
#4849 = PRESENTATION_LAYER_ASSIGNMENT (  '', '', ( #2078 ) ) ;
#4850 = CARTESIAN_POINT ( 'NONE',  ( 0.2927192558403129974, -0.05000000000000000278, -1.382434901537152649 ) ) ;
#4851 = LINE ( 'NONE', #5046, #835 ) ;
#4852 =( NAMED_UNIT ( * ) SI_UNIT ( $, .STERADIAN. ) SOLID_ANGLE_UNIT ( ) );
#4853 = SURFACE_STYLE_FILL_AREA ( #5545 ) ;
#4854 = SURFACE_STYLE_USAGE ( .BOTH. , #2807 ) ;
#4855 = LINE ( 'NONE', #861, #680 ) ;
#4856 = ORIENTED_EDGE ( 'NONE', *, *, #183, .F. ) ;
#4857 =( LENGTH_UNIT ( ) NAMED_UNIT ( * ) SI_UNIT ( .MILLI., .METRE. ) );
#4858 = SURFACE_SIDE_STYLE ('',( #1660 ) ) ;
#4859 = COLOUR_RGB ( '',0.000000000000000000, 0.000000000000000000, 0.000000000000000000 ) ;
#4860 = FACE_OUTER_BOUND ( 'NONE', #969, .T. ) ;
#4861 =( GEOMETRIC_REPRESENTATION_CONTEXT ( 3 ) GLOBAL_UNCERTAINTY_ASSIGNED_CONTEXT ( ( #5752 ) ) GLOBAL_UNIT_ASSIGNED_CONTEXT ( ( #4875, #5401, #5854 ) ) REPRESENTATION_CONTEXT ( 'NONE', 'WORKASPACE' ) );
#4862 = PRESENTATION_STYLE_ASSIGNMENT (( #4680 ) ) ;
#4863 =( NAMED_UNIT ( * ) SI_UNIT ( $, .STERADIAN. ) SOLID_ANGLE_UNIT ( ) );
#4864 =( GEOMETRIC_REPRESENTATION_CONTEXT ( 3 ) GLOBAL_UNCERTAINTY_ASSIGNED_CONTEXT ( ( #376 ) ) GLOBAL_UNIT_ASSIGNED_CONTEXT ( ( #2515, #6041, #5526 ) ) REPRESENTATION_CONTEXT ( 'NONE', 'WORKASPACE' ) );
#4865 = ORIENTED_EDGE ( 'NONE', *, *, #1407, .F. ) ;
#4866 =( NAMED_UNIT ( * ) PLANE_ANGLE_UNIT ( ) SI_UNIT ( $, .RADIAN. ) );
#4867 = EDGE_CURVE ( 'NONE', #3824, #883, #438, .T. ) ;
#4868 = CIRCLE ( 'NONE', #1182, 0.1000000000000000472 ) ;
#4869 = FACE_OUTER_BOUND ( 'NONE', #3037, .T. ) ;
#4870 = COLOUR_RGB ( '',0.000000000000000000, 0.000000000000000000, 0.000000000000000000 ) ;
#4871 = COLOUR_RGB ( '',0.000000000000000000, 0.000000000000000000, 0.000000000000000000 ) ;
#4872 = PRESENTATION_LAYER_ASSIGNMENT (  '', '', ( #5285 ) ) ;
#4873 = LINE ( 'NONE', #532, #6085 ) ;
#4874 = PLANE ( 'NONE',  #3301 ) ;
#4875 =( LENGTH_UNIT ( ) NAMED_UNIT ( * ) SI_UNIT ( .MILLI., .METRE. ) );
#4876 = CARTESIAN_POINT ( 'NONE',  ( -1.245000000000000551, -0.000000000000000000, -0.4800000000000000377 ) ) ;
#4877 = ADVANCED_FACE ( 'NONE', ( #4297 ), #4798, .F. ) ;
#4878 = VECTOR ( 'NONE', #959, 1000.000000000000000 ) ;
#4879 = VECTOR ( 'NONE', #2811, 1000.000000000000000 ) ;
#4880 = DIRECTION ( 'NONE',  ( -1.000000000000000000, -0.000000000000000000, 0.000000000000000000 ) ) ;
#4881 = DIRECTION ( 'NONE',  ( 1.000000000000000000, 0.000000000000000000, 0.000000000000000000 ) ) ;
#4882 = CARTESIAN_POINT ( 'NONE',  ( -1.245000000000000773, -0.05000000000000000278, -0.1700000000000000677 ) ) ;
#4883 = APPLICATION_CONTEXT ( 'automotive_design' ) ;
#4884 = PRESENTATION_LAYER_ASSIGNMENT (  '', '', ( #3145 ) ) ;
#4885 = SURFACE_SIDE_STYLE ('',( #2604 ) ) ;
#4886 = UNCERTAINTY_MEASURE_WITH_UNIT (LENGTH_MEASURE( 1.000000000000000082E-05 ), #2505, 'distance_accuracy_value', 'NONE');
#4887 = VERTEX_POINT ( 'NONE', #5889 ) ;
#4888 =( NAMED_UNIT ( * ) SI_UNIT ( $, .STERADIAN. ) SOLID_ANGLE_UNIT ( ) );
#4889 =( GEOMETRIC_REPRESENTATION_CONTEXT ( 3 ) GLOBAL_UNCERTAINTY_ASSIGNED_CONTEXT ( ( #6196 ) ) GLOBAL_UNIT_ASSIGNED_CONTEXT ( ( #5343, #3911, #2918 ) ) REPRESENTATION_CONTEXT ( 'NONE', 'WORKASPACE' ) );
#4890 = CARTESIAN_POINT ( 'NONE',  ( 0.000000000000000000, 0.2800000000000000266, 0.000000000000000000 ) ) ;
#4891 = ORIENTED_EDGE ( 'NONE', *, *, #3232, .T. ) ;
#4892 = ORIENTED_EDGE ( 'NONE', *, *, #2660, .T. ) ;
#4893 = VERTEX_POINT ( 'NONE', #2288 ) ;
#4894 = EDGE_CURVE ( 'NONE', #2154, #6353, #282, .T. ) ;
#4895 = UNCERTAINTY_MEASURE_WITH_UNIT (LENGTH_MEASURE( 1.000000000000000082E-05 ), #1086, 'distance_accuracy_value', 'NONE');
#4896 = CARTESIAN_POINT ( 'NONE',  ( -1.525000000000000355, 0.2800000000000005262, 1.425182107177188184 ) ) ;
#4897 = ORIENTED_EDGE ( 'NONE', *, *, #2373, .T. ) ;
#4898 = CARTESIAN_POINT ( 'NONE',  ( 1.524999999999999689, 0.000000000000000000, 1.129999999999999893 ) ) ;
#4899 = FILL_AREA_STYLE_COLOUR ( '', #383 ) ;
#4900 = DIRECTION ( 'NONE',  ( 0.000000000000000000, 0.000000000000000000, -1.000000000000000000 ) ) ;
#4901 = SURFACE_STYLE_USAGE ( .BOTH. , #5364 ) ;
#4902 = CARTESIAN_POINT ( 'NONE',  ( 0.09728074415968628041, 0.2800000000000000266, -1.524999999999999911 ) ) ;
#4903 = EDGE_CURVE ( 'NONE', #1041, #972, #2847, .T. ) ;
#4904 = ORIENTED_EDGE ( 'NONE', *, *, #1012, .T. ) ;
#4905 = EDGE_CURVE ( 'NONE', #4669, #3137, #6319, .T. ) ;
#4906 = PLANE ( 'NONE',  #949 ) ;
#4907 = ORIENTED_EDGE ( 'NONE', *, *, #5038, .F. ) ;
#4908 =( LENGTH_UNIT ( ) NAMED_UNIT ( * ) SI_UNIT ( .MILLI., .METRE. ) );
#4909 = PRESENTATION_LAYER_ASSIGNMENT (  '', '', ( #4997 ) ) ;
#4910 = COLOUR_RGB ( '',0.000000000000000000, 0.000000000000000000, 0.000000000000000000 ) ;
#4911 = ORIENTED_EDGE ( 'NONE', *, *, #1591, .F. ) ;
#4912 = SURFACE_STYLE_USAGE ( .BOTH. , #4417 ) ;
#4913 = DIRECTION ( 'NONE',  ( 2.026053059076482065E-16, -0.000000000000000000, 1.000000000000000000 ) ) ;
#4914 = EDGE_LOOP ( 'NONE', ( #1048, #5416, #5897, #106 ) ) ;
#4915 =( LENGTH_UNIT ( ) NAMED_UNIT ( * ) SI_UNIT ( .MILLI., .METRE. ) );
#4916 = EDGE_LOOP ( 'NONE', ( #1581, #4835, #3009, #3500 ) ) ;
#4917 = CARTESIAN_POINT ( 'NONE',  ( 0.000000000000000000, 0.2800000000000000266, 0.000000000000000000 ) ) ;
#4918 =( LENGTH_UNIT ( ) NAMED_UNIT ( * ) SI_UNIT ( .MILLI., .METRE. ) );
#4919 = DIRECTION ( 'NONE',  ( 1.000000000000000000, 0.000000000000000000, 0.000000000000000000 ) ) ;
#4920 =( NAMED_UNIT ( * ) SI_UNIT ( $, .STERADIAN. ) SOLID_ANGLE_UNIT ( ) );
#4921 = STYLED_ITEM ( 'NONE', ( #577 ), #140 ) ;
#4922 = SURFACE_SIDE_STYLE ('',( #4609 ) ) ;
#4923 = EDGE_CURVE ( 'NONE', #3052, #840, #5934, .T. ) ;
#4924 = VECTOR ( 'NONE', #2513, 1000.000000000000114 ) ;
#4925 = LINE ( 'NONE', #2250, #6238 ) ;
#4926 = MECHANICAL_DESIGN_GEOMETRIC_PRESENTATION_REPRESENTATION (  '', ( #1628 ), #4347 ) ;
#4927 = ORIENTED_EDGE ( 'NONE', *, *, #1773, .F. ) ;
#4928 = PRESENTATION_STYLE_ASSIGNMENT (( #4715 ) ) ;
#4929 = VECTOR ( 'NONE', #1261, 1000.000000000000000 ) ;
#4930 = PLANE ( 'NONE',  #4611 ) ;
#4931 = ORIENTED_EDGE ( 'NONE', *, *, #5110, .F. ) ;
#4932 = FILL_AREA_STYLE_COLOUR ( '', #1379 ) ;
#4933 = EDGE_CURVE ( 'NONE', #651, #1781, #1603, .T. ) ;
#4934 = VECTOR ( 'NONE', #1634, 1000.000000000000000 ) ;
#4935 = EDGE_LOOP ( 'NONE', ( #2305, #6126, #5187, #2504 ) ) ;
#4936 = DIRECTION ( 'NONE',  ( -0.9945218953682734009, -0.1045284632676538733, 0.000000000000000000 ) ) ;
#4937 = EDGE_CURVE ( 'NONE', #1250, #2732, #1533, .T. ) ;
#4938 = DIRECTION ( 'NONE',  ( -1.000000000000000000, 0.000000000000000000, -1.322197771323786623E-16 ) ) ;
#4939 = DIRECTION ( 'NONE',  ( -2.257529264754410598E-15, 0.000000000000000000, -1.000000000000000000 ) ) ;
#4940 = SURFACE_STYLE_USAGE ( .BOTH. , #4858 ) ;
#4941 = CARTESIAN_POINT ( 'NONE',  ( -1.525000000000000355, 0.2800000000000000266, -0.1700000000000000122 ) ) ;
#4942 = LINE ( 'NONE', #1497, #3101 ) ;
#4943 = DIRECTION ( 'NONE',  ( -1.000000000000000000, 0.000000000000000000, 2.521400401129077520E-15 ) ) ;
#4944 = PRESENTATION_STYLE_ASSIGNMENT (( #3806 ) ) ;
#4945 = CARTESIAN_POINT ( 'NONE',  ( 1.524999999999999467, 0.2800000000000000266, 0.1800000000000000488 ) ) ;
#4946 = PRESENTATION_STYLE_ASSIGNMENT (( #5399 ) ) ;
#4947 = PRESENTATION_STYLE_ASSIGNMENT (( #4901 ) ) ;
#4948 = DIRECTION ( 'NONE',  ( 0.000000000000000000, 0.000000000000000000, -1.000000000000000000 ) ) ;
#4949 = SURFACE_STYLE_FILL_AREA ( #3398 ) ;
#4950 = LINE ( 'NONE', #5974, #4477 ) ;
#4951 = VECTOR ( 'NONE', #857, 1000.000000000000227 ) ;
#4952 = ORIENTED_EDGE ( 'NONE', *, *, #831, .T. ) ;
#4953 = LINE ( 'NONE', #3591, #5581 ) ;
#4954 = CARTESIAN_POINT ( 'NONE',  ( -1.245000000000000551, 0.2800000000000000266, -1.129999999999999893 ) ) ;
#4955 = DIRECTION ( 'NONE',  ( -2.132856732758369605E-16, -0.000000000000000000, -1.000000000000000000 ) ) ;
#4956 = STYLED_ITEM ( 'NONE', ( #2530 ), #5721 ) ;
#4957 = DIRECTION ( 'NONE',  ( 0.000000000000000000, 0.000000000000000000, -1.000000000000000000 ) ) ;
#4958 =( NAMED_UNIT ( * ) SI_UNIT ( $, .STERADIAN. ) SOLID_ANGLE_UNIT ( ) );
#4959 = VERTEX_POINT ( 'NONE', #1319 ) ;
#4960 = SURFACE_STYLE_USAGE ( .BOTH. , #5406 ) ;
#4961 = VERTEX_POINT ( 'NONE', #1339 ) ;
#4962 =( LENGTH_UNIT ( ) NAMED_UNIT ( * ) SI_UNIT ( .MILLI., .METRE. ) );
#4963 = DIRECTION ( 'NONE',  ( -0.000000000000000000, -1.000000000000000000, -0.000000000000000000 ) ) ;
#4964 = ORIENTED_EDGE ( 'NONE', *, *, #2129, .F. ) ;
#4965 =( NAMED_UNIT ( * ) SI_UNIT ( $, .STERADIAN. ) SOLID_ANGLE_UNIT ( ) );
#4966 = STYLED_ITEM ( 'NONE', ( #3965 ), #4375 ) ;
#4967 = UNCERTAINTY_MEASURE_WITH_UNIT (LENGTH_MEASURE( 1.000000000000000082E-05 ), #1975, 'distance_accuracy_value', 'NONE');
#4968 = DIRECTION ( 'NONE',  ( -0.9659258262890679791, 0.000000000000000000, -0.2588190451025220162 ) ) ;
#4969 = CARTESIAN_POINT ( 'NONE',  ( -1.655000000000000693, -0.05000000000000000278, 1.129999999999999893 ) ) ;
#4970 = PRESENTATION_LAYER_ASSIGNMENT (  '', '', ( #3644 ) ) ;
#4971 = SURFACE_SIDE_STYLE ('',( #202 ) ) ;
#4972 = ORIENTED_EDGE ( 'NONE', *, *, #5775, .T. ) ;
#4973 =( LENGTH_UNIT ( ) NAMED_UNIT ( * ) SI_UNIT ( .MILLI., .METRE. ) );
#4974 = VECTOR ( 'NONE', #1650, 1000.000000000000000 ) ;
#4975 = DIRECTION ( 'NONE',  ( 1.000000000000000000, 0.000000000000000000, -1.512840240677446433E-15 ) ) ;
#4976 = EDGE_LOOP ( 'NONE', ( #4420, #754, #2810, #473, #1739, #5981, #26, #6249, #4196, #5588, #4102, #5143, #3820, #5607, #3765, #5377, #1198, #3691, #6323, #1184, #1946, #4253, #2586, #2536, #2416, #493 ) ) ;
#4977 = UNCERTAINTY_MEASURE_WITH_UNIT (LENGTH_MEASURE( 1.000000000000000082E-05 ), #3856, 'distance_accuracy_value', 'NONE');
#4978 = DIRECTION ( 'NONE',  ( -1.000000000000000000, 0.000000000000000000, 2.026053059076482065E-16 ) ) ;
#4979 =( GEOMETRIC_REPRESENTATION_CONTEXT ( 3 ) GLOBAL_UNCERTAINTY_ASSIGNED_CONTEXT ( ( #3718 ) ) GLOBAL_UNIT_ASSIGNED_CONTEXT ( ( #5759, #3307, #6227 ) ) REPRESENTATION_CONTEXT ( 'NONE', 'WORKASPACE' ) );
#4980 = FILL_AREA_STYLE ('',( #2107 ) ) ;
#4981 = LINE ( 'NONE', #2478, #1347 ) ;
#4982 =( LENGTH_UNIT ( ) NAMED_UNIT ( * ) SI_UNIT ( .MILLI., .METRE. ) );
#4983 = ORIENTED_EDGE ( 'NONE', *, *, #4987, .F. ) ;
#4984 = LINE ( 'NONE', #291, #2657 ) ;
#4985 = ORIENTED_EDGE ( 'NONE', *, *, #3032, .T. ) ;
#4986 = STYLED_ITEM ( 'NONE', ( #5494 ), #1594 ) ;
#4987 = EDGE_CURVE ( 'NONE', #2978, #5141, #5694, .T. ) ;
#4988 = ORIENTED_EDGE ( 'NONE', *, *, #4775, .T. ) ;
#4989 = EDGE_CURVE ( 'NONE', #1540, #4815, #3989, .T. ) ;
#4990 = LINE ( 'NONE', #2994, #4834 ) ;
#4991 = CARTESIAN_POINT ( 'NONE',  ( -1.245000000000000551, -0.05000000000000000278, -0.4800000000000000377 ) ) ;
#4992 = ORIENTED_EDGE ( 'NONE', *, *, #36, .T. ) ;
#4993 = ORIENTED_EDGE ( 'NONE', *, *, #5038, .T. ) ;
#4994 = SURFACE_SIDE_STYLE ('',( #200 ) ) ;
#4995 = VECTOR ( 'NONE', #2567, 1000.000000000000000 ) ;
#4996 = CARTESIAN_POINT ( 'NONE',  ( 0.01499999999999960566, 0.2800000000000000266, 1.054999999999999938 ) ) ;
#4997 = STYLED_ITEM ( 'NONE', ( #6225 ), #2110 ) ;
#4998 = ORIENTED_EDGE ( 'NONE', *, *, #5978, .F. ) ;
#4999 = CYLINDRICAL_SURFACE ( 'NONE', #4660, 0.1000000000000000472 ) ;
#5000 = SURFACE_STYLE_FILL_AREA ( #4485 ) ;
#5001 = DIRECTION ( 'NONE',  ( -0.000000000000000000, 1.000000000000000000, -0.000000000000000000 ) ) ;
#5002 = COLOUR_RGB ( '',1.000000000000000000, 1.000000000000000000, 1.000000000000000000 ) ;
#5003 = LINE ( 'NONE', #4100, #4207 ) ;
#5004 = FILL_AREA_STYLE ('',( #5033 ) ) ;
#5005 = PRESENTATION_LAYER_ASSIGNMENT (  '', '', ( #4793 ) ) ;
#5006 = CARTESIAN_POINT ( 'NONE',  ( 0.09728074415968514244, 0.2800000000000000266, 1.382434901537152427 ) ) ;
#5007 = FACE_OUTER_BOUND ( 'NONE', #2328, .T. ) ;
#5008 = CARTESIAN_POINT ( 'NONE',  ( 0.01499999999999960566, 0.2800000000000000266, -1.054999999999999938 ) ) ;
#5009 =( NAMED_UNIT ( * ) PLANE_ANGLE_UNIT ( ) SI_UNIT ( $, .RADIAN. ) );
#5010 = CARTESIAN_POINT ( 'NONE',  ( 1.525000000000000133, 0.2800000000000000822, 1.425182107177188184 ) ) ;
#5011 = AXIS2_PLACEMENT_3D ( 'NONE', #1203, #2136, #1162 ) ;
#5012 = FACE_OUTER_BOUND ( 'NONE', #590, .T. ) ;
#5013 =( GEOMETRIC_REPRESENTATION_CONTEXT ( 3 ) GLOBAL_UNCERTAINTY_ASSIGNED_CONTEXT ( ( #1720 ) ) GLOBAL_UNIT_ASSIGNED_CONTEXT ( ( #5166, #201, #5704 ) ) REPRESENTATION_CONTEXT ( 'NONE', 'WORKASPACE' ) );
#5014 = CARTESIAN_POINT ( 'NONE',  ( 1.644999999999999352, -0.05000000000000000278, -0.1700000000000003453 ) ) ;
#5015 = SURFACE_STYLE_FILL_AREA ( #2829 ) ;
#5016 = ORIENTED_EDGE ( 'NONE', *, *, #3979, .F. ) ;
#5017 = MECHANICAL_DESIGN_GEOMETRIC_PRESENTATION_REPRESENTATION (  '', ( #464 ), #1900 ) ;
#5018 = EDGE_CURVE ( 'NONE', #4246, #2968, #4851, .T. ) ;
#5019 = FACE_OUTER_BOUND ( 'NONE', #3946, .T. ) ;
#5020 = FILL_AREA_STYLE_COLOUR ( '', #434 ) ;
#5021 = DIRECTION ( 'NONE',  ( -1.000000000000000000, 0.000000000000000000, -0.000000000000000000 ) ) ;
#5022 = LINE ( 'NONE', #4512, #533 ) ;
#5023 = VERTEX_POINT ( 'NONE', #756 ) ;
#5024 = LINE ( 'NONE', #2808, #150 ) ;
#5025 = DIRECTION ( 'NONE',  ( 1.000000000000000000, 0.000000000000000000, 0.000000000000000000 ) ) ;
#5026 = VECTOR ( 'NONE', #2796, 1000.000000000000000 ) ;
#5027 = VECTOR ( 'NONE', #1485, 1000.000000000000000 ) ;
#5028 = VERTEX_POINT ( 'NONE', #2303 ) ;
#5029 = SURFACE_STYLE_USAGE ( .BOTH. , #4491 ) ;
#5030 = AXIS2_PLACEMENT_3D ( 'NONE', #6116, #4217, #3180 ) ;
#5031 = CARTESIAN_POINT ( 'NONE',  ( 1.214999999999999192, 0.2800000000000000266, -0.4699999999999996958 ) ) ;
#5032 = LINE ( 'NONE', #6048, #4072 ) ;
#5033 = FILL_AREA_STYLE_COLOUR ( '', #5712 ) ;
#5034 = LINE ( 'NONE', #5718, #2396 ) ;
#5035 = EDGE_CURVE ( 'NONE', #3446, #4612, #2681, .T. ) ;
#5036 = PRESENTATION_STYLE_ASSIGNMENT (( #3418 ) ) ;
#5037 = DIRECTION ( 'NONE',  ( 0.3419327100384764173, 0.000000000000000000, -0.9397244392936383584 ) ) ;
#5038 = EDGE_CURVE ( 'NONE', #6370, #6270, #4216, .T. ) ;
#5039 = ADVANCED_FACE ( 'NONE', ( #5012 ), #1325, .F. ) ;
#5040 = CARTESIAN_POINT ( 'NONE',  ( -1.445120781198086402, 1.040000000000000036, -1.355080376768301509 ) ) ;
#5041 = CARTESIAN_POINT ( 'NONE',  ( 1.214999999999999192, -0.05000000000000000278, 0.4800000000000001488 ) ) ;
#5042 = CARTESIAN_POINT ( 'NONE',  ( 0.09728074415968637756, 0.2800000000000000266, -1.382434901537152649 ) ) ;
#5043 = LINE ( 'NONE', #1936, #6174 ) ;
#5044 = AXIS2_PLACEMENT_3D ( 'NONE', #2148, #6153, #5093 ) ;
#5045 = CARTESIAN_POINT ( 'NONE',  ( -1.525000000000000577, 0.2800000000000000266, -1.424999999999999822 ) ) ;
#5046 = CARTESIAN_POINT ( 'NONE',  ( 0.2927192558403118872, 0.2800000000000000266, 1.382434901537152427 ) ) ;
#5047 = FILL_AREA_STYLE_COLOUR ( '', #6043 ) ;
#5048 = VERTEX_POINT ( 'NONE', #1811 ) ;
#5049 =( NAMED_UNIT ( * ) SI_UNIT ( $, .STERADIAN. ) SOLID_ANGLE_UNIT ( ) );
#5050 =( GEOMETRIC_REPRESENTATION_CONTEXT ( 3 ) GLOBAL_UNCERTAINTY_ASSIGNED_CONTEXT ( ( #2470 ) ) GLOBAL_UNIT_ASSIGNED_CONTEXT ( ( #4248, #3711, #5204 ) ) REPRESENTATION_CONTEXT ( 'NONE', 'WORKASPACE' ) );
#5051 = ORIENTED_EDGE ( 'NONE', *, *, #886, .F. ) ;
#5052 = DIRECTION ( 'NONE',  ( -1.000000000000000000, 0.000000000000000000, 0.000000000000000000 ) ) ;
#5053 = STYLED_ITEM ( 'NONE', ( #1681 ), #5685 ) ;
#5054 = DIRECTION ( 'NONE',  ( -6.078159177229446441E-16, -0.000000000000000000, -1.000000000000000000 ) ) ;
#5055 = ORIENTED_EDGE ( 'NONE', *, *, #3207, .T. ) ;
#5056 =( GEOMETRIC_REPRESENTATION_CONTEXT ( 3 ) GLOBAL_UNCERTAINTY_ASSIGNED_CONTEXT ( ( #5566 ) ) GLOBAL_UNIT_ASSIGNED_CONTEXT ( ( #5941, #4458, #2985 ) ) REPRESENTATION_CONTEXT ( 'NONE', 'WORKASPACE' ) );
#5057 = FILL_AREA_STYLE ('',( #5427 ) ) ;
#5058 = FILL_AREA_STYLE ('',( #6135 ) ) ;
#5059 = EDGE_CURVE ( 'NONE', #5834, #5601, #4397, .T. ) ;
#5060 = CARTESIAN_POINT ( 'NONE',  ( 0.2927192558403129974, 0.2800000000000000266, -1.382434901537152649 ) ) ;
#5061 = CARTESIAN_POINT ( 'NONE',  ( 0.000000000000000000, 0.9400000000000000577, 1.355080376768301509 ) ) ;
#5062 = EDGE_LOOP ( 'NONE', ( #4045, #2281, #3958, #2046 ) ) ;
#5063 = ADVANCED_FACE ( 'NONE', ( #3155 ), #3804, .F. ) ;
#5064 = PRESENTATION_LAYER_ASSIGNMENT (  '', '', ( #1413 ) ) ;
#5065 = ORIENTED_EDGE ( 'NONE', *, *, #586, .F. ) ;
#5066 =( LENGTH_UNIT ( ) NAMED_UNIT ( * ) SI_UNIT ( .MILLI., .METRE. ) );
#5067 =( NAMED_UNIT ( * ) PLANE_ANGLE_UNIT ( ) SI_UNIT ( $, .RADIAN. ) );
#5068 = SURFACE_SIDE_STYLE ('',( #3763 ) ) ;
#5069 = ORIENTED_EDGE ( 'NONE', *, *, #5491, .F. ) ;
#5070 = CARTESIAN_POINT ( 'NONE',  ( 1.524999999999999467, 0.2800000000000000266, -3.252606517456512316E-16 ) ) ;
#5071 = ORIENTED_EDGE ( 'NONE', *, *, #2726, .T. ) ;
#5072 = VERTEX_POINT ( 'NONE', #4269 ) ;
#5073 = SURFACE_STYLE_USAGE ( .BOTH. , #3022 ) ;
#5074 = CARTESIAN_POINT ( 'NONE',  ( 1.214999999999999414, -0.05000000000000000278, 1.129999999999999893 ) ) ;
#5075 = SURFACE_STYLE_FILL_AREA ( #3846 ) ;
#5076 = ORIENTED_EDGE ( 'NONE', *, *, #4313, .F. ) ;
#5077 =( GEOMETRIC_REPRESENTATION_CONTEXT ( 3 ) GLOBAL_UNCERTAINTY_ASSIGNED_CONTEXT ( ( #5372 ) ) GLOBAL_UNIT_ASSIGNED_CONTEXT ( ( #480, #2017, #5927 ) ) REPRESENTATION_CONTEXT ( 'NONE', 'WORKASPACE' ) );
#5078 = VERTEX_POINT ( 'NONE', #6290 ) ;
#5079 = FILL_AREA_STYLE_COLOUR ( '', #3292 ) ;
#5080 = DIRECTION ( 'NONE',  ( 0.000000000000000000, 1.000000000000000000, 0.000000000000000000 ) ) ;
#5081 = FACE_OUTER_BOUND ( 'NONE', #3470, .T. ) ;
#5082 = COLOUR_RGB ( '',0.000000000000000000, 0.000000000000000000, 0.000000000000000000 ) ;
#5083 = AXIS2_PLACEMENT_3D ( 'NONE', #218, #3671, #1672 ) ;
#5084 = UNCERTAINTY_MEASURE_WITH_UNIT (LENGTH_MEASURE( 1.000000000000000082E-05 ), #2699, 'distance_accuracy_value', 'NONE');
#5085 = VECTOR ( 'NONE', #5917, 1000.000000000000000 ) ;
#5086 = PRESENTATION_STYLE_ASSIGNMENT (( #1835 ) ) ;
#5087 = CARTESIAN_POINT ( 'NONE',  ( 0.000000000000000000, 0.2800000000000000266, 0.1800000000000000488 ) ) ;
#5088 = FILL_AREA_STYLE ('',( #1633 ) ) ;
#5089 = CARTESIAN_POINT ( 'NONE',  ( 1.214999999999999192, -0.05000000000000000278, -0.4699999999999996958 ) ) ;
#5090 = MECHANICAL_DESIGN_GEOMETRIC_PRESENTATION_REPRESENTATION (  '', ( #4162 ), #5839 ) ;
#5091 = COLOUR_RGB ( '',0.000000000000000000, 0.000000000000000000, 0.000000000000000000 ) ;
#5092 = SURFACE_STYLE_FILL_AREA ( #3320 ) ;
#5093 = DIRECTION ( 'NONE',  ( 1.000000000000000000, 0.000000000000000000, -1.512840240677446433E-15 ) ) ;
#5094 = CARTESIAN_POINT ( 'NONE',  ( -1.425000000000000488, 0.000000000000000000, -1.424999999999999822 ) ) ;
#5095 = SURFACE_STYLE_FILL_AREA ( #3789 ) ;
#5096 = ORIENTED_EDGE ( 'NONE', *, *, #2703, .F. ) ;
#5097 = LINE ( 'NONE', #2598, #2769 ) ;
#5098 = ORIENTED_EDGE ( 'NONE', *, *, #1850, .T. ) ;
#5099 = EDGE_LOOP ( 'NONE', ( #1760, #4183, #4927, #396 ) ) ;
#5100 = DIRECTION ( 'NONE',  ( 1.000000000000000000, 0.000000000000000000, 0.000000000000000000 ) ) ;
#5101 = SURFACE_SIDE_STYLE ('',( #3673 ) ) ;
#5102 = PRESENTATION_LAYER_ASSIGNMENT (  '', '', ( #4415 ) ) ;
#5103 = CARTESIAN_POINT ( 'NONE',  ( 0.2927192558403118872, 0.2800000000000000266, 1.382434901537152427 ) ) ;
#5104 =( NAMED_UNIT ( * ) PLANE_ANGLE_UNIT ( ) SI_UNIT ( $, .RADIAN. ) );
#5105 = LINE ( 'NONE', #3867, #226 ) ;
#5106 = UNCERTAINTY_MEASURE_WITH_UNIT (LENGTH_MEASURE( 1.000000000000000082E-05 ), #1897, 'distance_accuracy_value', 'NONE');
#5107 = AXIS2_PLACEMENT_3D ( 'NONE', #5259, #810, #2868 ) ;
#5108 = ADVANCED_FACE ( 'NONE', ( #1445 ), #4322, .F. ) ;
#5109 = AXIS2_PLACEMENT_3D ( 'NONE', #3084, #1172, #4161 ) ;
#5110 = EDGE_CURVE ( 'NONE', #3848, #3054, #1524, .T. ) ;
#5111 = LINE ( 'NONE', #607, #2322 ) ;
#5112 = EDGE_CURVE ( 'NONE', #4358, #5489, #5152, .T. ) ;
#5113 = LINE ( 'NONE', #6226, #4951 ) ;
#5114 = ORIENTED_EDGE ( 'NONE', *, *, #679, .F. ) ;
#5115 = LINE ( 'NONE', #3185, #3788 ) ;
#5116 =( NAMED_UNIT ( * ) SI_UNIT ( $, .STERADIAN. ) SOLID_ANGLE_UNIT ( ) );
#5117 = ORIENTED_EDGE ( 'NONE', *, *, #61, .F. ) ;
#5118 = AXIS2_PLACEMENT_3D ( 'NONE', #3393, #527, #1022 ) ;
#5119 = DIRECTION ( 'NONE',  ( -0.000000000000000000, -1.000000000000000000, -0.000000000000000000 ) ) ;
#5120 = DIRECTION ( 'NONE',  ( 0.000000000000000000, 0.000000000000000000, -1.000000000000000000 ) ) ;
#5121 = VERTEX_POINT ( 'NONE', #6359 ) ;
#5122 =( NAMED_UNIT ( * ) SI_UNIT ( $, .STERADIAN. ) SOLID_ANGLE_UNIT ( ) );
#5123 = EDGE_LOOP ( 'NONE', ( #2437, #4865, #5431, #167 ) ) ;
#5124 = STYLED_ITEM ( 'NONE', ( #5632 ), #3195 ) ;
#5125 = FILL_AREA_STYLE ('',( #2723 ) ) ;
#5126 = EDGE_LOOP ( 'NONE', ( #5387, #133, #2900, #4409 ) ) ;
#5127 = CARTESIAN_POINT ( 'NONE',  ( 0.2927192558403129974, 0.000000000000000000, -1.382434901537152649 ) ) ;
#5128 =( NAMED_UNIT ( * ) PLANE_ANGLE_UNIT ( ) SI_UNIT ( $, .RADIAN. ) );
#5129 = ORIENTED_EDGE ( 'NONE', *, *, #2332, .F. ) ;
#5130 = STYLED_ITEM ( 'NONE', ( #830 ), #5133 ) ;
#5131 = EDGE_CURVE ( 'NONE', #1176, #5966, #6145, .T. ) ;
#5132 = DIRECTION ( 'NONE',  ( -0.000000000000000000, 1.000000000000000000, -0.000000000000000000 ) ) ;
#5133 = ADVANCED_FACE ( 'NONE', ( #3533 ), #3426, .F. ) ;
#5134 = SURFACE_STYLE_FILL_AREA ( #1492 ) ;
#5135 = ORIENTED_EDGE ( 'NONE', *, *, #2566, .T. ) ;
#5136 = EDGE_LOOP ( 'NONE', ( #656, #2209, #1422, #2585 ) ) ;
#5137 = DIRECTION ( 'NONE',  ( 0.000000000000000000, 0.000000000000000000, -1.000000000000000000 ) ) ;
#5138 = VERTEX_POINT ( 'NONE', #1427 ) ;
#5139 = PRESENTATION_LAYER_ASSIGNMENT (  '', '', ( #2242 ) ) ;
#5140 = PRESENTATION_STYLE_ASSIGNMENT (( #4960 ) ) ;
#5141 = VERTEX_POINT ( 'NONE', #3864 ) ;
#5142 =( LENGTH_UNIT ( ) NAMED_UNIT ( * ) SI_UNIT ( .MILLI., .METRE. ) );
#5143 = ORIENTED_EDGE ( 'NONE', *, *, #1873, .F. ) ;
#5144 = CYLINDRICAL_SURFACE ( 'NONE', #413, 0.09999999999999996392 ) ;
#5145 = EDGE_CURVE ( 'NONE', #1923, #5434, #2292, .T. ) ;
#5146 = EDGE_CURVE ( 'NONE', #1021, #1590, #279, .T. ) ;
#5147 = DIRECTION ( 'NONE',  ( -1.000000000000000000, 0.000000000000000000, -1.322197771323785883E-16 ) ) ;
#5148 = DIRECTION ( 'NONE',  ( 0.000000000000000000, 0.000000000000000000, 1.000000000000000000 ) ) ;
#5149 = PLANE ( 'NONE',  #5697 ) ;
#5150 = CARTESIAN_POINT ( 'NONE',  ( -3.000466477343560072E-16, 0.2800000000000000266, -0.1699999999999974309 ) ) ;
#5151 = VECTOR ( 'NONE', #3343, 1000.000000000000000 ) ;
#5152 = LINE ( 'NONE', #833, #5314 ) ;
#5153 = STYLED_ITEM ( 'NONE', ( #693 ), #1313 ) ;
#5154 = SURFACE_STYLE_FILL_AREA ( #428 ) ;
#5155 = FILL_AREA_STYLE_COLOUR ( '', #1597 ) ;
#5156 = UNCERTAINTY_MEASURE_WITH_UNIT (LENGTH_MEASURE( 1.000000000000000082E-05 ), #5722, 'distance_accuracy_value', 'NONE');
#5157 = LINE ( 'NONE', #927, #5237 ) ;
#5158 =( GEOMETRIC_REPRESENTATION_CONTEXT ( 3 ) GLOBAL_UNCERTAINTY_ASSIGNED_CONTEXT ( ( #5160 ) ) GLOBAL_UNIT_ASSIGNED_CONTEXT ( ( #1881, #2890, #356 ) ) REPRESENTATION_CONTEXT ( 'NONE', 'WORKASPACE' ) );
#5159 = VECTOR ( 'NONE', #1027, 1000.000000000000000 ) ;
#5160 = UNCERTAINTY_MEASURE_WITH_UNIT (LENGTH_MEASURE( 1.000000000000000082E-05 ), #1881, 'distance_accuracy_value', 'NONE');
#5161 = ORIENTED_EDGE ( 'NONE', *, *, #2792, .F. ) ;
#5162 = CARTESIAN_POINT ( 'NONE',  ( 1.355080376768301065, 0.9400000000000000577, -1.355080376768301731 ) ) ;
#5163 = MECHANICAL_DESIGN_GEOMETRIC_PRESENTATION_REPRESENTATION (  '', ( #1403 ), #4710 ) ;
#5164 = UNCERTAINTY_MEASURE_WITH_UNIT (LENGTH_MEASURE( 1.000000000000000082E-05 ), #3494, 'distance_accuracy_value', 'NONE');
#5165 = ORIENTED_EDGE ( 'NONE', *, *, #3373, .T. ) ;
#5166 =( LENGTH_UNIT ( ) NAMED_UNIT ( * ) SI_UNIT ( .MILLI., .METRE. ) );
#5167 =( LENGTH_UNIT ( ) NAMED_UNIT ( * ) SI_UNIT ( .MILLI., .METRE. ) );
#5168 = PRESENTATION_LAYER_ASSIGNMENT (  '', '', ( #2724 ) ) ;
#5169 = SURFACE_STYLE_FILL_AREA ( #2692 ) ;
#5170 = CARTESIAN_POINT ( 'NONE',  ( 1.524999999999999245, 0.2800000000000000266, -1.524999999999999911 ) ) ;
#5171 = EDGE_CURVE ( 'NONE', #3848, #2196, #4607, .T. ) ;
#5172 = LINE ( 'NONE', #3090, #6332 ) ;
#5173 = ORIENTED_EDGE ( 'NONE', *, *, #1916, .F. ) ;
#5174 = SURFACE_STYLE_USAGE ( .BOTH. , #3254 ) ;
#5175 = PRESENTATION_STYLE_ASSIGNMENT (( #3659 ) ) ;
#5176 =( NAMED_UNIT ( * ) PLANE_ANGLE_UNIT ( ) SI_UNIT ( $, .RADIAN. ) );
#5177 = LINE ( 'NONE', #4624, #1084 ) ;
#5178 = PRODUCT ( 'SI7617DN-T1-GE3', 'SI7617DN-T1-GE3', '', ( #1937 ) ) ;
#5179 = CARTESIAN_POINT ( 'NONE',  ( 1.524999999999999467, 0.000000000000000000, -0.1699999999999998457 ) ) ;
#5180 =( NAMED_UNIT ( * ) SI_UNIT ( $, .STERADIAN. ) SOLID_ANGLE_UNIT ( ) );
#5181 = PRESENTATION_STYLE_ASSIGNMENT (( #1461 ) ) ;
#5182 = PRESENTATION_LAYER_ASSIGNMENT (  '', '', ( #3720 ) ) ;
#5183 = LINE ( 'NONE', #4498, #549 ) ;
#5184 = FILL_AREA_STYLE_COLOUR ( '', #4859 ) ;
#5185 = CARTESIAN_POINT ( 'NONE',  ( -1.425364213674966241, 0.2800047328646773637, 1.524999502555877573 ) ) ;
#5186 =( NAMED_UNIT ( * ) SI_UNIT ( $, .STERADIAN. ) SOLID_ANGLE_UNIT ( ) );
#5187 = ORIENTED_EDGE ( 'NONE', *, *, #3249, .F. ) ;
#5188 = FILL_AREA_STYLE_COLOUR ( '', #2858 ) ;
#5189 = AXIS2_PLACEMENT_3D ( 'NONE', #4070, #5052, #5543 ) ;
#5190 = CARTESIAN_POINT ( 'NONE',  ( -1.655000000000000693, 0.2800000000000000266, 0.1699999999999999289 ) ) ;
#5191 = SURFACE_SIDE_STYLE ('',( #5991 ) ) ;
#5192 = ORIENTED_EDGE ( 'NONE', *, *, #1707, .F. ) ;
#5193 = CARTESIAN_POINT ( 'NONE',  ( 1.424999999999998934, 0.2800000000000000266, -1.424999999999999822 ) ) ;
#5194 = CARTESIAN_POINT ( 'NONE',  ( -1.525000000000000577, 0.000000000000000000, -1.424999999999999822 ) ) ;
#5195 = STYLED_ITEM ( 'NONE', ( #4464 ), #2411 ) ;
#5196 = CARTESIAN_POINT ( 'NONE',  ( -1.245000000000000773, 0.2800000000000000266, 1.054999999999999938 ) ) ;
#5197 = VERTEX_POINT ( 'NONE', #5886 ) ;
#5198 = CARTESIAN_POINT ( 'NONE',  ( -1.245000000000000773, 0.2800000000000000266, 0.8199999999999998401 ) ) ;
#5199 = ORIENTED_EDGE ( 'NONE', *, *, #223, .T. ) ;
#5200 =( LENGTH_UNIT ( ) NAMED_UNIT ( * ) SI_UNIT ( .MILLI., .METRE. ) );
#5201 = SURFACE_SIDE_STYLE ('',( #1033 ) ) ;
#5202 = ORIENTED_EDGE ( 'NONE', *, *, #2617, .T. ) ;
#5203 = PRESENTATION_LAYER_ASSIGNMENT (  '', '', ( #3225 ) ) ;
#5204 =( NAMED_UNIT ( * ) SI_UNIT ( $, .STERADIAN. ) SOLID_ANGLE_UNIT ( ) );
#5205 = PLANE ( 'NONE',  #2135 ) ;
#5206 = CARTESIAN_POINT ( 'NONE',  ( -1.655000000000000693, 0.2800000000000000266, 0.1699999999999999289 ) ) ;
#5207 = ORIENTED_EDGE ( 'NONE', *, *, #1632, .T. ) ;
#5208 = AXIS2_PLACEMENT_3D ( 'NONE', #105, #1493, #3990 ) ;
#5209 =( NAMED_UNIT ( * ) SI_UNIT ( $, .STERADIAN. ) SOLID_ANGLE_UNIT ( ) );
#5210 = EDGE_CURVE ( 'NONE', #1229, #3068, #2870, .T. ) ;
#5211 = PRESENTATION_STYLE_ASSIGNMENT (( #4627 ) ) ;
#5212 =( NAMED_UNIT ( * ) PLANE_ANGLE_UNIT ( ) SI_UNIT ( $, .RADIAN. ) );
#5213 = ORIENTED_EDGE ( 'NONE', *, *, #4221, .F. ) ;
#5214 = ORIENTED_EDGE ( 'NONE', *, *, #3651, .T. ) ;
#5215 = PLANE ( 'NONE',  #5661 ) ;
#5216 = CARTESIAN_POINT ( 'NONE',  ( -1.245000000000000773, -0.05000000000000000278, 0.1699999999999999012 ) ) ;
#5217 = ORIENTED_EDGE ( 'NONE', *, *, #2069, .F. ) ;
#5218 = FILL_AREA_STYLE_COLOUR ( '', #4167 ) ;
#5219 = ORIENTED_EDGE ( 'NONE', *, *, #4903, .T. ) ;
#5220 = MECHANICAL_DESIGN_GEOMETRIC_PRESENTATION_REPRESENTATION (  '', ( #217 ), #4768 ) ;
#5221 =( LENGTH_UNIT ( ) NAMED_UNIT ( * ) SI_UNIT ( .MILLI., .METRE. ) );
#5222 = SURFACE_STYLE_FILL_AREA ( #3278 ) ;
#5223 = FILL_AREA_STYLE ('',( #5184 ) ) ;
#5224 = COLOUR_RGB ( '',0.000000000000000000, 0.000000000000000000, 0.000000000000000000 ) ;
#5225 = EDGE_CURVE ( 'NONE', #681, #5386, #2441, .T. ) ;
#5226 =( NAMED_UNIT ( * ) SI_UNIT ( $, .STERADIAN. ) SOLID_ANGLE_UNIT ( ) );
#5227 = ADVANCED_FACE ( 'NONE', ( #6387 ), #2927, .F. ) ;
#5228 = EDGE_CURVE ( 'NONE', #268, #6293, #4440, .T. ) ;
#5229 = LINE ( 'NONE', #3404, #5085 ) ;
#5230 = PLANE ( 'NONE',  #3538 ) ;
#5231 =( LENGTH_UNIT ( ) NAMED_UNIT ( * ) SI_UNIT ( .MILLI., .METRE. ) );
#5232 = FACE_OUTER_BOUND ( 'NONE', #1809, .T. ) ;
#5233 = PLANE ( 'NONE',  #3781 ) ;
#5234 = DIRECTION ( 'NONE',  ( -7.228014483236712333E-16, -0.000000000000000000, 1.000000000000000000 ) ) ;
#5235 = LINE ( 'NONE', #19, #2601 ) ;
#5236 = PRESENTATION_LAYER_ASSIGNMENT (  '', '', ( #2802 ) ) ;
#5237 = VECTOR ( 'NONE', #1600, 1000.000000000000000 ) ;
#5238 = SURFACE_STYLE_FILL_AREA ( #1455 ) ;
#5239 = PLANE ( 'NONE',  #3647 ) ;
#5240 = DIRECTION ( 'NONE',  ( -1.000000000000000000, 0.000000000000000000, 0.000000000000000000 ) ) ;
#5241 = SURFACE_SIDE_STYLE ('',( #967 ) ) ;
#5242 = COLOUR_RGB ( '',0.7921568627450980005, 0.8196078431372548767, 0.9333333333333333481 ) ;
#5243 = LINE ( 'NONE', #4578, #5336 ) ;
#5244 = VECTOR ( 'NONE', #6199, 1000.000000000000000 ) ;
#5245 = PRESENTATION_LAYER_ASSIGNMENT (  '', '', ( #2849 ) ) ;
#5246 = ORIENTED_EDGE ( 'NONE', *, *, #5930, .T. ) ;
#5247 = ORIENTED_EDGE ( 'NONE', *, *, #4249, .T. ) ;
#5248 = CARTESIAN_POINT ( 'NONE',  ( -1.655000000000000693, -0.05000000000000000278, 0.8199999999999998401 ) ) ;
#5249 = FILL_AREA_STYLE_COLOUR ( '', #5242 ) ;
#5250 = STYLED_ITEM ( 'NONE', ( #901 ), #6158 ) ;
#5251 = DIRECTION ( 'NONE',  ( 0.1039620511844979306, -0.9891328443778537594, 0.1039620511844979167 ) ) ;
#5252 = CARTESIAN_POINT ( 'NONE',  ( -1.425182107177188628, 0.2800000000000003042, 1.525000000000000133 ) ) ;
#5253 = SURFACE_SIDE_STYLE ('',( #4374 ) ) ;
#5254 = LINE ( 'NONE', #1976, #5421 ) ;
#5255 = PRESENTATION_LAYER_ASSIGNMENT (  '', '', ( #5805 ) ) ;
#5256 = COLOUR_RGB ( '',0.000000000000000000, 0.000000000000000000, 0.000000000000000000 ) ;
#5257 = EDGE_CURVE ( 'NONE', #257, #2717, #668, .T. ) ;
#5258 = DIRECTION ( 'NONE',  ( 1.421904488505579654E-16, 0.000000000000000000, 1.000000000000000000 ) ) ;
#5259 = CARTESIAN_POINT ( 'NONE',  ( 0.000000000000000000, 0.2800000000000000266, 0.000000000000000000 ) ) ;
#5260 = SURFACE_STYLE_FILL_AREA ( #5907 ) ;
#5261 = CARTESIAN_POINT ( 'NONE',  ( 1.214999999999998970, 0.2800000000000000266, 0.000000000000000000 ) ) ;
#5262 = DIRECTION ( 'NONE',  ( 1.000000000000000000, 0.000000000000000000, 0.000000000000000000 ) ) ;
#5263 = CARTESIAN_POINT ( 'NONE',  ( -1.245000000000000773, 0.000000000000000000, 1.054999999999999938 ) ) ;
#5264 = ADVANCED_FACE ( 'NONE', ( #275 ), #596, .F. ) ;
#5265 = PRESENTATION_STYLE_ASSIGNMENT (( #3280 ) ) ;
#5266 = ORIENTED_EDGE ( 'NONE', *, *, #954, .F. ) ;
#5267 = LINE ( 'NONE', #4489, #4480 ) ;
#5268 = MECHANICAL_DESIGN_GEOMETRIC_PRESENTATION_REPRESENTATION (  '', ( #4814 ), #1951 ) ;
#5269 = DIRECTION ( 'NONE',  ( -1.000000000000000000, 0.000000000000000000, 1.512840240677446236E-15 ) ) ;
#5270 = VERTEX_POINT ( 'NONE', #2 ) ;
#5271 = EDGE_CURVE ( 'NONE', #842, #1923, #744, .T. ) ;
#5272 = EDGE_CURVE ( 'NONE', #5867, #883, #2979, .T. ) ;
#5273 = ORIENTED_EDGE ( 'NONE', *, *, #3130, .T. ) ;
#5274 = CARTESIAN_POINT ( 'NONE',  ( 1.355080376768301731, 0.9400000000000000577, 1.355080376768301731 ) ) ;
#5275 = DIRECTION ( 'NONE',  ( 1.000000000000000000, 0.000000000000000000, 0.000000000000000000 ) ) ;
#5276 = DIRECTION ( 'NONE',  ( -1.000000000000000000, 0.000000000000000000, 0.000000000000000000 ) ) ;
#5277 = CARTESIAN_POINT ( 'NONE',  ( 1.214999999999999192, 0.2800000000000000266, 0.1800000000000000488 ) ) ;
#5278 = UNCERTAINTY_MEASURE_WITH_UNIT (LENGTH_MEASURE( 1.000000000000000082E-05 ), #3769, 'distance_accuracy_value', 'NONE');
#5279 = EDGE_LOOP ( 'NONE', ( #731, #2797, #2853, #6032 ) ) ;
#5280 = PLANE ( 'NONE',  #4155 ) ;
#5281 = DIRECTION ( 'NONE',  ( 0.000000000000000000, -1.000000000000000000, 0.000000000000000000 ) ) ;
#5282 = FILL_AREA_STYLE_COLOUR ( '', #5002 ) ;
#5283 =( NAMED_UNIT ( * ) PLANE_ANGLE_UNIT ( ) SI_UNIT ( $, .RADIAN. ) );
#5284 = DIRECTION ( 'NONE',  ( -1.000000000000000000, -0.000000000000000000, -0.000000000000000000 ) ) ;
#5285 = STYLED_ITEM ( 'NONE', ( #5181 ), #2310 ) ;
#5286 = CLOSED_SHELL ( 'NONE', ( #5264, #5721, #5108, #4377, #1726, #5039 ) ) ;
#5287 = PLANE ( 'NONE',  #4537 ) ;
#5288 = LINE ( 'NONE', #2571, #1730 ) ;
#5289 = VERTEX_POINT ( 'NONE', #68 ) ;
#5290 = DIRECTION ( 'NONE',  ( -0.000000000000000000, -1.000000000000000000, -0.000000000000000000 ) ) ;
#5291 = PRESENTATION_LAYER_ASSIGNMENT (  '', '', ( #5053 ) ) ;
#5292 = MECHANICAL_DESIGN_GEOMETRIC_PRESENTATION_REPRESENTATION (  '', ( #2761 ), #3747 ) ;
#5293 =( NAMED_UNIT ( * ) SI_UNIT ( $, .STERADIAN. ) SOLID_ANGLE_UNIT ( ) );
#5294 = ORIENTED_EDGE ( 'NONE', *, *, #1253, .T. ) ;
#5295 = ORIENTED_EDGE ( 'NONE', *, *, #374, .T. ) ;
#5296 = ORIENTED_EDGE ( 'NONE', *, *, #1240, .T. ) ;
#5297 = ORIENTED_EDGE ( 'NONE', *, *, #4599, .F. ) ;
#5298 = ADVANCED_FACE ( 'NONE', ( #5081 ), #1518, .F. ) ;
#5299 = DIRECTION ( 'NONE',  ( -0.000000000000000000, -1.000000000000000000, -0.000000000000000000 ) ) ;
#5300 = ORIENTED_EDGE ( 'NONE', *, *, #5257, .F. ) ;
#5301 = LINE ( 'NONE', #766, #3892 ) ;
#5302 = ORIENTED_EDGE ( 'NONE', *, *, #5885, .T. ) ;
#5303 = FILL_AREA_STYLE_COLOUR ( '', #1970 ) ;
#5304 = DIRECTION ( 'NONE',  ( 1.322197771323786623E-16, 0.000000000000000000, -1.000000000000000000 ) ) ;
#5305 = UNCERTAINTY_MEASURE_WITH_UNIT (LENGTH_MEASURE( 1.000000000000000082E-05 ), #4908, 'distance_accuracy_value', 'NONE');
#5306 = PRESENTATION_STYLE_ASSIGNMENT (( #4531 ) ) ;
#5307 = MECHANICAL_DESIGN_GEOMETRIC_PRESENTATION_REPRESENTATION (  '', ( #4506 ), #5519 ) ;
#5308 = CARTESIAN_POINT ( 'NONE',  ( -1.245000000000000773, 0.2800000000000000266, 0.8199999999999998401 ) ) ;
#5309 = SURFACE_STYLE_USAGE ( .BOTH. , #4762 ) ;
#5310 = VECTOR ( 'NONE', #5980, 1000.000000000000000 ) ;
#5311 = DIRECTION ( 'NONE',  ( 5.065132647691205162E-17, 0.000000000000000000, -1.000000000000000000 ) ) ;
#5312 = DIRECTION ( 'NONE',  ( -1.000000000000000000, 0.000000000000000000, 0.000000000000000000 ) ) ;
#5313 = LINE ( 'NONE', #1447, #4290 ) ;
#5314 = VECTOR ( 'NONE', #5234, 1000.000000000000000 ) ;
#5315 = FILL_AREA_STYLE ('',( #1844 ) ) ;
#5316 = AXIS2_PLACEMENT_3D ( 'NONE', #3805, #2827, #6272 ) ;
#5317 = DIRECTION ( 'NONE',  ( -1.000000000000000000, 0.000000000000000000, 2.521400401129077125E-15 ) ) ;
#5318 = UNCERTAINTY_MEASURE_WITH_UNIT (LENGTH_MEASURE( 1.000000000000000082E-05 ), #1129, 'distance_accuracy_value', 'NONE');
#5319 = DIRECTION ( 'NONE',  ( 0.000000000000000000, 1.000000000000000000, 0.000000000000000000 ) ) ;
#5320 = VECTOR ( 'NONE', #2244, 1000.000000000000000 ) ;
#5321 = VECTOR ( 'NONE', #1550, 1000.000000000000000 ) ;
#5322 = MECHANICAL_DESIGN_GEOMETRIC_PRESENTATION_REPRESENTATION (  '', ( #4986 ), #5444 ) ;
#5323 = DIRECTION ( 'NONE',  ( 0.3419327100384695339, 0.000000000000000000, 0.9397244392936409119 ) ) ;
#5324 = EDGE_CURVE ( 'NONE', #476, #3027, #6224, .T. ) ;
#5325 =( NAMED_UNIT ( * ) SI_UNIT ( $, .STERADIAN. ) SOLID_ANGLE_UNIT ( ) );
#5326 = ORIENTED_EDGE ( 'NONE', *, *, #2823, .F. ) ;
#5327 = FACE_OUTER_BOUND ( 'NONE', #3661, .T. ) ;
#5328 = SURFACE_STYLE_FILL_AREA ( #899 ) ;
#5329 = DIRECTION ( 'NONE',  ( -0.000000000000000000, -0.000000000000000000, 1.000000000000000000 ) ) ;
#5330 =( NAMED_UNIT ( * ) SI_UNIT ( $, .STERADIAN. ) SOLID_ANGLE_UNIT ( ) );
#5331 =( GEOMETRIC_REPRESENTATION_CONTEXT ( 3 ) GLOBAL_UNCERTAINTY_ASSIGNED_CONTEXT ( ( #5518 ) ) GLOBAL_UNIT_ASSIGNED_CONTEXT ( ( #3153, #1195, #4077 ) ) REPRESENTATION_CONTEXT ( 'NONE', 'WORKASPACE' ) );
#5332 = EDGE_LOOP ( 'NONE', ( #5055, #351, #1889, #919 ) ) ;
#5333 = SURFACE_SIDE_STYLE ('',( #633 ) ) ;
#5334 = CARTESIAN_POINT ( 'NONE',  ( 0.2927192558403129974, 0.2800000000000000266, -1.650000000000000133 ) ) ;
#5335 = PRODUCT_DEFINITION_SHAPE ( 'NONE', 'NONE',  #3524 ) ;
#5336 = VECTOR ( 'NONE', #4052, 1000.000000000000000 ) ;
#5337 = LINE ( 'NONE', #80, #4002 ) ;
#5338 = CARTESIAN_POINT ( 'NONE',  ( -1.525000000000000133, 0.000000000000000000, 1.524999999999999911 ) ) ;
#5339 = ORIENTED_EDGE ( 'NONE', *, *, #1279, .F. ) ;
#5340 = ADVANCED_FACE ( 'NONE', ( #1977 ), #1542, .T. ) ;
#5341 = PRESENTATION_STYLE_ASSIGNMENT (( #147 ) ) ;
#5342 = DIRECTION ( 'NONE',  ( 1.322197771323786130E-16, 0.000000000000000000, -1.000000000000000000 ) ) ;
#5343 =( LENGTH_UNIT ( ) NAMED_UNIT ( * ) SI_UNIT ( .MILLI., .METRE. ) );
#5344 = CIRCLE ( 'NONE', #1067, 0.09999999999999996392 ) ;
#5345 = MECHANICAL_DESIGN_GEOMETRIC_PRESENTATION_REPRESENTATION (  '', ( #3362 ), #126 ) ;
#5346 = VECTOR ( 'NONE', #6200, 1000.000000000000000 ) ;
#5347 = LINE ( 'NONE', #460, #4323 ) ;
#5348 = FACE_OUTER_BOUND ( 'NONE', #4271, .T. ) ;
#5349 = SURFACE_STYLE_FILL_AREA ( #2991 ) ;
#5350 = VECTOR ( 'NONE', #4606, 1000.000000000000000 ) ;
#5351 = CARTESIAN_POINT ( 'NONE',  ( -1.525000000000000577, 0.000000000000000000, 1.129999999999999893 ) ) ;
#5352 = VECTOR ( 'NONE', #5764, 1000.000000000000000 ) ;
#5353 = STYLED_ITEM ( 'NONE', ( #3869 ), #366 ) ;
#5354 = STYLED_ITEM ( 'NONE', ( #1821 ), #5108 ) ;
#5355 = EDGE_CURVE ( 'NONE', #4338, #1432, #2798, .T. ) ;
#5356 = DIRECTION ( 'NONE',  ( 5.065132647691205162E-17, 0.000000000000000000, -1.000000000000000000 ) ) ;
#5357 = DIRECTION ( 'NONE',  ( 1.421904488505579654E-16, 0.000000000000000000, 1.000000000000000000 ) ) ;
#5358 = ORIENTED_EDGE ( 'NONE', *, *, #4138, .F. ) ;
#5359 = DIRECTION ( 'NONE',  ( 0.2588190451025173533, 0.000000000000000000, 0.9659258262890693114 ) ) ;
#5360 = CARTESIAN_POINT ( 'NONE',  ( 1.445120781198085735, 1.040000000000000036, 1.355080376768301509 ) ) ;
#5361 = DIRECTION ( 'NONE',  ( -0.000000000000000000, 1.000000000000000000, -0.000000000000000000 ) ) ;
#5362 = AXIS2_PLACEMENT_3D ( 'NONE', #1314, #841, #821 ) ;
#5363 = ORIENTED_EDGE ( 'NONE', *, *, #408, .F. ) ;
#5364 = SURFACE_SIDE_STYLE ('',( #3021 ) ) ;
#5365 = DIRECTION ( 'NONE',  ( -0.000000000000000000, -1.000000000000000000, -0.000000000000000000 ) ) ;
#5366 = EDGE_CURVE ( 'NONE', #5138, #1326, #1016, .T. ) ;
#5367 = EDGE_CURVE ( 'NONE', #4203, #5557, #5267, .T. ) ;
#5368 = UNCERTAINTY_MEASURE_WITH_UNIT (LENGTH_MEASURE( 1.000000000000000082E-05 ), #2716, 'distance_accuracy_value', 'NONE');
#5369 = SURFACE_STYLE_USAGE ( .BOTH. , #4795 ) ;
#5370 = ADVANCED_FACE ( 'NONE', ( #4802 ), #6072, .F. ) ;
#5371 = ORIENTED_EDGE ( 'NONE', *, *, #3581, .T. ) ;
#5372 = UNCERTAINTY_MEASURE_WITH_UNIT (LENGTH_MEASURE( 1.000000000000000082E-05 ), #480, 'distance_accuracy_value', 'NONE');
#5373 = UNCERTAINTY_MEASURE_WITH_UNIT (LENGTH_MEASURE( 1.000000000000000082E-05 ), #3313, 'distance_accuracy_value', 'NONE');
#5374 = CARTESIAN_POINT ( 'NONE',  ( 1.524998507671343484, 0.2800141985587187854, -1.425546318134516488 ) ) ;
#5375 = ORIENTED_EDGE ( 'NONE', *, *, #4549, .T. ) ;
#5376 = DIRECTION ( 'NONE',  ( -1.000000000000000000, 0.000000000000000000, 2.132856732758370837E-16 ) ) ;
#5377 = ORIENTED_EDGE ( 'NONE', *, *, #3757, .F. ) ;
#5378 = DIRECTION ( 'NONE',  ( -0.3419327100384764173, 0.000000000000000000, 0.9397244392936383584 ) ) ;
#5379 =( LENGTH_UNIT ( ) NAMED_UNIT ( * ) SI_UNIT ( .MILLI., .METRE. ) );
#5380 = STYLED_ITEM ( 'NONE', ( #767 ), #3088 ) ;
#5381 = DIRECTION ( 'NONE',  ( 0.000000000000000000, 0.000000000000000000, -1.000000000000000000 ) ) ;
#5382 = FILL_AREA_STYLE_COLOUR ( '', #6065 ) ;
#5383 = PLANE ( 'NONE',  #984 ) ;
#5384 = CARTESIAN_POINT ( 'NONE',  ( -1.525000000000000577, 0.000000000000000000, -1.524999999999999911 ) ) ;
#5385 = PRESENTATION_LAYER_ASSIGNMENT (  '', '', ( #1403 ) ) ;
#5386 = VERTEX_POINT ( 'NONE', #2635 ) ;
#5387 = ORIENTED_EDGE ( 'NONE', *, *, #2834, .F. ) ;
#5388 = SURFACE_STYLE_USAGE ( .BOTH. , #3937 ) ;
#5389 = AXIS2_PLACEMENT_3D ( 'NONE', #4438, #520, #2033 ) ;
#5390 = LINE ( 'NONE', #1046, #1664 ) ;
#5391 = FILL_AREA_STYLE_COLOUR ( '', #4137 ) ;
#5392 = ORIENTED_EDGE ( 'NONE', *, *, #4845, .F. ) ;
#5393 = EDGE_CURVE ( 'NONE', #4358, #3508, #5115, .T. ) ;
#5394 = ORIENTED_EDGE ( 'NONE', *, *, #3600, .T. ) ;
#5395 = DIRECTION ( 'NONE',  ( 0.2588190451025219607, 0.000000000000000000, -0.9659258262890678681 ) ) ;
#5396 = SURFACE_STYLE_FILL_AREA ( #3390 ) ;
#5397 = LINE ( 'NONE', #2824, #1361 ) ;
#5398 = STYLED_ITEM ( 'NONE', ( #665 ), #3862 ) ;
#5399 = SURFACE_STYLE_USAGE ( .BOTH. , #5333 ) ;
#5400 = PRESENTATION_STYLE_ASSIGNMENT (( #1744 ) ) ;
#5401 =( NAMED_UNIT ( * ) PLANE_ANGLE_UNIT ( ) SI_UNIT ( $, .RADIAN. ) );
#5402 = COLOUR_RGB ( '',0.000000000000000000, 0.000000000000000000, 0.000000000000000000 ) ;
#5403 =( LENGTH_UNIT ( ) NAMED_UNIT ( * ) SI_UNIT ( .MILLI., .METRE. ) );
#5404 = FILL_AREA_STYLE_COLOUR ( '', #2150 ) ;
#5405 = VECTOR ( 'NONE', #5771, 1000.000000000000000 ) ;
#5406 = SURFACE_SIDE_STYLE ('',( #59 ) ) ;
#5407 = FACE_OUTER_BOUND ( 'NONE', #1895, .T. ) ;
#5408 = CARTESIAN_POINT ( 'NONE',  ( 0.2927192558403129974, -0.05000000000000000278, -1.650000000000000133 ) ) ;
#5409 = FILL_AREA_STYLE ('',( #2962 ) ) ;
#5410 = FILL_AREA_STYLE_COLOUR ( '', #4528 ) ;
#5411 = DIRECTION ( 'NONE',  ( -1.000000000000000000, 0.000000000000000000, -1.322197771323785883E-16 ) ) ;
#5412 = LINE ( 'NONE', #4225, #5869 ) ;
#5413 = STYLED_ITEM ( 'NONE', ( #456 ), #1103 ) ;
#5414 = EDGE_LOOP ( 'NONE', ( #2174, #662, #3302, #1384, #3162, #4275, #5302, #54, #2893, #5432, #3490, #5375, #3060, #3326 ) ) ;
#5415 =( NAMED_UNIT ( * ) PLANE_ANGLE_UNIT ( ) SI_UNIT ( $, .RADIAN. ) );
#5416 = ORIENTED_EDGE ( 'NONE', *, *, #5035, .T. ) ;
#5417 = VECTOR ( 'NONE', #1657, 1000.000000000000000 ) ;
#5418 = VECTOR ( 'NONE', #2572, 1000.000000000000114 ) ;
#5419 = FACE_OUTER_BOUND ( 'NONE', #1940, .T. ) ;
#5420 =( GEOMETRIC_REPRESENTATION_CONTEXT ( 3 ) GLOBAL_UNCERTAINTY_ASSIGNED_CONTEXT ( ( #4153 ) ) GLOBAL_UNIT_ASSIGNED_CONTEXT ( ( #243, #5644, #2707 ) ) REPRESENTATION_CONTEXT ( 'NONE', 'WORKASPACE' ) );
#5421 = VECTOR ( 'NONE', #5895, 1000.000000000000000 ) ;
#5422 = CARTESIAN_POINT ( 'NONE',  ( 1.524999999999999245, 0.2800000000000000266, -1.524999999999999911 ) ) ;
#5423 = LINE ( 'NONE', #335, #1475 ) ;
#5424 = DIRECTION ( 'NONE',  ( 0.000000000000000000, -0.000000000000000000, 1.000000000000000000 ) ) ;
#5425 = VECTOR ( 'NONE', #2864, 1000.000000000000000 ) ;
#5426 =( GEOMETRIC_REPRESENTATION_CONTEXT ( 3 ) GLOBAL_UNCERTAINTY_ASSIGNED_CONTEXT ( ( #3075 ) ) GLOBAL_UNIT_ASSIGNED_CONTEXT ( ( #1614, #3089, #648 ) ) REPRESENTATION_CONTEXT ( 'NONE', 'WORKASPACE' ) );
#5427 = FILL_AREA_STYLE_COLOUR ( '', #3635 ) ;
#5428 = DIRECTION ( 'NONE',  ( -1.000000000000000000, 0.000000000000000000, -1.322197771323786623E-16 ) ) ;
#5429 = APPLICATION_PROTOCOL_DEFINITION ( 'draft international standard', 'automotive_design', 1998, #966 ) ;
#5430 = LINE ( 'NONE', #4799, #5579 ) ;
#5431 = ORIENTED_EDGE ( 'NONE', *, *, #2958, .T. ) ;
#5432 = ORIENTED_EDGE ( 'NONE', *, *, #704, .T. ) ;
#5433 = LINE ( 'NONE', #2289, #1859 ) ;
#5434 = VERTEX_POINT ( 'NONE', #2181 ) ;
#5435 = MECHANICAL_DESIGN_GEOMETRIC_PRESENTATION_REPRESENTATION (  '', ( #4415 ), #2031 ) ;
#5436 = DIRECTION ( 'NONE',  ( -0.000000000000000000, -1.000000000000000000, -0.000000000000000000 ) ) ;
#5437 = EDGE_LOOP ( 'NONE', ( #5515, #371, #152, #5871 ) ) ;
#5438 = ORIENTED_EDGE ( 'NONE', *, *, #2545, .T. ) ;
#5439 = SURFACE_STYLE_USAGE ( .BOTH. , #1973 ) ;
#5440 = AXIS2_PLACEMENT_3D ( 'NONE', #5193, #3211, #4210 ) ;
#5441 = DIRECTION ( 'NONE',  ( 0.000000000000000000, -0.000000000000000000, 1.000000000000000000 ) ) ;
#5442 =( LENGTH_UNIT ( ) NAMED_UNIT ( * ) SI_UNIT ( .MILLI., .METRE. ) );
#5443 =( NAMED_UNIT ( * ) SI_UNIT ( $, .STERADIAN. ) SOLID_ANGLE_UNIT ( ) );
#5444 =( GEOMETRIC_REPRESENTATION_CONTEXT ( 3 ) GLOBAL_UNCERTAINTY_ASSIGNED_CONTEXT ( ( #4010 ) ) GLOBAL_UNIT_ASSIGNED_CONTEXT ( ( #3148, #2593, #5563 ) ) REPRESENTATION_CONTEXT ( 'NONE', 'WORKASPACE' ) );
#5445 = EDGE_CURVE ( 'NONE', #6302, #4545, #2480, .T. ) ;
#5446 = ORIENTED_EDGE ( 'NONE', *, *, #6309, .F. ) ;
#5447 = EDGE_CURVE ( 'NONE', #3054, #2720, #1248, .T. ) ;
#5448 = LINE ( 'NONE', #1125, #4111 ) ;
#5449 = CARTESIAN_POINT ( 'NONE',  ( 1.214999999999999192, 0.2800000000000000266, -0.4699999999999996958 ) ) ;
#5450 = EDGE_LOOP ( 'NONE', ( #3588, #121, #4728, #3164 ) ) ;
#5451 = UNCERTAINTY_MEASURE_WITH_UNIT (LENGTH_MEASURE( 1.000000000000000082E-05 ), #5756, 'distance_accuracy_value', 'NONE');
#5452 = DIRECTION ( 'NONE',  ( -2.132856732758369605E-16, -0.000000000000000000, -1.000000000000000000 ) ) ;
#5453 = SURFACE_STYLE_USAGE ( .BOTH. , #3114 ) ;
#5454 = MECHANICAL_DESIGN_GEOMETRIC_PRESENTATION_REPRESENTATION (  '', ( #5690 ), #5574 ) ;
#5455 = LINE ( 'NONE', #66, #51 ) ;
#5456 = VERTEX_POINT ( 'NONE', #3631 ) ;
#5457 = ORIENTED_EDGE ( 'NONE', *, *, #5112, .T. ) ;
#5458 = FILL_AREA_STYLE ('',( #1089 ) ) ;
#5459 = ORIENTED_EDGE ( 'NONE', *, *, #5591, .T. ) ;
#5460 =( NAMED_UNIT ( * ) PLANE_ANGLE_UNIT ( ) SI_UNIT ( $, .RADIAN. ) );
#5461 = DIRECTION ( 'NONE',  ( -1.000000000000000000, 0.000000000000000000, 5.042800802258159378E-16 ) ) ;
#5462 = EDGE_LOOP ( 'NONE', ( #37, #1411, #4032, #5651 ) ) ;
#5463 = MECHANICAL_DESIGN_GEOMETRIC_PRESENTATION_REPRESENTATION (  '', ( #4793 ), #360 ) ;
#5464 = ORIENTED_EDGE ( 'NONE', *, *, #3460, .T. ) ;
#5465 = CARTESIAN_POINT ( 'NONE',  ( 0.2927192558403129974, 0.000000000000000000, -1.382434901537152649 ) ) ;
#5466 = SURFACE_SIDE_STYLE ('',( #5719 ) ) ;
#5467 = VECTOR ( 'NONE', #5689, 1000.000000000000000 ) ;
#5468 = PRESENTATION_LAYER_ASSIGNMENT (  '', '', ( #2026 ) ) ;
#5469 = LINE ( 'NONE', #3033, #2840 ) ;
#5470 = SURFACE_STYLE_USAGE ( .BOTH. , #5935 ) ;
#5471 = AXIS2_PLACEMENT_3D ( 'NONE', #5958, #516, #1113 ) ;
#5472 = CARTESIAN_POINT ( 'NONE',  ( 1.214999999999999192, 0.2800000000000000266, 0.4800000000000001488 ) ) ;
#5473 = COLOUR_RGB ( '',1.000000000000000000, 1.000000000000000000, 1.000000000000000000 ) ;
#5474 = SURFACE_STYLE_FILL_AREA ( #659 ) ;
#5475 = EDGE_CURVE ( 'NONE', #2479, #3582, #4635, .T. ) ;
#5476 = DIRECTION ( 'NONE',  ( 0.000000000000000000, 0.000000000000000000, -1.000000000000000000 ) ) ;
#5477 = COLOUR_RGB ( '',1.000000000000000000, 1.000000000000000000, 1.000000000000000000 ) ;
#5478 = DIRECTION ( 'NONE',  ( -1.000000000000000000, 0.000000000000000000, -0.000000000000000000 ) ) ;
#5479 = VECTOR ( 'NONE', #6168, 1000.000000000000000 ) ;
#5480 = COLOUR_RGB ( '',1.000000000000000000, 1.000000000000000000, 1.000000000000000000 ) ;
#5481 = CARTESIAN_POINT ( 'NONE',  ( 1.524998507671344150, 0.2800141985587163429, 1.425546318134516710 ) ) ;
#5482 = DIRECTION ( 'NONE',  ( -1.000000000000000000, 0.000000000000000000, 1.445602896647339903E-15 ) ) ;
#5483 =( GEOMETRIC_REPRESENTATION_CONTEXT ( 3 ) GLOBAL_UNCERTAINTY_ASSIGNED_CONTEXT ( ( #3945 ) ) GLOBAL_UNIT_ASSIGNED_CONTEXT ( ( #2257, #5212, #6156 ) ) REPRESENTATION_CONTEXT ( 'NONE', 'WORKASPACE' ) );
#5484 = FILL_AREA_STYLE ('',( #4510 ) ) ;
#5485 = VERTEX_POINT ( 'NONE', #6100 ) ;
#5486 = CARTESIAN_POINT ( 'NONE',  ( 1.214999999999999192, 0.2800000000000000266, 0.4800000000000001488 ) ) ;
#5487 = EDGE_CURVE ( 'NONE', #4457, #2081, #1166, .T. ) ;
#5488 = COLOUR_RGB ( '',0.000000000000000000, 0.000000000000000000, 0.000000000000000000 ) ;
#5489 = VERTEX_POINT ( 'NONE', #2653 ) ;
#5490 = PLANE ( 'NONE',  #6015 ) ;
#5491 = EDGE_CURVE ( 'NONE', #6037, #1663, #3111, .T. ) ;
#5492 = DIRECTION ( 'NONE',  ( -1.000000000000000000, -0.000000000000000000, -0.000000000000000000 ) ) ;
#5493 = CIRCLE ( 'NONE', #5993, 0.1000000000000000472 ) ;
#5494 = PRESENTATION_STYLE_ASSIGNMENT (( #2555 ) ) ;
#5495 = SURFACE_STYLE_FILL_AREA ( #1816 ) ;
#5496 = MECHANICAL_DESIGN_GEOMETRIC_PRESENTATION_REPRESENTATION (  '', ( #5153 ), #2712 ) ;
#5497 = FACE_OUTER_BOUND ( 'NONE', #2650, .T. ) ;
#5498 = SURFACE_STYLE_USAGE ( .BOTH. , #4994 ) ;
#5499 = FILL_AREA_STYLE_COLOUR ( '', #3809 ) ;
#5500 = DIRECTION ( 'NONE',  ( 0.000000000000000000, -1.000000000000000000, 0.000000000000000000 ) ) ;
#5501 = STYLED_ITEM ( 'NONE', ( #4944 ), #2875 ) ;
#5502 = PRESENTATION_STYLE_ASSIGNMENT (( #1009 ) ) ;
#5503 = VECTOR ( 'NONE', #3256, 1000.000000000000000 ) ;
#5504 = VECTOR ( 'NONE', #3936, 1000.000000000000000 ) ;
#5505 = CARTESIAN_POINT ( 'NONE',  ( 1.524999999999999911, 0.2800000000000000266, 1.524999999999999911 ) ) ;
#5506 = SURFACE_STYLE_USAGE ( .BOTH. , #980 ) ;
#5507 = MECHANICAL_DESIGN_GEOMETRIC_PRESENTATION_REPRESENTATION (  '', ( #3513 ), #734 ) ;
#5508 = CARTESIAN_POINT ( 'NONE',  ( 0.3549999999999997602, 0.2800000000000000266, 1.149999999999999911 ) ) ;
#5509 = ORIENTED_EDGE ( 'NONE', *, *, #6351, .T. ) ;
#5510 = VERTEX_POINT ( 'NONE', #4050 ) ;
#5511 = AXIS2_PLACEMENT_3D ( 'NONE', #1709, #4641, #3223 ) ;
#5512 = FILL_AREA_STYLE_COLOUR ( '', #625 ) ;
#5513 = EDGE_CURVE ( 'NONE', #3475, #83, #4953, .T. ) ;
#5514 = DIRECTION ( 'NONE',  ( 1.000000000000000000, 0.000000000000000000, -2.168404344971007685E-15 ) ) ;
#5515 = ORIENTED_EDGE ( 'NONE', *, *, #3387, .T. ) ;
#5516 = SURFACE_STYLE_USAGE ( .BOTH. , #4046 ) ;
#5517 = CARTESIAN_POINT ( 'NONE',  ( -1.525000000000000577, 0.2800000000000000266, -1.524999999999999911 ) ) ;
#5518 = UNCERTAINTY_MEASURE_WITH_UNIT (LENGTH_MEASURE( 1.000000000000000082E-05 ), #3153, 'distance_accuracy_value', 'NONE');
#5519 =( GEOMETRIC_REPRESENTATION_CONTEXT ( 3 ) GLOBAL_UNCERTAINTY_ASSIGNED_CONTEXT ( ( #3486 ) ) GLOBAL_UNIT_ASSIGNED_CONTEXT ( ( #1064, #5415, #64 ) ) REPRESENTATION_CONTEXT ( 'NONE', 'WORKASPACE' ) );
#5520 = CARTESIAN_POINT ( 'NONE',  ( 1.524999999999999245, 0.2800000000000000266, -1.524999999999999911 ) ) ;
#5521 = SURFACE_STYLE_FILL_AREA ( #5088 ) ;
#5522 = CARTESIAN_POINT ( 'NONE',  ( 0.000000000000000000, 0.000000000000000000, 1.129999999999999893 ) ) ;
#5523 = ORIENTED_EDGE ( 'NONE', *, *, #2545, .F. ) ;
#5524 = CARTESIAN_POINT ( 'NONE',  ( 0.2927192558403119427, 0.000000000000000000, 1.524999999999999911 ) ) ;
#5525 = ORIENTED_EDGE ( 'NONE', *, *, #4683, .T. ) ;
#5526 =( NAMED_UNIT ( * ) SI_UNIT ( $, .STERADIAN. ) SOLID_ANGLE_UNIT ( ) );
#5527 = LINE ( 'NONE', #1585, #1495 ) ;
#5528 = SURFACE_SIDE_STYLE ('',( #932 ) ) ;
#5529 = ORIENTED_EDGE ( 'NONE', *, *, #4376, .T. ) ;
#5530 = DIRECTION ( 'NONE',  ( -2.132856732758369605E-16, -0.000000000000000000, -1.000000000000000000 ) ) ;
#5531 = VERTEX_POINT ( 'NONE', #2120 ) ;
#5532 = VERTEX_POINT ( 'NONE', #640 ) ;
#5533 = MANIFOLD_SOLID_BREP ( 'Boss-Extrude3[3]', #5286 ) ;
#5534 = ORIENTED_EDGE ( 'NONE', *, *, #679, .T. ) ;
#5535 = DIRECTION ( 'NONE',  ( 1.000000000000000000, 0.000000000000000000, 0.000000000000000000 ) ) ;
#5536 = VECTOR ( 'NONE', #3587, 1000.000000000000000 ) ;
#5537 =( GEOMETRIC_REPRESENTATION_CONTEXT ( 3 ) GLOBAL_UNCERTAINTY_ASSIGNED_CONTEXT ( ( #4630 ) ) GLOBAL_UNIT_ASSIGNED_CONTEXT ( ( #3597, #2086, #5544 ) ) REPRESENTATION_CONTEXT ( 'NONE', 'WORKASPACE' ) );
#5538 = VECTOR ( 'NONE', #2843, 1000.000000000000000 ) ;
#5539 = VERTEX_POINT ( 'NONE', #3163 ) ;
#5540 = FILL_AREA_STYLE ('',( #4508 ) ) ;
#5541 = ORIENTED_EDGE ( 'NONE', *, *, #1386, .T. ) ;
#5542 = DIRECTION ( 'NONE',  ( 0.000000000000000000, -0.000000000000000000, -1.000000000000000000 ) ) ;
#5543 = DIRECTION ( 'NONE',  ( 0.000000000000000000, 0.000000000000000000, 1.000000000000000000 ) ) ;
#5544 =( NAMED_UNIT ( * ) SI_UNIT ( $, .STERADIAN. ) SOLID_ANGLE_UNIT ( ) );
#5545 = FILL_AREA_STYLE ('',( #3560 ) ) ;
#5546 = VECTOR ( 'NONE', #1920, 1000.000000000000000 ) ;
#5547 = ADVANCED_FACE ( 'NONE', ( #6354 ), #1185, .F. ) ;
#5548 = SURFACE_SIDE_STYLE ('',( #160 ) ) ;
#5549 = MECHANICAL_DESIGN_GEOMETRIC_PRESENTATION_REPRESENTATION (  '', ( #3026 ), #909 ) ;
#5550 = DIRECTION ( 'NONE',  ( 1.000000000000000000, 0.000000000000000000, 0.000000000000000000 ) ) ;
#5551 = EDGE_CURVE ( 'NONE', #3400, #4303, #2612, .T. ) ;
#5552 = VECTOR ( 'NONE', #2931, 1000.000000000000000 ) ;
#5553 =( LENGTH_UNIT ( ) NAMED_UNIT ( * ) SI_UNIT ( .MILLI., .METRE. ) );
#5554 = UNCERTAINTY_MEASURE_WITH_UNIT (LENGTH_MEASURE( 1.000000000000000082E-05 ), #4503, 'distance_accuracy_value', 'NONE');
#5555 = FACE_OUTER_BOUND ( 'NONE', #2047, .T. ) ;
#5556 = PRESENTATION_STYLE_ASSIGNMENT (( #3555 ) ) ;
#5557 = VERTEX_POINT ( 'NONE', #2790 ) ;
#5558 = LINE ( 'NONE', #2956, #3554 ) ;
#5559 = EDGE_LOOP ( 'NONE', ( #5675, #580, #6374, #4616 ) ) ;
#5560 = MECHANICAL_DESIGN_GEOMETRIC_PRESENTATION_REPRESENTATION (  '', ( #4639 ), #4979 ) ;
#5561 = ADVANCED_FACE ( 'NONE', ( #5348 ), #3199, .F. ) ;
#5562 = PLANE ( 'NONE',  #1365 ) ;
#5563 =( NAMED_UNIT ( * ) SI_UNIT ( $, .STERADIAN. ) SOLID_ANGLE_UNIT ( ) );
#5564 = CARTESIAN_POINT ( 'NONE',  ( 0.2927192558403119427, 0.2800000000000000266, 1.649999999999999911 ) ) ;
#5565 = SURFACE_STYLE_FILL_AREA ( #3257 ) ;
#5566 = UNCERTAINTY_MEASURE_WITH_UNIT (LENGTH_MEASURE( 1.000000000000000082E-05 ), #5941, 'distance_accuracy_value', 'NONE');
#5567 = LINE ( 'NONE', #3511, #5717 ) ;
#5568 = EDGE_CURVE ( 'NONE', #3660, #2937, #1074, .T. ) ;
#5569 = CARTESIAN_POINT ( 'NONE',  ( 1.214999999999998970, 0.000000000000000000, -1.119999999999999440 ) ) ;
#5570 = EDGE_CURVE ( 'NONE', #4504, #2978, #4064, .T. ) ;
#5571 = CARTESIAN_POINT ( 'NONE',  ( 0.3549999999999997602, -0.05000000000000000278, 1.149999999999999911 ) ) ;
#5572 =( NAMED_UNIT ( * ) SI_UNIT ( $, .STERADIAN. ) SOLID_ANGLE_UNIT ( ) );
#5573 = PRESENTATION_STYLE_ASSIGNMENT (( #915 ) ) ;
#5574 =( GEOMETRIC_REPRESENTATION_CONTEXT ( 3 ) GLOBAL_UNCERTAINTY_ASSIGNED_CONTEXT ( ( #241 ) ) GLOBAL_UNIT_ASSIGNED_CONTEXT ( ( #3509, #551, #1545 ) ) REPRESENTATION_CONTEXT ( 'NONE', 'WORKASPACE' ) );
#5575 =( LENGTH_UNIT ( ) NAMED_UNIT ( * ) SI_UNIT ( .MILLI., .METRE. ) );
#5576 = CARTESIAN_POINT ( 'NONE',  ( 0.2927192558403129974, 0.2800000000000000266, -1.524999999999999911 ) ) ;
#5577 = SURFACE_STYLE_FILL_AREA ( #3299 ) ;
#5578 = CARTESIAN_POINT ( 'NONE',  ( 0.2927192558403129974, 0.2800000000000000266, -1.382434901537152649 ) ) ;
#5579 = VECTOR ( 'NONE', #2795, 1000.000000000000000 ) ;
#5580 = EDGE_LOOP ( 'NONE', ( #815, #423, #1343, #5737 ) ) ;
#5581 = VECTOR ( 'NONE', #5617, 1000.000000000000000 ) ;
#5582 = ORIENTED_EDGE ( 'NONE', *, *, #4562, .T. ) ;
#5583 = SURFACE_STYLE_USAGE ( .BOTH. , #2640 ) ;
#5584 =( NAMED_UNIT ( * ) SI_UNIT ( $, .STERADIAN. ) SOLID_ANGLE_UNIT ( ) );
#5585 = ORIENTED_EDGE ( 'NONE', *, *, #3247, .F. ) ;
#5586 =( GEOMETRIC_REPRESENTATION_CONTEXT ( 3 ) GLOBAL_UNCERTAINTY_ASSIGNED_CONTEXT ( ( #3999 ) ) GLOBAL_UNIT_ASSIGNED_CONTEXT ( ( #245, #286, #6109 ) ) REPRESENTATION_CONTEXT ( 'NONE', 'WORKASPACE' ) );
#5587 = DIRECTION ( 'NONE',  ( 0.2588190451025173533, 0.000000000000000000, 0.9659258262890692004 ) ) ;
#5588 = ORIENTED_EDGE ( 'NONE', *, *, #3654, .T. ) ;
#5589 = STYLED_ITEM ( 'NONE', ( #2499 ), #182 ) ;
#5590 = DIRECTION ( 'NONE',  ( 0.9397244392936410229, 0.000000000000000000, -0.3419327100384694784 ) ) ;
#5591 = EDGE_CURVE ( 'NONE', #3137, #1663, #5936, .T. ) ;
#5592 =( NAMED_UNIT ( * ) SI_UNIT ( $, .STERADIAN. ) SOLID_ANGLE_UNIT ( ) );
#5593 = ADVANCED_FACE ( 'NONE', ( #5555 ), #1723, .F. ) ;
#5594 = ORIENTED_EDGE ( 'NONE', *, *, #5145, .T. ) ;
#5595 = ORIENTED_EDGE ( 'NONE', *, *, #6245, .F. ) ;
#5596 =( LENGTH_UNIT ( ) NAMED_UNIT ( * ) SI_UNIT ( .MILLI., .METRE. ) );
#5597 = EDGE_CURVE ( 'NONE', #4669, #6037, #3617, .T. ) ;
#5598 = EDGE_CURVE ( 'NONE', #972, #1564, #2301, .T. ) ;
#5599 = CARTESIAN_POINT ( 'NONE',  ( -0.000000000000000000, 0.000000000000000000, 0.1800000000000000488 ) ) ;
#5600 = LINE ( 'NONE', #3093, #4747 ) ;
#5601 = VERTEX_POINT ( 'NONE', #2287 ) ;
#5602 = ORIENTED_EDGE ( 'NONE', *, *, #4140, .T. ) ;
#5603 = SURFACE_STYLE_FILL_AREA ( #3991 ) ;
#5604 = VERTEX_POINT ( 'NONE', #5198 ) ;
#5605 = AXIS2_PLACEMENT_3D ( 'NONE', #4850, #1878, #5359 ) ;
#5606 = LINE ( 'NONE', #1287, #350 ) ;
#5607 = ORIENTED_EDGE ( 'NONE', *, *, #508, .F. ) ;
#5608 = CARTESIAN_POINT ( 'NONE',  ( 1.524999999999999689, 0.2800000000000000266, 0.8299999999999997380 ) ) ;
#5609 = CARTESIAN_POINT ( 'NONE',  ( -1.245000000000000551, -0.05000000000000000278, -0.8200000000000000622 ) ) ;
#5610 = PRESENTATION_STYLE_ASSIGNMENT (( #2466 ) ) ;
#5611 = VECTOR ( 'NONE', #5258, 1000.000000000000000 ) ;
#5612 =( LENGTH_UNIT ( ) NAMED_UNIT ( * ) SI_UNIT ( .MILLI., .METRE. ) );
#5613 = VECTOR ( 'NONE', #158, 1000.000000000000000 ) ;
#5614 = STYLED_ITEM ( 'NONE', ( #6132 ), #2277 ) ;
#5615 = PRESENTATION_STYLE_ASSIGNMENT (( #4846 ) ) ;
#5616 = MANIFOLD_SOLID_BREP ( 'Cut-Extrude1', #2052 ) ;
#5617 = DIRECTION ( 'NONE',  ( -0.000000000000000000, -1.000000000000000000, -0.000000000000000000 ) ) ;
#5618 = AXIS2_PLACEMENT_3D ( 'NONE', #848, #1893, #2965 ) ;
#5619 = SURFACE_STYLE_USAGE ( .BOTH. , #3298 ) ;
#5620 = VECTOR ( 'NONE', #1914, 1000.000000000000000 ) ;
#5621 = FILL_AREA_STYLE ('',( #696 ) ) ;
#5622 = PRESENTATION_LAYER_ASSIGNMENT (  '', '', ( #203 ) ) ;
#5623 = CARTESIAN_POINT ( 'NONE',  ( 0.000000000000000000, 0.2800000000000000266, 0.8299999999999997380 ) ) ;
#5624 = DIRECTION ( 'NONE',  ( 1.000000000000000000, 0.000000000000000000, 6.994852725712935172E-16 ) ) ;
#5625 = SURFACE_STYLE_USAGE ( .BOTH. , #5241 ) ;
#5626 = SURFACE_STYLE_FILL_AREA ( #4413 ) ;
#5627 = ORIENTED_EDGE ( 'NONE', *, *, #6005, .F. ) ;
#5628 = VECTOR ( 'NONE', #5284, 1000.000000000000000 ) ;
#5629 = EDGE_LOOP ( 'NONE', ( #3793, #2109, #2254, #5743 ) ) ;
#5630 = FILL_AREA_STYLE_COLOUR ( '', #1363 ) ;
#5631 = MECHANICAL_DESIGN_GEOMETRIC_PRESENTATION_REPRESENTATION (  '', ( #1328 ), #1288 ) ;
#5632 = PRESENTATION_STYLE_ASSIGNMENT (( #877 ) ) ;
#5633 = CARTESIAN_POINT ( 'NONE',  ( 0.2927192558403118872, -0.05000000000000000278, 1.382434901537152427 ) ) ;
#5634 = ORIENTED_EDGE ( 'NONE', *, *, #5591, .F. ) ;
#5635 = VECTOR ( 'NONE', #98, 1000.000000000000000 ) ;
#5636 = FACE_OUTER_BOUND ( 'NONE', #316, .T. ) ;
#5637 = UNCERTAINTY_MEASURE_WITH_UNIT (LENGTH_MEASURE( 1.000000000000000082E-05 ), #4291, 'distance_accuracy_value', 'NONE');
#5638 =( NAMED_UNIT ( * ) PLANE_ANGLE_UNIT ( ) SI_UNIT ( $, .RADIAN. ) );
#5639 = VECTOR ( 'NONE', #5100, 1000.000000000000000 ) ;
#5640 = UNCERTAINTY_MEASURE_WITH_UNIT (LENGTH_MEASURE( 1.000000000000000082E-05 ), #6176, 'distance_accuracy_value', 'NONE');
#5641 = VECTOR ( 'NONE', #6086, 1000.000000000000000 ) ;
#5642 = AXIS2_PLACEMENT_3D ( 'NONE', #3885, #4386, #1880 ) ;
#5643 = DIRECTION ( 'NONE',  ( -1.000000000000000000, 0.000000000000000000, 0.000000000000000000 ) ) ;
#5644 =( NAMED_UNIT ( * ) PLANE_ANGLE_UNIT ( ) SI_UNIT ( $, .RADIAN. ) );
#5645 =( GEOMETRIC_REPRESENTATION_CONTEXT ( 3 ) GLOBAL_UNCERTAINTY_ASSIGNED_CONTEXT ( ( #1242 ) ) GLOBAL_UNIT_ASSIGNED_CONTEXT ( ( #5167, #3728, #2206 ) ) REPRESENTATION_CONTEXT ( 'NONE', 'WORKASPACE' ) );
#5646 = FACE_OUTER_BOUND ( 'NONE', #788, .T. ) ;
#5647 = DIRECTION ( 'NONE',  ( 1.000000000000000000, 0.000000000000000000, -1.764980280790356078E-15 ) ) ;
#5648 = EDGE_CURVE ( 'NONE', #1018, #2101, #3318, .T. ) ;
#5649 =( NAMED_UNIT ( * ) PLANE_ANGLE_UNIT ( ) SI_UNIT ( $, .RADIAN. ) );
#5650 = SURFACE_STYLE_FILL_AREA ( #2777 ) ;
#5651 = ORIENTED_EDGE ( 'NONE', *, *, #6211, .F. ) ;
#5652 = ORIENTED_EDGE ( 'NONE', *, *, #3692, .F. ) ;
#5653 =( GEOMETRIC_REPRESENTATION_CONTEXT ( 3 ) GLOBAL_UNCERTAINTY_ASSIGNED_CONTEXT ( ( #2064 ) ) GLOBAL_UNIT_ASSIGNED_CONTEXT ( ( #1304, #5460, #43 ) ) REPRESENTATION_CONTEXT ( 'NONE', 'WORKASPACE' ) );
#5654 = PRESENTATION_STYLE_ASSIGNMENT (( #1532 ) ) ;
#5655 =( NAMED_UNIT ( * ) SI_UNIT ( $, .STERADIAN. ) SOLID_ANGLE_UNIT ( ) );
#5656 = ADVANCED_FACE ( 'NONE', ( #839 ), #2379, .T. ) ;
#5657 = FILL_AREA_STYLE ('',( #5155 ) ) ;
#5658 = ORIENTED_EDGE ( 'NONE', *, *, #1872, .T. ) ;
#5659 = ORIENTED_EDGE ( 'NONE', *, *, #3069, .T. ) ;
#5660 = DIRECTION ( 'NONE',  ( -2.525088288725319983E-15, 0.000000000000000000, -1.000000000000000000 ) ) ;
#5661 = AXIS2_PLACEMENT_3D ( 'NONE', #2733, #3682, #3258 ) ;
#5662 = CARTESIAN_POINT ( 'NONE',  ( -1.655000000000000693, 0.2800000000000000266, -0.4800000000000000377 ) ) ;
#5663 =( LENGTH_UNIT ( ) NAMED_UNIT ( * ) SI_UNIT ( .MILLI., .METRE. ) );
#5664 = MECHANICAL_DESIGN_GEOMETRIC_PRESENTATION_REPRESENTATION (  '', ( #5801 ), #488 ) ;
#5665 = CARTESIAN_POINT ( 'NONE',  ( -1.425546318134516932, 0.2800141985587165649, 1.524998507671344150 ) ) ;
#5666 = SURFACE_SIDE_STYLE ('',( #518 ) ) ;
#5667 =( LENGTH_UNIT ( ) NAMED_UNIT ( * ) SI_UNIT ( .MILLI., .METRE. ) );
#5668 = PRESENTATION_STYLE_ASSIGNMENT (( #6057 ) ) ;
#5669 = ORIENTED_EDGE ( 'NONE', *, *, #1556, .F. ) ;
#5670 = PRESENTATION_LAYER_ASSIGNMENT (  '', '', ( #1368 ) ) ;
#5671 = EDGE_CURVE ( 'NONE', #820, #4706, #82, .T. ) ;
#5672 =( LENGTH_UNIT ( ) NAMED_UNIT ( * ) SI_UNIT ( .MILLI., .METRE. ) );
#5673 = DIRECTION ( 'NONE',  ( -1.000000000000000000, -0.000000000000000000, 5.042800802258159378E-16 ) ) ;
#5674 = CYLINDRICAL_SURFACE ( 'NONE', #5471, 0.09999999999999996392 ) ;
#5675 = ORIENTED_EDGE ( 'NONE', *, *, #3157, .F. ) ;
#5676 =( GEOMETRIC_REPRESENTATION_CONTEXT ( 3 ) GLOBAL_UNCERTAINTY_ASSIGNED_CONTEXT ( ( #4828 ) ) GLOBAL_UNIT_ASSIGNED_CONTEXT ( ( #4857, #2940, #3435 ) ) REPRESENTATION_CONTEXT ( 'NONE', 'WORKASPACE' ) );
#5677 = ORIENTED_EDGE ( 'NONE', *, *, #148, .F. ) ;
#5678 = CARTESIAN_POINT ( 'NONE',  ( -1.525000000000000577, 0.2800000000000000266, -1.524999999999999911 ) ) ;
#5679 = CIRCLE ( 'NONE', #3670, 0.1000000000000000472 ) ;
#5680 = ORIENTED_EDGE ( 'NONE', *, *, #5900, .F. ) ;
#5681 = VERTEX_POINT ( 'NONE', #6281 ) ;
#5682 = LINE ( 'NONE', #176, #5536 ) ;
#5683 = EDGE_CURVE ( 'NONE', #1176, #900, #2684, .T. ) ;
#5684 = DIRECTION ( 'NONE',  ( 1.000000000000000000, 0.000000000000000000, -1.512840240677446433E-15 ) ) ;
#5685 = ADVANCED_FACE ( 'NONE', ( #4693 ), #407, .F. ) ;
#5686 = EDGE_CURVE ( 'NONE', #842, #5896, #1448, .T. ) ;
#5687 = CARTESIAN_POINT ( 'NONE',  ( 0.09728074415968639144, -0.05000000000000000278, -1.650000000000000133 ) ) ;
#5688 = ORIENTED_EDGE ( 'NONE', *, *, #5145, .F. ) ;
#5689 = DIRECTION ( 'NONE',  ( 6.078159177229446441E-16, 0.000000000000000000, 1.000000000000000000 ) ) ;
#5690 = STYLED_ITEM ( 'NONE', ( #347 ), #2219 ) ;
#5691 = SURFACE_STYLE_USAGE ( .BOTH. , #792 ) ;
#5692 = DIRECTION ( 'NONE',  ( -0.000000000000000000, 1.000000000000000000, -0.000000000000000000 ) ) ;
#5693 = PRESENTATION_STYLE_ASSIGNMENT (( #3504 ) ) ;
#5694 = LINE ( 'NONE', #2722, #5320 ) ;
#5695 = CARTESIAN_POINT ( 'NONE',  ( 1.644999999999998908, 0.2800000000000000266, 0.1800000000000000488 ) ) ;
#5696 = PRESENTATION_STYLE_ASSIGNMENT (( #3062 ) ) ;
#5697 = AXIS2_PLACEMENT_3D ( 'NONE', #1790, #760, #3754 ) ;
#5698 = VERTEX_POINT ( 'NONE', #4310 ) ;
#5699 = CARTESIAN_POINT ( 'NONE',  ( 0.09728074415968639144, -0.05000000000000000278, -1.650000000000000133 ) ) ;
#5700 = PRESENTATION_LAYER_ASSIGNMENT (  '', '', ( #4956 ) ) ;
#5701 = LINE ( 'NONE', #3904, #4061 ) ;
#5702 = PRESENTATION_STYLE_ASSIGNMENT (( #4201 ) ) ;
#5703 = FILL_AREA_STYLE_COLOUR ( '', #750 ) ;
#5704 =( NAMED_UNIT ( * ) SI_UNIT ( $, .STERADIAN. ) SOLID_ANGLE_UNIT ( ) );
#5705 = DIRECTION ( 'NONE',  ( 1.000000000000000000, 0.000000000000000000, -1.421904488505579654E-16 ) ) ;
#5706 = PLANE ( 'NONE',  #3055 ) ;
#5707 = EDGE_CURVE ( 'NONE', #5698, #5760, #4378, .T. ) ;
#5708 = SURFACE_STYLE_FILL_AREA ( #2340 ) ;
#5709 = ORIENTED_EDGE ( 'NONE', *, *, #258, .F. ) ;
#5710 = CARTESIAN_POINT ( 'NONE',  ( -1.525000000000000577, 0.2800000000000000266, -1.524999999999999911 ) ) ;
#5711 =( NAMED_UNIT ( * ) PLANE_ANGLE_UNIT ( ) SI_UNIT ( $, .RADIAN. ) );
#5712 = COLOUR_RGB ( '',0.000000000000000000, 0.000000000000000000, 0.000000000000000000 ) ;
#5713 = EDGE_LOOP ( 'NONE', ( #1789, #500, #271, #4972 ) ) ;
#5714 = PRESENTATION_STYLE_ASSIGNMENT (( #4701 ) ) ;
#5715 =( NAMED_UNIT ( * ) SI_UNIT ( $, .STERADIAN. ) SOLID_ANGLE_UNIT ( ) );
#5716 = DIRECTION ( 'NONE',  ( 0.000000000000000000, 0.000000000000000000, -1.000000000000000000 ) ) ;
#5717 = VECTOR ( 'NONE', #504, 1000.000000000000000 ) ;
#5718 = CARTESIAN_POINT ( 'NONE',  ( -1.525000000000000577, 0.2800000000000000266, -1.524999999999999911 ) ) ;
#5719 = SURFACE_STYLE_FILL_AREA ( #4039 ) ;
#5720 =( NAMED_UNIT ( * ) PLANE_ANGLE_UNIT ( ) SI_UNIT ( $, .RADIAN. ) );
#5721 = ADVANCED_FACE ( 'NONE', ( #287 ), #1802, .F. ) ;
#5722 =( LENGTH_UNIT ( ) NAMED_UNIT ( * ) SI_UNIT ( .MILLI., .METRE. ) );
#5723 = PRESENTATION_LAYER_ASSIGNMENT (  '', '', ( #2318 ) ) ;
#5724 = DIRECTION ( 'NONE',  ( -0.2588190451025219607, -0.000000000000000000, 0.9659258262890678681 ) ) ;
#5725 = LINE ( 'NONE', #3850, #4012 ) ;
#5726 = CARTESIAN_POINT ( 'NONE',  ( -1.525000000000000577, 0.2800000000000000266, -0.8200000000000000622 ) ) ;
#5727 = SURFACE_SIDE_STYLE ('',( #6064 ) ) ;
#5728 =( LENGTH_UNIT ( ) NAMED_UNIT ( * ) SI_UNIT ( .MILLI., .METRE. ) );
#5729 = CARTESIAN_POINT ( 'NONE',  ( -1.694381069558736392E-15, 0.2800000000000000266, -1.119999999999997664 ) ) ;
#5730 = FILL_AREA_STYLE ('',( #5753 ) ) ;
#5731 = ORIENTED_EDGE ( 'NONE', *, *, #3689, .T. ) ;
#5732 = DIRECTION ( 'NONE',  ( -1.000000000000000000, 0.000000000000000000, -0.000000000000000000 ) ) ;
#5733 = FILL_AREA_STYLE ('',( #1282 ) ) ;
#5734 =( NAMED_UNIT ( * ) SI_UNIT ( $, .STERADIAN. ) SOLID_ANGLE_UNIT ( ) );
#5735 = VERTEX_POINT ( 'NONE', #908 ) ;
#5736 = LINE ( 'NONE', #5277, #1642 ) ;
#5737 = ORIENTED_EDGE ( 'NONE', *, *, #4667, .F. ) ;
#5738 = ORIENTED_EDGE ( 'NONE', *, *, #5820, .T. ) ;
#5739 = FILL_AREA_STYLE_COLOUR ( '', #2633 ) ;
#5740 =( NAMED_UNIT ( * ) PLANE_ANGLE_UNIT ( ) SI_UNIT ( $, .RADIAN. ) );
#5741 = STYLED_ITEM ( 'NONE', ( #844 ), #2625 ) ;
#5742 =( LENGTH_UNIT ( ) NAMED_UNIT ( * ) SI_UNIT ( .MILLI., .METRE. ) );
#5743 = ORIENTED_EDGE ( 'NONE', *, *, #4647, .F. ) ;
#5744 = CARTESIAN_POINT ( 'NONE',  ( 0.2927192558403119427, 0.2800000000000000266, 1.524999999999999911 ) ) ;
#5745 = FILL_AREA_STYLE ('',( #4334 ) ) ;
#5746 = PRESENTATION_LAYER_ASSIGNMENT (  '', '', ( #2974 ) ) ;
#5747 = FILL_AREA_STYLE ('',( #3722 ) ) ;
#5748 = ORIENTED_EDGE ( 'NONE', *, *, #4905, .F. ) ;
#5749 = FILL_AREA_STYLE ('',( #5703 ) ) ;
#5750 = ADVANCED_FACE ( 'NONE', ( #3081 ), #6355, .F. ) ;
#5751 = DIRECTION ( 'NONE',  ( 0.000000000000000000, 0.000000000000000000, -1.000000000000000000 ) ) ;
#5752 = UNCERTAINTY_MEASURE_WITH_UNIT (LENGTH_MEASURE( 1.000000000000000082E-05 ), #4875, 'distance_accuracy_value', 'NONE');
#5753 = FILL_AREA_STYLE_COLOUR ( '', #5402 ) ;
#5754 = LINE ( 'NONE', #2618, #4974 ) ;
#5755 = VERTEX_POINT ( 'NONE', #1387 ) ;
#5756 =( LENGTH_UNIT ( ) NAMED_UNIT ( * ) SI_UNIT ( .MILLI., .METRE. ) );
#5757 = CARTESIAN_POINT ( 'NONE',  ( 1.424999999999998934, 0.2800000000000000266, -1.524999999999999911 ) ) ;
#5758 = ORIENTED_EDGE ( 'NONE', *, *, #2835, .T. ) ;
#5759 =( LENGTH_UNIT ( ) NAMED_UNIT ( * ) SI_UNIT ( .MILLI., .METRE. ) );
#5760 = VERTEX_POINT ( 'NONE', #4398 ) ;
#5761 = ORIENTED_EDGE ( 'NONE', *, *, #6121, .F. ) ;
#5762 = VECTOR ( 'NONE', #5329, 1000.000000000000000 ) ;
#5763 = EDGE_LOOP ( 'NONE', ( #4563, #5114, #3122, #4256 ) ) ;
#5764 = DIRECTION ( 'NONE',  ( -0.000000000000000000, -0.000000000000000000, 1.000000000000000000 ) ) ;
#5765 = VECTOR ( 'NONE', #797, 1000.000000000000000 ) ;
#5766 = VERTEX_POINT ( 'NONE', #2376 ) ;
#5767 = VECTOR ( 'NONE', #5476, 1000.000000000000000 ) ;
#5768 = AXIS2_PLACEMENT_3D ( 'NONE', #1294, #2793, #2264 ) ;
#5769 = SURFACE_STYLE_FILL_AREA ( #5540 ) ;
#5770 = SURFACE_SIDE_STYLE ('',( #5882 ) ) ;
#5771 = DIRECTION ( 'NONE',  ( 2.132856732758369605E-16, 0.000000000000000000, 1.000000000000000000 ) ) ;
#5772 = AXIS2_PLACEMENT_3D ( 'NONE', #6149, #1728, #4642 ) ;
#5773 = EDGE_CURVE ( 'NONE', #820, #5138, #5235, .T. ) ;
#5774 = CARTESIAN_POINT ( 'NONE',  ( 1.214999999999998970, 0.2800000000000000266, -1.119999999999999440 ) ) ;
#5775 = EDGE_CURVE ( 'NONE', #4203, #3658, #2851, .T. ) ;
#5776 = FILL_AREA_STYLE ('',( #6239 ) ) ;
#5777 = VECTOR ( 'NONE', #5647, 1000.000000000000000 ) ;
#5778 = DIRECTION ( 'NONE',  ( 0.3419327100384764173, 0.000000000000000000, -0.9397244392936383584 ) ) ;
#5779 = SURFACE_SIDE_STYLE ('',( #4610 ) ) ;
#5780 = FACE_OUTER_BOUND ( 'NONE', #3389, .T. ) ;
#5781 = MECHANICAL_DESIGN_GEOMETRIC_PRESENTATION_REPRESENTATION (  '', ( #4997 ), #5653 ) ;
#5782 = UNCERTAINTY_MEASURE_WITH_UNIT (LENGTH_MEASURE( 1.000000000000000082E-05 ), #3607, 'distance_accuracy_value', 'NONE');
#5783 = LINE ( 'NONE', #1005, #673 ) ;
#5784 =( LENGTH_UNIT ( ) NAMED_UNIT ( * ) SI_UNIT ( .MILLI., .METRE. ) );
#5785 = COLOUR_RGB ( '',1.000000000000000000, 1.000000000000000000, 1.000000000000000000 ) ;
#5786 = DIRECTION ( 'NONE',  ( 0.000000000000000000, 1.000000000000000000, 0.000000000000000000 ) ) ;
#5787 = SURFACE_STYLE_USAGE ( .BOTH. , #1796 ) ;
#5788 = ADVANCED_FACE ( 'NONE', ( #367 ), #6373, .F. ) ;
#5789 = ORIENTED_EDGE ( 'NONE', *, *, #5930, .F. ) ;
#5790 =( LENGTH_UNIT ( ) NAMED_UNIT ( * ) SI_UNIT ( .MILLI., .METRE. ) );
#5791 = CYLINDRICAL_SURFACE ( 'NONE', #5440, 0.1000000000000000472 ) ;
#5792 = AXIS2_PLACEMENT_3D ( 'NONE', #4917, #3887, #1433 ) ;
#5793 = CLOSED_SHELL ( 'NONE', ( #593, #1180, #2734, #333, #5340, #366 ) ) ;
#5794 = SURFACE_STYLE_FILL_AREA ( #698 ) ;
#5795 = ORIENTED_EDGE ( 'NONE', *, *, #4933, .F. ) ;
#5796 = VECTOR ( 'NONE', #1202, 1000.000000000000000 ) ;
#5797 = CARTESIAN_POINT ( 'NONE',  ( -1.655000000000000693, -0.05000000000000000278, 1.129999999999999893 ) ) ;
#5798 = UNCERTAINTY_MEASURE_WITH_UNIT (LENGTH_MEASURE( 1.000000000000000082E-05 ), #5890, 'distance_accuracy_value', 'NONE');
#5799 = FILL_AREA_STYLE ('',( #4353 ) ) ;
#5800 = VECTOR ( 'NONE', #2323, 1000.000000000000000 ) ;
#5801 = STYLED_ITEM ( 'NONE', ( #6228 ), #6042 ) ;
#5802 = FACE_OUTER_BOUND ( 'NONE', #2953, .T. ) ;
#5803 = DIRECTION ( 'NONE',  ( -1.000000000000000000, -0.000000000000000000, -0.000000000000000000 ) ) ;
#5804 = FILL_AREA_STYLE_COLOUR ( '', #3353 ) ;
#5805 = STYLED_ITEM ( 'NONE', ( #2124 ), #157 ) ;
#5806 = DIRECTION ( 'NONE',  ( -0.2588190451025219607, -0.000000000000000000, 0.9659258262890678681 ) ) ;
#5807 = MECHANICAL_DESIGN_GEOMETRIC_PRESENTATION_REPRESENTATION (  '', ( #5130 ), #2688 ) ;
#5808 = COLOUR_RGB ( '',0.000000000000000000, 0.000000000000000000, 0.000000000000000000 ) ;
#5809 = EDGE_CURVE ( 'NONE', #1121, #3351, #4767, .T. ) ;
#5810 = VECTOR ( 'NONE', #1788, 1000.000000000000000 ) ;
#5811 = CARTESIAN_POINT ( 'NONE',  ( -1.524998507671344594, 0.2800141985587163984, -1.425546318134516710 ) ) ;
#5812 = DIRECTION ( 'NONE',  ( -1.000000000000000000, 0.000000000000000000, -1.260700200564539352E-16 ) ) ;
#5813 = DIRECTION ( 'NONE',  ( -0.9659258262890679791, 0.000000000000000000, -0.2588190451025220162 ) ) ;
#5814 = PRESENTATION_STYLE_ASSIGNMENT (( #4103 ) ) ;
#5815 = DIRECTION ( 'NONE',  ( 1.000000000000000000, 0.000000000000000000, 0.000000000000000000 ) ) ;
#5816 = ORIENTED_EDGE ( 'NONE', *, *, #2359, .T. ) ;
#5817 = AXIS2_PLACEMENT_3D ( 'NONE', #5041, #4476, #3066 ) ;
#5818 = PLANE ( 'NONE',  #2369 ) ;
#5819 = ORIENTED_EDGE ( 'NONE', *, *, #3499, .T. ) ;
#5820 = EDGE_CURVE ( 'NONE', #2661, #1781, #3839, .T. ) ;
#5821 = EDGE_CURVE ( 'NONE', #274, #5028, #1210, .T. ) ;
#5822 = ORIENTED_EDGE ( 'NONE', *, *, #3249, .T. ) ;
#5823 =( NAMED_UNIT ( * ) SI_UNIT ( $, .STERADIAN. ) SOLID_ANGLE_UNIT ( ) );
#5824 = DIRECTION ( 'NONE',  ( 2.132856732758369605E-16, 0.000000000000000000, 1.000000000000000000 ) ) ;
#5825 = ADVANCED_FACE ( 'NONE', ( #3610 ), #4906, .F. ) ;
#5826 = ORIENTED_EDGE ( 'NONE', *, *, #3579, .T. ) ;
#5827 = STYLED_ITEM ( 'NONE', ( #5265 ), #1147 ) ;
#5828 =( LENGTH_UNIT ( ) NAMED_UNIT ( * ) SI_UNIT ( .MILLI., .METRE. ) );
#5829 =( NAMED_UNIT ( * ) PLANE_ANGLE_UNIT ( ) SI_UNIT ( $, .RADIAN. ) );
#5830 = CARTESIAN_POINT ( 'NONE',  ( 0.01499999999999960566, 0.2800000000000000266, -1.054999999999999938 ) ) ;
#5831 = CARTESIAN_POINT ( 'NONE',  ( -1.245000000000000551, -0.05000000000000000278, -0.8200000000000000622 ) ) ;
#5832 =( GEOMETRIC_REPRESENTATION_CONTEXT ( 3 ) GLOBAL_UNCERTAINTY_ASSIGNED_CONTEXT ( ( #5451 ) ) GLOBAL_UNIT_ASSIGNED_CONTEXT ( ( #5756, #261, #785 ) ) REPRESENTATION_CONTEXT ( 'NONE', 'WORKASPACE' ) );
#5833 = DIRECTION ( 'NONE',  ( -0.000000000000000000, 1.000000000000000000, -0.000000000000000000 ) ) ;
#5834 = VERTEX_POINT ( 'NONE', #4433 ) ;
#5835 = PRESENTATION_LAYER_ASSIGNMENT (  '', '', ( #4804 ) ) ;
#5836 = ORIENTED_EDGE ( 'NONE', *, *, #4684, .T. ) ;
#5837 = UNCERTAINTY_MEASURE_WITH_UNIT (LENGTH_MEASURE( 1.000000000000000082E-05 ), #326, 'distance_accuracy_value', 'NONE');
#5838 = DIRECTION ( 'NONE',  ( -0.000000000000000000, -1.000000000000000000, -0.000000000000000000 ) ) ;
#5839 =( GEOMETRIC_REPRESENTATION_CONTEXT ( 3 ) GLOBAL_UNCERTAINTY_ASSIGNED_CONTEXT ( ( #3548 ) ) GLOBAL_UNIT_ASSIGNED_CONTEXT ( ( #1787, #1295, #3345 ) ) REPRESENTATION_CONTEXT ( 'NONE', 'WORKASPACE' ) );
#5840 = FILL_AREA_STYLE ('',( #2899 ) ) ;
#5841 = VERTEX_POINT ( 'NONE', #5449 ) ;
#5842 = EDGE_CURVE ( 'NONE', #6370, #5270, #5929, .T. ) ;
#5843 = EDGE_LOOP ( 'NONE', ( #5855, #299, #2127, #6117 ) ) ;
#5844 = FILL_AREA_STYLE_COLOUR ( '', #3835 ) ;
#5845 = UNCERTAINTY_MEASURE_WITH_UNIT (LENGTH_MEASURE( 1.000000000000000082E-05 ), #5784, 'distance_accuracy_value', 'NONE');
#5846 = ORIENTED_EDGE ( 'NONE', *, *, #388, .T. ) ;
#5847 = FILL_AREA_STYLE ('',( #3968 ) ) ;
#5848 = UNCERTAINTY_MEASURE_WITH_UNIT (LENGTH_MEASURE( 1.000000000000000082E-05 ), #993, 'distance_accuracy_value', 'NONE');
#5849 = FILL_AREA_STYLE ('',( #978 ) ) ;
#5850 = COLOUR_RGB ( '',1.000000000000000000, 1.000000000000000000, 1.000000000000000000 ) ;
#5851 = AXIS2_PLACEMENT_3D ( 'NONE', #4890, #2885, #3842 ) ;
#5852 = PRESENTATION_STYLE_ASSIGNMENT (( #4465 ) ) ;
#5853 =( NAMED_UNIT ( * ) SI_UNIT ( $, .STERADIAN. ) SOLID_ANGLE_UNIT ( ) );
#5854 =( NAMED_UNIT ( * ) SI_UNIT ( $, .STERADIAN. ) SOLID_ANGLE_UNIT ( ) );
#5855 = ORIENTED_EDGE ( 'NONE', *, *, #5551, .F. ) ;
#5856 = LINE ( 'NONE', #5609, #974 ) ;
#5857 = FILL_AREA_STYLE ('',( #2715 ) ) ;
#5858 = ADVANCED_FACE ( 'NONE', ( #5780 ), #931, .F. ) ;
#5859 = DIRECTION ( 'NONE',  ( 0.000000000000000000, 0.000000000000000000, 1.000000000000000000 ) ) ;
#5860 = DIRECTION ( 'NONE',  ( -1.000000000000000000, 0.000000000000000000, 2.132856732758369851E-16 ) ) ;
#5861 =( NAMED_UNIT ( * ) SI_UNIT ( $, .STERADIAN. ) SOLID_ANGLE_UNIT ( ) );
#5862 = VECTOR ( 'NONE', #2583, 1000.000000000000000 ) ;
#5863 = FILL_AREA_STYLE_COLOUR ( '', #1290 ) ;
#5864 = CARTESIAN_POINT ( 'NONE',  ( 1.214999999999999192, 0.000000000000000000, 0.4800000000000001488 ) ) ;
#5865 = VECTOR ( 'NONE', #2861, 1000.000000000000000 ) ;
#5866 = FACE_OUTER_BOUND ( 'NONE', #4725, .T. ) ;
#5867 = VERTEX_POINT ( 'NONE', #4005 ) ;
#5868 =( NAMED_UNIT ( * ) PLANE_ANGLE_UNIT ( ) SI_UNIT ( $, .RADIAN. ) );
#5869 = VECTOR ( 'NONE', #259, 1000.000000000000000 ) ;
#5870 = DIRECTION ( 'NONE',  ( 1.000000000000000000, 0.000000000000000000, 0.000000000000000000 ) ) ;
#5871 = ORIENTED_EDGE ( 'NONE', *, *, #2576, .T. ) ;
#5872 =( NAMED_UNIT ( * ) SI_UNIT ( $, .STERADIAN. ) SOLID_ANGLE_UNIT ( ) );
#5873 = VERTEX_POINT ( 'NONE', #2009 ) ;
#5874 = DIRECTION ( 'NONE',  ( -0.1039620511844983053, 0.9891328443778537594, -0.1039620511844980832 ) ) ;
#5875 = DIRECTION ( 'NONE',  ( 2.132856732758369851E-16, 0.000000000000000000, 1.000000000000000000 ) ) ;
#5876 = CARTESIAN_POINT ( 'NONE',  ( 1.425182107177188406, 0.2800000000000024691, 1.524999999999999911 ) ) ;
#5877 = STYLED_ITEM ( 'NONE', ( #1682 ), #3367 ) ;
#5878 =( NAMED_UNIT ( * ) SI_UNIT ( $, .STERADIAN. ) SOLID_ANGLE_UNIT ( ) );
#5879 = VECTOR ( 'NONE', #3105, 1000.000000000000000 ) ;
#5880 = COLOUR_RGB ( '',0.000000000000000000, 0.000000000000000000, 0.000000000000000000 ) ;
#5881 = PRESENTATION_LAYER_ASSIGNMENT (  '', '', ( #4796 ) ) ;
#5882 = SURFACE_STYLE_FILL_AREA ( #6234 ) ;
#5883 = CYLINDRICAL_SURFACE ( 'NONE', #1820, 0.1000000000000000472 ) ;
#5884 = LINE ( 'NONE', #4803, #3782 ) ;
#5885 = EDGE_CURVE ( 'NONE', #790, #900, #2523, .T. ) ;
#5886 = CARTESIAN_POINT ( 'NONE',  ( 1.524999999999999689, 0.000000000000000000, 0.8299999999999997380 ) ) ;
#5887 = ORIENTED_EDGE ( 'NONE', *, *, #511, .F. ) ;
#5888 =( LENGTH_UNIT ( ) NAMED_UNIT ( * ) SI_UNIT ( .MILLI., .METRE. ) );
#5889 = CARTESIAN_POINT ( 'NONE',  ( -1.245000000000000551, -0.000000000000000000, -1.129999999999999893 ) ) ;
#5890 =( LENGTH_UNIT ( ) NAMED_UNIT ( * ) SI_UNIT ( .MILLI., .METRE. ) );
#5891 =( NAMED_UNIT ( * ) SI_UNIT ( $, .STERADIAN. ) SOLID_ANGLE_UNIT ( ) );
#5892 = ORIENTED_EDGE ( 'NONE', *, *, #2920, .T. ) ;
#5893 = FACE_OUTER_BOUND ( 'NONE', #5462, .T. ) ;
#5894 = STYLED_ITEM ( 'NONE', ( #6069 ), #4741 ) ;
#5895 = DIRECTION ( 'NONE',  ( -2.132856732758369605E-16, -0.000000000000000000, -1.000000000000000000 ) ) ;
#5896 = VERTEX_POINT ( 'NONE', #564 ) ;
#5897 = ORIENTED_EDGE ( 'NONE', *, *, #4522, .F. ) ;
#5898 = CARTESIAN_POINT ( 'NONE',  ( -1.655000000000000693, 0.2800000000000000266, -0.4800000000000000377 ) ) ;
#5899 =( NAMED_UNIT ( * ) PLANE_ANGLE_UNIT ( ) SI_UNIT ( $, .RADIAN. ) );
#5900 = EDGE_CURVE ( 'NONE', #2414, #6, #1065, .T. ) ;
#5901 = EDGE_CURVE ( 'NONE', #1192, #5078, #361, .T. ) ;
#5902 = ORIENTED_EDGE ( 'NONE', *, *, #6351, .F. ) ;
#5903 = CARTESIAN_POINT ( 'NONE',  ( -1.525000000000000577, 0.2800000000000000266, -1.524999999999999911 ) ) ;
#5904 = SURFACE_SIDE_STYLE ('',( #904 ) ) ;
#5905 = DIRECTION ( 'NONE',  ( 2.891205793294679411E-15, 0.000000000000000000, -1.000000000000000000 ) ) ;
#5906 = EDGE_LOOP ( 'NONE', ( #5273, #3664, #2935, #1247 ) ) ;
#5907 = FILL_AREA_STYLE ('',( #2930 ) ) ;
#5908 = ORIENTED_EDGE ( 'NONE', *, *, #1902, .F. ) ;
#5909 = SURFACE_STYLE_USAGE ( .BOTH. , #2427 ) ;
#5910 = STYLED_ITEM ( 'NONE', ( #1316 ), #2809 ) ;
#5911 = DIRECTION ( 'NONE',  ( -1.000000000000000000, 0.000000000000000000, 0.000000000000000000 ) ) ;
#5912 = DIRECTION ( 'NONE',  ( -1.000000000000000000, -0.000000000000000000, 1.764980280790355881E-15 ) ) ;
#5913 = CARTESIAN_POINT ( 'NONE',  ( 0.3549999999999997602, 0.2800000000000000266, -1.149999999999999911 ) ) ;
#5914 = MECHANICAL_DESIGN_GEOMETRIC_PRESENTATION_REPRESENTATION (  '', ( #242 ), #1150 ) ;
#5915 = VERTEX_POINT ( 'NONE', #5045 ) ;
#5916 = ORIENTED_EDGE ( 'NONE', *, *, #716, .T. ) ;
#5917 = DIRECTION ( 'NONE',  ( 0.000000000000000000, -0.000000000000000000, -1.000000000000000000 ) ) ;
#5918 = VECTOR ( 'NONE', #2361, 1000.000000000000000 ) ;
#5919 = CARTESIAN_POINT ( 'NONE',  ( 1.214999999999998970, -0.05000000000000000278, -0.8199999999999992850 ) ) ;
#5920 = ORIENTED_EDGE ( 'NONE', *, *, #1915, .T. ) ;
#5921 = EDGE_CURVE ( 'NONE', #5023, #3428, #75, .T. ) ;
#5922 = VERTEX_POINT ( 'NONE', #611 ) ;
#5923 = CARTESIAN_POINT ( 'NONE',  ( -1.425000000000000488, 0.000000000000000000, -1.524999999999999911 ) ) ;
#5924 = CARTESIAN_POINT ( 'NONE',  ( 1.425546318134516044, 0.2800141985587165649, -1.524998507671344150 ) ) ;
#5925 = LINE ( 'NONE', #1034, #3751 ) ;
#5926 =( GEOMETRIC_REPRESENTATION_CONTEXT ( 3 ) GLOBAL_UNCERTAINTY_ASSIGNED_CONTEXT ( ( #3666 ) ) GLOBAL_UNIT_ASSIGNED_CONTEXT ( ( #3957, #579, #608 ) ) REPRESENTATION_CONTEXT ( 'NONE', 'WORKASPACE' ) );
#5927 =( NAMED_UNIT ( * ) SI_UNIT ( $, .STERADIAN. ) SOLID_ANGLE_UNIT ( ) );
#5928 = CARTESIAN_POINT ( 'NONE',  ( 1.524999999999999245, 0.2800000000000000266, -1.524999999999999911 ) ) ;
#5929 = CIRCLE ( 'NONE', #866, 0.1000000000000000472 ) ;
#5930 = EDGE_CURVE ( 'NONE', #1659, #681, #2216, .T. ) ;
#5931 =( NAMED_UNIT ( * ) SI_UNIT ( $, .STERADIAN. ) SOLID_ANGLE_UNIT ( ) );
#5932 = EDGE_CURVE ( 'NONE', #4303, #2196, #2063, .T. ) ;
#5933 = VECTOR ( 'NONE', #2535, 1000.000000000000000 ) ;
#5934 = LINE ( 'NONE', #3271, #609 ) ;
#5935 = SURFACE_SIDE_STYLE ('',( #1665 ) ) ;
#5936 = LINE ( 'NONE', #302, #2928 ) ;
#5937 = ORIENTED_EDGE ( 'NONE', *, *, #258, .T. ) ;
#5938 = AXIS2_PLACEMENT_3D ( 'NONE', #5274, #2814, #1824 ) ;
#5939 = ORIENTED_EDGE ( 'NONE', *, *, #4598, .F. ) ;
#5940 =( NAMED_UNIT ( * ) SI_UNIT ( $, .STERADIAN. ) SOLID_ANGLE_UNIT ( ) );
#5941 =( LENGTH_UNIT ( ) NAMED_UNIT ( * ) SI_UNIT ( .MILLI., .METRE. ) );
#5942 = ORIENTED_EDGE ( 'NONE', *, *, #3775, .T. ) ;
#5943 = VECTOR ( 'NONE', #173, 1000.000000000000000 ) ;
#5944 = PRODUCT_DEFINITION_CONTEXT ( 'detailed design', #966, 'design' ) ;
#5945 =( NAMED_UNIT ( * ) PLANE_ANGLE_UNIT ( ) SI_UNIT ( $, .RADIAN. ) );
#5946 = LINE ( 'NONE', #145, #458 ) ;
#5947 = VECTOR ( 'NONE', #3477, 1000.000000000000000 ) ;
#5948 = DIRECTION ( 'NONE',  ( 1.445602896647339903E-15, 0.000000000000000000, 1.000000000000000000 ) ) ;
#5949 = SURFACE_STYLE_USAGE ( .BOTH. , #2036 ) ;
#5950 = MECHANICAL_DESIGN_GEOMETRIC_PRESENTATION_REPRESENTATION (  '', ( #4956 ), #1845 ) ;
#5951 = VECTOR ( 'NONE', #6206, 1000.000000000000000 ) ;
#5952 = CARTESIAN_POINT ( 'NONE',  ( 1.214999999999999414, -0.05000000000000000278, 0.8299999999999997380 ) ) ;
#5953 = FACE_OUTER_BOUND ( 'NONE', #937, .T. ) ;
#5954 = LINE ( 'NONE', #5384, #6341 ) ;
#5955 =( LENGTH_UNIT ( ) NAMED_UNIT ( * ) SI_UNIT ( .MILLI., .METRE. ) );
#5956 = AXIS2_PLACEMENT_3D ( 'NONE', #3476, #2000, #4024 ) ;
#5957 = SURFACE_STYLE_USAGE ( .BOTH. , #5466 ) ;
#5958 = CARTESIAN_POINT ( 'NONE',  ( -1.426622700477125028, 0.2593202583322915533, -1.426622700477124361 ) ) ;
#5959 = LINE ( 'NONE', #5308, #1932 ) ;
#5960 = VERTEX_POINT ( 'NONE', #1535 ) ;
#5961 = SURFACE_STYLE_FILL_AREA ( #653 ) ;
#5962 = FILL_AREA_STYLE ('',( #5391 ) ) ;
#5963 = PLANE ( 'NONE',  #996 ) ;
#5964 = ORIENTED_EDGE ( 'NONE', *, *, #5809, .T. ) ;
#5965 =( NAMED_UNIT ( * ) PLANE_ANGLE_UNIT ( ) SI_UNIT ( $, .RADIAN. ) );
#5966 = VERTEX_POINT ( 'NONE', #2115 ) ;
#5967 = AXIS2_PLACEMENT_3D ( 'NONE', #2218, #4495, #5478 ) ;
#5968 = CARTESIAN_POINT ( 'NONE',  ( -2.067548328925833887E-15, 0.2800000000000000266, -0.8199999999999962874 ) ) ;
#5969 = ORIENTED_EDGE ( 'NONE', *, *, #4181, .F. ) ;
#5970 = CARTESIAN_POINT ( 'NONE',  ( 0.01499999999999986067, 0.2800000000000000266, 1.156304952865600644 ) ) ;
#5971 = UNCERTAINTY_MEASURE_WITH_UNIT (LENGTH_MEASURE( 1.000000000000000082E-05 ), #1740, 'distance_accuracy_value', 'NONE');
#5972 = PRESENTATION_LAYER_ASSIGNMENT (  '', '', ( #1460 ) ) ;
#5973 = CARTESIAN_POINT ( 'NONE',  ( 0.000000000000000000, -0.05000000000000000278, 0.000000000000000000 ) ) ;
#5974 = CARTESIAN_POINT ( 'NONE',  ( -1.525000000000000577, 0.2800000000000000266, -1.424999999999999822 ) ) ;
#5975 = CARTESIAN_POINT ( 'NONE',  ( 0.2927192558403118872, 0.2800000000000000266, 1.382434901537152427 ) ) ;
#5976 = AXIS2_PLACEMENT_3D ( 'NONE', #738, #1766, #3273 ) ;
#5977 = ORIENTED_EDGE ( 'NONE', *, *, #1632, .F. ) ;
#5978 = EDGE_CURVE ( 'NONE', #5489, #2231, #747, .T. ) ;
#5979 = FILL_AREA_STYLE ('',( #2027 ) ) ;
#5980 = DIRECTION ( 'NONE',  ( 1.000000000000000000, 0.000000000000000000, 0.000000000000000000 ) ) ;
#5981 = ORIENTED_EDGE ( 'NONE', *, *, #4562, .F. ) ;
#5982 = DIRECTION ( 'NONE',  ( -0.000000000000000000, -1.000000000000000000, -0.000000000000000000 ) ) ;
#5983 = STYLED_ITEM ( 'NONE', ( #852 ), #2527 ) ;
#5984 =( BOUNDED_CURVE ( )  B_SPLINE_CURVE ( 3, ( #1215, #6061, #2682, #5665 ),
 .UNSPECIFIED., .F., .F. ) 
 B_SPLINE_CURVE_WITH_KNOTS ( ( 4, 4 ),
 ( 5.503250352303676429, 7.063120262055496035 ),
 .UNSPECIFIED. ) 
 CURVE ( )  GEOMETRIC_REPRESENTATION_ITEM ( )  RATIONAL_B_SPLINE_CURVE ( ( 1.000000000000000000, 0.8073061876036309314, 0.8073061876036309314, 1.000000000000000000 ) ) 
 REPRESENTATION_ITEM ( '' )  );
#5985 = LINE ( 'NONE', #3585, #497 ) ;
#5986 = ORIENTED_EDGE ( 'NONE', *, *, #793, .T. ) ;
#5987 =( NAMED_UNIT ( * ) PLANE_ANGLE_UNIT ( ) SI_UNIT ( $, .RADIAN. ) );
#5988 = ORIENTED_EDGE ( 'NONE', *, *, #1467, .F. ) ;
#5989 = PLANE ( 'NONE',  #393 ) ;
#5990 = ORIENTED_EDGE ( 'NONE', *, *, #1116, .T. ) ;
#5991 = SURFACE_STYLE_FILL_AREA ( #3175 ) ;
#5992 = DIRECTION ( 'NONE',  ( -0.000000000000000000, -0.000000000000000000, 1.000000000000000000 ) ) ;
#5993 = AXIS2_PLACEMENT_3D ( 'NONE', #1353, #2342, #5815 ) ;
#5994 = ORIENTED_EDGE ( 'NONE', *, *, #886, .T. ) ;
#5995 = CARTESIAN_POINT ( 'NONE',  ( -1.245000000000000551, -0.000000000000000000, -0.8200000000000000622 ) ) ;
#5996 = LINE ( 'NONE', #2011, #426 ) ;
#5997 = SURFACE_SIDE_STYLE ('',( #4853 ) ) ;
#5998 = ADVANCED_FACE ( 'NONE', ( #5007 ), #634, .F. ) ;
#5999 =( NAMED_UNIT ( * ) SI_UNIT ( $, .STERADIAN. ) SOLID_ANGLE_UNIT ( ) );
#6000 = COLOUR_RGB ( '',1.000000000000000000, 1.000000000000000000, 1.000000000000000000 ) ;
#6001 = PRESENTATION_LAYER_ASSIGNMENT (  '', '', ( #3026 ) ) ;
#6002 = ORIENTED_EDGE ( 'NONE', *, *, #4923, .F. ) ;
#6003 = DIRECTION ( 'NONE',  ( 1.000000000000000000, 0.000000000000000000, -0.000000000000000000 ) ) ;
#6004 = MECHANICAL_DESIGN_GEOMETRIC_PRESENTATION_REPRESENTATION (  '', ( #4007 ), #703 ) ;
#6005 = EDGE_CURVE ( 'NONE', #4612, #4127, #827, .T. ) ;
#6006 = SURFACE_STYLE_USAGE ( .BOTH. , #3121 ) ;
#6007 = PLANE ( 'NONE',  #5389 ) ;
#6008 =( GEOMETRIC_REPRESENTATION_CONTEXT ( 3 ) GLOBAL_UNCERTAINTY_ASSIGNED_CONTEXT ( ( #4618 ) ) GLOBAL_UNIT_ASSIGNED_CONTEXT ( ( #467, #1437, #3871 ) ) REPRESENTATION_CONTEXT ( 'NONE', 'WORKASPACE' ) );
#6009 = CARTESIAN_POINT ( 'NONE',  ( 0.01499999999999937668, 0.2800000000000000266, -1.156304952865601310 ) ) ;
#6010 = ORIENTED_EDGE ( 'NONE', *, *, #3130, .F. ) ;
#6011 = EDGE_CURVE ( 'NONE', #3997, #2828, #1443, .T. ) ;
#6012 = EDGE_CURVE ( 'NONE', #3819, #3660, #1519, .T. ) ;
#6013 = EDGE_LOOP ( 'NONE', ( #4993, #1352, #2190, #4571 ) ) ;
#6014 = LINE ( 'NONE', #92, #4790 ) ;
#6015 = AXIS2_PLACEMENT_3D ( 'NONE', #1073, #1055, #5037 ) ;
#6016 = FILL_AREA_STYLE_COLOUR ( '', #5477 ) ;
#6017 = LINE ( 'NONE', #1227, #2084 ) ;
#6018 = SURFACE_STYLE_FILL_AREA ( #3095 ) ;
#6019 = COLOUR_RGB ( '',0.000000000000000000, 0.000000000000000000, 0.000000000000000000 ) ;
#6020 = CARTESIAN_POINT ( 'NONE',  ( 1.214999999999998970, -0.05000000000000000278, -0.8199999999999992850 ) ) ;
#6021 = UNCERTAINTY_MEASURE_WITH_UNIT (LENGTH_MEASURE( 1.000000000000000082E-05 ), #3430, 'distance_accuracy_value', 'NONE');
#6022 = PRESENTATION_LAYER_ASSIGNMENT (  '', '', ( #5380 ) ) ;
#6023 = FILL_AREA_STYLE_COLOUR ( '', #4870 ) ;
#6024 = PRESENTATION_LAYER_ASSIGNMENT (  '', '', ( #4370 ) ) ;
#6025 = UNCERTAINTY_MEASURE_WITH_UNIT (LENGTH_MEASURE( 1.000000000000000082E-05 ), #6347, 'distance_accuracy_value', 'NONE');
#6026 = CARTESIAN_POINT ( 'NONE',  ( 1.214999999999999414, 0.2800000000000000266, 1.129999999999999893 ) ) ;
#6027 = ORIENTED_EDGE ( 'NONE', *, *, #76, .F. ) ;
#6028 = MECHANICAL_DESIGN_GEOMETRIC_PRESENTATION_REPRESENTATION (  '', ( #5353 ), #6371 ) ;
#6029 = CARTESIAN_POINT ( 'NONE',  ( -1.425000000000000488, 0.2800000000000000266, -1.424999999999999822 ) ) ;
#6030 = EDGE_CURVE ( 'NONE', #2957, #6133, #5925, .T. ) ;
#6032 = ORIENTED_EDGE ( 'NONE', *, *, #1872, .F. ) ;
#6031 = CARTESIAN_POINT ( 'NONE',  ( -1.425546318134516932, 0.2800141985587165649, 1.524998507671344150 ) ) ;
#6033 = EDGE_LOOP ( 'NONE', ( #3230, #5819, #1404, #3687 ) ) ;
#6034 = DIRECTION ( 'NONE',  ( 0.1039620511844980832, 0.9891328443778537594, -0.1039620511844983053 ) ) ;
#6035 = ORIENTED_EDGE ( 'NONE', *, *, #1012, .F. ) ;
#6036 = DIRECTION ( 'NONE',  ( 0.000000000000000000, 0.000000000000000000, -1.000000000000000000 ) ) ;
#6037 = VERTEX_POINT ( 'NONE', #540 ) ;
#6038 = DIRECTION ( 'NONE',  ( 0.000000000000000000, 0.000000000000000000, -1.000000000000000000 ) ) ;
#6039 = CARTESIAN_POINT ( 'NONE',  ( 0.01499999999999960566, 0.2800000000000000266, 1.054999999999999938 ) ) ;
#6040 = ORIENTED_EDGE ( 'NONE', *, *, #4474, .F. ) ;
#6041 =( NAMED_UNIT ( * ) PLANE_ANGLE_UNIT ( ) SI_UNIT ( $, .RADIAN. ) );
#6042 = ADVANCED_FACE ( 'NONE', ( #2445 ), #139, .T. ) ;
#6043 = COLOUR_RGB ( '',1.000000000000000000, 1.000000000000000000, 1.000000000000000000 ) ;
#6044 = CARTESIAN_POINT ( 'NONE',  ( 0.3549999999999997602, 0.2800000000000000266, -1.149999999999999911 ) ) ;
#6045 = EDGE_LOOP ( 'NONE', ( #2740, #1416, #3204, #6128 ) ) ;
#6046 = PRESENTATION_LAYER_ASSIGNMENT (  '', '', ( #1392 ) ) ;
#6047 = DIRECTION ( 'NONE',  ( -0.000000000000000000, -1.000000000000000000, -0.000000000000000000 ) ) ;
#6048 = CARTESIAN_POINT ( 'NONE',  ( 1.214999999999999414, 0.2800000000000000266, 1.129999999999999893 ) ) ;
#6049 = CARTESIAN_POINT ( 'NONE',  ( 1.214999999999999192, 0.2800000000000000266, 0.1800000000000000488 ) ) ;
#6050 = ORIENTED_EDGE ( 'NONE', *, *, #3775, .F. ) ;
#6051 =( NAMED_UNIT ( * ) SI_UNIT ( $, .STERADIAN. ) SOLID_ANGLE_UNIT ( ) );
#6052 = ORIENTED_EDGE ( 'NONE', *, *, #2069, .T. ) ;
#6053 = STYLED_ITEM ( 'NONE', ( #3690 ), #2639 ) ;
#6054 = ORIENTED_EDGE ( 'NONE', *, *, #5475, .F. ) ;
#6055 = ORIENTED_EDGE ( 'NONE', *, *, #3918, .T. ) ;
#6056 = VECTOR ( 'NONE', #3051, 1000.000000000000000 ) ;
#6057 = SURFACE_STYLE_USAGE ( .BOTH. , #2122 ) ;
#6058 = DIRECTION ( 'NONE',  ( -0.000000000000000000, -1.000000000000000000, -0.000000000000000000 ) ) ;
#6059 = PRESENTATION_LAYER_ASSIGNMENT (  '', '', ( #3955 ) ) ;
#6060 = LINE ( 'NONE', #1218, #1128 ) ;
#6061 = CARTESIAN_POINT ( 'NONE',  ( -1.524681247592595046, 0.2830327265747146215, 1.483617856335787577 ) ) ;
#6062 = PLANE ( 'NONE',  #4694 ) ;
#6063 = SURFACE_STYLE_FILL_AREA ( #6350 ) ;
#6064 = SURFACE_STYLE_FILL_AREA ( #5223 ) ;
#6065 = COLOUR_RGB ( '',0.000000000000000000, 0.000000000000000000, 0.000000000000000000 ) ;
#6066 = PRESENTATION_STYLE_ASSIGNMENT (( #6392 ) ) ;
#6067 = CARTESIAN_POINT ( 'NONE',  ( 0.2927192558403129974, -0.05000000000000000278, -1.650000000000000133 ) ) ;
#6068 = CARTESIAN_POINT ( 'NONE',  ( -1.525000000000000355, 0.2800000000000000266, 1.129999999999999893 ) ) ;
#6069 = PRESENTATION_STYLE_ASSIGNMENT (( #329 ) ) ;
#6070 = DIRECTION ( 'NONE',  ( 0.2588190451025219607, 0.000000000000000000, -0.9659258262890678681 ) ) ;
#6071 = VERTEX_POINT ( 'NONE', #687 ) ;
#6072 = PLANE ( 'NONE',  #3755 ) ;
#6073 = PRESENTATION_STYLE_ASSIGNMENT (( #4698 ) ) ;
#6074 = VERTEX_POINT ( 'NONE', #190 ) ;
#6075 = VECTOR ( 'NONE', #3126, 1000.000000000000000 ) ;
#6076 = VERTEX_POINT ( 'NONE', #6068 ) ;
#6077 =( GEOMETRIC_REPRESENTATION_CONTEXT ( 3 ) GLOBAL_UNCERTAINTY_ASSIGNED_CONTEXT ( ( #478 ) ) GLOBAL_UNIT_ASSIGNED_CONTEXT ( ( #2112, #5176, #725 ) ) REPRESENTATION_CONTEXT ( 'NONE', 'WORKASPACE' ) );
#6078 = CARTESIAN_POINT ( 'NONE',  ( 1.425546318134516044, 0.2800141985587165649, -1.524998507671344150 ) ) ;
#6079 = LINE ( 'NONE', #6202, #3098 ) ;
#6080 = FILL_AREA_STYLE_COLOUR ( '', #215 ) ;
#6081 = PRESENTATION_LAYER_ASSIGNMENT (  '', '', ( #113 ) ) ;
#6082 = EDGE_CURVE ( 'NONE', #2259, #5604, #1815, .T. ) ;
#6083 = SURFACE_STYLE_USAGE ( .BOTH. , #6130 ) ;
#6084 = EDGE_CURVE ( 'NONE', #5735, #4246, #1982, .T. ) ;
#6085 = VECTOR ( 'NONE', #3495, 1000.000000000000000 ) ;
#6086 = DIRECTION ( 'NONE',  ( 1.000000000000000000, 0.000000000000000000, 1.260700200564539352E-16 ) ) ;
#6087 = PRESENTATION_STYLE_ASSIGNMENT (( #4854 ) ) ;
#6088 = LINE ( 'NONE', #4730, #5951 ) ;
#6089 = LINE ( 'NONE', #1463, #2168 ) ;
#6090 = STYLED_ITEM ( 'NONE', ( #4441 ), #2077 ) ;
#6091 = CARTESIAN_POINT ( 'NONE',  ( 1.524999999999999245, 0.000000000000000000, -1.524999999999999911 ) ) ;
#6092 = ADVANCED_FACE ( 'NONE', ( #355 ), #4999, .T. ) ;
#6093 = FILL_AREA_STYLE_COLOUR ( '', #5224 ) ;
#6094 = SURFACE_STYLE_FILL_AREA ( #1830 ) ;
#6095 = CARTESIAN_POINT ( 'NONE',  ( 0.09728074415968514244, 0.2800000000000000266, 1.382434901537152427 ) ) ;
#6096 = FACE_OUTER_BOUND ( 'NONE', #3714, .T. ) ;
#6097 = ORIENTED_EDGE ( 'NONE', *, *, #3207, .F. ) ;
#6098 = VECTOR ( 'NONE', #3967, 1000.000000000000000 ) ;
#6099 = UNCERTAINTY_MEASURE_WITH_UNIT (LENGTH_MEASURE( 1.000000000000000082E-05 ), #4344, 'distance_accuracy_value', 'NONE');
#6100 = CARTESIAN_POINT ( 'NONE',  ( 0.01499999999999960566, 0.2800000000000000266, -1.054999999999999938 ) ) ;
#6101 = AXIS2_PLACEMENT_3D ( 'NONE', #6181, #252, #727 ) ;
#6102 = EDGE_LOOP ( 'NONE', ( #3440, #4169, #5887, #4823 ) ) ;
#6103 = FILL_AREA_STYLE ('',( #5499 ) ) ;
#6104 = FILL_AREA_STYLE ('',( #2247 ) ) ;
#6105 = VERTEX_POINT ( 'NONE', #4152 ) ;
#6106 =( GEOMETRIC_REPRESENTATION_CONTEXT ( 3 ) GLOBAL_UNCERTAINTY_ASSIGNED_CONTEXT ( ( #5156 ) ) GLOBAL_UNIT_ASSIGNED_CONTEXT ( ( #5722, #1264, #3215 ) ) REPRESENTATION_CONTEXT ( 'NONE', 'WORKASPACE' ) );
#6107 =( NAMED_UNIT ( * ) PLANE_ANGLE_UNIT ( ) SI_UNIT ( $, .RADIAN. ) );
#6108 = FILL_AREA_STYLE ('',( #4605 ) ) ;
#6109 =( NAMED_UNIT ( * ) SI_UNIT ( $, .STERADIAN. ) SOLID_ANGLE_UNIT ( ) );
#6110 = PRESENTATION_LAYER_ASSIGNMENT (  '', '', ( #3800 ) ) ;
#6111 = ORIENTED_EDGE ( 'NONE', *, *, #1732, .T. ) ;
#6112 = MECHANICAL_DESIGN_GEOMETRIC_PRESENTATION_REPRESENTATION (  '', ( #135 ), #1577 ) ;
#6113 = EDGE_CURVE ( 'NONE', #3428, #119, #69, .T. ) ;
#6114 = CARTESIAN_POINT ( 'NONE',  ( 1.214999999999999192, 0.2800000000000000266, -0.1699999999999995681 ) ) ;
#6115 =( NAMED_UNIT ( * ) SI_UNIT ( $, .STERADIAN. ) SOLID_ANGLE_UNIT ( ) );
#6116 = CARTESIAN_POINT ( 'NONE',  ( 1.214999999999999414, -0.05000000000000000278, 0.8299999999999997380 ) ) ;
#6117 = ORIENTED_EDGE ( 'NONE', *, *, #5932, .F. ) ;
#6118 = VECTOR ( 'NONE', #2183, 1000.000000000000000 ) ;
#6119 = EDGE_LOOP ( 'NONE', ( #1425, #5990, #644, #2326 ) ) ;
#6120 = FILL_AREA_STYLE_COLOUR ( '', #2249 ) ;
#6121 = EDGE_CURVE ( 'NONE', #4003, #1564, #1285, .T. ) ;
#6122 = ADVANCED_FACE ( 'NONE', ( #1602 ), #2673, .F. ) ;
#6123 = STYLED_ITEM ( 'NONE', ( #2049 ), #1 ) ;
#6124 = CARTESIAN_POINT ( 'NONE',  ( -1.245000000000000773, -0.05000000000000000278, -0.1700000000000000677 ) ) ;
#6125 = DIRECTION ( 'NONE',  ( -0.000000000000000000, 1.000000000000000000, -0.000000000000000000 ) ) ;
#6126 = ORIENTED_EDGE ( 'NONE', *, *, #386, .T. ) ;
#6127 = SURFACE_SIDE_STYLE ('',( #3922 ) ) ;
#6128 = ORIENTED_EDGE ( 'NONE', *, *, #2243, .F. ) ;
#6129 = ORIENTED_EDGE ( 'NONE', *, *, #4351, .T. ) ;
#6130 = SURFACE_SIDE_STYLE ('',( #6146 ) ) ;
#6131 = CARTESIAN_POINT ( 'NONE',  ( -1.655000000000000693, -0.05000000000000000278, -0.1700000000000001232 ) ) ;
#6132 = PRESENTATION_STYLE_ASSIGNMENT (( #1007 ) ) ;
#6133 = VERTEX_POINT ( 'NONE', #3642 ) ;
#6134 = STYLED_ITEM ( 'NONE', ( #1698 ), #1340 ) ;
#6135 = FILL_AREA_STYLE_COLOUR ( '', #2388 ) ;
#6136 = ORIENTED_EDGE ( 'NONE', *, *, #1217, .F. ) ;
#6137 = PRESENTATION_STYLE_ASSIGNMENT (( #5498 ) ) ;
#6138 = CARTESIAN_POINT ( 'NONE',  ( 1.214999999999999192, -0.05000000000000000278, 0.4800000000000001488 ) ) ;
#6139 = DIRECTION ( 'NONE',  ( 0.000000000000000000, -1.000000000000000000, 0.000000000000000000 ) ) ;
#6140 = FACE_OUTER_BOUND ( 'NONE', #5559, .T. ) ;
#6141 = ORIENTED_EDGE ( 'NONE', *, *, #3841, .F. ) ;
#6142 = CARTESIAN_POINT ( 'NONE',  ( 1.214999999999999192, 0.2800000000000000266, 0.4800000000000001488 ) ) ;
#6143 = AXIS2_PLACEMENT_3D ( 'NONE', #6320, #5813, #1865 ) ;
#6144 = PRESENTATION_STYLE_ASSIGNMENT (( #2440 ) ) ;
#6145 = LINE ( 'NONE', #3780, #2989 ) ;
#6146 = SURFACE_STYLE_FILL_AREA ( #4164 ) ;
#6147 =( GEOMETRIC_REPRESENTATION_CONTEXT ( 3 ) GLOBAL_UNCERTAINTY_ASSIGNED_CONTEXT ( ( #1819 ) ) GLOBAL_UNIT_ASSIGNED_CONTEXT ( ( #3388, #2349, #1406 ) ) REPRESENTATION_CONTEXT ( 'NONE', 'WORKASPACE' ) );
#6148 = DIRECTION ( 'NONE',  ( 1.000000000000000000, -0.000000000000000000, -0.000000000000000000 ) ) ;
#6149 = CARTESIAN_POINT ( 'NONE',  ( 0.01499999999999986067, -0.05000000000000000278, 1.156304952865600644 ) ) ;
#6150 = MECHANICAL_DESIGN_GEOMETRIC_PRESENTATION_REPRESENTATION (  '', ( #203 ), #406 ) ;
#6151 = FACE_OUTER_BOUND ( 'NONE', #5713, .T. ) ;
#6152 = EDGE_CURVE ( 'NONE', #5531, #1963, #5856, .T. ) ;
#6153 = DIRECTION ( 'NONE',  ( 1.512840240677446433E-15, 0.000000000000000000, 1.000000000000000000 ) ) ;
#6154 =( NAMED_UNIT ( * ) SI_UNIT ( $, .STERADIAN. ) SOLID_ANGLE_UNIT ( ) );
#6155 = ORIENTED_EDGE ( 'NONE', *, *, #5445, .F. ) ;
#6156 =( NAMED_UNIT ( * ) SI_UNIT ( $, .STERADIAN. ) SOLID_ANGLE_UNIT ( ) );
#6157 = SURFACE_STYLE_USAGE ( .BOTH. , #4740 ) ;
#6158 = ADVANCED_FACE ( 'NONE', ( #4755 ), #4083, .T. ) ;
#6159 = CARTESIAN_POINT ( 'NONE',  ( 0.09728074415968637756, 0.000000000000000000, -1.382434901537152649 ) ) ;
#6160 = VECTOR ( 'NONE', #3705, 1000.000000000000000 ) ;
#6161 = AXIS2_PLACEMENT_3D ( 'NONE', #1038, #4505, #4414 ) ;
#6162 = FACE_OUTER_BOUND ( 'NONE', #563, .T. ) ;
#6163 = DIRECTION ( 'NONE',  ( -1.000000000000000000, -0.000000000000000000, -0.000000000000000000 ) ) ;
#6164 = ORIENTED_EDGE ( 'NONE', *, *, #4317, .T. ) ;
#6165 = DIRECTION ( 'NONE',  ( 1.000000000000000000, 0.000000000000000000, -0.000000000000000000 ) ) ;
#6166 = LINE ( 'NONE', #5608, #926 ) ;
#6167 = VECTOR ( 'NONE', #726, 1000.000000000000000 ) ;
#6168 = DIRECTION ( 'NONE',  ( 1.000000000000000000, 0.000000000000000000, -5.042800802258159378E-16 ) ) ;
#6169 = PLANE ( 'NONE',  #3859 ) ;
#6170 = CARTESIAN_POINT ( 'NONE',  ( 0.2927192558403118872, 0.2800000000000000266, 1.382434901537152427 ) ) ;
#6171 = STYLED_ITEM ( 'NONE', ( #5556 ), #1565 ) ;
#6172 = PLANE ( 'NONE',  #4335 ) ;
#6173 = VECTOR ( 'NONE', #768, 1000.000000000000000 ) ;
#6174 = VECTOR ( 'NONE', #5428, 1000.000000000000000 ) ;
#6175 = COLOUR_RGB ( '',1.000000000000000000, 1.000000000000000000, 1.000000000000000000 ) ;
#6176 =( LENGTH_UNIT ( ) NAMED_UNIT ( * ) SI_UNIT ( .MILLI., .METRE. ) );
#6177 = CARTESIAN_POINT ( 'NONE',  ( 1.524999999999999245, 0.000000000000000000, -1.524999999999999911 ) ) ;
#6178 = DIRECTION ( 'NONE',  ( -0.000000000000000000, -1.000000000000000000, -0.000000000000000000 ) ) ;
#6179 = STYLED_ITEM ( 'NONE', ( #5341 ), #2560 ) ;
#6180 = VECTOR ( 'NONE', #2939, 1000.000000000000000 ) ;
#6181 = CARTESIAN_POINT ( 'NONE',  ( -1.245000000000000773, 0.2800000000000000266, 0.1699999999999999012 ) ) ;
#6182 = DIRECTION ( 'NONE',  ( 0.000000000000000000, -0.000000000000000000, -1.000000000000000000 ) ) ;
#6183 = ORIENTED_EDGE ( 'NONE', *, *, #631, .T. ) ;
#6184 = ORIENTED_EDGE ( 'NONE', *, *, #345, .T. ) ;
#6185 = VERTEX_POINT ( 'NONE', #3179 ) ;
#6186 = ORIENTED_EDGE ( 'NONE', *, *, #2701, .F. ) ;
#6187 = DIRECTION ( 'NONE',  ( -1.000000000000000000, 0.000000000000000000, -0.000000000000000000 ) ) ;
#6188 = MANIFOLD_SOLID_BREP ( 'Boss-Extrude3[5]', #4282 ) ;
#6189 = DIRECTION ( 'NONE',  ( 0.000000000000000000, 0.000000000000000000, 1.000000000000000000 ) ) ;
#6190 = ADVANCED_FACE ( 'NONE', ( #3144 ), #4214, .F. ) ;
#6191 =( NAMED_UNIT ( * ) SI_UNIT ( $, .STERADIAN. ) SOLID_ANGLE_UNIT ( ) );
#6192 = CARTESIAN_POINT ( 'NONE',  ( -1.245000000000000773, -0.05000000000000000278, 1.129999999999999893 ) ) ;
#6193 = ORIENTED_EDGE ( 'NONE', *, *, #5366, .F. ) ;
#6194 = AXIS2_PLACEMENT_3D ( 'NONE', #2278, #3703, #2735 ) ;
#6195 = DIRECTION ( 'NONE',  ( -0.000000000000000000, 1.000000000000000000, -0.000000000000000000 ) ) ;
#6196 = UNCERTAINTY_MEASURE_WITH_UNIT (LENGTH_MEASURE( 1.000000000000000082E-05 ), #5343, 'distance_accuracy_value', 'NONE');
#6197 = AXIS2_PLACEMENT_3D ( 'NONE', #2444, #1452, #5905 ) ;
#6198 = EDGE_CURVE ( 'NONE', #1731, #5760, #663, .T. ) ;
#6199 = DIRECTION ( 'NONE',  ( 6.078159177229446441E-16, 0.000000000000000000, 1.000000000000000000 ) ) ;
#6200 = DIRECTION ( 'NONE',  ( -0.000000000000000000, 1.000000000000000000, -0.000000000000000000 ) ) ;
#6201 = ORIENTED_EDGE ( 'NONE', *, *, #455, .T. ) ;
#6202 = CARTESIAN_POINT ( 'NONE',  ( -1.245000000000000773, 0.000000000000000000, 0.8199999999999998401 ) ) ;
#6203 = FILL_AREA_STYLE ('',( #1246 ) ) ;
#6204 = VERTEX_POINT ( 'NONE', #3717 ) ;
#6205 = DIRECTION ( 'NONE',  ( 0.000000000000000000, 0.000000000000000000, -1.000000000000000000 ) ) ;
#6206 = DIRECTION ( 'NONE',  ( -0.000000000000000000, 1.000000000000000000, -0.000000000000000000 ) ) ;
#6207 = LINE ( 'NONE', #4042, #3595 ) ;
#6208 = CARTESIAN_POINT ( 'NONE',  ( -1.245000000000000773, 0.2800000000000000266, 1.129999999999999893 ) ) ;
#6209 = VERTEX_POINT ( 'NONE', #6159 ) ;
#6210 = EDGE_CURVE ( 'NONE', #3347, #3266, #5606, .T. ) ;
#6211 = EDGE_CURVE ( 'NONE', #6204, #1098, #62, .T. ) ;
#6212 = PLANE ( 'NONE',  #3191 ) ;
#6213 = UNCERTAINTY_MEASURE_WITH_UNIT (LENGTH_MEASURE( 1.000000000000000082E-05 ), #5142, 'distance_accuracy_value', 'NONE');
#6214 =( LENGTH_UNIT ( ) NAMED_UNIT ( * ) SI_UNIT ( .MILLI., .METRE. ) );
#6215 = VECTOR ( 'NONE', #1834, 1000.000000000000000 ) ;
#6216 =( NAMED_UNIT ( * ) SI_UNIT ( $, .STERADIAN. ) SOLID_ANGLE_UNIT ( ) );
#6217 = EDGE_LOOP ( 'NONE', ( #5534, #3092, #6246, #4513, #4109, #1306, #4637, #4829, #1961, #2334, #1338, #2502, #1193, #197 ) ) ;
#6218 = PRESENTATION_STYLE_ASSIGNMENT (( #2241 ) ) ;
#6219 = ORIENTED_EDGE ( 'NONE', *, *, #890, .T. ) ;
#6220 = SURFACE_SIDE_STYLE ('',( #136 ) ) ;
#6221 = FILL_AREA_STYLE ('',( #1370 ) ) ;
#6222 = VECTOR ( 'NONE', #5803, 1000.000000000000000 ) ;
#6223 = STYLED_ITEM ( 'NONE', ( #5140 ), #2245 ) ;
#6224 = LINE ( 'NONE', #4016, #3305 ) ;
#6225 = PRESENTATION_STYLE_ASSIGNMENT (( #310 ) ) ;
#6226 = CARTESIAN_POINT ( 'NONE',  ( 1.493110160350162419, 0.5834115568152661302, -1.393657970813335423 ) ) ;
#6227 =( NAMED_UNIT ( * ) SI_UNIT ( $, .STERADIAN. ) SOLID_ANGLE_UNIT ( ) );
#6228 = PRESENTATION_STYLE_ASSIGNMENT (( #1677 ) ) ;
#6229 = SURFACE_SIDE_STYLE ('',( #5169 ) ) ;
#6230 = ADVANCED_FACE ( 'NONE', ( #1280 ), #2258, .F. ) ;
#6231 = DIRECTION ( 'NONE',  ( 0.000000000000000000, -0.000000000000000000, -1.000000000000000000 ) ) ;
#6232 = CARTESIAN_POINT ( 'NONE',  ( 0.2927192558403118872, 0.2800000000000000266, 1.382434901537152427 ) ) ;
#6233 =( GEOMETRIC_REPRESENTATION_CONTEXT ( 3 ) GLOBAL_UNCERTAINTY_ASSIGNED_CONTEXT ( ( #4006 ) ) GLOBAL_UNIT_ASSIGNED_CONTEXT ( ( #3332, #837, #3357 ) ) REPRESENTATION_CONTEXT ( 'NONE', 'WORKASPACE' ) );
#6234 = FILL_AREA_STYLE ('',( #4745 ) ) ;
#6235 = DIRECTION ( 'NONE',  ( 1.000000000000000000, 0.000000000000000000, -2.525088288725319983E-15 ) ) ;
#6236 = AXIS2_PLACEMENT_3D ( 'NONE', #5206, #1715, #700 ) ;
#6237 = VECTOR ( 'NONE', #3244, 1000.000000000000000 ) ;
#6238 = VECTOR ( 'NONE', #3802, 1000.000000000000000 ) ;
#6239 = FILL_AREA_STYLE_COLOUR ( '', #2100 ) ;
#6240 = DIRECTION ( 'NONE',  ( 1.000000000000000000, 0.000000000000000000, 0.000000000000000000 ) ) ;
#6241 = PRESENTATION_LAYER_ASSIGNMENT (  '', '', ( #4921 ) ) ;
#6242 = LINE ( 'NONE', #1909, #989 ) ;
#6243 = CARTESIAN_POINT ( 'NONE',  ( -1.525000000000000355, 0.2800000000000000266, 0.8199999999999998401 ) ) ;
#6244 = ORIENTED_EDGE ( 'NONE', *, *, #3165, .T. ) ;
#6245 = EDGE_CURVE ( 'NONE', #3575, #1619, #1199, .T. ) ;
#6246 = ORIENTED_EDGE ( 'NONE', *, *, #1944, .T. ) ;
#6247 = DIRECTION ( 'NONE',  ( 0.000000000000000000, -0.000000000000000000, -1.000000000000000000 ) ) ;
#6248 = DIRECTION ( 'NONE',  ( 0.000000000000000000, -1.000000000000000000, 0.000000000000000000 ) ) ;
#6249 = ORIENTED_EDGE ( 'NONE', *, *, #2835, .F. ) ;
#6250 = UNCERTAINTY_MEASURE_WITH_UNIT (LENGTH_MEASURE( 1.000000000000000082E-05 ), #4982, 'distance_accuracy_value', 'NONE');
#6251 = COLOUR_RGB ( '',1.000000000000000000, 1.000000000000000000, 1.000000000000000000 ) ;
#6252 = COLOUR_RGB ( '',0.000000000000000000, 0.000000000000000000, 0.000000000000000000 ) ;
#6253 = DIRECTION ( 'NONE',  ( 1.000000000000000000, 0.000000000000000000, 0.000000000000000000 ) ) ;
#6254 = SURFACE_SIDE_STYLE ('',( #5328 ) ) ;
#6255 = PLANE ( 'NONE',  #6143 ) ;
#6256 =( NAMED_UNIT ( * ) PLANE_ANGLE_UNIT ( ) SI_UNIT ( $, .RADIAN. ) );
#6257 = LINE ( 'NONE', #6342, #1474 ) ;
#6258 = EDGE_CURVE ( 'NONE', #5834, #5270, #2051, .T. ) ;
#6259 = EDGE_CURVE ( 'NONE', #4545, #3049, #5301, .T. ) ;
#6260 = COLOUR_RGB ( '',0.000000000000000000, 0.000000000000000000, 0.000000000000000000 ) ;
#6261 =( NAMED_UNIT ( * ) SI_UNIT ( $, .STERADIAN. ) SOLID_ANGLE_UNIT ( ) );
#6262 = ADVANCED_FACE ( 'NONE', ( #4511 ), #1220, .F. ) ;
#6263 = CARTESIAN_POINT ( 'NONE',  ( 0.01499999999999960566, 0.000000000000000000, -1.054999999999999938 ) ) ;
#6264 = LINE ( 'NONE', #1839, #5503 ) ;
#6265 = EDGE_LOOP ( 'NONE', ( #2023, #3212, #3573, #5986 ) ) ;
#6266 = FILL_AREA_STYLE_COLOUR ( '', #1934 ) ;
#6267 = MECHANICAL_DESIGN_GEOMETRIC_PRESENTATION_REPRESENTATION (  '', ( #1392 ), #4148 ) ;
#6268 = DIRECTION ( 'NONE',  ( -0.000000000000000000, -0.000000000000000000, 1.000000000000000000 ) ) ;
#6269 = ORIENTED_EDGE ( 'NONE', *, *, #494, .T. ) ;
#6270 = VERTEX_POINT ( 'NONE', #4692 ) ;
#6271 = DIRECTION ( 'NONE',  ( 0.000000000000000000, 0.000000000000000000, 1.000000000000000000 ) ) ;
#6272 = DIRECTION ( 'NONE',  ( 1.000000000000000000, 0.000000000000000000, -1.421904488505578175E-16 ) ) ;
#6273 = SURFACE_SIDE_STYLE ('',( #4949 ) ) ;
#6274 = AXIS2_PLACEMENT_3D ( 'NONE', #6386, #1910, #5441 ) ;
#6275 = CARTESIAN_POINT ( 'NONE',  ( 1.644999999999999574, 0.2800000000000000266, 1.129999999999999671 ) ) ;
#6276 = ORIENTED_EDGE ( 'NONE', *, *, #1013, .T. ) ;
#6277 =( NAMED_UNIT ( * ) SI_UNIT ( $, .STERADIAN. ) SOLID_ANGLE_UNIT ( ) );
#6278 = STYLED_ITEM ( 'NONE', ( #3002 ), #5788 ) ;
#6279 = DIRECTION ( 'NONE',  ( 0.000000000000000000, 0.000000000000000000, -1.000000000000000000 ) ) ;
#6280 = STYLED_ITEM ( 'NONE', ( #2314 ), #862 ) ;
#6281 = CARTESIAN_POINT ( 'NONE',  ( -1.655000000000000471, -0.05000000000000000278, 0.4799999999999999267 ) ) ;
#6282 = EDGE_LOOP ( 'NONE', ( #619, #412, #2887, #4985 ) ) ;
#6283 = SURFACE_SIDE_STYLE ('',( #515 ) ) ;
#6284 = CARTESIAN_POINT ( 'NONE',  ( 0.3549999999999997602, 0.2800000000000000266, 1.149999999999999911 ) ) ;
#6285 = COLOUR_RGB ( '',0.000000000000000000, 0.000000000000000000, 0.000000000000000000 ) ;
#6286 = UNCERTAINTY_MEASURE_WITH_UNIT (LENGTH_MEASURE( 1.000000000000000082E-05 ), #3603, 'distance_accuracy_value', 'NONE');
#6287 = EDGE_LOOP ( 'NONE', ( #3811, #1974, #1860, #5709 ) ) ;
#6288 =( LENGTH_UNIT ( ) NAMED_UNIT ( * ) SI_UNIT ( .MILLI., .METRE. ) );
#6289 = SURFACE_SIDE_STYLE ('',( #2207 ) ) ;
#6290 = CARTESIAN_POINT ( 'NONE',  ( 1.454532566305128283, 0.9504528463267654104, -1.355080376768301731 ) ) ;
#6291 = PRESENTATION_LAYER_ASSIGNMENT (  '', '', ( #5398 ) ) ;
#6292 = FILL_AREA_STYLE ('',( #3395 ) ) ;
#6293 = VERTEX_POINT ( 'NONE', #2683 ) ;
#6294 = SHAPE_DEFINITION_REPRESENTATION ( #5335, #4375 ) ;
#6295 = DIRECTION ( 'NONE',  ( -0.000000000000000000, -1.000000000000000000, -0.000000000000000000 ) ) ;
#6296 = VERTEX_POINT ( 'NONE', #1258 ) ;
#6297 = ORIENTED_EDGE ( 'NONE', *, *, #2399, .T. ) ;
#6298 = VERTEX_POINT ( 'NONE', #2728 ) ;
#6299 = ADVANCED_FACE ( 'NONE', ( #3971 ), #4720, .F. ) ;
#6300 = FACE_OUTER_BOUND ( 'NONE', #4380, .T. ) ;
#6301 = SURFACE_STYLE_USAGE ( .BOTH. , #2854 ) ;
#6302 = VERTEX_POINT ( 'NONE', #3713 ) ;
#6303 =( GEOMETRIC_REPRESENTATION_CONTEXT ( 3 ) GLOBAL_UNCERTAINTY_ASSIGNED_CONTEXT ( ( #568 ) ) GLOBAL_UNIT_ASSIGNED_CONTEXT ( ( #5728, #3296, #6261 ) ) REPRESENTATION_CONTEXT ( 'NONE', 'WORKASPACE' ) );
#6304 = UNCERTAINTY_MEASURE_WITH_UNIT (LENGTH_MEASURE( 1.000000000000000082E-05 ), #2844, 'distance_accuracy_value', 'NONE');
#6305 = ORIENTED_EDGE ( 'NONE', *, *, #4522, .T. ) ;
#6306 = MECHANICAL_DESIGN_GEOMETRIC_PRESENTATION_REPRESENTATION (  '', ( #2329 ), #677 ) ;
#6307 = EDGE_CURVE ( 'NONE', #1145, #878, #5679, .T. ) ;
#6308 =( NAMED_UNIT ( * ) SI_UNIT ( $, .STERADIAN. ) SOLID_ANGLE_UNIT ( ) );
#6309 = EDGE_CURVE ( 'NONE', #2882, #2937, #266, .T. ) ;
#6310 = FILL_AREA_STYLE_COLOUR ( '', #6260 ) ;
#6311 = UNCERTAINTY_MEASURE_WITH_UNIT (LENGTH_MEASURE( 1.000000000000000082E-05 ), #5575, 'distance_accuracy_value', 'NONE');
#6312 = UNCERTAINTY_MEASURE_WITH_UNIT (LENGTH_MEASURE( 1.000000000000000082E-05 ), #3992, 'distance_accuracy_value', 'NONE');
#6313 = PLANE ( 'NONE',  #5118 ) ;
#6314 = CARTESIAN_POINT ( 'NONE',  ( -1.355080376768302397, 0.9400000000000000577, -1.355080376768301509 ) ) ;
#6315 = VECTOR ( 'NONE', #3073, 1000.000000000000000 ) ;
#6316 =( GEOMETRIC_REPRESENTATION_CONTEXT ( 3 ) GLOBAL_UNCERTAINTY_ASSIGNED_CONTEXT ( ( #4352 ) ) GLOBAL_UNIT_ASSIGNED_CONTEXT ( ( #983, #484, #1483 ) ) REPRESENTATION_CONTEXT ( 'NONE', 'WORKASPACE' ) );
#6317 = VECTOR ( 'NONE', #2562, 1000.000000000000000 ) ;
#6318 = DIRECTION ( 'NONE',  ( -1.260700200564539352E-16, 0.000000000000000000, 1.000000000000000000 ) ) ;
#6319 = LINE ( 'NONE', #4263, #3159 ) ;
#6320 = CARTESIAN_POINT ( 'NONE',  ( 0.2927192558403118872, 0.2800000000000000266, 1.382434901537152427 ) ) ;
#6321 = CARTESIAN_POINT ( 'NONE',  ( 0.01499999999999960566, 0.000000000000000000, 1.054999999999999938 ) ) ;
#6322 = COLOUR_RGB ( '',1.000000000000000000, 1.000000000000000000, 1.000000000000000000 ) ;
#6323 = ORIENTED_EDGE ( 'NONE', *, *, #5821, .T. ) ;
#6324 = PLANE ( 'NONE',  #71 ) ;
#6325 = CARTESIAN_POINT ( 'NONE',  ( 0.000000000000000000, 0.000000000000000000, -1.129999999999999893 ) ) ;
#6326 = MECHANICAL_DESIGN_GEOMETRIC_PRESENTATION_REPRESENTATION (  '', ( #5124 ), #4411 ) ;
#6327 = VECTOR ( 'NONE', #1191, 1000.000000000000000 ) ;
#6328 = ORIENTED_EDGE ( 'NONE', *, *, #5059, .F. ) ;
#6329 = DIRECTION ( 'NONE',  ( 0.000000000000000000, 0.000000000000000000, 1.000000000000000000 ) ) ;
#6330 = DIRECTION ( 'NONE',  ( 1.000000000000000000, 0.000000000000000000, 0.000000000000000000 ) ) ;
#6331 = STYLED_ITEM ( 'NONE', ( #2272 ), #6230 ) ;
#6332 = VECTOR ( 'NONE', #1595, 1000.000000000000000 ) ;
#6333 = ORIENTED_EDGE ( 'NONE', *, *, #3043, .T. ) ;
#6334 = CARTESIAN_POINT ( 'NONE',  ( 0.2927192558403129974, -0.05000000000000000278, -1.382434901537152649 ) ) ;
#6335 = ADVANCED_FACE ( 'NONE', ( #1588 ), #6172, .F. ) ;
#6336 = AXIS2_PLACEMENT_3D ( 'NONE', #6379, #4848, #4381 ) ;
#6337 = EDGE_CURVE ( 'NONE', #1667, #3652, #4984, .T. ) ;
#6338 = PRESENTATION_STYLE_ASSIGNMENT (( #3317 ) ) ;
#6339 =( NAMED_UNIT ( * ) SI_UNIT ( $, .STERADIAN. ) SOLID_ANGLE_UNIT ( ) );
#6340 =( NAMED_UNIT ( * ) PLANE_ANGLE_UNIT ( ) SI_UNIT ( $, .RADIAN. ) );
#6341 = VECTOR ( 'NONE', #486, 1000.000000000000000 ) ;
#6342 = CARTESIAN_POINT ( 'NONE',  ( 1.214999999999999414, -0.05000000000000000278, 1.129999999999999893 ) ) ;
#6343 = CARTESIAN_POINT ( 'NONE',  ( 0.01499999999999937668, 0.2800000000000000266, -1.156304952865601310 ) ) ;
#6344 = DIRECTION ( 'NONE',  ( -1.000000000000000000, -0.000000000000000000, -0.000000000000000000 ) ) ;
#6345 = DIRECTION ( 'NONE',  ( 1.445602896647339706E-15, -0.000000000000000000, 1.000000000000000000 ) ) ;
#6346 = PRESENTATION_LAYER_ASSIGNMENT (  '', '', ( #4814 ) ) ;
#6347 =( LENGTH_UNIT ( ) NAMED_UNIT ( * ) SI_UNIT ( .MILLI., .METRE. ) );
#6348 = CARTESIAN_POINT ( 'NONE',  ( -1.425546318134517376, 0.2800141985587164539, -1.524998507671344372 ) ) ;
#6349 = CARTESIAN_POINT ( 'NONE',  ( -1.355080376768302175, 1.040000000000000036, -1.355080376768301509 ) ) ;
#6350 = FILL_AREA_STYLE ('',( #5410 ) ) ;
#6351 = EDGE_CURVE ( 'NONE', #3496, #5867, #758, .T. ) ;
#6352 = EDGE_CURVE ( 'NONE', #4887, #5048, #4427, .T. ) ;
#6353 = VERTEX_POINT ( 'NONE', #5898 ) ;
#6354 = FACE_OUTER_BOUND ( 'NONE', #260, .T. ) ;
#6355 = PLANE ( 'NONE',  #5618 ) ;
#6356 =( NAMED_UNIT ( * ) SI_UNIT ( $, .STERADIAN. ) SOLID_ANGLE_UNIT ( ) );
#6357 = PRESENTATION_LAYER_ASSIGNMENT (  '', '', ( #684 ) ) ;
#6358 = ORIENTED_EDGE ( 'NONE', *, *, #223, .F. ) ;
#6359 = CARTESIAN_POINT ( 'NONE',  ( 1.355080376768300843, 0.9504528463267654104, -1.454532566305128949 ) ) ;
#6360 = ORIENTED_EDGE ( 'NONE', *, *, #1158, .T. ) ;
#6361 = FILL_AREA_STYLE ('',( #1906 ) ) ;
#6362 = MECHANICAL_DESIGN_GEOMETRIC_PRESENTATION_REPRESENTATION (  '', ( #5380 ), #1606 ) ;
#6363 = DIRECTION ( 'NONE',  ( 0.000000000000000000, 0.000000000000000000, 1.000000000000000000 ) ) ;
#6364 = ADVANCED_FACE ( 'NONE', ( #884 ), #1959, .F. ) ;
#6365 = FILL_AREA_STYLE ('',( #4367 ) ) ;
#6366 = FILL_AREA_STYLE_COLOUR ( '', #3932 ) ;
#6367 = CARTESIAN_POINT ( 'NONE',  ( 1.214999999999999414, 0.2800000000000000266, 0.8299999999999997380 ) ) ;
#6368 = MECHANICAL_DESIGN_GEOMETRIC_PRESENTATION_REPRESENTATION (  '', ( #4804 ), #404 ) ;
#6369 = PLANE ( 'NONE',  #5967 ) ;
#6370 = VERTEX_POINT ( 'NONE', #6349 ) ;
#6371 =( GEOMETRIC_REPRESENTATION_CONTEXT ( 3 ) GLOBAL_UNCERTAINTY_ASSIGNED_CONTEXT ( ( #3723 ) ) GLOBAL_UNIT_ASSIGNED_CONTEXT ( ( #278, #3727, #2679 ) ) REPRESENTATION_CONTEXT ( 'NONE', 'WORKASPACE' ) );
#6372 = PRESENTATION_STYLE_ASSIGNMENT (( #184 ) ) ;
#6373 = PLANE ( 'NONE',  #3912 ) ;
#6374 = ORIENTED_EDGE ( 'NONE', *, *, #806, .F. ) ;
#6375 = EDGE_CURVE ( 'NONE', #1096, #957, #55, .T. ) ;
#6376 = DIRECTION ( 'NONE',  ( 1.421904488505579654E-16, -0.000000000000000000, 1.000000000000000000 ) ) ;
#6377 = ORIENTED_EDGE ( 'NONE', *, *, #2040, .F. ) ;
#6378 = EDGE_LOOP ( 'NONE', ( #3920, #3577, #1617, #325 ) ) ;
#6379 = CARTESIAN_POINT ( 'NONE',  ( 1.214999999999999192, 0.2800000000000000266, 0.000000000000000000 ) ) ;
#6380 = STYLED_ITEM ( 'NONE', ( #5615 ), #3667 ) ;
#6381 = SURFACE_SIDE_STYLE ('',( #544 ) ) ;
#6382 = VERTEX_POINT ( 'NONE', #5913 ) ;
#6383 = CARTESIAN_POINT ( 'NONE',  ( 1.425546318134516044, 0.2800141985587165649, -1.524998507671344150 ) ) ;
#6384 = ORIENTED_EDGE ( 'NONE', *, *, #5842, .T. ) ;
#6385 = DIRECTION ( 'NONE',  ( -0.000000000000000000, 0.000000000000000000, 1.000000000000000000 ) ) ;
#6386 = CARTESIAN_POINT ( 'NONE',  ( 0.000000000000000000, 1.040000000000000036, 0.000000000000000000 ) ) ;
#6387 = FACE_OUTER_BOUND ( 'NONE', #1947, .T. ) ;
#6388 = CARTESIAN_POINT ( 'NONE',  ( -1.655000000000000693, -0.05000000000000000278, 0.8199999999999998401 ) ) ;
#6389 = LINE ( 'NONE', #4691, #5611 ) ;
#6390 = FILL_AREA_STYLE_COLOUR ( '', #1506 ) ;
#6391 = VECTOR ( 'NONE', #4371, 1000.000000000000000 ) ;
#6392 = SURFACE_STYLE_USAGE ( .BOTH. , #4922 ) ;
#6393 = PRESENTATION_LAYER_ASSIGNMENT (  '', '', ( #5827 ) ) ;
#6394 = DIRECTION ( 'NONE',  ( -1.000000000000000000, 0.000000000000000000, -5.065132647691205162E-17 ) ) ;
#6395 = SURFACE_STYLE_FILL_AREA ( #3458 ) ;
ENDSEC;
END-ISO-10303-21;
